lon,lat,depth_km,mag,time_utc
-155.3798,19.2738,30.61,0.8,2026-04-23T00:06:28.11
-155.3714,19.273,29.43,0.8,2026-04-23T00:27:58.27
-155.3709,19.2709,29.8,1.0,2026-04-23T01:01:13.90
-155.6657,19.4524,2.97,1.1,2026-04-23T01:05:19.11
-155.3725,19.2724,29.73,1.2,2026-04-23T01:15:01.87
-155.4808,19.1612,29.61,2.5,2026-04-23T01:21:06.26
-155.3722,19.2707,29.57,1.6,2026-04-23T01:24:24.06
-155.4627,19.1715,27.19,1.3,2026-04-23T02:25:56.05
-155.3989,19.2143,30.39,1.4,2026-04-23T02:33:57.42
-155.5583,19.4972,4.87,1.2,2026-04-23T02:38:52.44
-155.4805,19.1879,30.97,1.3,2026-04-23T03:00:35.97
-155.4041,19.331,8.31,1.5,2026-04-23T03:04:17.70
-155.5103,19.4261,10.84,0.8,2026-04-23T03:22:07.24
-155.445,19.2306,30.05,0.9,2026-04-23T03:28:13.80
-155.4438,19.1459,28.99,1.0,2026-04-23T03:43:32.45
-155.4518,19.2156,32.21,0.8,2026-04-23T03:45:36.45
-155.4497,19.2299,29.83,1.6,2026-04-23T03:50:50.86
-155.4666,19.1765,32.72,1.1,2026-04-23T04:06:31.15
-155.6086,19.4074,5.92,1.7,2026-04-23T04:41:46.39
-155.3996,19.2592,30.12,1.0,2026-04-23T04:49:48.57
-155.5967,19.4465,3.87,0.9,2026-04-23T04:50:50.35
-155.2081,19.3436,12.96,1.3,2026-04-23T04:51:44.13
-155.4963,19.3955,11.29,0.9,2026-04-23T04:58:54.87
-155.4738,19.1904,29.78,1.3,2026-04-23T05:06:30.76
-155.4929,19.3368,9.26,1.2,2026-04-23T05:56:35.50
-155.6285,19.4803,4.79,1.7,2026-04-23T06:00:13.85
-155.4881,19.488,5.82,1.8,2026-04-23T06:14:24.69
-155.4606,19.1917,28.6,0.7,2026-04-23T06:26:37.03
-155.4968,19.4384,10.55,1.1,2026-04-23T06:31:51.27
-155.4539,19.1722,28.43,1.1,2026-04-23T07:06:07.70
-155.4571,19.1668,27.0,1.1,2026-04-23T07:08:28.43
-155.2751,19.4084,7.28,1.6,2026-04-23T07:15:33.65
-155.4708,19.173,28.75,1.2,2026-04-23T07:30:59.46
-155.4705,19.1746,29.4,1.2,2026-04-23T07:31:50.67
-155.4289,19.436,7.75,1.1,2026-04-23T08:16:13.83
-155.2831,19.3939,2.99,1.5,2026-04-23T08:20:31.95
-155.4508,19.208,32.07,0.8,2026-04-23T08:29:20.36
-155.4495,19.2294,29.92,2.7,2026-04-23T08:31:05.73
-155.587,19.4599,2.97,0.8,2026-04-23T08:58:12.34
-155.2703,19.4197,3.91,3.1,2026-04-23T09:16:44.29
-155.4358,19.4736,7.55,1.1,2026-04-23T09:34:11.05
-155.4647,19.1466,31.43,1.1,2026-04-23T09:40:23.95
-155.4723,19.1917,28.35,0.8,2026-04-23T09:49:26.72
-155.4786,19.1655,30.7,1.3,2026-04-23T10:03:57.45
-155.3948,19.256,30.63,1.1,2026-04-23T10:12:46.02
-155.4121,19.3451,8.9,1.7,2026-04-23T10:27:00.24
-155.4441,19.156,29.88,1.3,2026-04-23T10:50:08.73
-155.4715,19.1846,27.54,0.8,2026-04-23T11:04:38.36
-155.4616,19.1672,26.83,0.9,2026-04-23T11:13:33.90
-155.481,19.1863,30.02,1.6,2026-04-23T11:35:19.01
-155.5993,19.4593,2.55,0.6,2026-04-23T11:41:00.35
-155.303,19.3009,31.31,1.8,2026-04-23T12:26:19.85
-155.3964,19.2524,29.51,1.3,2026-04-23T13:04:27.88
-155.4354,19.135,28.62,1.4,2026-04-23T13:38:18.09
-155.4005,19.2606,29.28,1.0,2026-04-23T14:02:51.59
-155.4736,19.1915,28.52,2.6,2026-04-23T15:49:17.85
-155.4291,19.2786,29.32,1.9,2026-04-23T16:01:34.78
-155.5948,19.4568,4.71,1.5,2026-04-23T16:03:42.08
-155.374,19.2061,30.37,1.4,2026-04-23T16:40:18.32
-155.4433,19.4144,7.73,1.5,2026-04-23T16:44:26.27
-155.5085,19.4828,5.45,1.4,2026-04-23T17:08:23.76
-155.5929,19.4306,4.79,1.0,2026-04-23T17:10:46.74
-155.5907,19.4585,3.32,1.0,2026-04-23T17:37:16.62
-155.6701,19.4622,2.92,1.6,2026-04-23T18:25:08.80
-155.4295,19.2784,29.04,1.0,2026-04-23T19:12:26.52
-155.4585,19.1608,26.75,1.2,2026-04-23T20:36:54.34
-155.2728,19.4196,3.5,3.4,2026-04-23T21:04:13.20
-155.5968,19.4142,6.86,1.1,2026-04-23T21:14:59.08
-155.3985,19.1393,29.39,1.0,2026-04-23T21:27:18.10
-155.4664,19.4789,7.96,1.6,2026-04-23T21:48:19.04
-155.266,19.33,8.93,1.0,2026-04-23T23:05:45.52
-155.4858,19.1805,31.51,0.9,2026-04-23T23:07:13.96
-155.4025,19.0555,17.59,0.9,2026-04-23T23:29:20.52
-155.2562,19.3291,9.18,1.8,2026-04-23T23:48:38.76
-155.4477,19.2513,30.94,0.6,2026-04-24T00:36:20.28
-155.4709,19.1844,30.93,2.5,2026-04-24T01:23:01.26
-155.4644,19.1743,29.37,1.3,2026-04-24T01:31:26.18
-155.5195,19.4238,6.0,1.5,2026-04-24T02:08:28.12
-155.4923,19.4264,12.09,0.9,2026-04-24T02:14:25.01
-155.4452,19.2615,8.2,1.4,2026-04-24T02:26:47.82
-155.4676,19.1809,27.4,1.8,2026-04-24T02:30:47.62
-155.2684,19.417,4.35,3.4,2026-04-24T02:38:21.56
-155.4577,19.136,28.81,1.0,2026-04-24T03:22:16.25
-155.4437,19.1039,25.35,0.7,2026-04-24T03:24:13.93
-155.458,19.1832,31.83,0.9,2026-04-24T03:39:27.50
-155.3913,19.2499,30.41,1.1,2026-04-24T04:15:48.48
-155.3903,19.2464,30.39,0.9,2026-04-24T04:17:38.76
-155.4717,19.1828,30.79,1.5,2026-04-24T04:22:25.70
-155.5318,19.4148,7.36,1.3,2026-04-24T04:42:55.37
-155.533,19.4244,7.17,1.2,2026-04-24T04:44:18.31
-155.4482,19.1176,24.1,0.9,2026-04-24T04:47:36.74
-155.4782,19.1901,29.55,1.3,2026-04-24T04:48:07.81
-155.4776,19.1849,29.62,1.5,2026-04-24T04:51:34.89
-155.281,19.3045,8.52,1.2,2026-04-24T05:41:38.13
-155.5293,19.4152,5.68,1.7,2026-04-24T06:17:26.44
-155.5315,19.4261,7.44,1.3,2026-04-24T06:25:46.76
-155.4664,19.1687,28.88,1.5,2026-04-24T06:26:55.63
-155.4581,19.2433,31.18,1.1,2026-04-24T06:39:54.66
-155.4006,19.2515,30.01,0.6,2026-04-24T06:42:15.13
-155.5206,19.4251,6.5,1.5,2026-04-24T06:43:31.81
-155.4678,19.1981,29.01,0.9,2026-04-24T06:45:23.99
-155.4539,19.1925,26.67,0.8,2026-04-24T06:56:08.24
-155.5438,19.4119,4.27,0.9,2026-04-24T07:00:35.49
-155.466,19.1696,28.79,1.2,2026-04-24T07:02:50.92
-155.453,19.1876,26.58,1.2,2026-04-24T07:05:08.01
-155.4569,19.1911,26.5,1.1,2026-04-24T07:05:18.95
-155.4311,19.1613,30.93,1.0,2026-04-24T07:07:11.70
-155.4743,19.5087,6.2,1.0,2026-04-24T08:02:34.02
-155.6106,19.4049,5.33,1.4,2026-04-24T08:03:00.39
-155.4584,19.1558,26.91,1.0,2026-04-24T08:06:13.66
-155.4727,19.1909,28.98,1.5,2026-04-24T08:10:10.00
-155.4315,19.2702,29.68,1.2,2026-04-24T08:20:37.57
-155.3918,19.2524,29.74,0.9,2026-04-24T08:21:52.22
-155.4934,19.4248,11.96,0.9,2026-04-24T08:31:31.10
-155.4834,19.4158,10.29,1.1,2026-04-24T08:48:11.12
-155.5323,19.4142,7.49,1.6,2026-04-24T09:14:58.84
-155.3863,19.1968,29.87,2.3,2026-04-24T09:40:37.44
-155.3244,19.1806,14.65,1.9,2026-04-24T09:40:37.34
-155.433,19.2686,29.61,1.0,2026-04-24T09:42:58.73
-155.4014,19.135,28.92,1.3,2026-04-24T09:46:33.98
-155.5281,19.4162,5.44,1.1,2026-04-24T09:51:15.34
-155.4848,19.3768,10.21,0.9,2026-04-24T09:55:46.92
-155.3858,19.29,2.7,1.1,2026-04-24T10:14:33.60
-155.4493,19.2003,30.95,1.0,2026-04-24T10:25:02.31
-155.2691,19.4178,4.21,3.2,2026-04-24T10:33:25.20
-155.4735,19.1823,30.55,1.6,2026-04-24T10:58:43.78
-155.5177,19.4257,6.24,1.1,2026-04-24T11:02:45.70
-155.478,19.1824,29.34,0.9,2026-04-24T11:21:47.13
-155.4757,19.1741,29.27,1.0,2026-04-24T11:41:00.74
-155.4781,19.175,29.15,1.3,2026-04-24T11:41:22.60
-155.4785,19.175,28.91,1.2,2026-04-24T11:43:30.28
-155.4788,19.1758,29.18,1.4,2026-04-24T11:58:46.89
-155.4772,19.1754,28.83,1.3,2026-04-24T12:00:45.77
-155.4767,19.1778,29.64,0.7,2026-04-24T12:04:11.25
-155.474,19.1613,29.78,1.2,2026-04-24T12:19:59.15
-155.4647,19.1852,29.96,1.1,2026-04-24T12:23:14.34
-155.3914,19.2192,31.11,0.8,2026-04-24T12:43:47.71
-155.4593,19.2148,28.1,1.0,2026-04-24T12:50:19.01
-155.5279,19.4169,6.05,1.1,2026-04-24T12:51:26.73
-155.4698,19.1857,28.24,1.1,2026-04-24T12:52:27.52
-155.3778,19.2986,28.52,1.2,2026-04-24T12:52:39.01
-155.3857,19.1981,29.89,1.4,2026-04-24T12:58:01.69
-155.334,19.1807,13.83,0.9,2026-04-24T12:58:01.75
-155.436,19.1167,27.09,1.1,2026-04-24T13:42:19.92
-155.4683,19.1704,28.03,1.0,2026-04-24T14:02:13.82
-155.4027,19.0872,30.85,1.1,2026-04-24T14:09:06.96
-155.4853,19.4366,10.35,0.7,2026-04-24T14:14:32.78
-155.271,19.4212,4.88,3.5,2026-04-24T14:37:30.90
-155.2439,19.3291,10.34,1.1,2026-04-24T14:45:24.87
-155.5323,19.4127,7.3,1.1,2026-04-24T14:46:33.51
-155.4839,19.3717,10.32,0.9,2026-04-24T14:50:06.49
-155.4709,19.179,29.95,1.1,2026-04-24T15:07:19.28
-155.4698,19.1786,30.07,1.2,2026-04-24T15:27:24.80
-155.4709,19.1809,30.62,1.1,2026-04-24T15:29:53.24
-155.4749,19.3752,10.61,0.3,2026-04-24T15:59:30.67
-155.3932,19.2487,30.18,1.5,2026-04-24T16:00:04.04
-155.3994,19.2585,30.25,0.8,2026-04-24T16:14:26.91
-155.4634,19.1668,27.79,0.8,2026-04-24T16:34:08.99
-155.4583,19.4699,8.22,2.3,2026-04-24T17:06:27.04
-155.4581,19.4699,8.11,1.3,2026-04-24T17:08:32.04
-155.4582,19.4692,7.69,1.3,2026-04-24T17:09:01.40
-155.4103,19.3707,9.05,0.9,2026-04-24T17:24:33.26
-155.2594,19.4172,3.81,2.8,2026-04-24T17:25:45.60
-155.4628,19.1847,33.02,1.0,2026-04-24T17:34:21.84
-155.4645,19.1719,28.6,1.3,2026-04-24T17:47:03.68
-155.4906,19.4001,10.06,1.2,2026-04-24T17:57:39.28
-155.4604,19.4684,7.91,1.1,2026-04-24T19:23:46.20
-155.4583,19.4693,8.03,1.8,2026-04-24T19:25:50.48
-155.4583,19.4691,7.85,1.4,2026-04-24T19:29:55.60
-155.475,19.1787,30.84,1.5,2026-04-24T19:30:12.84
-155.4583,19.4688,8.14,1.7,2026-04-24T19:35:57.68
-155.4714,19.1787,29.19,1.1,2026-04-24T19:50:57.14
-155.4516,19.1696,30.74,0.8,2026-04-24T19:51:50.12
-155.4762,19.1701,30.47,1.9,2026-04-24T20:05:57.90
-155.3787,19.2353,29.96,1.0,2026-04-24T20:43:56.12
-155.3798,19.235,30.06,1.1,2026-04-24T20:56:15.12
-155.4579,19.4693,7.97,1.1,2026-04-24T21:07:06.56
-155.4678,19.1648,29.83,1.6,2026-04-24T21:07:36.12
-155.2624,19.3048,10.14,1.4,2026-04-24T21:21:25.64
-155.3757,19.2363,29.91,1.7,2026-04-24T21:46:32.48
-155.6071,19.4535,16.12,1.2,2026-04-24T21:50:28.24
-155.3807,19.1306,29.58,0.9,2026-04-24T21:52:27.20
-155.4654,19.1572,28.71,1.1,2026-04-24T21:54:25.24
-155.4671,19.1592,28.86,1.0,2026-04-24T21:56:21.24
-155.3675,19.1396,28.12,1.4,2026-04-24T22:05:55.76
-155.3904,19.0793,34.96,1.3,2026-04-24T22:06:03.52
-155.3518,19.2896,4.7,1.3,2026-04-24T22:37:47.20
-155.4856,19.1574,29.43,0.9,2026-04-24T22:40:21.80
-155.4467,19.1749,30.2,1.0,2026-04-24T22:50:05.28
-155.3739,19.2392,30.22,0.9,2026-04-24T22:54:27.48
-155.4834,19.1733,29.14,0.9,2026-04-25T00:06:45.90
-155.4702,19.1926,29.57,3.6,2026-04-25T00:45:46.35
-155.271,19.4195,3.43,3.6,2026-04-25T00:46:42.65
-155.4613,19.1942,28.04,1.1,2026-04-25T00:49:51.42
-155.4703,19.1923,29.54,1.4,2026-04-25T00:53:51.48
-155.4763,19.1705,30.61,1.1,2026-04-25T00:55:14.22
-155.4757,19.1848,28.55,1.9,2026-04-25T00:58:44.07
-155.4715,19.1766,29.33,0.9,2026-04-25T01:03:43.98
-155.4724,19.1935,29.31,1.2,2026-04-25T01:06:21.34
-155.4698,19.3657,9.91,0.8,2026-04-25T01:12:15.21
-155.4663,19.1855,28.04,1.3,2026-04-25T01:16:16.12
-155.4584,19.1834,27.93,1.2,2026-04-25T01:20:38.37
-155.4636,19.185,28.46,1.2,2026-04-25T01:25:52.89
-155.4742,19.1794,28.37,1.3,2026-04-25T01:27:32.71
-155.4428,19.1566,29.45,0.9,2026-04-25T01:47:30.12
-155.3715,19.2859,34.1,1.0,2026-04-25T01:54:26.88
-155.4752,19.1762,29.1,1.1,2026-04-25T02:02:39.09
-155.4748,19.1895,29.8,1.0,2026-04-25T02:03:11.12
-155.4501,19.2299,29.89,2.1,2026-04-25T02:06:02.41
-155.4782,19.1715,29.17,0.9,2026-04-25T02:11:09.74
-155.5596,19.4868,5.45,0.8,2026-04-25T02:17:01.61
-155.6008,19.448,3.06,0.8,2026-04-25T02:26:08.97
-155.515,19.4279,5.99,1.5,2026-04-25T02:41:02.60
-155.4004,19.24,31.24,1.0,2026-04-25T02:48:52.90
-155.4664,19.1768,29.38,1.0,2026-04-25T03:16:55.15
-155.418,19.2779,29.26,1.0,2026-04-25T03:44:30.90
-155.2696,19.4207,4.37,2.4,2026-04-25T04:14:48.75
-155.4818,19.1768,28.37,1.3,2026-04-25T04:25:28.81
-155.4406,19.2555,30.84,1.1,2026-04-25T04:30:15.15
-155.4458,19.2552,30.7,0.8,2026-04-25T05:06:23.59
-155.3999,19.2366,30.97,1.2,2026-04-25T05:08:14.27
-155.4611,19.1919,28.69,1.2,2026-04-25T05:25:19.62
-155.4694,19.1909,28.67,0.9,2026-04-25T05:49:34.11
-155.3715,19.2003,28.56,1.0,2026-04-25T06:02:52.85
-155.4625,19.2014,29.5,1.0,2026-04-25T06:20:31.79
-155.581,19.4742,2.42,1.1,2026-04-25T06:27:31.73
-155.4664,19.1866,28.25,0.9,2026-04-25T06:28:49.66
-155.483,19.1851,30.99,1.1,2026-04-25T06:30:38.01
-155.4675,19.1901,28.41,1.0,2026-04-25T06:31:16.02
-155.4818,19.1774,28.72,1.8,2026-04-25T06:47:15.54
-155.4283,19.4637,8.2,0.9,2026-04-25T06:59:05.66
-155.4688,19.1895,29.05,1.7,2026-04-25T07:41:10.36
-155.387,19.1968,29.85,1.4,2026-04-25T08:06:47.29
-155.469,19.3932,9.61,1.2,2026-04-25T08:08:24.39
-155.4312,19.2738,29.8,1.2,2026-04-25T08:15:42.29
-155.4691,19.1624,27.18,1.0,2026-04-25T08:24:33.11
-155.4657,19.1902,28.75,0.9,2026-04-25T08:40:14.67
-155.4809,19.1759,28.62,1.2,2026-04-25T08:55:02.34
-155.4726,19.1632,29.17,0.9,2026-04-25T09:25:59.66
-155.4396,19.4789,7.54,1.2,2026-04-25T09:28:12.79
-155.5436,19.3765,3.94,1.3,2026-04-25T09:46:31.04
-155.469,19.1906,29.38,1.1,2026-04-25T09:49:23.56
-155.2717,19.4217,4.86,3.4,2026-04-25T09:59:04.44
-155.4627,19.1843,28.29,0.9,2026-04-25T10:03:22.27
-155.6975,19.4665,9.85,1.0,2026-04-25T10:18:34.78
-155.5374,19.418,5.64,1.0,2026-04-25T10:54:36.98
-155.4321,19.3188,9.71,1.4,2026-04-25T11:14:07.32
-155.4833,19.4864,6.52,1.1,2026-04-25T11:23:21.35
-155.3935,19.2439,30.94,1.5,2026-04-25T11:49:04.02
-155.3709,19.2521,5.93,1.6,2026-04-25T11:56:32.79
-155.4266,19.2601,27.71,0.9,2026-04-25T11:58:26.72
-155.4729,19.1862,29.73,1.2,2026-04-25T12:01:12.47
-155.4759,19.1619,27.23,1.1,2026-04-25T12:12:35.14
-155.4562,19.2981,9.44,1.1,2026-04-25T12:40:03.42
-155.2656,19.4158,4.54,3.0,2026-04-25T12:41:10.99
-155.3868,19.1365,29.66,0.9,2026-04-25T13:19:32.10
-155.4674,19.1767,27.06,1.1,2026-04-25T13:27:37.98
-155.4609,19.1965,28.4,1.2,2026-04-25T13:32:43.03
-155.4621,19.1928,29.15,1.0,2026-04-25T13:47:36.01
-155.469,19.1864,29.72,0.9,2026-04-25T13:49:04.05
-155.3811,19.1504,28.93,1.2,2026-04-25T13:51:03.58
-155.4982,19.4743,6.05,1.5,2026-04-25T14:02:10.88
-155.3678,19.2369,29.98,1.0,2026-04-25T14:11:39.70
-155.5027,19.4774,6.13,0.8,2026-04-25T14:12:15.43
-155.2648,19.4214,5.04,2.2,2026-04-25T14:53:14.23
-155.4691,19.1911,29.41,1.7,2026-04-25T15:08:34.47
-155.4535,19.2547,10.7,1.4,2026-04-25T15:24:20.77
-155.4426,19.2534,10.41,1.2,2026-04-25T15:28:20.80
-155.4926,19.1695,30.38,0.9,2026-04-25T15:43:50.29
-155.2694,19.4175,4.32,3.1,2026-04-25T15:50:01.82
-155.3727,19.2348,29.25,1.2,2026-04-25T15:58:37.77
-155.4682,19.1894,29.39,0.9,2026-04-25T16:04:34.75
-155.2517,19.3092,9.56,1.2,2026-04-25T16:10:52.40
-155.4753,19.1669,29.07,0.9,2026-04-25T16:39:45.35
-155.4371,19.2505,30.58,1.1,2026-04-25T16:53:42.72
-155.3935,19.2546,30.79,1.0,2026-04-25T17:06:22.80
-155.3656,19.2508,29.42,1.1,2026-04-25T17:12:04.26
-155.4387,19.1125,25.68,0.7,2026-04-25T17:25:57.28
-155.4999,19.3696,9.66,1.1,2026-04-25T17:58:25.68
-155.3369,19.2752,7.1,1.3,2026-04-25T18:16:02.52
-155.2667,19.4224,4.69,1.9,2026-04-25T18:18:43.56
-155.4464,19.2524,10.31,1.4,2026-04-25T18:23:03.48
-155.4578,19.188,32.13,1.5,2026-04-25T18:30:37.20
-155.55,19.4085,15.36,1.0,2026-04-25T18:36:15.10
-155.2944,19.3495,13.09,1.4,2026-04-25T18:42:19.20
-155.4052,19.1567,27.94,1.1,2026-04-25T19:12:39.34
-155.2693,19.4175,4.2,3.3,2026-04-25T19:58:13.12
-155.6108,19.4076,3.01,0.8,2026-04-25T20:39:36.48
-155.4786,19.1783,29.4,1.1,2026-04-25T20:42:06.98
-155.4834,19.3946,10.05,0.8,2026-04-25T20:43:39.28
-155.4373,19.231,31.96,0.9,2026-04-25T21:03:52.42
-155.4934,19.3459,9.52,1.4,2026-04-25T21:05:12.84
-155.5866,19.4608,2.63,1.5,2026-04-25T21:13:23.16
-155.4741,19.161,30.92,1.1,2026-04-25T21:19:18.18
-155.2626,19.3091,9.84,1.6,2026-04-25T21:25:05.68
-155.3255,19.2811,20.8,1.1,2026-04-25T21:25:06.48
-155.295,19.4053,7.58,1.6,2026-04-25T21:33:18.70
-155.4794,19.1505,30.07,1.1,2026-04-25T21:36:51.88
-155.4626,19.1548,27.28,1.1,2026-04-25T22:00:21.76
-155.4718,19.1793,27.82,1.1,2026-04-25T22:08:21.84
-155.266,19.4163,4.46,3.2,2026-04-25T22:41:07.00
-155.4984,19.3645,9.55,1.1,2026-04-25T23:03:25.70
-155.4947,19.3627,9.32,1.2,2026-04-25T23:44:48.58
-155.2358,19.2874,13.38,1.5,2026-04-25T23:46:01.36
-155.4908,19.1643,29.63,1.9,2026-04-25T23:49:28.40
-155.2586,19.3405,10.99,1.6,2026-04-26T00:18:38.75
-155.481,19.4849,6.19,1.6,2026-04-26T00:53:51.09
-155.4468,19.2272,30.98,1.0,2026-04-26T01:15:51.53
-155.4342,19.4095,7.51,1.8,2026-04-26T01:18:17.44
-155.4513,19.4381,9.01,1.0,2026-04-26T01:32:22.55
-155.6048,19.4221,4.38,1.2,2026-04-26T01:45:55.05
-155.4682,19.4827,6.96,1.2,2026-04-26T01:50:29.78
-155.2691,19.4164,4.38,3.3,2026-04-26T02:02:59.23
-155.4581,19.1864,28.41,1.0,2026-04-26T02:10:48.90
-155.4049,19.2478,8.73,1.6,2026-04-26T02:14:14.84
-155.4686,19.195,29.38,1.4,2026-04-26T02:17:41.06
-155.4457,19.2268,30.9,1.0,2026-04-26T02:18:50.83
-155.4643,19.1835,29.5,1.2,2026-04-26T02:25:42.32
-155.4444,19.2316,30.99,1.2,2026-04-26T02:42:57.62
-155.3782,19.2589,30.58,0.7,2026-04-26T02:52:22.03
-155.4424,19.2323,30.97,1.7,2026-04-26T03:16:46.24
-155.3854,19.1914,30.16,1.1,2026-04-26T03:41:48.70
-155.4507,19.1551,29.67,1.4,2026-04-26T03:55:39.84
-155.4669,19.189,33.33,1.2,2026-04-26T04:07:22.23
-155.4293,19.3583,10.5,1.6,2026-04-26T04:11:24.59
-155.2838,19.3102,8.99,1.7,2026-04-26T04:33:23.82
-155.2707,19.3279,8.55,1.5,2026-04-26T04:50:24.48
-155.268,19.4238,4.16,3.1,2026-04-26T04:51:06.43
-155.4685,19.1629,31.48,1.4,2026-04-26T05:10:53.82
-155.4634,19.1594,29.78,1.0,2026-04-26T05:17:46.20
-155.467,19.1692,27.92,1.1,2026-04-26T06:04:35.75
-155.4281,19.3733,10.74,1.4,2026-04-26T06:08:18.77
-155.4609,19.4747,8.28,1.1,2026-04-26T06:12:50.65
-155.5718,19.3704,2.99,1.0,2026-04-26T06:16:43.15
-155.4271,19.3676,10.81,1.3,2026-04-26T06:21:13.44
-155.4263,19.2339,30.97,1.4,2026-04-26T06:25:55.76
-155.5626,19.3678,2.91,0.6,2026-04-26T06:32:32.76
-155.4822,19.1779,28.69,1.9,2026-04-26T06:36:19.55
-155.2403,19.3521,9.92,1.3,2026-04-26T06:55:35.82
-155.2614,19.4233,4.43,2.8,2026-04-26T07:05:38.61
-155.3668,19.2974,3.47,1.8,2026-04-26T07:15:17.46
-155.4916,19.1711,30.4,0.9,2026-04-26T08:50:35.50
-155.4777,19.4489,10.0,1.3,2026-04-26T08:58:58.52
-155.4213,19.3869,8.71,0.9,2026-04-26T09:04:43.84
-155.4415,19.1678,29.47,0.9,2026-04-26T09:10:57.25
-155.2694,19.4178,4.27,3.3,2026-04-26T09:17:44.55
-155.4162,19.279,28.86,1.0,2026-04-26T09:22:39.58
-155.4812,19.1754,29.34,0.9,2026-04-26T09:29:44.40
-155.2709,19.4233,13.49,1.9,2026-04-26T09:34:32.16
-155.6123,19.4018,8.73,1.9,2026-04-26T09:38:47.94
-155.3866,19.1983,29.76,1.8,2026-04-26T09:39:48.85
-155.4486,19.1706,28.14,0.9,2026-04-26T09:45:26.95
-155.5886,19.4549,5.74,0.7,2026-04-26T09:50:16.68
-155.4734,19.1668,29.29,1.0,2026-04-26T10:11:04.02
-155.3663,19.1858,27.8,1.0,2026-04-26T10:16:54.36
-155.3243,19.3335,2.04,1.6,2026-04-26T10:21:54.28
-155.4541,19.2239,29.88,0.8,2026-04-26T10:24:56.99
-155.4569,19.1852,28.2,0.9,2026-04-26T10:28:23.04
-155.4118,19.1424,29.51,1.0,2026-04-26T10:45:01.56
-155.4659,19.178,33.29,1.0,2026-04-26T10:50:16.34
-155.6087,19.4481,10.93,1.0,2026-04-26T11:05:40.32
-155.4824,19.1768,28.82,1.5,2026-04-26T11:32:39.50
-155.4517,19.251,10.0,1.1,2026-04-26T12:06:17.93
-155.4713,19.1729,28.61,1.2,2026-04-26T12:10:16.27
-155.3864,19.1997,29.7,1.7,2026-04-26T12:19:40.99
-155.357,19.1064,21.34,1.3,2026-04-26T12:25:23.27
-155.4704,19.1687,29.23,0.9,2026-04-26T12:27:08.87
-155.458,19.1643,28.45,1.1,2026-04-26T12:50:31.32
-155.404,19.239,29.57,1.3,2026-04-26T13:18:16.02
-155.3754,19.196,27.89,0.9,2026-04-26T13:52:21.70
-155.2673,19.4026,11.88,1.6,2026-04-26T14:21:23.63
-155.3449,19.2881,4.13,1.9,2026-04-26T15:02:06.16
-155.2571,19.3512,11.04,1.5,2026-04-26T15:35:41.34
-155.2686,19.4185,4.45,3.7,2026-04-26T15:46:17.46
-155.3782,19.2616,29.75,1.1,2026-04-26T15:58:57.01
-155.404,19.1707,30.59,0.9,2026-04-26T16:44:29.58
-155.3875,19.201,29.98,0.9,2026-04-26T17:10:16.16
-155.2639,19.4177,3.29,2.6,2026-04-26T17:30:32.84
-155.3868,19.1507,29.62,1.0,2026-04-26T17:58:10.16
-155.4547,19.2518,29.91,1.2,2026-04-26T18:03:51.02
-155.4857,19.4091,10.02,1.0,2026-04-26T18:15:54.00
-155.392,19.2272,30.06,1.0,2026-04-26T18:25:40.36
-155.3799,19.3361,8.49,1.4,2026-04-26T18:37:58.80
-155.38,19.3367,8.6,1.8,2026-04-26T18:45:32.40
-155.381,19.1475,29.24,1.3,2026-04-26T18:46:15.80
-155.4281,19.232,31.31,1.2,2026-04-26T19:09:15.64
-155.4665,19.163,28.11,0.8,2026-04-26T19:16:40.60
-155.4712,19.1806,29.35,1.0,2026-04-26T19:19:11.20
-155.2694,19.4178,4.09,2.9,2026-04-26T19:31:38.28
-155.4731,19.1689,29.27,0.9,2026-04-26T19:42:18.56
-155.4813,19.4294,10.12,1.7,2026-04-26T19:55:02.20
-155.2942,19.3918,11.99,2.1,2026-04-26T20:16:32.56
-155.4435,19.2523,7.75,1.4,2026-04-26T20:35:14.02
-155.4222,19.2371,31.47,0.9,2026-04-26T20:36:07.20
-155.4178,19.2358,30.84,1.2,2026-04-26T20:40:05.12
-155.2975,19.3862,12.89,1.9,2026-04-26T20:48:24.36
-155.6056,19.4235,3.98,1.2,2026-04-26T21:11:39.28
-155.4668,19.1675,27.21,1.1,2026-04-26T21:22:23.92
-155.3653,19.2922,29.47,0.9,2026-04-26T21:31:11.48
-155.4857,19.3433,10.86,0.9,2026-04-26T21:53:20.16
-155.4542,19.1679,30.87,1.0,2026-04-26T22:09:58.70
-155.4861,19.3433,10.84,1.8,2026-04-26T22:11:09.84
-155.472,19.1727,28.51,1.3,2026-04-26T22:26:11.04
-155.3809,19.265,30.0,0.8,2026-04-26T22:36:02.36
-155.4794,19.1638,30.79,1.5,2026-04-27T00:04:44.65
-155.2651,19.416,4.6,3.6,2026-04-27T00:20:08.41
-155.4769,19.1891,30.56,0.8,2026-04-27T01:53:01.90
-155.2863,19.4081,10.52,1.9,2026-04-27T02:29:14.72
-155.4239,19.2515,29.26,1.1,2026-04-27T02:31:01.59
-155.2815,19.3033,9.06,2.0,2026-04-27T03:18:28.40
-155.4723,19.1723,28.81,1.3,2026-04-27T03:43:33.41
-155.4797,19.4344,10.7,0.9,2026-04-27T03:53:44.62
-155.4064,19.4734,6.78,1.7,2026-04-27T03:57:38.98
-155.475,19.2861,10.29,1.4,2026-04-27T04:20:27.62
-155.2685,19.4179,4.0,3.0,2026-04-27T04:23:55.17
-155.4899,19.1595,30.7,1.3,2026-04-27T05:31:24.46
-155.285,19.4072,9.51,1.7,2026-04-27T06:19:39.39
-155.2502,19.3534,10.61,1.6,2026-04-27T06:38:06.92
-155.2693,19.4173,4.41,3.2,2026-04-27T06:58:31.13
-155.4633,19.1608,29.7,1.4,2026-04-27T07:11:59.11
-155.4304,19.257,8.66,1.5,2026-04-27T07:17:16.47
-155.4739,19.1523,34.05,0.9,2026-04-27T07:26:08.52
-155.4476,19.1546,30.28,1.0,2026-04-27T07:26:55.45
-155.25,19.3588,12.68,1.5,2026-04-27T07:51:55.42
-155.4661,19.1591,29.96,0.9,2026-04-27T08:07:35.60
-155.4557,19.2523,31.77,1.0,2026-04-27T08:13:17.82
-155.4629,19.1825,29.29,1.0,2026-04-27T08:38:15.18
-155.4883,19.3099,10.45,1.0,2026-04-27T08:48:09.38
-155.3644,19.3001,30.43,1.3,2026-04-27T09:15:54.43
-155.4054,19.2482,8.79,1.1,2026-04-27T09:24:26.69
-155.2711,19.4207,4.47,3.0,2026-04-27T09:29:28.62
-155.4935,19.3201,9.65,1.3,2026-04-27T10:15:04.95
-155.4713,19.3997,10.24,0.9,2026-04-27T10:28:55.60
-155.4739,19.1703,29.3,1.1,2026-04-27T10:31:50.66
-155.4953,19.3413,10.57,0.8,2026-04-27T10:35:14.20
-155.478,19.1508,35.14,1.0,2026-04-27T10:35:36.43
-155.493,19.3205,9.67,0.9,2026-04-27T10:51:47.18
-155.2965,19.3572,2.24,1.2,2026-04-27T11:07:58.22
-155.3833,19.2298,29.56,1.2,2026-04-27T11:21:01.76
-155.501,19.4078,10.71,1.2,2026-04-27T11:24:53.04
-155.2492,19.4,14.75,2.8,2026-04-27T11:35:35.77
-155.4961,19.4383,10.69,1.0,2026-04-27T11:45:12.48
-155.4479,19.2288,29.75,1.0,2026-04-27T11:58:17.91
-155.4675,19.2668,10.59,1.0,2026-04-27T11:59:56.75
-155.44,19.1598,28.12,0.9,2026-04-27T12:03:25.43
-155.2456,19.3331,10.05,1.7,2026-04-27T12:10:18.57
-155.4133,19.0093,34.29,1.2,2026-04-27T12:28:28.42
-155.4757,19.4857,7.58,1.0,2026-04-27T12:29:20.97
-155.445,19.4088,7.6,1.8,2026-04-27T12:37:31.54
-155.4049,19.2489,28.33,1.2,2026-04-27T12:39:53.48
-155.8101,19.3496,19.39,1.0,2026-04-27T12:51:40.42
-155.4263,19.3113,8.01,1.2,2026-04-27T12:52:39.03
-155.4802,19.4167,10.62,1.3,2026-04-27T13:17:09.94
-155.2691,19.4187,4.81,3.3,2026-04-27T13:33:07.12
-155.4815,19.2797,10.57,1.2,2026-04-27T13:35:23.95
-155.3715,19.205,28.51,1.1,2026-04-27T14:29:57.31
-155.4614,19.1965,29.13,1.0,2026-04-27T14:30:22.87
-155.4285,19.1028,25.55,1.0,2026-04-27T15:28:23.27
-155.4811,19.432,11.45,0.9,2026-04-27T15:34:07.24
-155.6082,19.4021,6.38,1.7,2026-04-27T15:45:52.54
-155.266,19.4166,4.5,3.0,2026-04-27T16:23:31.00
-155.4699,19.1721,28.41,1.3,2026-04-27T16:27:22.63
-155.4746,19.1824,29.42,1.5,2026-04-27T16:35:59.70
-155.4174,19.2392,29.12,1.0,2026-04-27T17:09:11.58
-155.3709,19.1411,28.74,1.9,2026-04-27T18:12:19.28
-155.4741,19.4395,11.39,0.9,2026-04-27T18:17:11.88
-155.3657,19.26,28.87,1.4,2026-04-27T18:19:43.78
-155.4702,19.1734,29.02,1.0,2026-04-27T19:21:23.30
-155.4756,19.429,12.03,1.0,2026-04-27T20:14:50.04
-155.4898,19.2687,6.59,1.3,2026-04-27T20:23:27.20
-155.4578,19.1505,27.09,0.9,2026-04-27T20:35:15.28
-155.4716,19.1898,29.31,0.9,2026-04-27T21:12:27.92
-155.27,19.4187,4.21,2.8,2026-04-27T21:27:15.14
-155.2594,19.3111,9.84,1.5,2026-04-27T21:30:34.32
-155.4437,19.209,27.26,1.0,2026-04-27T21:42:45.64
-155.4681,19.1716,29.32,1.2,2026-04-27T21:43:56.24
-155.4778,19.1725,31.0,1.4,2026-04-27T21:52:25.26
-155.4503,19.1532,30.31,1.3,2026-04-27T22:14:53.48
-155.487,19.3595,9.43,1.1,2026-04-27T22:32:08.96
-155.4701,19.1828,29.68,1.0,2026-04-27T22:56:45.44
-155.3832,19.2586,4.66,1.5,2026-04-27T23:05:21.16
-155.245,19.3499,10.62,1.0,2026-04-27T23:28:30.40
-155.3924,19.2795,28.78,1.0,2026-04-28T00:54:35.88
-155.4801,19.1626,29.44,0.9,2026-04-28T01:31:15.25
-155.4718,19.172,27.97,0.9,2026-04-28T01:47:15.05
-155.4732,19.4556,11.11,1.1,2026-04-28T01:53:02.56
-155.5755,19.459,4.41,1.8,2026-04-28T01:55:34.58
-155.4137,19.3157,8.95,1.4,2026-04-28T01:58:31.84
-155.4477,19.2014,32.31,1.3,2026-04-28T02:01:59.24
-155.2699,19.4181,4.08,3.1,2026-04-28T02:07:34.38
-155.4628,19.42,10.25,1.5,2026-04-28T02:10:53.99
-155.4659,19.1519,27.8,1.3,2026-04-28T02:44:36.18
-155.5931,19.4563,3.86,0.9,2026-04-28T03:13:28.22
-155.4847,19.3686,7.79,1.4,2026-04-28T03:22:47.87
-155.3441,19.2921,6.42,1.4,2026-04-28T03:41:03.41
-155.381,19.2184,31.26,1.3,2026-04-28T04:01:03.97
-155.4703,19.1723,27.89,1.0,2026-04-28T04:10:55.46
-155.3877,19.2335,29.67,1.3,2026-04-28T04:30:28.83
-155.4715,19.1716,28.55,1.4,2026-04-28T04:42:19.63
-155.3645,19.1736,28.04,1.1,2026-04-28T04:43:55.99
-155.468,19.5017,6.11,1.2,2026-04-28T05:06:34.23
-155.4687,19.5025,5.96,1.4,2026-04-28T05:08:10.98
-155.2685,19.4217,4.81,3.1,2026-04-28T05:14:33.38
-155.4758,19.1897,30.03,1.4,2026-04-28T05:28:22.71
-155.438,19.2329,8.02,1.4,2026-04-28T05:33:43.98
-155.4902,19.4092,11.59,1.3,2026-04-28T05:39:55.14
-155.3833,19.1955,30.06,1.0,2026-04-28T05:49:33.10
-155.3798,19.2078,29.53,0.9,2026-04-28T06:19:00.92
-155.5815,19.4558,4.66,0.8,2026-04-28T06:59:53.22
-155.4047,19.1387,30.37,0.9,2026-04-28T07:07:36.97
-155.4462,19.2574,29.93,1.2,2026-04-28T07:08:46.67
-155.4551,19.1433,36.09,1.8,2026-04-28T07:10:51.37
-155.2623,19.4191,4.58,2.2,2026-04-28T07:27:16.07
-155.3916,19.1905,29.26,1.2,2026-04-28T07:39:23.33
-155.4724,19.1795,28.21,1.1,2026-04-28T07:59:24.33
-155.4661,19.1664,27.4,0.9,2026-04-28T08:33:41.85
-155.4088,19.3392,8.2,1.5,2026-04-28T08:59:18.55
-155.4676,19.1505,29.27,1.0,2026-04-28T08:59:51.96
-155.4717,19.1911,30.88,1.1,2026-04-28T09:11:11.95
-155.4453,19.0013,33.44,3.1,2026-04-28T09:32:12.63
-155.2675,19.4162,4.66,3.0,2026-04-28T09:50:15.15
-155.4476,19.2576,30.03,1.3,2026-04-28T10:00:03.93
-155.2338,19.3423,10.87,1.7,2026-04-28T10:04:07.45
-155.4542,19.1785,28.03,0.9,2026-04-28T10:31:16.87
-155.4705,19.1603,29.51,1.2,2026-04-28T10:39:52.80
-155.4689,19.1606,29.46,1.0,2026-04-28T10:44:14.49
-155.4616,19.1831,28.41,1.0,2026-04-28T10:48:56.51
-155.4478,19.3621,7.89,1.4,2026-04-28T10:54:54.71
-155.4318,19.1457,27.39,1.3,2026-04-28T11:19:21.06
-155.4344,19.48,9.26,1.3,2026-04-28T12:00:48.26
-155.4211,19.296,26.92,1.3,2026-04-28T12:09:38.27
-155.3223,19.3901,12.04,1.9,2026-04-28T12:18:31.16
-155.4473,19.259,30.1,1.3,2026-04-28T12:48:10.44
-155.4116,19.2657,31.54,1.0,2026-04-28T12:59:24.85
-155.514,19.4795,3.93,1.4,2026-04-28T13:22:21.50
-155.4626,19.2155,12.31,1.3,2026-04-28T13:59:08.51
-155.4924,19.3275,10.14,1.2,2026-04-28T14:01:50.80
-155.2843,19.4056,9.79,1.7,2026-04-28T14:57:09.55
-155.2362,19.3159,11.83,2.2,2026-04-28T15:18:34.37
-155.2713,19.418,4.28,3.3,2026-04-28T15:56:00.60
-155.5975,19.4608,4.4,0.8,2026-04-28T16:57:06.58
-155.3752,19.2741,29.85,1.7,2026-04-28T16:58:52.86
-155.482,19.1671,31.08,1.2,2026-04-28T17:16:50.16
-155.3963,19.2467,30.57,1.5,2026-04-28T17:28:04.32
-155.5009,19.3712,9.57,1.3,2026-04-28T18:00:21.72
-155.4191,19.2628,29.37,1.4,2026-04-28T18:09:11.56
-155.4383,19.4653,7.71,1.3,2026-04-28T18:30:16.08
-155.4548,19.1639,28.55,1.0,2026-04-28T18:50:04.66
-155.2592,19.4245,3.75,2.9,2026-04-28T18:52:25.82
-155.4655,19.195,30.81,1.7,2026-04-28T18:59:43.60
-155.4961,19.3563,9.75,0.9,2026-04-28T19:12:04.80
-155.4661,19.1892,30.6,3.8,2026-04-28T19:26:42.60
-155.4628,19.192,29.98,1.6,2026-04-28T19:28:36.52
-155.4665,19.186,31.0,1.5,2026-04-28T19:29:01.10
-155.4699,19.1854,30.33,1.2,2026-04-28T19:36:27.00
-155.4635,19.1875,29.8,1.4,2026-04-28T19:36:35.04
-155.4685,19.188,31.12,1.1,2026-04-28T19:41:19.80
-155.4681,19.1918,30.59,0.9,2026-04-28T19:43:27.92
-155.4663,19.1888,30.72,2.1,2026-04-28T19:52:05.08
-155.4737,19.1913,29.93,1.2,2026-04-28T19:54:12.52
-155.4212,19.2976,25.67,1.2,2026-04-28T19:54:30.60
-155.4548,19.1716,29.89,1.0,2026-04-28T20:05:36.40
-155.4679,19.1879,30.85,1.2,2026-04-28T20:17:32.92
-155.4675,19.191,30.78,1.2,2026-04-28T20:41:17.80
-155.4662,19.1892,30.66,3.5,2026-04-28T20:48:37.88
-155.4663,19.1883,30.67,1.2,2026-04-28T20:52:41.24
-155.4659,19.1877,30.55,1.2,2026-04-28T20:55:33.78
-155.4521,19.2997,8.86,1.3,2026-04-28T20:59:37.84
-155.4067,19.3361,8.43,1.4,2026-04-28T21:02:10.16
-155.2635,19.4136,12.36,2.1,2026-04-28T21:05:41.90
-155.4845,19.1689,28.71,1.0,2026-04-28T21:10:17.82
-155.4683,19.1936,30.42,1.5,2026-04-28T21:16:01.34
-155.4613,19.1868,28.06,1.3,2026-04-28T21:21:06.24
-155.4509,19.4684,8.56,1.0,2026-04-28T21:32:13.68
-155.2687,19.42,5.01,3.4,2026-04-28T21:34:48.20
-155.4674,19.159,28.91,1.2,2026-04-28T21:49:57.16
-155.4768,19.1709,30.52,1.6,2026-04-28T21:55:10.18
-155.5043,19.4335,10.45,1.1,2026-04-28T22:19:28.84
-155.2921,19.403,11.18,2.2,2026-04-28T22:24:55.32
-155.2873,19.4116,10.6,2.4,2026-04-28T22:28:39.08
-155.2735,19.3959,10.17,2.3,2026-04-28T22:29:12.40
-155.2951,19.4029,12.62,2.1,2026-04-28T22:30:28.84
-155.2839,19.4068,9.51,1.8,2026-04-28T22:31:08.36
-155.2873,19.4086,11.48,1.9,2026-04-28T22:33:03.28
-155.2906,19.4053,10.91,2.1,2026-04-28T22:34:18.44
-155.2878,19.4087,10.88,1.5,2026-04-28T22:35:33.84
-155.4671,19.191,30.59,1.6,2026-04-28T22:36:02.08
-155.2789,19.4097,15.42,1.5,2026-04-28T22:37:30.24
-155.2713,19.4101,9.78,1.6,2026-04-28T22:38:39.18
-155.2957,19.386,10.02,1.4,2026-04-28T22:39:50.08
-155.2858,19.3997,9.96,2.3,2026-04-28T22:40:50.72
-155.2836,19.4065,11.89,1.5,2026-04-28T22:42:01.40
-155.387,19.1971,29.78,1.8,2026-04-28T22:42:33.04
-155.3604,19.2209,29.03,1.3,2026-04-28T22:44:14.52
-155.2834,19.4054,12.3,1.9,2026-04-28T22:44:52.64
-155.2727,19.3979,12.08,2.0,2026-04-28T22:49:41.80
-155.2948,19.4043,10.34,1.9,2026-04-28T22:51:24.72
-155.2748,19.4222,14.56,2.0,2026-04-28T22:52:31.28
-155.2715,19.4093,14.55,2.2,2026-04-28T22:58:34.28
-155.2861,19.4026,10.62,2.0,2026-04-28T23:00:24.72
-155.2948,19.4031,11.29,1.5,2026-04-28T23:02:32.86
-155.2842,19.408,9.72,1.5,2026-04-28T23:04:45.48
-155.2898,19.4066,10.87,1.7,2026-04-28T23:06:55.96
-155.2811,19.4102,17.09,1.3,2026-04-28T23:08:53.44
-155.4731,19.1922,30.87,1.3,2026-04-28T23:10:09.12
-155.2838,19.407,11.56,1.9,2026-04-28T23:11:05.76
-155.4707,19.194,30.48,1.8,2026-04-28T23:13:32.28
-155.462,19.19,29.41,1.4,2026-04-28T23:15:10.70
-155.4618,19.1834,29.67,1.3,2026-04-28T23:18:00.02
-155.2949,19.3564,2.22,2.0,2026-04-28T23:20:33.12
-155.2779,19.4097,5.62,1.7,2026-04-28T23:22:06.36
-155.2654,19.4093,12.94,1.7,2026-04-28T23:24:28.24
-155.459,19.1834,29.1,1.4,2026-04-28T23:25:19.80
-155.2795,19.4259,15.7,1.5,2026-04-28T23:26:47.80
-155.2651,19.4065,5.86,2.0,2026-04-28T23:48:19.62
-155.2799,19.4047,10.24,1.9,2026-04-28T23:59:42.60
-155.2828,19.4027,10.29,1.7,2026-04-29T00:03:35.18
-155.2726,19.4088,11.18,1.9,2026-04-29T00:05:41.07
-155.2828,19.405,12.29,1.6,2026-04-29T00:07:37.21
-155.2914,19.4,10.57,2.4,2026-04-29T00:07:53.20
-155.2763,19.4084,11.64,1.6,2026-04-29T00:11:51.32
-155.2581,19.4126,13.3,1.5,2026-04-29T00:13:39.51
-155.2629,19.4089,13.94,1.5,2026-04-29T00:15:22.50
-155.2874,19.4067,10.91,1.8,2026-04-29T00:16:55.04
-155.2846,19.3972,13.97,1.6,2026-04-29T00:23:17.25
-155.2923,19.4032,10.61,1.7,2026-04-29T00:28:32.34
-155.2932,19.4083,10.17,2.0,2026-04-29T00:34:26.80
-155.2932,19.4008,12.99,1.8,2026-04-29T00:36:35.50
-155.2888,19.4062,10.16,1.7,2026-04-29T00:40:52.90
-155.2758,19.3976,10.33,1.8,2026-04-29T00:45:13.49
-155.4938,19.366,9.85,1.1,2026-04-29T00:46:30.14
-155.4243,19.4436,7.79,2.0,2026-04-29T00:47:14.03
-155.2716,19.4302,15.83,2.4,2026-04-29T00:50:58.20
-155.294,19.4045,10.56,1.7,2026-04-29T00:53:07.73
-155.2818,19.4068,10.7,1.5,2026-04-29T00:56:57.25
-155.4592,19.1818,29.06,1.2,2026-04-29T00:57:35.37
-155.2759,19.4116,11.75,1.5,2026-04-29T00:58:32.91
-155.2852,19.4114,12.64,2.0,2026-04-29T01:01:27.09
-155.2824,19.4115,11.4,2.6,2026-04-29T01:04:47.80
-155.2882,19.4036,10.82,1.9,2026-04-29T01:06:37.52
-155.2939,19.4011,9.52,1.9,2026-04-29T01:10:22.12
-155.2933,19.4023,11.13,1.8,2026-04-29T01:12:19.59
-155.4668,19.1885,30.6,2.4,2026-04-29T01:15:01.99
-155.2798,19.409,11.6,1.6,2026-04-29T01:17:55.73
-155.2725,19.404,12.53,1.5,2026-04-29T01:20:03.61
-155.2782,19.4014,11.53,1.9,2026-04-29T01:23:40.92
-155.2795,19.4007,10.3,2.5,2026-04-29T01:27:13.43
-155.2816,19.4035,12.48,1.6,2026-04-29T01:28:50.64
-155.284,19.4029,10.15,1.7,2026-04-29T01:32:03.42
-155.2979,19.3916,9.22,1.6,2026-04-29T01:36:36.71
-155.2755,19.4042,9.79,1.8,2026-04-29T01:38:13.35
-155.2766,19.4103,11.14,1.8,2026-04-29T01:39:56.04
-155.2921,19.3925,12.13,1.2,2026-04-29T01:43:29.02
-155.295,19.4034,11.31,2.1,2026-04-29T01:51:42.65
-155.2893,19.4081,10.32,1.4,2026-04-29T01:59:57.24
-155.2876,19.4021,11.4,2.1,2026-04-29T02:02:03.39
-155.2885,19.406,10.06,1.6,2026-04-29T02:11:17.66
-155.2608,19.3401,10.69,1.8,2026-04-29T02:15:26.35
-155.2819,19.4086,10.67,1.5,2026-04-29T02:22:38.57
-155.4655,19.1955,30.64,1.3,2026-04-29T02:26:42.32
-155.2853,19.4013,12.92,1.7,2026-04-29T02:28:30.63
-155.2828,19.4074,14.34,1.5,2026-04-29T02:32:36.92
-155.2934,19.4022,11.54,2.1,2026-04-29T02:41:40.72
-155.269,19.4065,11.91,1.9,2026-04-29T02:45:40.28
-155.275,19.4103,10.35,1.4,2026-04-29T02:56:10.65
-155.2533,19.3489,12.61,1.1,2026-04-29T02:56:41.56
-155.5557,19.3629,8.09,1.6,2026-04-29T03:01:13.18
-155.2873,19.4195,12.76,2.5,2026-04-29T03:02:07.90
-155.2878,19.3928,12.8,1.7,2026-04-29T03:03:30.90
-155.3962,19.399,8.28,1.6,2026-04-29T03:04:47.15
-155.29,19.392,12.42,1.3,2026-04-29T03:07:36.96
-155.2646,19.3975,9.25,1.5,2026-04-29T03:10:05.65
-155.2755,19.4148,15.23,2.1,2026-04-29T03:12:13.68
-155.2979,19.4082,10.46,1.8,2026-04-29T03:14:03.30
-155.2559,19.4008,14.67,1.5,2026-04-29T03:15:47.79
-155.2796,19.4047,11.94,1.9,2026-04-29T03:21:19.27
-155.262,19.3884,10.48,1.8,2026-04-29T03:31:37.84
-155.2878,19.4018,10.61,1.7,2026-04-29T03:36:19.88
-155.2831,19.3993,10.43,1.5,2026-04-29T03:39:01.34
-155.2883,19.4049,10.63,1.4,2026-04-29T03:42:02.70
-155.4667,19.1609,29.26,1.1,2026-04-29T03:42:28.22
-155.2606,19.4077,11.88,1.5,2026-04-29T03:57:24.14
-155.2855,19.403,13.53,2.0,2026-04-29T04:02:11.68
-155.289,19.4071,10.86,1.6,2026-04-29T04:05:28.97
-155.2817,19.4005,12.65,2.1,2026-04-29T04:10:41.16
-155.2915,19.39,13.27,1.3,2026-04-29T04:14:46.75
-155.4125,19.2602,29.48,1.2,2026-04-29T04:18:31.43
-155.4724,19.1338,32.89,1.1,2026-04-29T04:23:21.27
-155.4739,19.1792,30.05,1.2,2026-04-29T04:26:20.99
-155.4769,19.1721,30.63,1.1,2026-04-29T04:28:17.05
-155.2698,19.4166,4.73,3.3,2026-04-29T04:31:06.37
-155.3633,19.1612,27.49,1.4,2026-04-29T04:42:44.94
-155.3995,19.2129,28.89,1.2,2026-04-29T04:58:06.69
-155.4726,19.179,29.29,1.2,2026-04-29T06:00:26.31
-155.236,19.3315,11.51,2.3,2026-04-29T06:06:22.97
-155.257,19.3403,29.39,2.0,2026-04-29T06:14:20.18
-155.6024,19.4216,4.54,2.0,2026-04-29T06:26:59.97
-155.4148,19.0844,22.51,1.2,2026-04-29T06:33:57.56
-155.2729,19.4154,4.71,3.1,2026-04-29T06:42:35.50
-155.4738,19.1849,30.67,1.2,2026-04-29T06:54:55.84
-155.4196,19.1727,31.66,1.1,2026-04-29T06:59:52.45
-155.2838,19.2927,29.96,1.5,2026-04-29T07:03:44.97
-155.6764,19.4958,7.07,1.5,2026-04-29T07:19:50.97
-155.4724,19.1765,27.96,1.2,2026-04-29T07:35:05.64
-155.4773,19.1664,28.78,0.7,2026-04-29T07:35:41.65
-155.3758,19.2122,31.32,0.9,2026-04-29T07:43:54.16
-155.3508,19.2799,5.85,1.6,2026-04-29T08:08:20.82
-155.45,19.3919,9.92,1.4,2026-04-29T08:16:43.56
-155.484,19.1842,31.77,0.8,2026-04-29T08:21:00.16
-155.4745,19.2862,10.57,1.3,2026-04-29T08:21:24.40
-155.3827,19.2634,5.49,1.5,2026-04-29T08:26:19.87
-155.4579,19.4991,6.29,1.1,2026-04-29T08:58:26.43
-155.4098,19.3603,9.04,1.8,2026-04-29T09:25:39.07
-155.4695,19.1769,29.43,1.0,2026-04-29T09:45:07.60
-155.4476,19.1571,29.91,1.8,2026-04-29T10:28:42.48
-155.2431,19.3483,10.26,2.9,2026-04-29T10:56:28.14
-155.2677,19.4202,4.45,3.0,2026-04-29T11:21:29.28
-155.4696,19.1868,31.1,0.9,2026-04-29T11:49:30.97
-155.4745,19.1823,29.55,1.5,2026-04-29T12:15:57.59
-155.2656,19.4168,4.34,3.3,2026-04-29T13:36:49.29
-155.4657,19.1879,29.19,1.1,2026-04-29T14:04:42.83
-155.2579,19.3402,29.5,1.1,2026-04-29T14:23:03.10
-155.2476,19.3416,29.26,0.9,2026-04-29T14:33:04.73
-155.4651,19.1756,28.38,1.1,2026-04-29T14:40:50.61
-155.4053,19.4098,8.57,2.1,2026-04-29T14:41:40.66
-155.2708,19.4135,0.84,2.4,2026-04-29T14:53:19.56
-155.2445,19.3536,10.44,1.3,2026-04-29T15:02:01.84
-155.4869,19.1485,31.52,1.4,2026-04-29T15:50:03.30
-155.2719,19.4173,4.4,3.3,2026-04-29T15:52:15.37
-155.4837,19.4832,6.81,1.4,2026-04-29T16:12:31.16
-155.488,19.1525,31.43,1.5,2026-04-29T16:34:02.88
-155.2279,19.3146,12.91,2.2,2026-04-29T17:05:15.28
-155.1976,19.3445,13.8,1.1,2026-04-29T17:07:18.94
-155.4613,19.1849,29.32,1.2,2026-04-29T17:13:55.08
-155.5784,19.4666,2.5,1.0,2026-04-29T17:49:00.64
-155.4718,19.4807,8.07,1.7,2026-04-29T17:52:42.36
-155.2692,19.4166,4.09,3.3,2026-04-29T18:04:41.74
-155.3857,19.1944,30.04,1.2,2026-04-29T18:35:49.98
-155.5995,19.4475,4.29,1.3,2026-04-29T19:04:14.28
-155.3819,19.136,28.9,1.4,2026-04-29T19:08:57.28
-155.2289,19.3135,12.91,2.2,2026-04-29T20:19:00.28
-155.438,19.467,10.54,1.5,2026-04-29T20:32:01.40
-155.2695,19.4196,4.5,3.3,2026-04-29T20:36:19.74
-155.466,19.174,26.64,1.3,2026-04-29T21:04:39.28
-155.465,19.4383,10.39,1.0,2026-04-29T21:08:00.12
-155.2436,19.3281,10.48,1.2,2026-04-29T21:09:57.72
-155.4709,19.1793,27.77,1.4,2026-04-29T21:23:25.76
-155.3695,19.2564,29.46,1.1,2026-04-29T22:36:33.80
-155.5924,19.4662,5.8,1.0,2026-04-29T22:38:35.92
-155.4635,19.1538,28.33,1.2,2026-04-29T22:38:56.22
-155.5985,19.4487,4.79,1.0,2026-04-29T22:45:27.94
-155.4826,19.1819,29.55,0.9,2026-04-29T22:50:30.50
-155.3756,19.2659,29.97,0.9,2026-04-29T22:56:26.72
-155.2643,19.4171,4.15,2.8,2026-04-29T23:15:02.88
-155.3766,19.273,30.07,1.6,2026-04-29T23:27:32.22
-155.4561,19.306,8.73,1.8,2026-04-29T23:43:29.66
-155.4757,19.1619,29.49,1.6,2026-04-29T23:56:32.44
-155.3842,19.1974,29.75,1.9,2026-04-30T00:07:34.33
-155.2611,19.4218,1.04,2.5,2026-04-30T00:15:49.95
-155.4626,19.1586,27.65,1.0,2026-04-30T00:43:02.68
-155.4666,19.1639,29.78,1.1,2026-04-30T00:45:40.61
-155.4638,19.1578,28.34,1.0,2026-04-30T01:02:14.12
-155.4842,19.1419,32.1,1.3,2026-04-30T01:24:55.98
-155.3858,19.2115,31.92,2.2,2026-04-30T01:33:23.26
-155.3752,19.2616,29.83,1.1,2026-04-30T01:49:21.64
-155.4832,19.1482,31.63,2.0,2026-04-30T01:59:07.31
-155.4742,19.1658,29.92,1.5,2026-04-30T01:59:41.50
-155.4603,19.1542,27.91,0.9,2026-04-30T02:00:56.26
-155.4827,19.1413,32.05,1.1,2026-04-30T02:14:31.04
-155.2443,19.3283,10.35,2.4,2026-04-30T02:26:32.49
-155.3566,19.2914,29.71,1.6,2026-04-30T02:26:33.42
-155.3735,19.0361,29.47,2.1,2026-04-30T02:51:16.42
-155.4642,19.2126,29.12,1.3,2026-04-30T02:57:39.09
-155.6055,19.4252,3.59,1.2,2026-04-30T03:11:05.97
-155.3407,19.2872,6.9,1.3,2026-04-30T03:42:24.27
-155.5027,19.3812,10.05,1.1,2026-04-30T03:50:37.96
-155.3791,19.3365,8.47,1.4,2026-04-30T03:53:14.87
-155.2673,19.4183,4.13,3.4,2026-04-30T03:54:30.41
-155.4739,19.1731,29.76,1.5,2026-04-30T03:54:56.32
-155.4816,19.1448,31.76,1.4,2026-04-30T04:15:03.80
-155.4345,19.2492,28.89,0.9,2026-04-30T04:19:14.23
-155.4721,19.1697,29.74,1.4,2026-04-30T04:37:11.23
-155.3817,19.2655,29.7,1.1,2026-04-30T04:38:03.57
-155.4706,19.1678,29.43,1.1,2026-04-30T04:39:57.76
-155.2663,19.417,4.13,2.6,2026-04-30T05:05:28.52
-155.3766,19.2671,29.2,0.8,2026-04-30T05:14:10.01
-155.3816,19.0859,32.88,1.0,2026-04-30T06:03:27.80
-155.4279,19.3556,10.33,1.2,2026-04-30T06:09:45.16
-155.2683,19.4177,4.8,3.0,2026-04-30T06:19:24.11
-155.4674,19.1893,30.73,1.0,2026-04-30T06:45:56.27
-155.4368,19.1488,28.71,1.0,2026-04-30T07:04:40.77
-155.3647,19.2652,29.54,1.4,2026-04-30T07:08:15.51
-155.5172,19.4371,12.27,1.7,2026-04-30T07:14:32.12
-155.444,19.492,7.57,1.2,2026-04-30T07:15:25.50
-155.3988,19.2503,29.67,1.3,2026-04-30T07:29:08.28
-155.4008,19.2518,29.43,1.7,2026-04-30T07:34:05.07
-155.398,19.2467,29.79,1.0,2026-04-30T07:34:42.37
-155.3707,19.2786,5.08,1.6,2026-04-30T07:39:05.05
-155.4002,19.2519,29.54,1.5,2026-04-30T07:44:18.11
-155.5972,19.4527,2.17,1.5,2026-04-30T07:49:56.00
-155.2617,19.4175,4.16,3.1,2026-04-30T07:55:25.44
-155.3132,19.3251,29.89,2.0,2026-04-30T07:59:56.77
-155.4767,19.1738,29.08,1.8,2026-04-30T08:17:40.12
-155.4328,19.2807,29.56,1.1,2026-04-30T10:28:19.63
-155.4334,19.2809,29.45,1.1,2026-04-30T10:41:21.16
-155.4126,19.3661,11.18,1.7,2026-04-30T10:42:38.10
-155.4138,19.3654,11.32,1.3,2026-04-30T10:47:47.98
-155.4129,19.3663,11.26,1.8,2026-04-30T10:57:09.52
-155.3885,19.1986,30.02,0.9,2026-04-30T11:03:33.23
-155.4976,19.5125,2.73,1.3,2026-04-30T11:07:44.33
-155.4701,19.1553,29.63,1.0,2026-04-30T11:08:19.71
-155.2678,19.4181,3.63,2.6,2026-04-30T11:20:50.99
-155.4701,19.1464,29.4,1.1,2026-04-30T11:21:47.73
-155.4761,19.161,29.8,1.4,2026-04-30T11:24:35.36
-155.4709,19.1798,27.8,2.5,2026-04-30T11:31:17.03
-155.4711,19.1476,32.99,1.0,2026-04-30T11:39:18.80
-155.4687,19.1416,33.02,1.3,2026-04-30T11:45:03.15
-155.4701,19.1935,30.35,2.7,2026-04-30T12:19:53.98
-155.2853,19.4002,10.12,1.4,2026-04-30T12:59:12.22
-155.5904,19.4588,4.92,1.6,2026-04-30T14:08:42.05
-155.5951,19.4624,4.96,0.7,2026-04-30T14:14:39.87
-155.2371,19.3271,11.29,1.6,2026-04-30T14:50:14.55
-155.3858,19.1948,29.8,1.5,2026-04-30T15:04:15.06
-155.6048,19.4253,4.15,2.0,2026-04-30T15:29:08.14
-155.3738,19.2164,31.54,1.1,2026-04-30T15:49:53.78
-155.267,19.4206,4.67,3.2,2026-04-30T15:53:06.36
-155.6053,19.4206,4.42,1.0,2026-04-30T16:24:00.65
-155.594,19.4153,12.11,1.4,2026-04-30T16:54:37.28
-155.3759,19.1698,28.64,1.0,2026-04-30T17:01:05.56
-155.4716,19.1852,29.32,1.8,2026-04-30T17:28:07.08
-155.4991,19.4715,5.57,1.4,2026-04-30T17:39:55.88
-155.4242,19.2808,28.73,1.3,2026-04-30T17:47:04.24
-155.4244,19.2819,28.86,1.4,2026-04-30T17:47:25.72
-155.4243,19.2816,28.8,1.9,2026-04-30T17:48:45.24
-155.4929,19.3853,13.62,1.6,2026-04-30T17:49:12.00
-155.4012,19.2732,27.09,0.9,2026-04-30T17:49:58.64
-155.3957,19.2678,27.57,1.0,2026-04-30T17:50:07.70
-155.3935,19.2657,27.16,0.7,2026-04-30T17:51:04.48
-155.4231,19.2821,28.87,1.5,2026-04-30T17:51:26.16
-155.376,19.2728,29.95,1.3,2026-04-30T17:54:48.88
-155.4237,19.2819,28.8,2.4,2026-04-30T18:00:25.56
-155.3985,19.2639,27.89,0.8,2026-04-30T18:01:30.70
-155.3726,19.2359,29.67,1.0,2026-04-30T18:05:45.80
-155.3918,19.2629,26.9,0.8,2026-04-30T18:11:24.48
-155.4696,19.1854,28.32,1.5,2026-04-30T18:55:34.56
-155.4599,19.1436,28.24,1.1,2026-04-30T19:30:14.64
-155.5976,19.4262,3.91,1.2,2026-04-30T19:37:33.86
-155.4745,19.1639,29.37,1.7,2026-04-30T19:48:46.92
-155.4652,19.1547,28.16,1.5,2026-04-30T19:50:51.60
-155.4762,19.1579,29.34,1.6,2026-04-30T19:51:06.24
-155.4636,19.179,27.71,1.2,2026-04-30T19:51:35.44
-155.5232,19.5168,4.25,1.1,2026-04-30T19:52:54.56
-155.4649,19.1866,28.42,1.0,2026-04-30T19:59:53.18
-155.2704,19.342,30.68,1.4,2026-04-30T20:00:41.84
-155.2684,19.417,4.67,2.8,2026-04-30T20:03:23.44
-155.4611,19.1748,26.48,1.3,2026-04-30T20:06:48.66
-155.4728,19.1624,29.36,2.9,2026-04-30T20:35:11.80
-155.4716,19.1594,30.47,0.9,2026-04-30T20:36:43.68
-155.4671,19.1821,27.88,1.5,2026-04-30T20:37:49.96
-155.4242,19.2824,28.84,1.3,2026-04-30T20:46:31.56
-155.4662,19.1537,27.81,1.1,2026-04-30T20:49:02.52
-155.2384,19.3443,12.19,1.9,2026-04-30T20:51:15.72
-155.3868,19.1973,29.86,1.6,2026-04-30T20:59:10.60
-155.4649,19.1506,27.64,1.4,2026-04-30T21:33:44.40
-155.4816,19.391,9.68,1.4,2026-04-30T21:45:59.52
-155.5017,19.4333,11.94,1.2,2026-04-30T21:48:54.52
-155.4628,19.1562,28.03,0.9,2026-04-30T22:25:19.88
-155.5202,19.5153,4.86,0.9,2026-04-30T22:52:52.20
-155.5107,19.5025,2.16,0.7,2026-04-30T23:26:52.64
-155.3809,19.2647,5.71,2.3,2026-04-30T23:43:22.00
-155.5167,19.506,2.41,1.3,2026-04-30T23:50:36.88
-155.4655,19.1516,29.31,1.5,2026-05-01T00:22:59.63
-155.4659,19.4969,6.36,1.1,2026-05-01T00:36:38.54
-155.2716,19.4179,4.28,3.1,2026-05-01T01:06:14.25
-155.3948,19.2521,31.04,1.5,2026-05-01T01:40:16.95
-155.251,19.421,2.2,2.5,2026-05-01T02:10:15.07
-155.4687,19.1473,30.27,1.3,2026-05-01T02:36:03.40
-155.4615,19.1397,28.49,1.3,2026-05-01T02:39:14.72
-155.5958,19.4163,11.91,1.1,2026-05-01T03:14:09.16
-155.4183,19.3849,9.94,2.2,2026-05-01T03:18:52.52
-155.3544,19.281,5.33,1.8,2026-05-01T03:22:15.86
-155.3971,19.2545,31.35,1.2,2026-05-01T03:29:54.36
-155.5956,19.4153,12.0,1.3,2026-05-01T03:49:21.31
-155.2678,19.4175,4.43,3.1,2026-05-01T03:52:11.04
-155.4705,19.1871,28.12,1.1,2026-05-01T03:54:58.19
-155.3978,19.2551,31.25,1.2,2026-05-01T04:10:57.42
-155.3556,19.2194,7.38,2.0,2026-05-01T04:22:36.81
-155.3597,19.2197,7.59,1.8,2026-05-01T04:34:03.17
-155.4689,19.1693,33.35,1.0,2026-05-01T05:11:32.69
-155.4681,19.1733,32.55,1.0,2026-05-01T05:11:56.69
-155.4666,19.1751,32.26,1.3,2026-05-01T05:13:09.10
-155.5966,19.4519,4.57,1.3,2026-05-01T05:16:48.98
-155.3567,19.2443,29.88,1.2,2026-05-01T05:34:05.99
-155.5937,19.4556,3.76,1.0,2026-05-01T05:45:32.93
-155.2788,19.2877,10.27,1.8,2026-05-01T05:56:44.94
-155.2694,19.4176,4.12,3.0,2026-05-01T06:02:46.45
-155.4866,19.1706,31.12,1.4,2026-05-01T06:20:54.70
-155.4693,19.1683,28.92,1.1,2026-05-01T06:51:23.24
-155.4757,19.1719,30.44,1.2,2026-05-01T06:51:34.21
-155.2659,19.4188,4.55,2.9,2026-05-01T07:05:37.10
-155.3694,19.1483,28.29,2.9,2026-05-01T07:20:21.85
-155.2685,19.416,4.13,3.0,2026-05-01T08:09:13.61
-155.5062,19.4817,4.54,1.7,2026-05-01T08:15:53.89
-155.4882,19.4857,5.42,1.4,2026-05-01T08:20:46.96
-155.5959,19.4524,3.15,0.9,2026-05-01T08:30:56.78
-155.5068,19.4977,1.88,1.1,2026-05-01T08:35:09.62
-155.4509,19.3899,10.83,1.2,2026-05-01T08:35:21.08
-155.4585,19.4685,8.49,1.5,2026-05-01T08:38:43.83
-155.4583,19.4697,8.51,1.5,2026-05-01T09:04:25.72
-155.3682,19.2697,29.38,0.8,2026-05-01T09:12:39.22
-155.268,19.4196,4.38,3.0,2026-05-01T09:29:51.87
-155.3235,19.3311,30.11,1.3,2026-05-01T09:51:01.06
-155.6051,19.4257,3.9,1.6,2026-05-01T09:54:22.44
-155.4912,19.3628,10.07,1.5,2026-05-01T10:17:17.88
-155.4801,19.2777,10.49,1.4,2026-05-01T10:21:24.54
-155.3611,19.2693,29.82,1.2,2026-05-01T10:27:17.04
-155.4685,19.1484,29.95,1.2,2026-05-01T10:37:57.93
-155.4337,19.4672,9.14,1.3,2026-05-01T10:48:19.46
-155.5744,19.4687,3.85,1.1,2026-05-01T10:54:51.03
-155.4658,19.1763,29.26,1.1,2026-05-01T11:11:07.09
-155.4448,19.2712,29.81,1.0,2026-05-01T11:37:57.79
-155.3904,19.0952,30.98,1.5,2026-05-01T11:42:32.33
-155.4689,19.1485,30.0,1.4,2026-05-01T11:44:03.56
-155.3617,19.2392,29.5,1.4,2026-05-01T11:44:25.64
-155.4661,19.1536,27.87,1.2,2026-05-01T12:05:29.08
-155.4688,19.1489,29.87,2.2,2026-05-01T12:32:59.82
-155.29,19.4006,10.43,1.2,2026-05-01T12:36:25.01
-155.435,19.1431,27.14,1.1,2026-05-01T12:40:41.95
-155.2702,19.418,4.1,2.5,2026-05-01T12:56:44.46
-155.468,19.1639,29.13,1.0,2026-05-01T13:25:09.95
-155.5919,19.4149,5.21,1.0,2026-05-01T13:37:04.75
-155.2679,19.4164,3.8,2.9,2026-05-01T14:41:19.26
-155.4578,19.4754,7.49,1.1,2026-05-01T15:02:29.60
-155.4732,19.1856,30.54,0.9,2026-05-01T15:15:04.53
-155.4886,19.4884,6.69,1.0,2026-05-01T15:26:31.56
-155.5951,19.4152,12.06,1.8,2026-05-01T15:31:30.64
-155.267,19.4175,4.59,2.8,2026-05-01T15:49:20.29
-155.5983,19.4484,4.52,1.1,2026-05-01T15:50:35.17
-155.3705,19.1834,28.2,1.2,2026-05-01T16:01:21.93
-155.5991,19.4477,4.24,2.0,2026-05-01T16:32:30.09
-155.265,19.3472,11.52,1.6,2026-05-01T18:00:58.38
-155.2591,19.4203,3.4,2.8,2026-05-01T18:05:22.86
-155.2589,19.4197,3.37,2.5,2026-05-01T19:26:01.28
-155.4063,19.4178,8.5,1.5,2026-05-01T20:07:16.84
-155.6793,19.4936,6.52,2.4,2026-05-01T20:28:08.48
-155.6652,19.488,7.5,1.6,2026-05-01T20:28:08.76
-155.682,19.4978,6.77,1.4,2026-05-01T20:34:58.72
-155.2588,19.4198,3.49,2.8,2026-05-01T20:41:18.20
-155.4097,19.2659,29.89,0.9,2026-05-01T20:59:33.64
-155.4924,19.1754,31.25,1.0,2026-05-01T21:54:49.32
-155.5582,19.4543,10.82,1.1,2026-05-01T22:15:13.28
-155.5937,19.4672,7.04,0.7,2026-05-01T22:28:15.40
-155.4556,19.1796,31.84,1.1,2026-05-01T22:47:52.38
-155.5997,19.4586,2.72,0.9,2026-05-01T23:55:08.32
-155.2735,19.3761,3.6,2.2,2026-05-02T01:09:20.76
-155.5904,19.48,3.19,1.1,2026-05-02T01:16:00.20
-155.2612,19.4202,3.64,3.1,2026-05-02T01:19:31.83
-155.2537,19.4206,2.55,2.1,2026-05-02T02:08:39.70
-155.4837,19.1717,30.23,1.0,2026-05-02T02:45:24.75
-155.2578,19.4203,3.36,2.8,2026-05-02T02:51:50.51
-155.5985,19.4529,3.03,1.0,2026-05-02T02:53:59.26
-155.4469,19.4656,8.0,1.3,2026-05-02T03:04:12.04
-155.4688,19.166,28.72,1.2,2026-05-02T03:25:46.54
-155.4809,19.1718,29.61,0.9,2026-05-02T04:00:59.31
-155.4722,19.1636,28.05,1.6,2026-05-02T04:07:11.72
-155.583,19.4549,4.44,0.5,2026-05-02T04:08:31.09
-155.4721,19.1645,28.11,2.0,2026-05-02T04:33:38.71
-155.4083,19.2487,29.9,2.2,2026-05-02T04:34:16.68
-155.4775,19.1768,28.82,1.3,2026-05-02T04:38:30.10
-155.3986,19.1702,30.34,1.1,2026-05-02T04:44:06.72
-155.3858,19.0695,32.42,2.3,2026-05-02T04:46:07.77
-155.2642,19.3277,9.27,1.6,2026-05-02T04:48:54.45
-155.4728,19.1642,28.26,1.4,2026-05-02T04:51:58.58
-155.5139,19.2316,30.43,1.3,2026-05-02T04:54:39.57
-155.4036,19.2443,30.02,1.7,2026-05-02T04:58:44.78
-155.5035,19.4962,3.93,1.5,2026-05-02T05:14:55.16
-155.4911,19.4971,6.07,1.6,2026-05-02T05:50:40.34
-155.2565,19.4189,3.15,2.4,2026-05-02T05:54:21.51
-155.2616,19.4213,2.87,2.4,2026-05-02T06:43:37.39
-155.4725,19.1645,28.06,1.6,2026-05-02T06:46:59.58
-155.6813,19.431,9.08,0.9,2026-05-02T06:57:11.98
-155.6825,19.431,9.33,1.1,2026-05-02T07:07:47.28
-155.5008,19.3219,10.02,1.3,2026-05-02T07:27:25.13
-155.2556,19.4188,3.48,2.6,2026-05-02T07:31:15.47
-155.2842,19.3516,2.16,1.8,2026-05-02T07:31:39.32
-155.4977,19.3201,10.41,1.5,2026-05-02T07:54:00.96
-155.4976,19.3221,10.87,1.6,2026-05-02T07:54:16.12
-155.4193,19.2755,28.68,1.3,2026-05-02T08:04:49.84
-155.4563,19.1565,27.36,1.1,2026-05-02T08:09:06.56
-155.296,19.3577,2.34,1.6,2026-05-02T08:20:16.22
-155.2997,19.3579,1.65,1.3,2026-05-02T08:20:42.31
-155.2688,19.417,4.13,2.6,2026-05-02T08:22:02.40
-155.4739,19.4891,8.99,1.2,2026-05-02T08:34:40.97
-155.4081,19.2476,29.71,1.7,2026-05-02T08:35:48.88
-155.3623,19.2701,29.92,1.1,2026-05-02T08:47:16.03
-155.4053,19.1277,25.46,1.1,2026-05-02T08:48:37.66
-155.3845,19.1814,30.27,1.3,2026-05-02T09:04:37.26
-155.4773,19.3846,9.98,1.3,2026-05-02T09:20:00.07
-155.3785,19.1415,28.5,1.0,2026-05-02T09:40:25.91
-155.2358,19.345,9.95,1.9,2026-05-02T09:42:50.22
-155.6038,19.4263,4.28,1.6,2026-05-02T09:45:24.34
-155.265,19.4194,3.65,2.7,2026-05-02T09:52:23.81
-155.5047,19.4869,5.25,1.1,2026-05-02T10:04:18.25
-155.493,19.3206,9.56,1.5,2026-05-02T10:12:59.74
-155.4925,19.3207,10.42,1.4,2026-05-02T10:15:39.19
-155.448,19.4536,9.41,1.2,2026-05-02T10:34:16.24
-155.2614,19.4195,3.46,2.7,2026-05-02T10:41:55.08
-155.4781,19.1843,28.85,2.6,2026-05-02T10:49:00.42
-155.4797,19.1561,29.56,1.4,2026-05-02T11:07:59.68
-155.4988,19.1859,31.45,0.8,2026-05-02T11:11:50.07
-155.4507,19.1656,30.63,1.0,2026-05-02T11:21:07.44
-155.4925,19.3197,9.55,1.2,2026-05-02T11:27:39.91
-155.5954,19.4539,2.98,1.5,2026-05-02T11:49:30.65
-155.2579,19.4189,3.18,2.7,2026-05-02T11:51:16.56
-155.2829,19.3575,14.11,1.6,2026-05-02T11:52:43.65
-155.4748,19.184,29.53,1.2,2026-05-02T11:53:43.26
-155.4073,19.2404,29.76,0.9,2026-05-02T12:04:15.89
-155.4417,19.4723,7.25,1.1,2026-05-02T12:17:34.36
-155.4768,19.1786,29.08,1.4,2026-05-02T12:39:30.67
-155.4773,19.182,29.9,1.0,2026-05-02T12:40:31.02
-155.4669,19.4384,11.19,1.1,2026-05-02T13:21:04.87
-155.2619,19.4269,4.25,2.5,2026-05-02T13:39:05.29
-155.4806,19.4411,11.7,1.2,2026-05-02T13:47:28.94
-155.4721,19.165,29.94,1.0,2026-05-02T14:02:26.02
-155.5911,19.4606,2.63,1.1,2026-05-02T14:11:52.98
-155.4926,19.3197,9.83,1.5,2026-05-02T14:20:45.30
-155.3722,19.1434,28.93,1.1,2026-05-02T14:24:32.75
-155.445,19.2555,29.91,1.4,2026-05-02T14:43:20.04
-155.4994,19.3709,9.94,1.2,2026-05-02T14:57:29.27
-155.4474,19.2475,30.9,1.1,2026-05-02T15:05:47.45
-155.2583,19.4208,3.7,3.1,2026-05-02T15:22:36.86
-155.563,19.494,4.01,1.4,2026-05-02T15:37:20.06
-155.4474,19.4902,6.35,1.1,2026-05-02T15:49:27.63
-155.3703,19.2381,29.55,1.0,2026-05-02T15:51:01.08
-155.2651,19.4204,2.84,2.2,2026-05-02T16:22:06.12
-155.4213,19.1096,23.84,1.2,2026-05-02T16:30:10.79
-155.864,19.4702,22.05,1.0,2026-05-02T16:40:00.30
-155.4878,19.417,10.77,1.2,2026-05-02T17:10:03.44
-155.481,19.1673,28.99,1.1,2026-05-02T17:12:54.90
-155.474,19.1654,27.88,1.3,2026-05-02T17:18:37.56
-155.4521,19.2987,10.84,1.4,2026-05-02T17:42:04.58
-155.4646,19.2537,33.63,1.0,2026-05-02T17:45:21.00
-155.421,19.2776,29.38,1.4,2026-05-02T17:49:48.96
-155.27,19.4179,4.18,2.8,2026-05-02T17:51:39.56
-155.4834,19.3535,9.46,1.3,2026-05-02T17:58:49.56
-155.3771,19.3835,10.16,1.6,2026-05-02T18:23:42.36
-155.4583,19.47,8.06,1.3,2026-05-02T18:55:35.06
-155.4123,19.3718,8.9,1.8,2026-05-02T19:00:14.76
-155.4892,19.1721,30.17,1.8,2026-05-02T19:02:29.48
-155.5885,19.4074,12.41,0.8,2026-05-02T19:19:42.16
-155.4049,19.1256,29.46,1.4,2026-05-02T19:26:21.28
-155.5855,19.4547,4.45,0.7,2026-05-02T19:28:52.88
-155.4818,19.4369,10.64,1.3,2026-05-02T19:55:24.84
-155.4438,19.4714,6.42,0.8,2026-05-02T19:56:09.18
-155.4679,19.1301,30.91,1.4,2026-05-02T21:26:59.32
-155.5674,19.3618,6.51,1.2,2026-05-02T21:36:27.58
-155.2715,19.3733,3.57,2.5,2026-05-02T23:06:50.40
-155.4515,19.279,9.83,1.6,2026-05-02T23:08:56.56
-155.4718,19.4395,11.12,1.3,2026-05-02T23:34:23.52
-155.2624,19.4235,4.06,3.0,2026-05-02T23:44:29.34
-155.4918,19.1734,30.07,1.2,2026-05-02T23:50:37.48
-155.2951,19.3567,2.27,1.9,2026-05-02T23:53:12.10
-155.3908,19.385,13.05,1.4,2026-05-03T00:52:32.75
-155.4832,19.1464,31.71,2.1,2026-05-03T00:57:34.09
-155.2588,19.4176,3.54,2.6,2026-05-03T01:03:18.33
-155.3907,19.285,4.27,1.6,2026-05-03T01:03:57.21
-155.5983,19.4446,3.02,1.1,2026-05-03T01:08:36.97
-155.2552,19.4237,4.12,2.6,2026-05-03T02:08:40.82
-155.3933,19.3479,8.76,1.7,2026-05-03T02:28:12.84
-155.2566,19.4222,3.84,2.9,2026-05-03T03:10:58.18
-155.4838,19.4301,11.33,1.2,2026-05-03T03:15:52.44
-155.4969,19.4942,4.96,1.4,2026-05-03T03:49:11.40
-155.5018,19.4088,11.9,1.0,2026-05-03T04:05:15.92
-155.2588,19.4198,3.46,2.6,2026-05-03T04:10:52.55
-155.4368,19.2583,30.53,1.1,2026-05-03T04:12:34.82
-155.2725,19.3539,30.53,1.1,2026-05-03T04:25:07.13
-155.4672,19.1665,28.71,1.1,2026-05-03T04:28:54.14
-155.4762,19.1759,29.41,1.8,2026-05-03T05:02:04.78
-155.4765,19.1779,30.55,1.4,2026-05-03T05:52:29.08
-155.4716,19.1443,28.91,1.1,2026-05-03T05:57:57.91
-155.2577,19.4239,4.24,2.5,2026-05-03T06:04:45.10
-155.4472,19.4937,8.93,1.4,2026-05-03T06:07:34.06
-155.3749,19.4847,12.59,1.2,2026-05-03T06:09:08.19
-155.4369,19.4811,6.55,1.1,2026-05-03T06:33:44.05
-155.4952,19.3551,9.46,1.3,2026-05-03T07:20:57.36
-155.5046,19.4918,6.15,0.9,2026-05-03T07:25:28.23
-155.5907,19.4711,6.65,0.7,2026-05-03T07:40:48.18
-155.4196,19.392,8.46,1.5,2026-05-03T07:57:11.63
-155.6823,19.4851,6.16,0.9,2026-05-03T08:00:33.50
-155.6825,19.4854,6.17,1.0,2026-05-03T08:01:25.94
-155.278,19.4036,10.76,1.4,2026-05-03T08:26:33.58
-155.4478,19.1879,27.32,1.1,2026-05-03T08:33:28.99
-155.4144,19.3199,8.62,1.5,2026-05-03T09:01:02.50
-155.4168,19.2843,28.75,1.4,2026-05-03T09:27:58.99
-155.3128,19.31,28.18,1.0,2026-05-03T09:29:10.56
-155.4712,19.1727,28.47,1.8,2026-05-03T09:42:51.45
-155.504,19.4881,6.52,1.2,2026-05-03T10:13:59.46
-155.3884,19.2484,30.39,1.3,2026-05-03T10:23:13.35
-155.2603,19.4244,3.95,3.2,2026-05-03T10:46:05.64
-155.4836,19.1691,28.91,1.4,2026-05-03T11:27:04.54
-155.5979,19.4597,3.69,0.4,2026-05-03T12:07:44.28
-155.4784,19.1632,30.57,1.0,2026-05-03T12:38:07.37
-155.2527,19.4201,3.33,2.6,2026-05-03T12:39:40.09
-155.4666,19.1671,27.16,1.0,2026-05-03T12:42:29.33
-155.4759,19.1742,28.93,1.2,2026-05-03T12:47:12.27
-155.5905,19.4604,4.48,1.1,2026-05-03T12:59:36.08
-155.4794,19.157,30.49,1.4,2026-05-03T13:08:42.15
-155.475,19.4373,10.59,0.9,2026-05-03T13:09:37.87
-155.432,19.4365,7.9,1.0,2026-05-03T13:12:15.53
-155.3804,19.0687,32.37,1.1,2026-05-03T13:23:15.47
-155.2393,19.3259,11.15,3.0,2026-05-03T13:33:14.60
-155.4614,19.1817,28.78,1.3,2026-05-03T13:34:41.06
-155.2424,19.3284,10.82,1.3,2026-05-03T13:36:52.15
-155.2772,19.4031,13.07,1.5,2026-05-03T13:37:44.34
-155.2532,19.4181,4.1,2.8,2026-05-03T13:54:30.79
-155.3769,19.4821,12.91,1.6,2026-05-03T13:58:22.62
-155.4754,19.1592,30.26,1.1,2026-05-03T14:24:56.21
-155.4589,19.1731,31.7,1.1,2026-05-03T14:25:24.74
-155.4876,19.4334,11.51,1.1,2026-05-03T14:49:13.74
-155.4722,19.1685,29.0,1.1,2026-05-03T14:59:48.24
-155.2728,19.4156,4.73,3.1,2026-05-03T15:04:51.17
-155.6017,19.4442,3.98,0.9,2026-05-03T15:36:16.83
-155.6015,19.4434,3.95,1.0,2026-05-03T15:36:38.12
-155.4347,19.1466,26.12,1.0,2026-05-03T15:53:39.11
-155.2696,19.427,2.58,2.3,2026-05-03T16:07:24.34
-155.48,19.3931,11.23,0.8,2026-05-03T16:08:10.02
-155.3757,19.4835,12.35,1.6,2026-05-03T19:49:07.20
-155.3979,19.4364,8.44,1.3,2026-05-03T21:00:52.24
-155.5929,19.4613,2.1,1.6,2026-05-03T21:05:05.02
-155.4738,19.1447,30.15,1.2,2026-05-03T21:34:50.10
-155.5528,19.2821,11.64,1.4,2026-05-03T21:42:48.00
-155.4478,19.1509,30.21,1.2,2026-05-03T21:55:56.32
-155.3835,19.1984,30.01,1.1,2026-05-03T22:07:49.60
-155.4881,19.1512,31.26,1.2,2026-05-03T22:28:25.48
-155.5047,19.4872,6.28,1.1,2026-05-03T22:39:31.00
-155.3082,19.3939,12.11,1.5,2026-05-03T22:44:45.20
-155.4676,19.1546,30.22,1.0,2026-05-03T22:54:38.84
-155.4648,19.1524,28.23,1.3,2026-05-03T23:08:43.30
-155.4274,19.3877,7.69,1.2,2026-05-03T23:12:56.04
-155.5838,19.4544,4.48,0.9,2026-05-03T23:21:41.44
-155.4553,19.296,8.86,1.4,2026-05-03T23:25:47.88
-155.4205,19.2533,31.58,1.0,2026-05-03T23:29:45.32
-155.5287,19.4194,6.15,1.2,2026-05-03T23:54:20.00
-155.3811,19.1453,28.82,2.4,2026-05-04T00:29:46.92
-155.4601,19.1973,27.45,1.3,2026-05-04T00:37:39.12
-155.4704,19.1616,33.8,1.2,2026-05-04T00:50:21.46
-155.2501,19.3478,27.45,3.2,2026-05-04T00:59:11.65
-155.2728,19.4028,12.38,1.8,2026-05-04T01:03:45.22
-155.2611,19.4163,4.04,2.5,2026-05-04T01:35:10.11
-155.5851,19.462,3.98,1.9,2026-05-04T01:38:29.81
-155.3985,19.2454,29.27,1.3,2026-05-04T01:47:56.05
-155.2519,19.3115,11.49,1.5,2026-05-04T01:52:59.02
-155.4497,19.1523,30.3,1.1,2026-05-04T02:14:35.27
-155.2565,19.423,4.01,2.6,2026-05-04T02:22:02.45
-155.4089,19.4626,6.9,1.2,2026-05-04T02:25:24.56
-155.4188,19.0841,20.52,1.2,2026-05-04T02:34:41.29
-155.2637,19.3516,30.54,1.0,2026-05-04T02:44:56.43
-155.5899,19.4539,4.58,0.6,2026-05-04T02:49:44.07
-155.3834,19.2847,35.09,1.1,2026-05-04T04:21:15.32
-155.2481,19.4185,12.76,2.0,2026-05-04T04:22:36.68
-155.4835,19.3805,14.36,1.3,2026-05-04T04:22:39.90
-155.464,19.4966,6.78,1.1,2026-05-04T04:35:32.87
-155.3842,19.0713,31.45,1.1,2026-05-04T05:03:35.80
-155.2428,19.3989,14.89,3.3,2026-05-04T05:25:05.24
-155.4658,19.164,26.76,1.3,2026-05-04T06:01:11.00
-155.4852,19.3835,10.28,1.1,2026-05-04T06:02:56.60
-155.5913,19.4593,3.54,0.8,2026-05-04T07:24:23.84
-155.2717,19.4211,4.29,3.0,2026-05-04T07:44:09.26
-155.43,19.3471,8.71,1.2,2026-05-04T07:59:18.65
-155.2854,19.4026,10.65,2.0,2026-05-04T08:31:05.60
-155.4986,19.3573,9.98,1.2,2026-05-04T09:50:26.32
-155.4845,19.3549,10.31,1.2,2026-05-04T10:05:49.07
-155.2694,19.4042,14.11,2.3,2026-05-04T10:11:19.82
-155.256,19.4268,1.46,1.4,2026-05-04T11:07:19.90
-155.3311,19.4284,11.4,1.3,2026-05-04T11:08:33.67
-155.4233,19.2429,31.76,1.2,2026-05-04T11:44:41.53
-155.2709,19.3973,8.57,2.4,2026-05-04T12:01:38.44
-155.432,19.4704,9.84,1.6,2026-05-04T12:04:53.69
-155.4725,19.1792,27.75,1.2,2026-05-04T12:33:22.52
-155.2697,19.4184,3.95,2.7,2026-05-04T12:35:42.11
-155.2342,19.4027,14.2,2.8,2026-05-04T13:25:19.09
-155.4648,19.1767,29.5,1.0,2026-05-04T13:27:31.07
-155.3372,19.274,5.14,0.9,2026-05-04T14:25:46.44
-155.471,19.1621,30.64,1.2,2026-05-04T14:34:18.91
-155.2521,19.4238,4.08,2.6,2026-05-04T14:45:52.62
-155.2695,19.4007,14.69,2.1,2026-05-04T14:55:34.64
-155.4749,19.1545,31.4,1.3,2026-05-04T15:04:22.55
-155.6041,19.4443,4.05,0.9,2026-05-04T15:12:00.43
-155.603,19.4283,4.1,1.2,2026-05-04T15:26:42.24
-155.4771,19.1601,32.11,1.6,2026-05-04T15:40:54.44
-155.3902,19.2077,30.47,1.4,2026-05-04T15:43:39.62
-155.2683,19.4157,4.43,3.3,2026-05-04T15:50:50.87
-155.4696,19.1601,30.63,1.0,2026-05-04T16:10:20.54
-155.4711,19.1889,29.31,1.6,2026-05-04T16:42:01.74
-155.336,19.2228,15.84,1.1,2026-05-04T16:55:24.77
-155.5022,19.4382,8.03,1.0,2026-05-04T16:57:45.54
-155.4737,19.3568,8.53,0.9,2026-05-04T17:09:55.88
-155.2474,19.326,10.54,2.0,2026-05-04T17:13:41.48
-155.234,19.4027,13.69,2.8,2026-05-04T17:33:59.48
-155.3775,19.2544,30.91,0.7,2026-05-04T18:07:12.08
-155.2623,19.4204,3.06,2.0,2026-05-04T18:16:12.56
-155.4119,19.2547,29.87,1.3,2026-05-04T18:19:30.64
-155.2695,19.3967,14.97,2.2,2026-05-04T18:21:06.96
-155.5198,19.424,6.01,1.0,2026-05-04T18:49:36.20
-155.4006,19.2451,29.55,2.0,2026-05-04T18:51:17.60
-155.4949,19.3577,10.71,1.4,2026-05-04T19:28:11.60
-155.2553,19.4254,3.9,2.4,2026-05-04T19:46:10.70
-155.3983,19.2579,29.77,1.4,2026-05-04T19:48:06.02
-155.2673,19.4055,15.48,2.2,2026-05-04T19:55:04.58
-155.2533,19.4225,3.69,2.5,2026-05-04T20:43:18.56
-155.4691,19.1564,29.35,1.3,2026-05-04T21:12:29.08
-155.4391,19.1669,28.81,1.1,2026-05-04T21:28:16.32
-155.2904,19.3923,12.5,2.3,2026-05-04T21:39:38.40
-155.4733,19.4523,9.9,1.4,2026-05-04T21:45:29.42
-155.2887,19.3969,14.05,2.5,2026-05-04T22:55:30.52
-155.4856,19.3629,9.28,1.2,2026-05-04T22:57:41.12
-155.2672,19.4155,4.44,2.9,2026-05-04T23:09:57.58
-155.4653,19.1877,33.27,0.8,2026-05-04T23:44:31.56
-155.2751,19.4029,14.82,2.0,2026-05-05T00:20:49.17
-155.4695,19.1628,29.35,1.2,2026-05-05T00:32:51.01
-155.381,19.0743,32.64,1.4,2026-05-05T00:33:47.74
-155.3952,19.0824,31.54,1.3,2026-05-05T00:36:12.28
-155.3959,19.0836,31.77,1.8,2026-05-05T00:36:56.99
-155.4627,19.2036,29.81,1.5,2026-05-05T00:52:40.10
-155.47,19.1583,29.42,1.4,2026-05-05T01:33:46.85
-155.4512,19.413,10.36,1.1,2026-05-05T01:38:40.51
-155.2807,19.4055,11.87,1.8,2026-05-05T01:48:01.73
-155.3967,19.2498,30.09,1.1,2026-05-05T01:53:12.32
-155.2636,19.4263,2.51,2.4,2026-05-05T02:02:50.23
-155.4503,19.1561,30.08,2.4,2026-05-05T02:04:33.92
-155.4392,19.1478,27.82,1.3,2026-05-05T02:09:01.16
-155.3984,19.25,30.11,1.3,2026-05-05T02:15:14.06
-155.4664,19.165,30.22,1.3,2026-05-05T02:16:15.30
-155.2828,19.3966,10.63,2.3,2026-05-05T02:32:48.89
-155.4793,19.1352,33.48,1.2,2026-05-05T02:36:49.82
-155.4805,19.1439,32.97,1.1,2026-05-05T02:38:47.77
-155.3869,19.4162,8.5,1.4,2026-05-05T03:01:59.44
-155.2896,19.4015,10.59,2.1,2026-05-05T03:17:59.04
-155.2594,19.4243,3.79,3.0,2026-05-05T03:32:45.05
-155.6059,19.4236,3.66,1.4,2026-05-05T04:00:19.49
-155.2866,19.4069,7.88,1.6,2026-05-05T04:19:01.55
-155.366,19.2115,28.52,1.4,2026-05-05T04:22:23.37
-155.2813,19.3975,12.19,1.9,2026-05-05T04:27:51.37
-155.2898,19.4016,10.02,1.3,2026-05-05T05:07:04.50
-155.2879,19.4041,10.31,1.9,2026-05-05T05:30:51.83
-155.2583,19.4194,3.14,3.0,2026-05-05T05:42:31.80
-155.4929,19.4358,11.28,1.1,2026-05-05T05:45:42.09
-155.3839,19.2282,32.41,1.8,2026-05-05T05:46:00.31
-155.475,19.1768,27.3,1.2,2026-05-05T05:49:04.99
-155.2832,19.4027,9.59,2.3,2026-05-05T06:01:24.03
-155.2809,19.4083,11.24,1.6,2026-05-05T06:03:50.98
-155.5125,19.4134,12.51,1.6,2026-05-05T06:09:15.41
-155.5188,19.4084,12.38,0.8,2026-05-05T06:11:36.27
-155.4759,19.1786,27.45,1.0,2026-05-05T06:26:35.59
-155.2482,19.4069,12.97,1.6,2026-05-05T06:34:20.79
-155.483,19.1597,30.94,1.4,2026-05-05T06:49:00.50
-155.4779,19.1626,30.91,1.3,2026-05-05T06:58:19.69
-155.5179,19.4077,12.34,1.0,2026-05-05T07:03:29.63
-155.2554,19.3977,12.11,2.0,2026-05-05T07:04:53.03
-155.4791,19.1628,30.56,1.2,2026-05-05T07:08:57.62
-155.5176,19.4079,12.35,0.9,2026-05-05T07:10:04.26
-155.479,19.4516,10.18,1.1,2026-05-05T07:29:39.38
-155.5833,19.4279,5.91,1.1,2026-05-05T07:32:14.06
-155.4785,19.1855,28.68,2.0,2026-05-05T07:35:04.10
-155.2562,19.4144,4.16,2.6,2026-05-05T07:36:14.46
-155.2547,19.3402,29.27,1.1,2026-05-05T07:43:23.40
-155.2831,19.3982,16.12,2.0,2026-05-05T08:03:00.74
-155.4162,19.2787,28.68,1.1,2026-05-05T08:13:50.49
-155.4007,19.2553,30.26,2.3,2026-05-05T08:20:26.87
-155.2686,19.3159,9.52,1.5,2026-05-05T08:33:03.61
-155.2828,19.4004,8.07,1.4,2026-05-05T08:36:14.99
-155.391,19.2479,30.57,0.9,2026-05-05T08:43:18.45
-155.2601,19.4249,1.84,2.4,2026-05-05T09:01:36.89
-155.2848,19.3985,13.63,1.7,2026-05-05T09:18:32.13
-155.5012,19.3557,9.86,1.5,2026-05-05T09:18:46.85
-155.2923,19.3983,10.95,2.1,2026-05-05T09:47:40.28
-155.5841,19.4688,6.19,1.0,2026-05-05T09:52:44.82
-155.4945,19.1601,30.73,1.2,2026-05-05T10:18:30.99
-155.4687,19.1582,27.07,0.9,2026-05-05T10:33:24.98
-155.2824,19.4031,7.93,1.9,2026-05-05T11:04:33.95
-155.4923,19.4387,11.3,1.3,2026-05-05T11:08:44.51
-155.418,19.2899,28.53,1.9,2026-05-05T11:26:13.03
-155.3854,19.1966,29.83,1.4,2026-05-05T11:35:22.30
-155.274,19.4183,3.84,3.4,2026-05-05T11:43:47.37
-155.3643,19.2379,30.1,1.1,2026-05-05T11:47:43.98
-155.4479,19.1519,30.15,1.3,2026-05-05T11:49:18.82
-155.5156,19.4109,12.64,1.0,2026-05-05T12:01:50.51
-155.5959,19.4529,3.57,1.1,2026-05-05T13:42:12.93
-155.2949,19.4041,11.53,1.9,2026-05-05T14:09:51.90
-155.6984,19.4316,8.88,1.5,2026-05-05T14:17:58.10
-155.5311,19.4014,14.28,1.1,2026-05-05T14:31:39.79
-155.38,19.2153,31.12,0.9,2026-05-05T14:51:10.43
-155.2611,19.4238,3.98,3.0,2026-05-05T15:07:31.91
-155.2938,19.3989,9.78,1.9,2026-05-05T15:30:59.47
-155.3976,19.2536,30.09,1.0,2026-05-05T15:34:11.10
-155.5887,19.4613,2.85,0.9,2026-05-05T15:39:08.05
-155.4914,19.4893,6.38,1.5,2026-05-05T15:39:31.93
-155.4906,19.4887,6.39,1.1,2026-05-05T15:43:19.13
-155.5175,19.4096,12.55,1.2,2026-05-05T16:00:55.50
-155.5897,19.458,3.7,2.3,2026-05-05T16:18:38.47
-155.3347,19.4111,8.57,1.3,2026-05-05T16:25:33.43
-155.2744,19.4027,12.35,2.2,2026-05-05T16:34:23.72
-155.5928,19.4523,5.5,0.1,2026-05-05T17:03:07.64
-155.4843,19.1784,30.9,1.4,2026-05-05T17:08:25.86
-155.2815,19.4056,9.05,1.8,2026-05-05T17:17:13.60
-155.471,19.4891,7.52,1.3,2026-05-05T17:18:12.28
-155.2662,19.3485,29.93,1.3,2026-05-05T17:29:57.24
-155.3896,19.2037,30.19,1.9,2026-05-05T17:38:30.88
-155.4553,19.4987,6.88,1.2,2026-05-05T17:52:16.16
-155.4505,19.1709,30.5,1.2,2026-05-05T18:04:25.16
-155.3754,19.4865,12.69,1.2,2026-05-05T18:09:36.38
-155.4159,19.2371,30.62,0.7,2026-05-05T18:14:39.42
-155.3574,19.2562,4.91,1.7,2026-05-05T18:22:23.84
-155.5903,19.454,3.17,1.0,2026-05-05T20:08:02.48
-155.4796,19.1557,31.02,1.7,2026-05-05T20:11:52.84
-155.4538,19.4785,6.73,1.6,2026-05-05T20:14:07.84
-155.3688,19.2587,29.73,1.9,2026-05-05T21:15:01.00
-155.5814,19.4788,2.86,1.3,2026-05-05T22:17:29.98
-155.3744,19.2441,30.72,1.2,2026-05-05T22:25:13.32
-155.4361,19.016,34.41,1.6,2026-05-05T22:45:46.00
-155.4075,19.3652,9.16,2.0,2026-05-05T23:35:54.34
-155.4926,19.392,9.69,1.3,2026-05-06T00:27:09.69
-155.4028,19.2579,29.92,1.0,2026-05-06T00:31:20.79
-155.4416,19.2629,29.5,1.3,2026-05-06T01:02:10.81
-155.4352,19.0162,34.15,1.4,2026-05-06T01:27:22.89
-155.5957,19.4553,3.58,1.0,2026-05-06T01:37:15.50
-155.4777,19.362,10.31,2.8,2026-05-06T02:03:22.18
-155.4006,18.9595,19.86,1.2,2026-05-06T03:40:40.07
-155.2442,19.3506,10.37,1.6,2026-05-06T04:05:29.90
-155.6121,19.4065,5.97,1.8,2026-05-06T04:37:49.13
-155.6073,19.4088,6.32,1.7,2026-05-06T05:12:37.31
-155.3986,18.9537,19.4,1.2,2026-05-06T05:15:07.59
-155.4646,19.1597,26.7,1.0,2026-05-06T05:46:16.73
-155.3314,19.1942,39.69,1.1,2026-05-06T05:52:32.04
-155.5889,19.4601,3.02,1.1,2026-05-06T06:21:14.52
-155.4342,19.4675,9.68,1.2,2026-05-06T07:43:14.49
-155.4671,19.18,27.63,0.9,2026-05-06T07:43:44.96
-155.4008,18.962,20.47,1.4,2026-05-06T07:50:42.25
-155.394,18.9502,18.07,1.0,2026-05-06T08:22:32.18
-155.5217,19.4232,6.08,1.5,2026-05-06T08:36:50.74
-155.6224,19.414,11.5,1.3,2026-05-06T08:38:54.83
-155.3885,19.2478,29.93,0.8,2026-05-06T08:50:34.99
-155.508,19.4924,5.15,1.1,2026-05-06T08:56:14.12
-155.4654,19.1537,28.67,0.9,2026-05-06T09:03:15.75
-155.4773,19.1592,29.96,1.3,2026-05-06T09:57:43.61
-155.4704,19.1857,28.82,1.0,2026-05-06T10:19:55.45
-155.4742,19.184,28.85,1.3,2026-05-06T10:24:45.54
-155.2529,19.3588,31.21,0.9,2026-05-06T10:27:29.77
-155.2328,19.3395,11.23,0.9,2026-05-06T10:32:47.00
-155.3931,19.3773,13.42,1.2,2026-05-06T10:38:32.77
-155.2351,19.3389,12.75,1.4,2026-05-06T10:59:38.51
-155.4002,19.0837,19.59,0.9,2026-05-06T11:09:24.52
-155.4999,19.3964,10.01,1.1,2026-05-06T11:15:13.70
-155.4982,19.396,9.68,1.4,2026-05-06T11:41:20.79
-155.4117,19.4685,7.46,0.7,2026-05-06T11:47:45.82
-155.3847,19.2059,30.33,0.8,2026-05-06T11:54:03.59
-155.4784,19.5108,7.95,1.2,2026-05-06T12:10:25.94
-155.4018,19.4732,11.71,0.9,2026-05-06T12:14:10.10
-155.285,19.4079,12.58,1.6,2026-05-06T12:16:34.41
-155.3963,19.2499,30.91,0.8,2026-05-06T13:27:20.38
-155.4176,19.4013,8.52,0.9,2026-05-06T13:28:34.91
-155.4597,19.2438,31.23,1.1,2026-05-06T13:50:54.09
-155.357,19.2326,29.61,1.2,2026-05-06T13:55:55.19
-155.4042,19.2415,29.64,0.7,2026-05-06T14:21:13.15
-155.3829,19.2259,30.01,1.1,2026-05-06T14:49:39.48
-155.3974,19.2481,30.84,0.8,2026-05-06T14:57:54.03
-155.3826,19.2249,29.72,0.9,2026-05-06T14:59:09.95
-155.5261,19.4149,5.45,1.4,2026-05-06T15:22:35.77
-155.4984,19.4864,6.56,1.0,2026-05-06T16:08:50.94
-155.4533,19.1582,31.03,0.9,2026-05-06T16:18:25.55
-155.4404,19.3655,9.56,1.3,2026-05-06T16:29:15.23
-155.4583,19.2437,31.2,1.9,2026-05-06T16:30:51.16
-155.3775,19.2118,31.59,1.2,2026-05-06T16:42:28.47
-155.6024,19.4237,5.03,1.5,2026-05-06T16:55:38.61
-155.4881,19.3445,9.44,0.8,2026-05-06T16:59:37.13
-155.5257,19.4164,5.83,1.1,2026-05-06T17:06:50.38
-155.4562,19.2471,30.91,0.7,2026-05-06T17:12:03.12
-155.6049,19.4253,3.99,1.4,2026-05-06T17:32:17.36
-155.4533,19.4746,7.57,1.1,2026-05-06T17:49:45.62
-155.459,19.1822,30.04,0.8,2026-05-06T18:29:50.64
-155.523,19.4079,8.04,0.9,2026-05-06T18:47:32.88
-155.2918,19.4193,2.84,1.8,2026-05-06T19:02:46.64
-155.4562,19.3508,9.07,1.0,2026-05-06T19:07:45.20
-155.3689,19.2066,29.55,1.0,2026-05-06T19:07:56.76
-155.4746,19.4343,12.16,0.9,2026-05-06T19:42:03.42
-155.2473,19.3216,10.12,2.0,2026-05-06T20:15:22.64
-155.4525,19.4446,10.08,1.5,2026-05-06T20:31:19.98
-155.2326,19.3495,13.85,0.9,2026-05-06T20:35:30.52
-155.4751,19.1943,29.34,0.8,2026-05-06T21:46:52.92
-155.459,19.2372,31.09,1.2,2026-05-06T22:02:52.66
-155.4915,19.3361,9.32,0.9,2026-05-06T22:59:23.72
-155.2453,19.3291,10.52,1.4,2026-05-06T23:49:39.28
-155.4431,19.1535,29.92,1.2,2026-05-06T23:51:12.14
-155.4834,19.4899,7.15,1.2,2026-05-06T23:53:59.78
-155.2442,19.3307,10.65,1.6,2026-05-06T23:56:38.08
-155.4819,19.4881,6.97,0.9,2026-05-07T00:06:07.44
-155.3816,19.1461,28.86,1.9,2026-05-07T00:16:54.17
-155.4504,19.516,5.1,1.1,2026-05-07T00:25:23.76
-155.4302,19.4625,9.94,0.9,2026-05-07T00:55:06.14
-155.4655,19.1613,29.86,1.0,2026-05-07T01:25:31.02
-155.4684,19.1809,27.72,0.9,2026-05-07T01:31:25.27
-155.4948,19.2997,11.11,1.3,2026-05-07T01:40:15.05
-155.4143,19.4331,9.05,1.8,2026-05-07T02:09:54.41
-155.4127,19.0864,29.74,1.0,2026-05-07T02:25:13.17
-155.4951,19.3539,9.95,1.4,2026-05-07T02:44:28.76
-155.4108,19.2552,29.13,1.2,2026-05-07T02:47:46.39
-155.4232,19.1209,23.15,0.9,2026-05-07T02:48:09.20
-155.4081,19.3373,8.8,1.4,2026-05-07T03:02:32.93
-155.399,19.2534,29.32,1.2,2026-05-07T03:55:07.39
-155.3682,19.2883,3.07,1.0,2026-05-07T04:13:41.87
-155.3814,19.1998,31.86,1.8,2026-05-07T05:53:11.86
-155.6276,19.4832,4.61,0.9,2026-05-07T05:59:09.01
-155.4568,19.5119,5.67,1.3,2026-05-07T06:59:53.90
-155.4647,19.1841,32.05,0.9,2026-05-07T07:02:09.11
-155.6854,19.5138,6.92,0.9,2026-05-07T07:17:52.44
-155.4262,19.3088,8.6,1.4,2026-05-07T07:23:33.74
-155.3912,19.2538,28.84,1.0,2026-05-07T07:35:03.68
-155.4771,19.3473,9.76,1.0,2026-05-07T07:48:14.86
-155.4551,19.5088,6.01,1.3,2026-05-07T08:16:26.62
-155.4749,19.1559,29.44,0.9,2026-05-07T08:20:56.03
-155.4952,19.3904,9.67,1.1,2026-05-07T08:28:12.73
-155.2516,19.3504,9.67,1.3,2026-05-07T08:33:23.53
-155.2399,19.32,11.66,1.0,2026-05-07T08:37:26.29
-155.4623,19.5071,6.56,2.1,2026-05-07T08:42:28.48
-155.4561,19.513,5.66,1.3,2026-05-07T09:01:23.00
-155.3922,19.257,28.65,0.9,2026-05-07T09:03:21.07
-155.4293,19.1606,31.04,1.1,2026-05-07T09:22:58.61
-155.3767,19.1818,30.81,0.8,2026-05-07T09:45:29.96
-155.4472,19.1489,29.68,0.9,2026-05-07T09:59:46.79
-155.3757,19.2562,29.82,1.2,2026-05-07T10:11:45.86
-155.4765,19.1541,29.38,1.1,2026-05-07T10:13:30.66
-155.4737,19.154,29.77,1.1,2026-05-07T10:19:49.40
-155.4854,19.1586,30.89,1.4,2026-05-07T10:19:57.94
-155.4833,19.1582,30.5,1.4,2026-05-07T10:21:28.01
-155.4847,19.1576,30.95,1.2,2026-05-07T10:22:06.39
-155.613,19.5283,10.21,0.8,2026-05-07T10:45:15.25
-155.4638,19.4578,10.8,1.3,2026-05-07T10:46:05.03
-155.5222,19.4248,6.12,0.8,2026-05-07T11:23:15.02
-155.5204,19.4257,6.12,1.0,2026-05-07T11:32:21.46
-155.5221,19.4236,5.96,1.4,2026-05-07T11:32:49.30
-155.4013,19.1408,29.99,1.0,2026-05-07T11:59:21.73
-155.6081,19.5373,10.33,1.1,2026-05-07T12:14:11.14
-155.6039,19.5337,10.21,1.0,2026-05-07T12:14:43.06
-155.6024,19.5312,10.09,1.5,2026-05-07T12:15:56.41
-155.6022,19.5303,10.09,1.2,2026-05-07T12:17:03.87
-155.2609,19.3078,9.83,1.3,2026-05-07T12:33:48.87
-155.6021,19.5319,10.04,1.1,2026-05-07T12:46:23.62
-155.3538,19.2618,28.93,0.5,2026-05-07T13:28:46.58
-155.4833,19.2622,10.77,0.8,2026-05-07T13:37:15.53
-155.2425,19.3556,11.57,1.4,2026-05-07T13:44:30.47
-155.2414,19.3555,11.02,1.2,2026-05-07T14:04:37.71
-155.4666,19.167,27.29,0.9,2026-05-07T15:04:46.04
-155.364,19.1538,28.19,1.3,2026-05-07T15:43:04.17
-155.3701,19.1446,29.1,1.2,2026-05-07T15:54:48.03
-155.4795,19.1832,31.35,1.3,2026-05-07T16:09:46.57
-155.406,19.338,9.07,1.3,2026-05-07T16:35:20.01
-155.5989,19.4581,2.9,0.6,2026-05-07T16:39:20.99
-155.612,19.4063,11.12,1.0,2026-05-07T16:41:42.60
-155.4593,19.3427,9.25,1.0,2026-05-07T16:54:12.52
-155.4631,19.1683,27.01,0.9,2026-05-07T17:04:15.16
-155.4185,19.3498,9.37,1.4,2026-05-07T17:08:54.16
-155.4991,19.4057,11.63,0.8,2026-05-07T17:22:30.08
-155.4552,19.1299,30.61,1.2,2026-05-07T17:28:42.96
-155.4667,19.1644,32.3,2.9,2026-05-07T17:46:00.16
-155.3767,19.2535,29.83,1.0,2026-05-07T17:47:36.94
-155.3759,19.2543,29.86,0.8,2026-05-07T17:49:13.52
-155.3671,19.2459,29.09,0.5,2026-05-07T17:50:49.32
-155.4584,19.1681,30.96,0.9,2026-05-07T18:37:54.32
-155.861,19.4571,18.52,1.0,2026-05-07T18:39:13.46
-155.492,19.3697,10.08,2.1,2026-05-07T19:40:38.44
-155.3996,19.2571,29.32,1.7,2026-05-07T19:43:07.16
-155.483,19.1807,31.14,0.9,2026-05-07T19:57:04.96
-155.2514,19.3512,31.26,2.0,2026-05-07T21:12:46.42
-155.454,19.4373,9.45,1.4,2026-05-07T21:13:43.16
-155.3746,19.1782,28.39,1.6,2026-05-07T22:04:59.02
-155.4708,19.177,27.67,1.1,2026-05-07T22:37:10.36
-155.4675,19.1705,29.16,1.2,2026-05-07T23:08:18.32
-155.3835,19.1974,29.76,1.2,2026-05-07T23:17:25.76
-155.374,19.2807,35.25,1.2,2026-05-07T23:21:35.88
-155.4192,19.3908,8.86,1.6,2026-05-07T23:23:36.98
-155.3913,19.078,31.64,1.5,2026-05-07T23:48:00.30
-155.3861,19.1985,29.18,0.9,2026-05-08T00:45:51.57
-155.4711,19.1704,27.71,1.0,2026-05-08T01:07:18.64
-155.473,19.1875,28.5,2.1,2026-05-08T01:27:52.20
-155.473,19.1588,28.29,0.8,2026-05-08T01:45:17.13
-155.2435,19.3489,10.19,1.5,2026-05-08T01:55:21.75
-155.4616,19.4746,10.17,1.1,2026-05-08T02:00:31.10
-155.4693,19.1773,28.42,1.1,2026-05-08T02:21:24.37
-155.4762,19.2831,10.69,1.2,2026-05-08T02:24:55.75
-155.4235,19.1047,23.94,1.3,2026-05-08T02:36:59.05
-155.4076,19.4636,9.74,1.2,2026-05-08T02:45:35.64
-155.3681,19.2713,28.44,1.0,2026-05-08T03:06:05.39
-155.3994,19.1881,30.4,1.3,2026-05-08T03:28:34.80
-155.2382,19.3502,12.48,1.8,2026-05-08T03:31:06.06
-155.2294,19.2942,22.45,1.2,2026-05-08T03:31:05.62
-155.4742,19.1879,28.74,1.0,2026-05-08T03:32:16.99
-155.3598,19.2751,5.46,1.6,2026-05-08T03:39:21.11
-155.3598,19.2753,5.59,3.0,2026-05-08T03:40:34.42
-155.3605,19.2756,5.58,2.4,2026-05-08T03:41:06.55
-155.3773,19.139,28.01,0.9,2026-05-08T04:15:16.99
-155.434,19.471,6.67,1.5,2026-05-08T04:49:06.09
-155.4562,19.4077,7.96,1.2,2026-05-08T05:30:22.50
-155.3811,19.1701,28.37,1.0,2026-05-08T06:01:22.34
-155.4733,19.1884,28.52,1.5,2026-05-08T06:34:44.69
-155.5882,19.4827,5.58,0.6,2026-05-08T06:58:27.65
-155.375,19.1261,29.12,1.1,2026-05-08T07:11:22.70
-155.4686,19.2167,29.75,1.1,2026-05-08T07:20:06.86
-155.4697,19.1851,29.01,0.7,2026-05-08T07:37:50.97
-155.3898,19.1703,29.32,1.0,2026-05-08T07:48:22.66
-155.4434,19.232,31.4,1.4,2026-05-08T08:02:16.25
-155.8076,19.4634,26.35,1.0,2026-05-08T08:07:49.88
-155.4771,19.1798,29.23,2.3,2026-05-08T08:17:11.54
-155.402,19.2532,29.07,1.6,2026-05-08T08:37:00.92
-155.4036,19.2583,29.42,0.6,2026-05-08T08:49:33.60
-155.4883,19.3631,11.57,1.1,2026-05-08T09:01:20.66
-155.4914,19.3687,10.09,1.1,2026-05-08T09:28:30.30
-155.5013,19.4417,11.91,1.0,2026-05-08T09:31:09.38
-155.4819,19.4293,11.33,1.5,2026-05-08T10:02:31.30
-155.4775,19.1793,29.04,1.6,2026-05-08T11:02:28.63
-155.4906,19.4862,6.06,1.1,2026-05-08T11:03:23.15
-155.4737,19.1823,29.47,0.8,2026-05-08T11:06:56.81
-155.6001,19.5427,10.3,1.1,2026-05-08T11:09:37.67
-155.3912,19.1934,30.01,1.0,2026-05-08T11:39:40.50
-155.46,19.4259,9.42,1.7,2026-05-08T11:40:55.08
-155.3594,19.0966,19.43,1.1,2026-05-08T11:44:56.72
-155.4729,19.1869,28.5,2.0,2026-05-08T12:04:56.90
-155.3864,19.1962,30.69,1.4,2026-05-08T12:34:52.43
-155.4752,19.1797,29.12,1.0,2026-05-08T12:51:30.61
-155.4797,19.1494,30.83,1.3,2026-05-08T13:13:47.74
-155.515,19.4776,4.15,1.8,2026-05-08T13:16:10.83
-155.5165,19.4786,4.18,1.5,2026-05-08T13:21:10.22
-155.4334,19.1648,28.33,1.3,2026-05-08T13:49:02.48
-155.4706,19.1411,30.38,1.1,2026-05-08T13:57:14.79
-155.4767,19.1444,31.46,1.3,2026-05-08T14:14:32.14
-155.4715,19.1735,28.56,1.6,2026-05-08T14:22:08.75
-155.4703,19.1856,34.09,2.0,2026-05-08T14:34:14.91
-155.2457,19.3532,10.09,2.1,2026-05-08T14:46:34.08
-155.5259,19.4158,5.36,1.2,2026-05-08T15:03:54.30
-155.4719,19.1458,30.45,1.0,2026-05-08T15:50:29.14
-155.5042,19.493,0.75,1.2,2026-05-08T16:10:21.64
-155.3819,19.2925,2.94,1.3,2026-05-08T16:21:24.77
-155.3488,19.2876,28.64,0.9,2026-05-08T16:41:13.63
-155.4952,19.4917,5.62,1.2,2026-05-08T17:07:10.12
-155.3975,19.253,29.89,0.9,2026-05-08T17:16:56.48
-155.3844,19.198,29.98,1.5,2026-05-08T17:37:25.16
-155.3748,19.3217,8.42,1.5,2026-05-08T17:54:39.82
-155.4578,19.1491,27.1,1.1,2026-05-08T18:28:00.68
-155.4718,19.148,30.29,1.0,2026-05-08T18:45:33.64
-155.466,19.1918,30.51,2.0,2026-05-08T18:57:41.94
-155.3936,19.1973,30.83,1.2,2026-05-08T19:03:00.08
-155.4784,19.1488,31.03,1.6,2026-05-08T19:48:08.68
-155.3996,19.4616,7.58,1.1,2026-05-08T22:58:03.08
-155.4508,19.4291,9.82,1.1,2026-05-08T23:09:22.44
-155.3826,19.2967,3.81,2.2,2026-05-08T23:17:47.02
-155.5246,19.4179,5.91,1.1,2026-05-09T01:03:14.53
-155.4036,19.2532,31.69,1.3,2026-05-09T02:14:26.21
-155.4319,19.4869,7.64,1.5,2026-05-09T02:19:02.91
-155.3768,19.4826,12.86,1.4,2026-05-09T03:02:45.95
-155.3768,19.264,30.24,1.6,2026-05-09T03:10:08.79
-155.4715,19.1545,30.89,0.9,2026-05-09T03:21:37.47
-155.4344,19.4943,7.69,0.8,2026-05-09T03:24:43.36
-155.3817,19.2383,31.76,0.6,2026-05-09T03:57:56.95
-155.3627,19.1621,27.59,1.1,2026-05-09T04:08:47.14
-155.4561,19.2757,30.96,0.9,2026-05-09T04:13:54.37
-155.5276,19.4162,5.85,1.1,2026-05-09T04:19:01.18
-155.4215,19.41,7.83,1.4,2026-05-09T05:41:44.47
-155.2882,19.3906,6.9,1.4,2026-05-09T05:45:10.74
-155.5281,19.4151,5.59,0.8,2026-05-09T05:59:16.89
-155.5265,19.4167,5.81,0.9,2026-05-09T06:19:06.41
-155.5251,19.4179,5.95,1.6,2026-05-09T06:36:10.83
-155.5185,19.4215,5.99,1.0,2026-05-09T06:50:45.69
-155.4232,19.2722,28.53,1.1,2026-05-09T07:16:02.67
-155.4273,19.2736,28.87,1.2,2026-05-09T07:16:58.52
-155.425,19.2753,28.85,1.0,2026-05-09T07:27:07.99
-155.4259,19.2765,28.85,1.3,2026-05-09T07:34:58.82
-155.4219,19.2719,28.98,0.9,2026-05-09T07:41:19.25
-155.2567,19.3319,9.57,3.3,2026-05-09T07:59:36.77
-155.2581,19.3312,9.93,1.4,2026-05-09T08:04:41.34
-155.4731,19.1637,29.65,1.1,2026-05-09T08:08:15.01
-155.256,19.3303,9.87,1.7,2026-05-09T08:13:15.79
-155.2566,19.3316,9.46,1.9,2026-05-09T08:13:52.51
-155.4071,19.0678,33.58,1.3,2026-05-09T08:19:16.78
-155.5032,19.4076,10.5,1.1,2026-05-09T08:57:07.18
-155.526,19.4154,5.75,1.1,2026-05-09T09:11:26.20
-155.272,19.4012,13.04,1.4,2026-05-09T09:12:35.69
-155.2543,19.3333,10.05,1.5,2026-05-09T09:17:46.22
-155.4784,19.1784,28.94,1.5,2026-05-09T09:21:16.36
-155.4747,19.3875,9.96,1.0,2026-05-09T10:07:48.51
-155.5941,19.4592,3.19,0.9,2026-05-09T10:36:10.23
-155.3542,19.2852,4.22,1.2,2026-05-09T10:36:28.72
-155.4465,19.1475,28.96,1.0,2026-05-09T11:07:36.34
-155.4363,19.4786,8.57,1.3,2026-05-09T11:23:57.47
-155.3849,19.1944,29.78,1.7,2026-05-09T11:51:08.38
-155.3871,19.1926,30.22,1.0,2026-05-09T11:56:12.96
-155.451,19.1758,27.79,0.8,2026-05-09T13:03:00.18
-155.5261,19.4159,5.67,1.3,2026-05-09T13:19:31.41
-155.5514,19.4184,14.31,0.9,2026-05-09T13:25:11.57
-155.5276,19.4013,13.63,1.1,2026-05-09T13:26:57.67
-155.4725,19.1402,30.22,1.3,2026-05-09T13:44:46.47
-155.4762,19.1444,30.78,1.5,2026-05-09T13:44:58.35
-155.4104,19.2585,29.6,1.3,2026-05-09T14:27:15.54
-155.4193,19.2854,28.48,1.3,2026-05-09T14:31:24.52
-155.2923,19.3244,8.97,1.5,2026-05-09T15:03:22.57
-155.2401,19.3474,13.03,1.5,2026-05-09T15:07:11.43
-155.4156,19.152,29.59,1.0,2026-05-09T15:47:09.36
-155.4766,19.1744,30.93,1.6,2026-05-09T15:58:58.54
-155.6797,19.5048,7.33,1.3,2026-05-09T16:21:55.99
-155.4557,19.4652,7.93,0.9,2026-05-09T16:27:05.91
-155.425,19.2847,28.87,1.2,2026-05-09T16:33:10.01
-155.4254,19.2845,28.94,1.8,2026-05-09T16:38:03.61
-155.5291,19.4157,7.63,1.7,2026-05-09T16:56:21.60
-155.3847,19.1419,29.27,1.4,2026-05-09T17:01:03.70
-155.448,19.4426,6.79,1.6,2026-05-09T17:14:29.56
-155.4906,19.4348,10.72,1.7,2026-05-09T17:16:12.20
-155.476,19.4423,11.2,0.9,2026-05-09T17:43:35.16
-155.5834,19.5423,8.97,1.2,2026-05-09T18:07:06.16
-155.402,19.2808,28.96,1.2,2026-05-09T18:23:49.16
-155.273,19.4114,9.63,1.2,2026-05-09T19:31:14.92
-155.5258,19.4164,5.74,1.1,2026-05-09T19:34:12.76
-155.4631,19.1867,27.61,1.3,2026-05-09T20:25:31.86
-155.4485,19.4693,8.73,1.2,2026-05-09T20:45:29.16
-155.2853,19.4024,10.4,1.9,2026-05-09T20:54:37.92
-155.5272,19.4149,5.51,1.4,2026-05-09T21:21:14.48
-155.4503,19.1278,32.59,1.4,2026-05-09T22:30:44.80
-155.2407,19.3501,10.15,2.1,2026-05-09T22:42:03.48
-155.4383,19.1279,33.31,1.5,2026-05-09T23:06:58.48
-155.2667,19.4056,11.82,2.5,2026-05-09T23:09:18.96
-155.5281,19.4144,5.83,1.3,2026-05-09T23:52:09.24
-155.5304,19.4018,9.87,1.0,2026-05-10T00:34:01.13
-155.2572,19.3452,10.59,1.7,2026-05-10T00:47:26.53
-155.4808,19.1579,31.15,1.0,2026-05-10T00:48:19.69
-155.4697,19.1782,28.3,1.2,2026-05-10T00:50:37.88
-155.2769,19.4024,12.0,2.4,2026-05-10T00:56:12.71
-155.5012,19.481,5.5,1.3,2026-05-10T01:02:42.43
-155.4653,19.1701,27.25,1.0,2026-05-10T01:46:48.20
-155.4015,19.2517,29.86,1.2,2026-05-10T02:01:11.95
-155.3781,19.2195,31.09,2.1,2026-05-10T02:25:32.04
-155.4669,19.1719,27.77,1.0,2026-05-10T02:28:02.73
-155.5863,19.4572,2.76,0.7,2026-05-10T02:29:13.19
-155.2852,19.4021,10.74,2.1,2026-05-10T02:44:04.81
-155.4666,19.1701,28.58,1.2,2026-05-10T02:54:25.16
-155.4721,19.1714,28.95,1.5,2026-05-10T03:26:06.64
-155.4668,19.1845,30.86,1.8,2026-05-10T03:27:01.13
-155.5837,19.4599,3.06,1.3,2026-05-10T03:38:12.91
-155.2883,19.4014,11.02,2.1,2026-05-10T03:41:39.20
-155.3957,19.2407,31.22,2.0,2026-05-10T04:09:12.95
-155.2885,19.4055,11.39,2.1,2026-05-10T04:15:55.04
-155.5261,19.4155,5.51,1.3,2026-05-10T04:43:50.32
-155.4806,19.1399,33.26,1.0,2026-05-10T06:39:38.28
-155.4089,19.3188,7.33,1.7,2026-05-10T07:33:48.76
-155.4685,19.1756,27.89,1.3,2026-05-10T07:56:26.48
-155.2459,19.3264,10.33,2.4,2026-05-10T08:21:08.79
-155.3616,19.2078,29.68,1.2,2026-05-10T08:31:08.17
-155.8233,19.3487,18.76,1.1,2026-05-10T09:11:27.34
-155.5259,19.4179,5.83,1.4,2026-05-10T09:15:05.96
-155.2975,19.3568,1.86,2.3,2026-05-10T09:31:01.54
-155.4748,19.4325,11.24,1.3,2026-05-10T09:31:19.91
-155.298,19.3579,2.39,1.9,2026-05-10T09:36:08.28
-155.4273,19.2471,30.63,0.7,2026-05-10T09:41:01.44
-155.4688,19.1694,29.32,1.2,2026-05-10T10:01:15.33
-155.4707,19.175,30.3,1.0,2026-05-10T10:04:21.87
-155.4285,19.2516,30.23,1.1,2026-05-10T10:08:53.78
-155.4533,19.1273,30.36,1.2,2026-05-10T10:10:18.13
-155.4546,19.1303,30.54,1.1,2026-05-10T10:25:03.52
-155.3617,19.235,30.89,1.3,2026-05-10T10:26:51.89
-155.4181,19.1556,29.77,1.2,2026-05-10T11:17:21.36
-155.467,19.1736,30.14,1.0,2026-05-10T12:05:13.15
-155.4762,19.1789,29.39,1.2,2026-05-10T12:34:39.39
-155.4125,19.2623,29.57,1.4,2026-05-10T13:43:41.86
-155.3708,19.1875,29.57,1.3,2026-05-10T15:40:33.25
-155.4655,19.1589,27.52,1.1,2026-05-10T16:19:52.70
-155.4654,19.1686,27.87,1.0,2026-05-10T16:20:54.59
-155.4646,19.1821,27.94,1.0,2026-05-10T16:26:53.53
-155.3913,19.0651,31.31,1.3,2026-05-10T16:43:00.32
-155.4703,19.1904,29.55,1.4,2026-05-10T17:01:44.08
-155.4417,19.4997,6.27,1.2,2026-05-10T18:09:11.00
-155.4716,19.192,29.5,1.5,2026-05-10T18:25:49.60
-155.4454,19.1581,30.09,0.9,2026-05-10T18:40:13.52
-155.4664,19.3788,9.86,1.4,2026-05-10T18:44:31.92
-155.4115,19.3036,29.57,0.9,2026-05-10T19:53:51.12
-155.4661,19.4983,5.82,1.4,2026-05-10T19:55:18.04
-155.4577,19.1281,30.61,1.2,2026-05-10T20:01:13.78
-155.3638,19.2922,28.42,1.4,2026-05-10T20:05:52.28
-155.4628,19.1875,30.01,1.0,2026-05-10T20:57:44.56
-155.4775,19.4474,11.18,1.4,2026-05-10T20:59:44.72
-155.3984,19.3122,7.68,1.5,2026-05-10T21:07:00.36
-155.4592,19.1941,32.86,1.2,2026-05-10T21:21:18.28
-155.5981,19.4499,4.23,1.2,2026-05-10T22:31:38.76
-155.4424,19.2279,7.92,1.4,2026-05-10T23:00:13.34
-155.4642,19.4137,10.31,1.1,2026-05-10T23:14:38.04
-155.4644,19.1884,29.0,1.2,2026-05-10T23:17:16.80
-155.4393,19.1426,27.34,1.1,2026-05-10T23:38:26.88
-155.4424,19.2344,30.25,1.2,2026-05-10T23:50:51.36
-155.3923,19.2471,29.98,1.0,2026-05-11T03:11:48.42
-155.392,19.2431,30.64,0.9,2026-05-11T03:27:37.68
-155.5088,19.482,5.1,1.8,2026-05-11T03:30:02.41
-155.3646,19.2929,28.42,1.8,2026-05-11T04:27:56.97
-155.6107,19.4241,12.79,1.2,2026-05-11T04:29:57.63
-155.469,19.1718,27.77,1.2,2026-05-11T04:31:53.84
-155.4675,19.1632,28.7,1.2,2026-05-11T04:35:08.23
-155.4244,19.39,7.46,3.0,2026-05-11T05:11:42.42
-155.4431,19.1527,27.03,1.5,2026-05-11T05:43:45.99
-155.4687,19.1783,32.95,1.4,2026-05-11T06:01:45.14
-155.6049,19.4084,9.91,1.4,2026-05-11T06:06:35.13
-155.2454,19.3503,9.84,1.6,2026-05-11T06:09:57.45
-155.4008,19.248,31.09,1.0,2026-05-11T06:25:10.78
-155.4749,19.1831,30.98,1.3,2026-05-11T06:43:23.94
-155.4999,19.4876,5.5,1.5,2026-05-11T06:45:27.80
-155.3795,19.1825,29.63,1.0,2026-05-11T06:46:22.53
-155.3976,19.2524,29.61,1.3,2026-05-11T07:10:50.26
-155.3984,19.248,30.8,1.2,2026-05-11T07:12:28.66
-155.6809,19.5145,7.39,1.7,2026-05-11T07:34:24.87
-155.4698,19.3539,7.83,1.4,2026-05-11T07:44:51.10
-155.2703,19.311,9.3,2.4,2026-05-11T07:45:43.42
-155.3181,19.3024,30.36,1.3,2026-05-11T08:38:24.10
-155.443,19.2779,29.42,1.0,2026-05-11T08:57:38.76
-155.4939,19.3253,10.5,1.3,2026-05-11T09:18:26.19
-155.4538,19.2867,9.46,1.1,2026-05-11T09:56:40.16
-155.4749,19.3564,10.0,1.0,2026-05-11T10:17:25.84
-155.4284,19.1633,29.91,1.0,2026-05-11T10:22:14.70
-155.4135,19.2451,30.29,1.1,2026-05-11T11:00:44.32
-155.4781,19.1673,29.53,1.5,2026-05-11T11:01:38.88
-155.4788,19.1683,29.9,1.0,2026-05-11T11:04:16.15
-155.5189,19.4814,4.25,1.0,2026-05-11T11:24:49.85
-155.4868,19.4037,9.89,0.9,2026-05-11T11:49:20.26
-155.4882,19.4046,10.2,1.4,2026-05-11T11:49:41.35
-155.4968,19.5026,3.98,1.2,2026-05-11T11:59:32.21
-155.4851,19.3943,10.37,0.9,2026-05-11T12:02:18.52
-155.4187,19.4544,7.41,1.0,2026-05-11T12:09:39.84
-155.4594,19.1481,29.92,1.9,2026-05-11T12:24:50.10
-155.4881,19.1729,31.02,1.2,2026-05-11T12:36:58.23
-155.4577,19.152,29.22,1.4,2026-05-11T12:42:23.77
-155.4783,19.1654,29.97,1.3,2026-05-11T12:43:14.55
-155.4792,19.1662,29.93,1.1,2026-05-11T12:47:36.13
-155.2428,19.308,11.79,2.1,2026-05-11T12:56:08.99
-155.462,19.151,29.47,1.6,2026-05-11T13:23:48.90
-155.457,19.1482,29.51,1.4,2026-05-11T13:24:12.61
-155.4324,19.0945,20.33,0.8,2026-05-11T13:31:13.63
-155.4595,19.1446,28.44,1.2,2026-05-11T13:43:25.14
-155.5903,19.4598,2.73,0.3,2026-05-11T14:15:39.46
-155.3937,19.2538,29.75,1.4,2026-05-11T14:20:11.12
-155.3856,19.2482,29.79,1.2,2026-05-11T14:22:13.77
-155.4677,19.4396,11.25,0.8,2026-05-11T16:27:03.85
-155.4774,19.1658,29.84,1.3,2026-05-11T17:03:11.24
-155.6009,19.4487,3.56,2.1,2026-05-11T17:13:23.32
-155.5981,19.4505,3.37,0.6,2026-05-11T17:27:07.08
-155.4688,19.1557,27.84,1.3,2026-05-11T18:14:09.24
-155.6002,19.4501,2.58,1.1,2026-05-11T18:40:32.36
-155.4236,19.3941,8.71,1.6,2026-05-11T21:00:33.32
-155.4492,19.1453,28.41,1.2,2026-05-11T21:26:52.80
-155.383,19.2206,33.03,1.0,2026-05-11T21:36:25.98
-155.4816,19.1678,29.52,1.6,2026-05-11T22:23:19.16
-155.472,19.1733,27.37,1.3,2026-05-11T22:47:15.24
-155.4544,19.3584,9.18,1.5,2026-05-11T23:18:25.44
-155.4667,19.1773,32.73,1.2,2026-05-11T23:49:02.40
-155.5758,19.4695,3.11,1.7,2026-05-11T23:49:40.76
-155.4896,19.3607,10.77,1.9,2026-05-11T23:53:38.20
-155.4893,19.3601,11.04,2.8,2026-05-12T00:15:50.25
-155.4882,19.361,11.11,2.8,2026-05-12T00:31:38.12
-155.4624,19.1628,29.16,1.3,2026-05-12T00:36:44.32
-155.4712,19.176,28.79,1.1,2026-05-12T01:54:34.05
-155.361,19.2432,28.99,1.6,2026-05-12T02:19:20.28
-155.481,19.4476,11.09,1.6,2026-05-12T02:21:20.39
-155.4903,19.3596,11.04,1.3,2026-05-12T02:25:43.48
-155.4898,19.357,10.44,1.1,2026-05-12T02:48:28.34
-155.4858,19.3623,10.71,0.9,2026-05-12T03:29:23.35
-155.4878,19.3588,10.3,1.2,2026-05-12T03:31:37.59
-155.4861,19.361,11.04,1.2,2026-05-12T03:55:11.10
-155.2272,19.3483,10.91,2.8,2026-05-12T04:14:21.97
-155.5955,19.4472,5.9,0.2,2026-05-12T04:33:54.43
-155.4564,19.4315,9.87,0.8,2026-05-12T04:36:49.23
-155.5139,19.482,4.44,1.5,2026-05-12T04:39:40.36
-155.4889,19.3593,10.91,1.1,2026-05-12T04:54:57.91
-155.4591,19.1483,29.88,1.7,2026-05-12T05:02:04.50
-155.6805,19.5029,6.8,0.9,2026-05-12T05:20:01.58
-155.3717,19.1396,28.8,1.0,2026-05-12T05:36:21.79
-155.3311,19.4347,12.16,1.5,2026-05-12T06:24:17.42
-155.4473,19.2646,29.55,1.3,2026-05-12T06:33:48.85
-155.4908,19.4402,11.15,1.5,2026-05-12T06:36:38.64
-155.3416,19.2843,7.8,1.5,2026-05-12T07:04:54.38
-155.4729,19.176,29.78,1.7,2026-05-12T07:22:22.01
-155.4383,19.3501,8.87,1.6,2026-05-12T07:32:00.79
-155.4423,19.4477,7.87,1.1,2026-05-12T07:53:44.40
-155.451,19.4464,9.57,1.7,2026-05-12T08:10:20.17
-155.4722,19.1871,29.82,2.8,2026-05-12T09:28:11.64
-155.448,19.1512,29.9,1.5,2026-05-12T09:33:54.29
-155.4867,19.3609,10.82,1.2,2026-05-12T09:43:48.22
-155.4731,19.1652,27.91,1.1,2026-05-12T09:45:46.62
-155.4847,19.363,11.04,1.4,2026-05-12T10:15:56.66
-155.3834,19.2027,29.97,1.3,2026-05-12T10:28:51.73
-155.4152,19.4808,9.58,1.1,2026-05-12T11:23:38.56
-155.4743,19.1694,29.63,1.0,2026-05-12T11:40:30.58
-155.4795,19.1771,30.76,1.3,2026-05-12T11:44:53.16
-155.2904,19.4034,9.59,2.2,2026-05-12T12:00:06.00
-155.4754,19.38,10.26,0.7,2026-05-12T12:05:23.65
-155.2873,19.4015,10.76,2.1,2026-05-12T12:06:05.86
-155.4529,19.4777,8.5,2.3,2026-05-12T12:47:55.44
-155.4523,19.4782,6.86,1.7,2026-05-12T12:52:15.38
-155.48,19.1777,30.74,1.4,2026-05-12T12:57:28.95
-155.452,19.477,6.56,1.2,2026-05-12T13:03:08.44
-155.4516,19.4775,5.99,1.1,2026-05-12T13:16:55.47
-155.3866,19.1486,29.54,1.1,2026-05-12T13:19:09.01
-155.4512,19.4765,6.27,1.1,2026-05-12T13:25:59.07
-155.4051,19.0605,17.61,1.0,2026-05-12T13:28:04.03
-155.514,19.4926,4.53,1.1,2026-05-12T13:51:52.14
-155.4398,19.4594,8.45,1.2,2026-05-12T14:15:22.47
-155.575,19.4701,2.8,1.3,2026-05-12T14:43:24.96
-155.4256,19.165,30.51,1.3,2026-05-12T15:22:25.20
-155.454,19.254,27.34,1.1,2026-05-12T15:33:58.67
-155.4039,19.2421,29.52,1.2,2026-05-12T15:40:30.46
-155.4833,19.4351,10.05,1.4,2026-05-12T15:43:53.99
-155.3757,19.4916,12.85,1.5,2026-05-12T15:44:23.75
-155.4615,19.2634,27.71,1.2,2026-05-12T15:54:24.32
-155.4637,19.1879,28.87,1.3,2026-05-12T15:54:43.49
-155.3788,19.079,31.02,1.1,2026-05-12T16:05:52.60
-155.3756,19.2066,29.24,1.4,2026-05-12T16:11:13.49
-155.4041,19.2487,29.93,1.3,2026-05-12T16:15:43.10
-155.4797,19.1773,30.95,2.3,2026-05-12T16:56:22.80
-155.4493,19.4859,6.3,1.4,2026-05-12T17:13:01.34
-155.4524,19.4783,6.72,1.4,2026-05-12T17:15:37.36
-155.4523,19.478,6.63,1.4,2026-05-12T17:17:14.60
-155.4769,19.1806,30.69,0.9,2026-05-12T17:17:20.66
-155.4519,19.4773,6.92,1.2,2026-05-12T17:33:09.02
-155.5194,19.4189,11.73,1.0,2026-05-12T17:37:53.72
-155.4315,19.2462,9.43,2.7,2026-05-12T17:42:46.28
-155.4345,19.2468,9.17,1.5,2026-05-12T17:49:33.38
-155.4417,19.1524,28.44,1.2,2026-05-12T17:52:07.02
-155.5984,19.4505,3.73,0.3,2026-05-12T18:02:50.38
-155.479,19.1819,28.85,1.4,2026-05-12T18:21:39.14
-155.4794,19.177,30.91,1.7,2026-05-12T18:23:58.36
-155.376,19.2176,30.15,1.3,2026-05-12T18:34:24.52
-155.4724,19.2803,9.44,1.4,2026-05-12T18:59:37.64
-155.4734,19.1898,29.15,1.4,2026-05-12T19:01:36.40
-155.2549,19.3479,10.82,1.3,2026-05-12T19:16:57.00
-155.4567,19.441,10.18,0.9,2026-05-12T19:17:50.36
-155.3821,19.1987,29.83,1.4,2026-05-12T19:24:46.36
-155.5966,19.4547,3.06,1.3,2026-05-12T19:29:37.58
-155.5049,19.4835,5.52,1.9,2026-05-12T19:45:01.88
-155.5981,19.453,2.49,1.2,2026-05-12T19:59:03.72
-155.4738,19.1719,29.31,1.3,2026-05-12T20:53:44.08
-155.4797,19.1787,28.98,1.2,2026-05-12T21:02:14.40
-155.4766,19.1911,29.72,1.7,2026-05-12T21:05:17.40
-155.4779,19.1906,29.34,1.9,2026-05-12T21:06:11.38
-155.2677,19.3769,2.59,2.5,2026-05-12T21:26:24.48
-155.4774,19.1912,29.84,2.1,2026-05-12T21:49:26.86
-155.479,19.1975,30.23,1.0,2026-05-12T21:58:28.98
-155.4768,19.1921,29.64,1.4,2026-05-12T22:09:28.86
-155.4758,19.1902,29.73,1.0,2026-05-12T22:21:47.24
-155.5482,19.4104,5.62,1.3,2026-05-12T22:36:41.68
-155.4715,19.1693,29.12,1.5,2026-05-12T22:38:29.52
-155.3955,19.2473,29.65,1.3,2026-05-12T22:48:23.40
-155.526,19.4172,6.34,1.6,2026-05-12T22:58:11.92
-155.5554,19.3625,7.76,1.4,2026-05-12T23:40:03.50
-155.5555,19.3626,7.58,1.5,2026-05-12T23:57:23.92
-155.4868,19.1735,31.85,1.0,2026-05-13T00:26:29.41
-155.5987,19.5323,9.96,1.9,2026-05-13T00:56:10.45
-155.2927,19.2978,31.28,1.4,2026-05-13T01:02:22.73
-155.4508,19.1429,30.11,1.4,2026-05-13T01:11:05.68
-155.3904,19.2385,29.26,0.8,2026-05-13T01:23:06.59
-155.4508,19.4795,7.3,2.2,2026-05-13T01:45:37.94
-155.4688,19.3988,10.44,0.9,2026-05-13T01:57:52.02
-155.3773,19.2719,29.44,1.5,2026-05-13T02:01:18.03
-155.537,19.418,5.3,1.5,2026-05-13T02:01:52.24
-155.2357,19.3138,12.07,1.6,2026-05-13T02:02:33.81
-155.4726,19.1701,29.23,1.3,2026-05-13T02:02:59.99
-155.4651,19.1757,32.27,1.4,2026-05-13T02:21:25.92
-155.3934,19.2565,29.34,1.0,2026-05-13T05:00:06.92
-155.4511,19.4042,6.69,1.0,2026-05-13T05:03:38.95
-155.4767,19.3866,7.58,1.7,2026-05-13T05:05:27.65
-155.4141,19.3479,9.43,1.2,2026-05-13T05:18:44.90
-155.6003,19.451,2.43,1.3,2026-05-13T05:48:35.72
-155.4803,19.1774,30.92,1.5,2026-05-13T06:03:25.75
-155.6903,19.5232,11.69,1.4,2026-05-13T06:14:07.35
-155.6922,19.5275,11.6,1.2,2026-05-13T06:21:11.97
-155.4543,19.3438,8.95,1.6,2026-05-13T07:18:22.34
-155.5874,19.4634,3.84,2.2,2026-05-13T07:45:18.38
-155.4778,19.3826,10.09,1.1,2026-05-13T08:05:18.17
-155.4697,19.174,28.02,1.2,2026-05-13T08:06:07.16
-155.4888,19.4907,6.89,1.2,2026-05-13T08:55:39.70
-155.5842,19.4792,6.65,1.1,2026-05-13T09:29:51.58
-155.4746,19.1661,28.09,1.2,2026-05-13T09:32:09.69
-155.5922,19.4587,4.6,1.0,2026-05-13T09:33:51.98
-155.4347,19.2468,9.15,2.2,2026-05-13T10:27:52.73
-155.5873,19.4587,2.79,0.2,2026-05-13T10:55:47.08
-155.469,19.1818,28.03,1.1,2026-05-13T11:24:15.41
-155.5735,19.5059,3.01,1.3,2026-05-13T11:43:51.34
-155.3955,19.252,29.11,1.2,2026-05-13T12:17:36.87
-155.4862,19.1811,31.28,1.4,2026-05-13T12:18:13.58
-155.5988,19.4531,3.19,1.4,2026-05-13T12:51:47.52
-155.5997,19.4519,1.75,1.3,2026-05-13T13:09:49.52
-155.4553,19.1931,27.93,1.2,2026-05-13T13:33:29.40
-155.2444,19.3492,10.64,1.7,2026-05-13T13:39:13.73
-155.4732,19.1832,30.7,1.8,2026-05-13T13:48:46.29
-155.3377,19.4334,11.61,2.4,2026-05-13T13:55:23.43
-155.5954,19.4577,2.63,0.9,2026-05-13T14:19:12.49
-155.3978,19.2545,29.57,1.3,2026-05-13T15:27:46.99
-155.5955,19.462,5.13,0.8,2026-05-13T15:32:22.02
-155.3831,19.2467,28.66,1.2,2026-05-13T15:58:44.13
-155.37,19.2691,5.37,1.6,2026-05-13T16:20:48.98
-155.396,19.3048,28.84,1.0,2026-05-13T16:52:33.35
-155.5984,19.4603,3.98,1.0,2026-05-13T16:55:14.64
-155.2688,19.3119,9.22,1.8,2026-05-13T17:18:08.50
-155.4795,19.1786,30.66,1.7,2026-05-13T17:19:13.74
-155.4181,19.3442,9.25,1.6,2026-05-13T17:21:41.16
-155.445,19.2471,32.14,1.3,2026-05-13T17:44:42.30
-155.4585,19.481,8.02,1.1,2026-05-13T17:47:08.88
-155.5733,19.4471,10.04,1.1,2026-05-13T17:52:42.46
-155.3952,19.4127,8.17,2.6,2026-05-13T18:43:43.64
-155.5955,19.451,5.42,1.1,2026-05-13T19:09:33.52
-155.6009,19.4229,2.41,1.1,2026-05-13T19:12:06.48
-155.2867,19.4048,4.59,2.1,2026-05-13T19:15:58.72
-155.5886,19.4713,5.79,1.3,2026-05-13T19:40:43.10
-155.3972,19.2551,29.85,0.9,2026-05-13T20:31:30.32
-155.2673,19.3268,29.01,1.7,2026-05-13T20:42:26.40
-155.4032,19.2544,30.15,1.0,2026-05-13T20:55:16.06
-155.7811,19.4436,27.71,0.9,2026-05-13T21:26:16.40
-155.391,19.0783,31.46,1.9,2026-05-13T21:34:55.52
-155.4874,19.3598,11.03,1.6,2026-05-13T21:39:56.68
-155.3951,19.2485,29.3,1.3,2026-05-13T21:56:27.88
-155.5799,19.4932,5.42,1.2,2026-05-13T22:20:06.68
-155.6069,19.426,2.78,1.4,2026-05-13T23:11:07.08
-155.3935,19.2495,29.54,1.1,2026-05-13T23:11:54.68
-155.4197,19.2297,32.91,1.3,2026-05-14T00:25:28.33
-155.4003,19.2547,29.99,0.9,2026-05-14T00:36:50.69
-155.4669,19.4603,9.41,1.5,2026-05-14T01:06:25.29
-155.4457,19.4693,7.24,1.1,2026-05-14T01:15:19.39
-155.3995,19.2512,29.97,0.9,2026-05-14T01:30:27.44
-155.4163,19.2535,29.35,1.5,2026-05-14T01:39:54.11
-155.4942,19.4335,10.92,1.5,2026-05-14T01:42:03.35
-155.7723,19.541,13.34,1.1,2026-05-14T01:58:17.51
-155.4008,19.2447,29.59,0.9,2026-05-14T02:04:30.04
-155.6125,19.5559,16.16,1.4,2026-05-14T02:28:34.04
-155.3989,19.253,29.77,0.8,2026-05-14T03:14:26.34
-155.392,19.0798,31.82,1.2,2026-05-14T03:53:31.95
-155.5899,19.4592,5.29,1.8,2026-05-14T04:14:04.56
-155.3861,19.076,32.13,2.8,2026-05-14T04:23:29.12
-155.3913,19.0825,32.05,1.2,2026-05-14T04:42:36.24
-155.3866,19.1963,29.86,1.0,2026-05-14T04:53:47.67
-155.3916,19.0792,31.97,1.2,2026-05-14T05:02:13.42
-155.4284,19.1479,26.44,1.1,2026-05-14T05:08:57.97
-155.4031,19.3071,29.26,1.3,2026-05-14T05:11:15.36
-155.388,19.076,32.27,1.1,2026-05-14T05:40:26.05
-155.3958,19.2522,29.17,2.0,2026-05-14T05:52:15.46
-155.3798,19.2652,30.04,0.9,2026-05-14T05:58:40.29
-155.596,19.4547,2.91,0.8,2026-05-14T06:08:36.67
-155.4273,19.2438,31.39,1.3,2026-05-14T06:11:13.57
-155.6095,19.4187,3.81,2.4,2026-05-14T06:13:12.01
-155.5871,19.4605,3.38,0.9,2026-05-14T06:23:08.38
-155.4401,19.3949,10.09,1.2,2026-05-14T06:51:27.51
-155.385,19.0834,32.42,1.0,2026-05-14T07:06:13.15
-155.4124,19.0053,35.36,1.4,2026-05-14T07:08:10.57
-155.4894,19.3965,9.95,1.9,2026-05-14T07:27:16.90
-155.4894,19.3958,9.9,1.8,2026-05-14T07:49:03.34
-155.4997,19.4076,10.92,1.1,2026-05-14T07:49:39.10
-155.4898,19.3961,9.82,1.6,2026-05-14T07:50:33.93
-155.4987,19.3981,10.27,1.1,2026-05-14T08:03:45.05
-155.4773,19.1938,30.66,1.1,2026-05-14T08:40:26.74
-155.5989,19.4539,2.27,1.1,2026-05-14T08:49:05.50
-155.3953,19.2494,29.94,1.0,2026-05-14T08:56:49.44
-155.5994,19.4252,2.89,0.9,2026-05-14T08:58:40.97
-155.3654,19.1718,27.64,1.4,2026-05-14T09:16:10.04
-155.4021,19.2469,29.62,2.0,2026-05-14T09:21:35.58
-155.3734,19.0297,30.4,0.9,2026-05-14T10:56:28.57
-155.4878,19.442,9.92,1.3,2026-05-14T11:13:39.18
-155.6024,19.4456,0.93,0.9,2026-05-14T11:26:14.76
-155.4606,19.2131,28.15,0.9,2026-05-14T11:40:25.06
-155.4624,19.3616,8.47,1.7,2026-05-14T11:47:16.21
-155.6178,19.5354,10.68,1.3,2026-05-14T11:48:16.30
-155.4889,19.3651,10.34,1.3,2026-05-14T11:49:19.96
-155.4424,19.0077,32.84,1.8,2026-05-14T11:52:50.64
-155.4633,19.4934,6.96,1.2,2026-05-14T11:58:17.75
-155.3859,19.2061,30.39,1.4,2026-05-14T12:03:54.99
-155.5999,19.449,3.39,0.9,2026-05-14T12:11:07.75
-155.3951,19.2486,29.57,1.5,2026-05-14T12:13:05.03
-155.5955,19.4541,3.69,1.7,2026-05-14T12:21:26.44
-155.4949,19.3629,9.94,1.4,2026-05-14T12:36:57.89
-155.254,19.3344,13.55,1.5,2026-05-14T12:59:16.93
-155.5876,19.4729,6.44,0.8,2026-05-14T13:10:31.14
-155.4442,19.2265,31.08,0.8,2026-05-14T13:23:34.08
-155.479,19.1724,31.2,1.3,2026-05-14T14:42:47.40
-155.3897,19.2037,30.72,1.0,2026-05-14T14:50:21.52
-155.4335,19.1479,27.9,1.0,2026-05-14T15:21:29.90
-155.4617,19.4101,10.82,1.0,2026-05-14T15:32:47.84
-155.6006,19.4579,4.02,0.8,2026-05-14T16:28:51.41
-155.4207,19.2411,30.82,1.0,2026-05-14T16:31:26.04
-155.486,19.3627,11.09,1.2,2026-05-14T16:58:04.59
-155.3957,19.2506,29.55,1.7,2026-05-14T17:11:34.98
-155.481,19.1493,32.81,3.2,2026-05-14T17:30:45.48
-155.4411,19.1641,31.08,1.1,2026-05-14T18:08:25.50
-155.3943,19.3476,9.53,1.5,2026-05-14T18:13:21.44
-155.4092,19.0849,21.39,1.2,2026-05-14T18:23:14.76
-155.2721,19.3763,3.39,1.6,2026-05-14T18:28:19.08
-155.273,19.3759,3.9,2.3,2026-05-14T18:28:53.00
-155.6072,19.4234,3.19,1.2,2026-05-14T18:42:55.78
-155.3852,19.0686,31.31,1.4,2026-05-14T19:15:02.54
-155.5891,19.4566,3.16,1.6,2026-05-14T19:19:12.54
-155.487,19.3612,10.81,1.3,2026-05-14T19:46:22.84
-155.4797,19.4301,11.3,1.5,2026-05-14T19:59:22.62
-155.4471,19.5019,7.06,1.2,2026-05-14T22:19:40.16
-155.604,19.442,2.56,1.5,2026-05-15T00:55:34.61
-155.594,19.4216,6.62,1.2,2026-05-15T01:23:21.59
-155.4524,19.1324,30.13,1.5,2026-05-15T01:41:03.02
-155.3813,19.2234,30.84,1.0,2026-05-15T01:42:30.15
-155.3692,19.2452,29.65,1.0,2026-05-15T01:45:03.05
-155.6113,19.4182,3.14,1.5,2026-05-15T02:05:23.19
-155.598,19.4523,2.03,1.0,2026-05-15T02:12:01.14
-155.3809,19.4847,12.57,1.6,2026-05-15T02:14:27.67
-155.6037,19.4012,9.17,1.4,2026-05-15T03:07:32.52
-155.4742,19.1865,29.73,1.5,2026-05-15T03:19:02.37
-155.4501,19.1565,30.56,1.1,2026-05-15T03:48:45.18
-155.4718,19.1436,31.2,1.1,2026-05-15T04:01:57.50
-155.4824,19.1554,31.84,1.4,2026-05-15T04:07:54.36
-155.3999,19.4236,8.79,1.7,2026-05-15T04:19:17.26
-155.5875,19.462,3.87,1.0,2026-05-15T04:24:11.42
-155.3945,19.2532,29.27,2.2,2026-05-15T05:31:10.53
-155.4254,19.4771,10.87,1.3,2026-05-15T06:33:00.67
-155.6045,19.4263,4.06,1.5,2026-05-15T06:41:26.95
-155.5981,19.4471,5.3,1.1,2026-05-15T06:59:43.87
-155.417,19.1525,31.44,1.2,2026-05-15T07:28:08.78
-155.4743,19.2372,12.86,1.6,2026-05-15T07:39:18.18
-155.3083,19.3278,8.79,2.0,2026-05-15T08:00:37.01
-155.6004,19.4579,2.28,0.9,2026-05-15T08:15:00.76
-155.5898,19.4568,3.32,0.9,2026-05-15T08:27:50.07
-155.447,19.2517,29.91,1.2,2026-05-15T08:30:31.56
-155.4819,19.1543,30.6,1.7,2026-05-15T08:53:41.92
-155.4755,19.4477,11.37,1.4,2026-05-15T09:09:27.73
-155.4701,19.1909,30.47,0.7,2026-05-15T09:17:17.85
-155.4993,19.496,5.5,1.9,2026-05-15T09:20:04.55
-155.5992,19.4543,2.97,0.9,2026-05-15T09:41:39.36
-155.3522,19.2819,5.32,1.7,2026-05-15T10:33:44.57
-155.4723,19.1519,29.48,1.0,2026-05-15T10:47:49.36
-155.3518,19.2827,5.43,1.3,2026-05-15T11:04:25.45
-155.577,19.467,2.64,1.4,2026-05-15T11:10:33.61
-155.4518,19.2036,32.29,1.9,2026-05-15T11:15:13.43
-155.3968,19.2516,29.3,1.2,2026-05-15T11:26:58.67
-155.3784,19.2612,30.97,0.9,2026-05-15T11:37:37.75
-155.3774,19.2551,30.58,1.5,2026-05-15T11:53:15.12
-155.3791,19.1543,29.56,1.3,2026-05-15T11:53:37.90
-155.3846,19.1986,29.79,1.0,2026-05-15T11:58:17.49
-155.4646,19.503,5.75,0.9,2026-05-15T12:27:20.36
-155.5972,19.4526,4.53,0.8,2026-05-15T13:01:48.51
-155.4264,19.2337,30.12,1.0,2026-05-15T13:11:16.07
-155.6087,19.4145,3.05,1.1,2026-05-15T13:37:39.61
-155.378,19.0917,31.77,1.6,2026-05-15T13:43:44.06
-155.5887,19.4596,3.35,2.6,2026-05-15T13:43:57.27
-155.4778,19.1775,29.18,1.2,2026-05-15T13:49:37.68
-155.3946,19.4105,9.49,1.1,2026-05-15T13:53:07.87
-155.5982,19.4506,4.11,0.8,2026-05-15T14:52:32.55
-155.3336,19.0046,12.86,0.9,2026-05-15T15:06:14.88
-155.2699,19.3347,8.38,1.3,2026-05-15T16:06:02.87
-155.291,19.4161,2.48,2.0,2026-05-15T16:43:11.44
-155.449,19.2338,30.25,1.2,2026-05-15T16:59:59.46
-155.4714,19.1854,28.1,0.9,2026-05-15T17:19:41.96
-155.4489,19.1572,30.01,1.6,2026-05-15T17:32:27.44
-155.4401,19.1521,31.71,1.3,2026-05-15T18:08:50.32
-155.5013,19.4522,10.17,0.9,2026-05-15T18:18:57.56
-155.4489,19.2339,30.25,1.4,2026-05-15T18:19:26.04
-155.4628,19.1794,27.05,1.0,2026-05-15T18:41:00.92
-155.5998,19.4593,1.97,0.2,2026-05-15T18:43:16.88
-155.466,19.1928,28.96,1.1,2026-05-15T19:10:44.04
-155.4728,19.1563,29.25,1.0,2026-05-15T19:45:51.84
-155.2707,19.3271,8.76,1.7,2026-05-15T20:06:16.12
-155.459,19.4814,8.27,0.9,2026-05-15T20:17:29.00
-155.5996,19.4497,3.96,1.0,2026-05-15T20:38:31.56
-155.474,19.1716,29.47,1.3,2026-05-15T20:50:52.94
-155.463,19.1798,26.92,1.2,2026-05-15T20:55:27.28
-155.47,19.1698,30.14,1.2,2026-05-15T21:27:16.86
-155.3875,19.1967,29.91,1.4,2026-05-15T21:59:49.74
-155.4714,19.1485,29.45,1.1,2026-05-15T22:31:10.12
-155.4007,19.2559,29.23,1.3,2026-05-15T22:34:21.78
-155.3988,19.2608,29.53,1.4,2026-05-15T22:34:37.12
-155.4382,19.1462,27.84,1.1,2026-05-15T23:14:51.68
-155.4893,19.3803,10.49,1.1,2026-05-15T23:34:05.88
-155.4679,19.1754,29.5,1.3,2026-05-15T23:34:30.96
-155.474,19.1469,29.24,0.9,2026-05-16T00:01:41.71
-155.6044,19.4207,4.56,1.3,2026-05-16T00:08:24.81
-155.4589,19.4645,7.55,1.3,2026-05-16T00:14:01.84
-155.4745,19.1497,29.54,1.3,2026-05-16T01:10:14.95
-155.472,19.1683,29.36,1.3,2026-05-16T01:29:45.64
-155.4244,19.1398,25.34,1.1,2026-05-16T03:40:08.35
-155.6056,19.4253,4.07,2.1,2026-05-16T04:53:14.67
-155.2326,19.3463,11.34,1.5,2026-05-16T05:31:01.03
-155.592,19.4535,4.61,1.2,2026-05-16T05:31:44.51
-155.4708,19.1733,32.62,1.5,2026-05-16T05:56:42.08
-155.4629,19.1691,32.73,1.3,2026-05-16T06:09:00.08
-155.2619,19.3457,12.88,1.6,2026-05-16T06:34:18.12
-155.4641,19.1833,31.99,1.2,2026-05-16T07:49:13.46
-155.7308,19.57,14.67,0.9,2026-05-16T07:58:39.56
-155.4486,19.1481,29.13,1.1,2026-05-16T09:08:03.86
-155.3703,19.2641,5.19,2.2,2026-05-16T11:16:29.82
-155.4599,19.1854,31.86,1.2,2026-05-16T11:35:21.64
-155.587,19.4631,4.99,1.0,2026-05-16T12:18:34.08
-155.4819,19.1556,30.64,1.6,2026-05-16T13:14:23.83
-155.3797,19.151,29.25,1.0,2026-05-16T13:43:53.76
-155.2677,19.3171,9.03,1.6,2026-05-16T13:51:56.26
-155.5911,19.4623,2.95,1.2,2026-05-16T14:18:38.33
-155.5097,19.3857,10.48,1.2,2026-05-16T14:22:51.43
-155.4671,19.1759,27.03,1.4,2026-05-16T14:24:23.46
-155.4703,19.1908,34.34,1.4,2026-05-16T14:26:41.09
-155.2404,19.3261,10.69,1.6,2026-05-16T14:32:02.22
-155.4746,19.1512,29.63,1.3,2026-05-16T14:46:12.22
-155.373,19.0578,30.51,1.1,2026-05-16T15:30:06.51
-155.3703,19.2675,29.56,1.0,2026-05-16T15:41:25.60
-155.5946,19.4638,5.28,0.6,2026-05-16T16:06:16.13
-155.4927,19.3413,9.46,1.3,2026-05-16T16:09:28.93
-155.4669,19.1897,28.5,1.4,2026-05-16T16:50:12.46
-155.4391,19.0924,22.24,1.0,2026-05-16T16:54:35.43
-155.4613,19.1729,26.93,1.2,2026-05-16T17:41:31.48
-155.331,19.1059,17.4,0.9,2026-05-16T17:46:40.88
-155.4704,19.3804,9.66,1.0,2026-05-16T18:11:46.88
-155.245,19.353,10.78,1.2,2026-05-16T18:12:26.96
-155.4644,19.1581,28.15,1.1,2026-05-16T18:26:16.08
-155.4841,19.171,30.65,1.4,2026-05-16T18:30:03.76
-155.4309,19.3146,9.26,1.5,2026-05-16T18:39:57.28
-155.3861,19.1931,30.19,1.3,2026-05-16T18:45:56.52
-155.4928,19.366,9.92,0.9,2026-05-16T19:01:59.10
-155.3849,19.1963,30.22,1.2,2026-05-16T19:45:17.08
-155.4654,19.1716,26.65,1.5,2026-05-16T20:25:27.82
-155.2688,19.3198,29.71,1.2,2026-05-16T20:44:36.20
-155.4611,19.1697,26.99,1.2,2026-05-16T21:03:02.98
-155.4753,19.15,29.6,1.4,2026-05-16T22:02:46.12
-155.4757,19.1709,28.06,1.2,2026-05-16T22:16:26.16
-155.4777,19.1714,28.44,1.1,2026-05-16T22:16:57.22
-155.3756,19.4858,13.08,1.6,2026-05-16T22:31:48.00
-155.4693,19.171,27.77,1.3,2026-05-16T22:52:52.00
-155.4671,19.1527,27.91,1.4,2026-05-16T23:01:52.80
-155.4751,19.1508,29.49,1.8,2026-05-16T23:05:24.00
-155.4818,19.1563,30.66,2.0,2026-05-16T23:06:37.72
-155.4243,19.3036,10.09,1.8,2026-05-16T23:19:35.52
-155.4508,19.291,9.8,1.5,2026-05-16T23:27:29.80
-155.4687,19.1792,29.29,1.3,2026-05-16T23:48:16.56
-155.3956,19.2487,31.83,1.1,2026-05-17T01:05:50.60
-155.3545,19.2892,28.45,1.3,2026-05-17T01:15:20.69
-155.3635,19.2904,28.64,1.3,2026-05-17T01:31:06.57
-155.3382,19.1145,20.64,1.2,2026-05-17T02:00:36.49
-155.237,19.3412,12.19,1.4,2026-05-17T02:02:12.60
-155.591,19.4611,1.94,1.0,2026-05-17T02:07:04.52
-155.3844,19.1897,29.83,1.3,2026-05-17T02:34:06.71
-155.3995,19.4089,8.57,1.4,2026-05-17T02:46:32.88
-155.3848,19.3879,11.44,1.4,2026-05-17T02:50:42.96
-155.4817,19.1562,30.69,1.9,2026-05-17T02:56:31.12
-155.4836,19.502,6.24,1.2,2026-05-17T02:58:23.64
-155.3765,19.204,29.48,2.7,2026-05-17T03:21:45.77
-155.3715,19.1471,28.66,1.4,2026-05-17T03:35:27.91
-155.6012,19.445,4.15,0.9,2026-05-17T03:35:56.80
-155.4716,19.1745,28.73,1.0,2026-05-17T03:46:24.98
-155.4746,19.1743,28.6,0.9,2026-05-17T03:46:46.98
-155.4096,19.0978,21.39,1.3,2026-05-17T03:59:15.23
-155.3962,19.2545,31.22,1.9,2026-05-17T04:25:40.04
-155.3996,19.2563,31.93,1.0,2026-05-17T04:33:57.70
-155.4045,19.26,28.4,1.0,2026-05-17T04:48:44.96
-155.3617,19.2623,29.73,1.5,2026-05-17T05:08:44.36
-155.4004,19.4089,8.34,1.5,2026-05-17T05:15:39.48
-155.3575,19.2518,29.89,1.1,2026-05-17T05:57:51.19
-155.4826,19.1542,30.63,1.6,2026-05-17T06:13:59.92
-155.4658,19.5029,6.35,1.1,2026-05-17T06:22:08.83
-155.3848,19.1938,29.38,1.0,2026-05-17T06:24:11.01
-155.3968,19.2538,31.01,0.7,2026-05-17T06:31:59.01
-155.2684,19.309,9.53,1.5,2026-05-17T06:32:25.58
-155.7709,19.5417,13.74,1.2,2026-05-17T06:39:30.42
-155.4611,19.1608,27.31,1.1,2026-05-17T06:41:21.69
-155.4644,19.1615,27.24,1.1,2026-05-17T06:46:13.17
-155.6149,19.4054,2.67,1.2,2026-05-17T06:56:51.47
-155.3726,19.1548,28.51,1.3,2026-05-17T06:59:14.99
-155.6135,19.4419,12.7,1.0,2026-05-17T07:30:38.42
-155.5983,19.454,1.41,1.0,2026-05-17T07:53:48.22
-155.4169,19.3526,8.15,1.2,2026-05-17T08:11:19.90
-155.4493,19.1558,29.95,1.5,2026-05-17T08:14:03.62
-155.4175,19.352,7.41,1.0,2026-05-17T08:16:17.07
-155.495,19.436,11.49,0.9,2026-05-17T08:43:41.17
-155.2729,19.3159,29.99,1.3,2026-05-17T08:50:10.48
-155.3625,19.2614,29.58,1.2,2026-05-17T09:00:57.68
-155.603,19.4446,2.98,0.9,2026-05-17T09:57:20.99
-155.3629,19.2609,29.7,1.1,2026-05-17T10:23:48.36
-155.6792,19.4764,6.03,2.5,2026-05-17T11:40:01.33
-155.4781,19.1881,30.46,2.7,2026-05-17T18:28:18.56
-155.6013,19.4168,4.83,1.4,2026-05-17T21:44:52.16
-155.5956,19.4625,4.5,0.6,2026-05-17T21:56:55.20
-155.3186,19.3037,30.27,1.1,2026-05-17T22:05:32.96
-155.315,19.3027,30.43,1.4,2026-05-17T22:07:17.56
-155.5969,19.4526,2.62,0.5,2026-05-17T22:15:00.28
-155.4092,19.2102,30.55,1.2,2026-05-17T22:18:57.96
-155.7271,19.5206,18.34,1.2,2026-05-17T22:45:00.48
-155.4676,19.1756,29.4,1.1,2026-05-17T22:46:38.12
-155.7271,19.518,18.12,0.9,2026-05-17T23:36:21.90
-155.597,19.4499,3.43,0.8,2026-05-17T23:59:36.14
-155.4662,19.1615,27.75,1.1,2026-05-18T00:05:46.52
-155.4641,19.2604,10.53,1.6,2026-05-18T00:14:31.46
-155.4646,19.2607,10.18,1.6,2026-05-18T00:17:22.37
-155.4079,19.2467,29.8,2.1,2026-05-18T00:17:56.40
-155.4642,19.2589,10.67,1.3,2026-05-18T00:20:50.24
-155.4639,19.26,10.3,1.5,2026-05-18T00:33:22.81
-155.4703,19.1942,29.17,1.3,2026-05-18T01:21:05.43
-155.4105,19.3187,8.82,1.6,2026-05-18T01:21:55.74
-155.4671,19.1889,27.97,1.0,2026-05-18T01:29:18.49
-155.2442,19.3498,10.17,2.1,2026-05-18T03:03:13.65
-155.2889,19.2791,29.67,1.3,2026-05-18T03:03:13.77
-155.4624,19.2606,10.47,1.2,2026-05-18T03:25:06.51
-155.4068,19.1493,28.77,1.2,2026-05-18T03:38:57.06
-155.4499,19.1489,29.51,1.2,2026-05-18T03:47:56.16
-155.421,19.2807,28.97,1.2,2026-05-18T04:10:59.97
-155.5998,19.4272,5.3,1.3,2026-05-18T04:11:23.22
-155.4063,19.2759,29.24,1.0,2026-05-18T04:15:42.78
-155.4453,19.2525,30.27,1.4,2026-05-18T04:18:57.27
-155.2962,19.3549,3.15,1.5,2026-05-18T04:41:51.98
-155.5486,19.3913,2.95,0.4,2026-05-18T04:47:19.23
-155.3881,19.2025,30.24,1.8,2026-05-18T04:56:36.36
-155.6051,19.4224,4.27,1.3,2026-05-18T05:00:35.08
-155.4723,19.158,29.86,1.4,2026-05-18T05:05:54.00
-155.4847,19.4966,6.43,1.4,2026-05-18T05:07:41.65
-155.4955,19.3647,10.93,1.1,2026-05-18T05:09:45.66
-155.5148,19.4137,10.26,0.9,2026-05-18T05:10:22.93
-155.4004,19.242,30.04,0.9,2026-05-18T05:11:09.60
-155.5941,19.4662,5.94,1.5,2026-05-18T05:50:00.82
-155.4609,19.2199,27.89,2.2,2026-05-18T06:14:53.86
-155.3819,19.1472,29.02,1.4,2026-05-18T06:33:31.16
-155.4177,19.3368,9.28,1.6,2026-05-18T07:09:17.17
-155.3804,19.2544,29.68,0.9,2026-05-18T07:29:26.67
-155.4005,19.4734,9.75,1.2,2026-05-18T08:22:02.55
-155.5965,19.453,4.5,0.8,2026-05-18T08:32:38.64
-155.4815,19.1866,30.86,1.2,2026-05-18T08:51:59.73
-155.4808,19.1825,30.7,1.1,2026-05-18T08:53:48.31
-155.4736,19.1773,29.61,1.0,2026-05-18T08:55:14.78
-155.4428,19.4063,8.95,1.2,2026-05-18T09:27:27.02
-155.4653,19.3844,9.56,1.4,2026-05-18T09:29:41.08
-155.4404,19.0045,33.19,1.3,2026-05-18T10:00:49.28
-155.6804,19.468,5.75,0.9,2026-05-18T10:05:13.32
-155.4586,19.1619,27.66,1.2,2026-05-18T10:08:16.56
-155.4573,19.163,27.67,1.0,2026-05-18T10:11:54.61
-155.4483,19.1506,30.2,1.2,2026-05-18T10:14:20.87
-155.4664,19.5042,6.63,1.1,2026-05-18T10:22:26.91
-155.4658,19.5019,6.98,1.3,2026-05-18T10:22:44.01
-155.4483,19.149,30.4,1.4,2026-05-18T10:26:24.72
-155.5,19.4902,3.93,1.2,2026-05-18T11:01:53.94
-155.4828,19.375,9.9,1.0,2026-05-18T11:05:38.44
-155.2753,19.4018,13.04,1.3,2026-05-18T11:21:46.96
-155.3875,19.2301,29.23,1.2,2026-05-18T11:52:30.56
-155.5942,19.4526,4.43,2.0,2026-05-18T11:52:46.30
-155.4679,19.3862,10.12,1.6,2026-05-18T12:08:04.61
-155.3851,19.2857,2.33,1.2,2026-05-18T12:23:43.12
-155.4383,19.229,30.96,1.5,2026-05-18T12:37:00.85
-155.4409,19.1456,29.44,1.0,2026-05-18T13:03:49.71
-155.3692,19.1949,28.28,1.3,2026-05-18T13:15:44.04
-155.4187,19.2268,31.37,1.5,2026-05-18T14:07:10.90
-155.3835,19.2883,3.51,1.5,2026-05-18T14:11:05.18
-155.4731,19.1784,29.48,1.3,2026-05-18T14:11:21.29
-155.6166,19.4029,2.38,1.2,2026-05-18T14:17:01.66
-155.5952,19.462,3.88,1.0,2026-05-18T14:28:09.37
-155.4754,19.1785,30.71,1.1,2026-05-18T14:34:13.99
-155.4671,19.1741,29.37,1.1,2026-05-18T14:42:08.65
-155.6959,19.4987,6.51,0.7,2026-05-18T15:08:38.00
-155.2717,19.3477,11.09,1.6,2026-05-18T15:30:12.90
-155.4817,19.2607,11.15,1.2,2026-05-18T15:32:52.91
-155.4601,19.2033,28.37,1.2,2026-05-18T16:32:41.70
-155.4653,19.4757,8.1,1.1,2026-05-18T16:33:54.54
-155.4639,19.4795,8.06,1.1,2026-05-18T16:34:34.71
-155.2098,19.3375,14.36,1.7,2026-05-18T16:47:05.91
-155.8511,19.4416,17.45,2.8,2026-05-18T19:04:29.62
-155.4408,19.1584,29.5,1.3,2026-05-18T19:31:42.28
-155.5975,19.4538,2.4,1.2,2026-05-18T20:31:29.14
-155.6088,19.4161,4.57,1.5,2026-05-18T20:59:44.56
-155.437,19.4741,7.5,1.4,2026-05-18T21:13:47.36
-155.4651,19.1636,29.76,1.5,2026-05-18T21:14:23.02
-155.4694,19.1761,29.06,1.0,2026-05-18T21:38:13.40
-155.4885,19.3916,8.75,1.3,2026-05-18T21:54:54.08
-155.4884,19.4034,10.16,1.3,2026-05-18T22:37:13.38
-155.4641,19.1962,26.81,1.0,2026-05-18T22:42:56.64
-155.4609,19.1985,26.72,1.2,2026-05-18T22:43:07.48
-155.4667,19.1987,28.77,0.7,2026-05-18T22:44:56.92
-155.4765,19.1518,34.99,1.3,2026-05-18T22:59:03.82
-155.4743,19.1862,30.57,2.5,2026-05-18T23:22:46.44
-155.5017,19.4865,8.29,1.1,2026-05-19T00:36:22.96
-155.4801,19.2768,9.22,1.6,2026-05-19T00:48:42.53
-155.476,19.2701,11.14,1.3,2026-05-19T00:57:17.93
-155.4343,19.4815,6.95,1.2,2026-05-19T00:59:42.04
-155.3723,19.1446,28.55,1.0,2026-05-19T01:04:14.79
-155.4885,19.1809,30.96,0.9,2026-05-19T01:51:14.18
-155.4756,19.1708,28.73,0.9,2026-05-19T01:52:54.48
-155.4784,19.1727,28.54,1.2,2026-05-19T02:07:52.25
-155.4724,19.1916,30.1,1.5,2026-05-19T02:17:15.97
-155.4694,19.182,29.27,1.1,2026-05-19T02:22:59.83
-155.4117,19.2461,30.15,1.2,2026-05-19T02:29:50.93
-155.4807,19.1874,30.39,0.9,2026-05-19T02:43:43.63
-155.6041,19.425,4.08,1.5,2026-05-19T03:03:50.53
-155.5971,19.4515,4.62,0.9,2026-05-19T03:12:32.08
-155.597,19.455,2.94,0.6,2026-05-19T03:28:34.53
-155.3717,19.2624,5.07,1.8,2026-05-19T03:30:21.48
-155.3716,19.2609,5.88,1.3,2026-05-19T03:38:58.02
-155.4786,19.1864,30.14,2.8,2026-05-19T03:42:50.98
-155.4815,19.1484,30.78,1.2,2026-05-19T04:09:30.25
-155.5869,19.4786,8.39,0.7,2026-05-19T04:18:15.23
-155.4725,19.3157,10.44,1.3,2026-05-19T04:38:17.19
-155.4353,19.2502,29.65,1.0,2026-05-19T05:17:42.56
-155.4708,19.1744,28.57,1.0,2026-05-19T05:50:18.48
-155.3839,19.2939,3.05,1.6,2026-05-19T05:54:20.69
-155.4823,19.3095,10.6,1.2,2026-05-19T06:05:56.95
-155.4013,19.0636,19.05,1.3,2026-05-19T06:16:42.73
-155.4393,19.229,30.84,1.3,2026-05-19T06:42:32.35
-155.2684,19.3106,9.49,2.0,2026-05-19T07:03:59.77
-155.3326,19.2777,19.87,1.1,2026-05-19T07:04:00.52
-155.4497,19.1523,30.33,1.2,2026-05-19T07:42:40.38
-155.6,19.4489,3.44,0.9,2026-05-19T07:55:26.03
-155.6811,19.5029,7.35,0.9,2026-05-19T08:03:41.23
-155.4742,19.1871,30.75,1.5,2026-05-19T08:19:05.14
-155.4319,19.4713,6.87,1.2,2026-05-19T08:19:54.36
-155.4717,19.1739,32.74,1.0,2026-05-19T08:38:30.51
-155.4612,19.1389,34.32,0.9,2026-05-19T09:55:18.29
-155.4484,19.2519,30.19,1.2,2026-05-19T10:06:07.64
-155.6102,19.4085,2.6,1.0,2026-05-19T10:22:14.93
-155.4548,19.4759,8.81,3.2,2026-05-19T10:32:42.83
-155.2793,19.4001,14.52,2.7,2026-05-19T10:37:39.72
-155.5005,19.3567,9.89,0.9,2026-05-19T11:52:40.63
-155.5956,19.452,3.4,0.9,2026-05-19T11:55:53.88
-155.4949,19.3235,9.22,1.4,2026-05-19T12:31:42.43
-155.5131,19.4822,4.48,1.2,2026-05-19T13:00:05.72
-155.6188,19.5378,10.56,1.0,2026-05-19T13:16:13.12
-155.4748,19.164,28.11,1.1,2026-05-19T13:40:08.65
-155.4207,19.3925,7.6,1.4,2026-05-19T13:40:46.99
-155.3753,19.2496,29.81,2.1,2026-05-19T14:10:54.13
-155.3776,19.248,29.79,1.2,2026-05-19T14:17:06.72
-155.4483,19.1963,31.89,2.8,2026-05-19T15:34:01.99
-155.3772,19.25,30.11,1.0,2026-05-19T15:57:53.30
-155.3931,19.2443,31.29,0.7,2026-05-19T16:06:40.21
-155.5988,19.4523,1.73,0.9,2026-05-19T16:07:10.67
-155.4501,19.1986,31.26,1.3,2026-05-19T16:19:56.97
-155.3839,19.1964,29.95,1.1,2026-05-19T17:08:07.84
-155.5971,19.4524,2.88,0.8,2026-05-19T17:14:40.92
-155.7021,19.5257,12.1,0.7,2026-05-19T17:21:10.80
-155.4445,19.1926,31.43,1.1,2026-05-19T17:23:35.94
-155.4064,19.3978,8.69,2.0,2026-05-19T17:27:42.76
-155.2652,19.3286,8.93,1.5,2026-05-19T17:39:45.24
-155.5169,19.483,3.6,1.5,2026-05-19T17:50:16.18
-155.3781,19.2457,29.86,1.1,2026-05-19T18:11:27.04
-155.502,19.4736,6.51,1.2,2026-05-19T19:09:43.78
-155.4719,19.5069,6.67,1.3,2026-05-19T19:13:35.72
-155.4769,19.1737,29.37,1.1,2026-05-19T19:16:23.32
-155.4958,19.4889,6.35,1.6,2026-05-19T20:04:19.82
-155.4747,19.1633,28.81,0.8,2026-05-19T20:08:52.32
-155.857,19.4672,17.45,1.8,2026-05-19T20:34:24.28
-155.4675,19.1947,29.98,1.2,2026-05-19T21:35:33.16
-155.5116,19.4867,4.53,1.7,2026-05-19T21:38:34.74
-155.4623,19.1873,26.51,1.3,2026-05-19T21:56:42.20
-155.4689,19.1477,27.87,1.1,2026-05-19T22:10:20.92
-155.4682,19.1708,27.19,1.3,2026-05-19T22:31:52.10
-155.3997,19.2479,30.12,1.0,2026-05-19T22:38:24.92
-155.3658,19.0008,18.24,2.1,2026-05-19T23:08:17.60
-155.8495,19.4446,17.64,1.5,2026-05-20T00:05:41.91
-155.4628,19.1567,28.8,1.0,2026-05-20T00:30:51.61
-155.4727,19.1672,30.5,0.9,2026-05-20T00:34:07.49
-155.4502,19.1535,30.21,1.5,2026-05-20T01:03:24.02
-155.382,19.2581,30.23,1.1,2026-05-20T01:38:24.15
-155.3776,19.2447,29.33,1.3,2026-05-20T01:44:21.86
-155.3998,19.3649,10.8,1.4,2026-05-20T01:51:55.92
-155.5875,19.459,2.61,0.9,2026-05-20T02:28:56.00
-155.4815,19.186,31.04,1.1,2026-05-20T03:24:51.38
-155.4254,19.2586,27.29,1.3,2026-05-20T03:49:59.47
-155.3778,19.2494,29.77,1.5,2026-05-20T04:14:37.00
-155.3761,19.2469,30.21,1.2,2026-05-20T04:18:12.20
-155.4624,19.1401,28.59,1.5,2026-05-20T04:41:42.12
-155.4228,19.2324,29.5,0.8,2026-05-20T04:51:55.13
-155.3965,19.2394,31.07,0.9,2026-05-20T04:56:11.99
-155.4702,19.1869,31.06,1.2,2026-05-20T05:43:28.22
-155.399,19.0386,29.78,1.3,2026-05-20T05:54:31.29
-155.2426,19.3497,10.12,2.2,2026-05-20T05:56:01.13
-155.3944,19.2441,31.51,1.1,2026-05-20T06:00:19.97
-155.5901,19.4608,4.28,1.1,2026-05-20T06:11:49.60
-155.4694,19.1567,29.73,1.1,2026-05-20T06:13:28.07
-155.4947,19.352,11.44,1.1,2026-05-20T06:25:32.81
-155.4187,19.2558,27.46,1.0,2026-05-20T06:31:29.81
-155.3947,19.252,29.54,1.5,2026-05-20T06:37:10.22
-155.3872,19.253,29.23,0.8,2026-05-20T06:39:26.67
-155.4179,19.2554,26.64,1.4,2026-05-20T06:40:31.84
-155.3944,19.2526,29.65,1.4,2026-05-20T06:46:32.97
-155.3936,19.2378,30.68,0.9,2026-05-20T06:55:54.01
-155.4608,19.1702,27.52,1.1,2026-05-20T06:59:52.06
-155.4569,19.1661,27.67,1.1,2026-05-20T07:00:13.16
-155.6025,19.4465,16.92,1.0,2026-05-20T07:24:40.12
-155.3994,19.2457,30.91,1.1,2026-05-20T07:41:09.80
-155.4838,19.1414,32.27,1.1,2026-05-20T07:45:56.03
-155.4798,19.1862,30.69,1.0,2026-05-20T07:48:39.05
-155.436,19.3567,10.46,1.7,2026-05-20T08:03:04.66
-155.4596,19.2524,31.28,1.3,2026-05-20T08:30:01.67
-155.4237,19.3542,9.24,1.5,2026-05-20T09:08:56.49
-155.4112,19.3259,8.82,2.0,2026-05-20T09:45:44.03
-155.4793,19.1908,30.82,1.2,2026-05-20T09:50:29.54
-155.4546,19.1928,26.95,1.2,2026-05-20T10:02:17.43
-155.2274,19.3093,12.8,2.2,2026-05-20T12:33:26.27
-155.4306,19.4711,9.7,1.1,2026-05-20T12:53:46.79
-155.458,19.2028,29.28,1.3,2026-05-20T12:54:36.59
-155.4479,19.2538,30.24,1.1,2026-05-20T12:55:45.62
-155.5014,19.4918,6.53,1.0,2026-05-20T13:37:36.31
-155.3823,19.186,29.59,0.9,2026-05-20T13:38:03.57
-155.6038,19.4122,6.92,2.4,2026-05-20T14:29:49.09
-155.5961,19.4649,3.48,1.2,2026-05-20T15:44:16.55
-155.5814,19.5066,13.04,1.0,2026-05-20T16:37:25.55
-155.3746,19.0823,31.69,1.4,2026-05-20T16:57:57.78
-155.3686,19.0853,30.91,1.1,2026-05-20T16:57:57.86
-155.4104,19.2577,29.12,1.4,2026-05-20T16:59:57.94
-155.493,19.4318,11.03,0.7,2026-05-20T17:32:36.88
-155.4626,19.1967,32.68,1.1,2026-05-20T17:54:30.08
-155.7019,19.5497,13.88,1.2,2026-05-20T19:27:08.52
-155.6013,19.4142,6.92,1.5,2026-05-20T19:52:07.60
-155.4765,19.1695,30.58,2.3,2026-05-20T20:03:04.84
-155.465,19.1645,29.06,1.2,2026-05-20T20:04:21.12
-155.4742,19.1708,30.75,1.6,2026-05-20T20:10:01.46
-155.3743,19.0855,31.41,2.0,2026-05-20T20:15:52.76
-155.3658,19.0933,32.33,1.3,2026-05-20T20:48:56.10
-155.3793,19.0857,31.36,1.4,2026-05-20T21:26:54.56
-155.3848,19.1889,30.05,1.7,2026-05-20T22:01:39.22
-155.3729,19.2029,29.9,0.9,2026-05-20T22:12:29.44
-155.4687,19.1726,28.4,2.0,2026-05-20T22:20:59.20
-155.5953,19.4533,3.78,1.0,2026-05-20T22:40:34.92
-155.4675,19.1711,30.19,1.1,2026-05-20T22:43:37.42
-155.376,19.0843,31.13,1.4,2026-05-20T23:04:13.74
-155.4824,19.186,30.9,1.2,2026-05-20T23:17:44.16
-155.3924,19.26,29.98,0.9,2026-05-20T23:41:33.16
-155.5929,19.4673,5.85,0.8,2026-05-20T23:42:14.96
-155.6012,19.4343,12.12,1.2,2026-05-20T23:42:34.50
-155.3979,19.0372,29.7,2.1,2026-05-20T23:46:27.80
-155.3957,19.2635,29.57,1.2,2026-05-21T00:26:56.50
-155.4411,19.3649,10.27,1.5,2026-05-21T00:29:06.04
-155.444,19.1891,30.81,1.2,2026-05-21T00:31:18.87
-155.3746,19.0852,31.5,2.1,2026-05-21T00:33:28.19
-155.434,19.2459,28.77,1.6,2026-05-21T00:46:14.08
-155.4677,19.1643,29.33,1.3,2026-05-21T02:18:32.51
-155.4582,19.2077,30.19,1.1,2026-05-21T02:18:55.83
-155.3937,19.2625,28.93,1.4,2026-05-21T02:28:35.89
-155.4028,19.2582,29.48,0.8,2026-05-21T02:30:37.64
-155.3982,19.2655,29.39,2.4,2026-05-21T02:37:03.95
-155.3914,19.261,29.3,0.9,2026-05-21T02:43:24.89
-155.3589,19.2842,28.18,1.0,2026-05-21T03:01:28.55
-155.4764,19.1686,32.04,1.3,2026-05-21T03:05:06.45
-155.3537,19.2881,28.52,1.3,2026-05-21T03:06:22.96
-155.4708,19.1733,30.43,0.9,2026-05-21T03:09:56.33
-155.396,19.2517,29.74,1.0,2026-05-21T03:12:12.61
-155.3964,19.2465,29.02,0.9,2026-05-21T03:14:19.18
-155.4676,19.1708,27.14,1.5,2026-05-21T03:23:19.29
-155.4723,19.1758,30.39,1.1,2026-05-21T03:25:14.17
-155.3992,19.2598,29.82,0.9,2026-05-21T03:26:49.54
-155.46,19.1761,33.48,1.1,2026-05-21T03:48:15.69
-155.5967,19.4532,3.66,1.1,2026-05-21T04:17:47.73
-155.4731,19.1714,30.72,1.3,2026-05-21T04:33:57.42
-155.4768,19.1698,30.64,2.3,2026-05-21T04:37:01.88
-155.4813,19.1722,31.51,1.0,2026-05-21T04:45:15.18
-155.3859,19.0756,32.21,2.9,2026-05-21T05:01:54.65
-155.4665,19.1626,29.36,1.1,2026-05-21T05:18:13.97
-155.4599,19.1668,31.23,0.9,2026-05-21T05:22:03.53
-155.3861,19.0738,31.95,2.3,2026-05-21T05:33:02.28
-155.385,19.079,32.38,1.0,2026-05-21T05:49:29.60
-155.619,19.5397,10.79,1.2,2026-05-21T05:53:59.85
-155.3729,19.1488,28.75,2.1,2026-05-21T06:36:49.67
-155.6762,19.5027,7.36,1.4,2026-05-21T07:33:49.31
-155.5024,19.506,5.69,1.3,2026-05-21T07:47:42.55
-155.5991,19.4601,2.68,0.6,2026-05-21T07:59:20.32
-155.4551,19.1931,27.51,1.1,2026-05-21T08:20:51.79
-155.4812,19.2585,12.68,1.4,2026-05-21T09:32:06.84
-155.4939,19.3409,8.99,1.2,2026-05-21T10:07:32.51
-155.4771,19.1185,32.88,1.4,2026-05-21T10:17:55.49
-155.4689,19.1119,29.93,1.4,2026-05-21T10:26:19.97
-155.3761,19.1451,28.25,2.3,2026-05-21T10:30:58.81
-155.5078,19.4793,4.83,1.4,2026-05-21T11:38:25.72
-155.6016,19.4494,3.05,1.4,2026-05-21T11:40:53.68
-155.456,19.1983,27.2,1.1,2026-05-21T11:42:50.33
-155.467,19.1771,29.4,1.2,2026-05-21T11:49:52.62
-155.4608,19.18,28.31,1.1,2026-05-21T11:50:10.97
-155.5919,19.458,2.38,0.9,2026-05-21T11:53:01.29
-155.467,19.1759,27.86,1.1,2026-05-21T11:57:18.95
-155.5277,19.4911,4.26,1.4,2026-05-21T12:09:47.07
-155.3952,19.2609,29.71,1.0,2026-05-21T12:25:58.51
-155.4564,19.1924,27.37,1.1,2026-05-21T12:33:50.73
-155.3891,19.1674,29.73,1.2,2026-05-21T12:34:31.32
-155.4259,19.2739,28.69,1.2,2026-05-21T12:38:05.15
-155.5952,19.4668,5.17,1.2,2026-05-21T13:02:54.39
-155.5981,19.4541,2.35,1.3,2026-05-21T13:53:43.40
-155.4893,19.2714,10.15,1.3,2026-05-21T14:16:41.54
-155.6001,19.4491,3.33,1.2,2026-05-21T14:21:48.53
-155.4051,19.2416,31.86,1.2,2026-05-21T14:30:12.19
-155.6122,19.4145,6.62,1.3,2026-05-21T14:50:08.06
-155.4011,19.2543,29.51,1.0,2026-05-21T14:54:36.98
-155.5197,19.4128,10.27,1.3,2026-05-21T15:01:45.48
-155.2951,19.356,2.18,2.3,2026-05-21T15:58:24.33
-155.4119,19.093,22.12,1.2,2026-05-21T16:42:58.46
-155.3944,19.1552,30.56,1.2,2026-05-21T17:51:23.96
-155.4092,19.2627,29.46,1.4,2026-05-21T17:59:14.46
-155.3794,19.215,31.36,2.0,2026-05-21T18:48:12.78
-155.4075,19.24,31.82,1.1,2026-05-21T19:49:47.60
-155.4484,19.468,7.27,1.5,2026-05-21T19:52:20.08
-155.452,19.2527,31.66,1.7,2026-05-21T20:32:42.98
-155.4618,19.2054,29.67,3.0,2026-05-21T20:53:15.92
-155.3907,19.2337,29.52,2.5,2026-05-22T23:49:05.48
-155.1916,19.3353,29.93,1.6,2026-05-22T21:36:55.28
-155.4756,19.1665,34.84,1.0,2026-05-22T22:22:16.96
-155.473,19.1856,34.28,1.1,2026-05-22T22:52:52.78
-155.3913,19.2494,30.57,1.2,2026-05-22T23:28:05.02
-155.3905,19.2532,30.34,2.3,2026-05-22T23:49:05.60
-155.3938,19.2491,30.6,1.3,2026-05-22T23:51:08.72
-155.3881,19.2517,30.27,1.0,2026-05-23T00:00:30.73
-155.3905,19.2545,30.27,2.1,2026-05-23T00:18:31.27
-155.3908,19.2501,30.26,1.8,2026-05-23T00:58:41.41
-155.616,19.408,6.23,1.7,2026-05-23T01:18:14.00
-155.392,19.2518,30.34,1.4,2026-05-23T01:40:03.68
-155.4576,19.508,6.08,1.3,2026-05-23T01:43:12.04
-155.5865,19.4581,2.82,1.2,2026-05-23T01:51:30.66
-155.4983,19.354,9.67,1.0,2026-05-23T02:12:04.90
-155.5952,19.4742,4.59,0.6,2026-05-23T03:02:44.58
-155.3616,19.2607,6.22,2.3,2026-05-23T03:15:52.67
-155.4947,19.3567,9.91,1.1,2026-05-23T03:18:02.40
-155.5984,19.4513,3.48,0.7,2026-05-23T03:22:37.41
-155.6089,19.4186,3.39,1.8,2026-05-23T03:56:21.54
-155.4849,19.1649,31.03,1.5,2026-05-23T04:02:51.02
-155.4803,19.158,31.3,1.2,2026-05-23T04:08:21.01
-155.4847,19.1638,31.14,1.7,2026-05-23T04:10:11.28
-155.4839,19.1644,31.51,1.1,2026-05-23T04:13:16.86
-155.4718,19.1608,30.06,1.3,2026-05-23T04:14:59.24
-155.4022,19.2362,30.09,1.8,2026-05-23T04:22:22.53
-155.5955,19.4322,5.26,1.1,2026-05-23T04:45:16.59
-155.4571,19.5046,6.78,1.2,2026-05-23T04:50:50.88
-155.4804,19.1641,31.52,1.0,2026-05-23T04:52:03.16
-155.3843,19.2486,29.24,1.0,2026-05-23T05:01:38.40
-155.4867,19.3626,11.28,1.3,2026-05-23T05:02:34.20
-155.6004,19.4498,3.41,1.3,2026-05-23T05:07:25.01
-155.4842,19.1636,31.03,2.1,2026-05-23T05:15:46.95
-155.3932,19.1519,29.74,0.9,2026-05-23T05:20:20.04
-155.247,19.3245,10.3,2.0,2026-05-23T06:12:08.97
-155.4888,19.4383,10.48,1.1,2026-05-23T06:49:40.91
-155.5961,19.4512,4.17,0.9,2026-05-23T07:30:51.79
-155.8509,19.3614,18.23,3.0,2026-05-23T07:52:28.03
-155.8555,19.3442,19.01,2.4,2026-05-23T07:53:05.41
-155.4522,19.1413,29.79,2.0,2026-05-23T07:56:30.73
-155.8445,19.33,20.49,1.6,2026-05-23T07:57:43.04
-155.8507,19.375,17.93,1.3,2026-05-23T07:59:46.15
-155.8438,19.3341,17.42,2.1,2026-05-23T08:01:09.17
-155.8283,19.3508,19.11,1.2,2026-05-23T08:03:42.59
-155.8432,19.3813,16.54,1.5,2026-05-23T08:05:06.92
-155.8575,19.4675,20.65,1.6,2026-05-23T08:05:17.70
-155.435,19.2366,28.92,1.5,2026-05-23T08:05:37.46
-155.8492,19.3581,19.79,2.0,2026-05-23T08:07:11.38
-155.4638,19.1496,31.57,1.5,2026-05-23T08:08:43.02
-155.4941,19.3932,9.58,1.3,2026-05-23T08:09:36.67
-155.8421,19.3607,21.77,1.3,2026-05-23T08:10:42.35
-155.8509,19.3113,18.72,1.9,2026-05-23T08:14:26.26
-155.8604,19.3531,18.53,1.4,2026-05-23T08:16:03.78
-155.847,19.3399,18.41,1.6,2026-05-23T08:16:19.52
-155.8448,19.3339,20.34,1.1,2026-05-23T08:19:18.30
-155.8459,19.3283,21.0,1.8,2026-05-23T08:22:21.54
-155.8492,19.3642,20.25,1.6,2026-05-23T08:25:39.02
-155.8572,19.342,21.02,1.0,2026-05-23T08:26:42.98
-155.4939,19.4006,11.47,1.1,2026-05-23T08:35:29.44
-155.3603,19.265,5.22,1.5,2026-05-23T08:39:23.07
-155.873,19.3717,17.18,1.0,2026-05-23T08:40:04.31
-155.8418,19.3783,19.79,1.9,2026-05-23T08:41:12.57
-155.3848,19.2252,28.99,2.0,2026-05-23T08:44:50.39
-155.8655,19.3744,18.44,2.4,2026-05-23T08:50:43.33
-155.4905,19.4078,11.73,1.1,2026-05-23T08:58:27.60
-155.8526,19.35,17.74,1.2,2026-05-23T09:03:34.63
-155.8653,19.3625,17.89,1.1,2026-05-23T09:06:40.46
-155.8658,19.3857,17.17,1.6,2026-05-23T09:13:26.37
-155.849,19.3868,19.6,1.1,2026-05-23T09:18:30.91
-155.8392,19.3592,20.45,1.5,2026-05-23T09:32:29.56
-155.86,19.3363,19.41,1.2,2026-05-23T09:33:15.70
-155.8743,19.3667,16.57,1.1,2026-05-23T09:33:56.21
-155.8628,19.3923,20.36,1.2,2026-05-23T09:38:54.28
-155.8359,19.385,17.14,1.6,2026-05-23T09:39:16.77
-155.2348,19.3389,28.05,1.5,2026-05-23T09:47:01.62
-155.8617,19.3471,19.6,1.8,2026-05-23T09:54:22.34
-155.8609,19.3656,17.67,1.5,2026-05-23T09:55:26.11
-155.8677,19.4623,21.39,1.3,2026-05-23T09:56:21.09
-155.8699,19.3598,17.96,1.3,2026-05-23T09:58:28.61
-155.8531,19.3554,18.01,1.5,2026-05-23T10:01:35.34
-155.8284,19.3761,19.89,2.4,2026-05-23T10:02:03.44
-155.5307,19.4258,6.06,1.5,2026-05-23T10:03:19.92
-155.8538,19.3831,20.94,1.2,2026-05-23T10:08:41.57
-155.8483,19.3645,18.32,1.1,2026-05-23T10:09:44.64
-155.8411,19.3753,23.9,1.0,2026-05-23T10:13:00.40
-155.85,19.3633,19.76,1.9,2026-05-23T10:17:16.57
-155.8498,19.3332,17.8,1.5,2026-05-23T10:27:38.35
-155.8658,19.3497,17.89,0.7,2026-05-23T10:32:01.95
-155.8218,19.3788,19.1,1.4,2026-05-23T10:34:54.64
-155.8733,19.366,17.11,1.1,2026-05-23T10:36:53.74
-155.4588,19.4669,10.98,2.0,2026-05-23T10:46:52.41
-155.8492,19.3507,16.68,1.3,2026-05-23T10:48:22.65
-155.8496,19.3586,20.56,3.8,2026-05-23T10:56:06.72
-155.8555,19.3414,17.98,1.4,2026-05-23T11:06:53.14
-155.3766,19.226,29.24,1.5,2026-05-23T11:14:07.00
-155.8594,19.3583,20.97,1.5,2026-05-23T11:17:18.72
-155.8531,19.351,19.27,0.8,2026-05-23T11:21:49.44
-155.8687,19.3575,16.47,1.2,2026-05-23T11:22:33.85
-155.3882,19.2919,0.63,1.5,2026-05-23T11:25:23.11
-155.8709,19.3754,16.31,1.2,2026-05-23T11:34:33.00
-155.8678,19.3578,17.4,0.9,2026-05-23T11:42:03.93
-155.8511,19.3686,21.68,0.9,2026-05-23T11:48:05.02
-155.4886,19.1691,29.77,0.9,2026-05-23T11:59:00.27
-155.8549,19.3597,19.03,1.3,2026-05-23T12:01:29.89
-155.832,19.3886,20.84,2.1,2026-05-23T12:05:37.51
-155.8473,19.3682,17.67,2.5,2026-05-23T12:06:41.95
-155.8553,19.3283,17.95,1.1,2026-05-23T12:10:32.34
-155.4014,19.2473,29.57,1.4,2026-05-23T12:12:57.47
-155.3736,19.2651,30.23,0.9,2026-05-23T12:15:23.62
-155.4761,19.2706,11.25,1.3,2026-05-23T12:23:20.47
-155.3872,19.0915,30.71,1.1,2026-05-23T12:31:50.78
-155.8528,19.3873,20.59,2.9,2026-05-23T12:41:01.90
-155.8669,19.3668,16.9,1.5,2026-05-23T12:50:51.85
-155.3888,19.2021,30.25,1.9,2026-05-23T12:58:08.74
-155.3907,19.2516,30.3,3.2,2026-05-23T13:01:29.26
-155.8422,19.3528,18.07,1.5,2026-05-23T13:14:04.76
-155.3877,19.2475,29.92,1.0,2026-05-23T13:23:54.39
-155.3901,19.2513,30.51,0.9,2026-05-23T13:25:54.05
-155.852,19.3191,17.9,1.2,2026-05-23T13:32:23.90
-155.4653,19.1792,27.91,1.3,2026-05-23T13:38:35.87
-155.8699,19.3429,18.68,1.5,2026-05-23T13:42:26.07
-155.3911,19.2464,30.36,1.0,2026-05-23T13:43:50.82
-155.8531,19.3277,18.62,1.2,2026-05-23T13:47:52.27
-155.8391,19.392,20.11,1.2,2026-05-23T13:49:24.28
-155.392,19.2064,30.68,1.3,2026-05-23T13:54:36.94
-155.4665,19.1605,27.32,1.0,2026-05-23T13:56:16.06
-155.838,19.383,19.83,1.3,2026-05-23T13:59:21.45
-155.8192,19.3477,20.13,2.5,2026-05-23T14:02:27.03
-155.3893,19.2503,30.44,1.2,2026-05-23T14:04:39.80
-155.8608,19.3515,19.3,1.3,2026-05-23T14:12:54.03
-155.857,19.3578,18.81,1.0,2026-05-23T14:15:12.23
-155.8747,19.3921,18.45,1.2,2026-05-23T14:24:14.51
-155.6644,19.461,1.49,1.2,2026-05-23T14:43:06.96
-155.8465,19.3744,19.07,1.4,2026-05-23T14:47:55.80
-155.3916,19.2545,30.48,1.5,2026-05-23T14:50:58.79
-155.8511,19.3745,18.23,1.1,2026-05-23T15:22:50.25
-155.8613,19.3643,18.05,1.0,2026-05-23T15:31:08.98
-155.8498,19.328,18.5,1.3,2026-05-23T15:37:04.11
-155.5064,19.489,5.22,1.4,2026-05-23T15:43:34.25
-155.8648,19.3602,20.05,1.0,2026-05-23T15:52:44.95
-155.4884,19.3133,10.08,1.4,2026-05-23T16:01:18.16
-155.8321,19.3754,18.11,1.5,2026-05-23T16:07:08.57
-155.5992,19.4391,3.95,1.6,2026-05-23T16:23:13.88
-155.8554,19.3583,18.26,1.0,2026-05-23T16:29:30.51
-155.4565,19.4906,9.5,1.0,2026-05-23T16:56:47.02
-155.8385,19.3675,17.48,1.2,2026-05-23T17:02:33.48
-155.4459,19.1451,37.13,1.3,2026-05-23T17:20:40.08
-155.8714,19.3625,18.65,1.1,2026-05-23T17:23:19.52
-155.8463,19.36,21.28,1.4,2026-05-23T18:30:40.80
-155.6575,19.484,6.77,1.4,2026-05-23T18:51:25.98
-155.3602,19.2913,29.1,1.1,2026-05-23T19:01:42.48
-155.855,19.3709,18.24,1.2,2026-05-23T19:22:52.30
-155.5801,19.4121,11.48,0.8,2026-05-23T19:39:37.20
-155.6619,19.4044,7.9,1.2,2026-05-24T00:04:04.27
-155.8459,19.3018,22.07,1.2,2026-05-24T00:10:01.72
-155.4718,19.4221,11.14,1.3,2026-05-24T00:35:56.99
-155.3639,19.2588,29.54,1.3,2026-05-24T00:55:55.53
-155.5075,19.4844,4.38,1.6,2026-05-24T01:10:56.26
-155.8527,19.334,19.9,1.0,2026-05-24T01:26:57.20
-155.3908,19.0618,31.23,1.2,2026-05-24T02:42:54.22
-155.8531,19.337,17.25,1.2,2026-05-24T03:01:11.33
-155.3929,19.1478,29.77,1.5,2026-05-24T03:06:00.25
-155.8333,19.3561,18.78,1.5,2026-05-24T03:27:58.09
-155.8563,19.4271,18.45,1.2,2026-05-24T03:33:26.97
-155.4816,19.3719,10.38,0.9,2026-05-24T03:37:36.42
-155.8453,19.3382,21.45,1.7,2026-05-24T03:39:33.80
-155.4765,19.1359,30.35,1.3,2026-05-24T03:45:09.85
-155.8163,19.3486,21.71,0.9,2026-05-24T03:54:11.36
-155.4131,19.246,9.13,1.7,2026-05-24T04:17:57.81
-155.8344,19.3447,22.19,1.8,2026-05-24T04:19:32.90
-155.8518,19.3187,20.04,1.1,2026-05-24T04:27:20.31
-155.8528,19.3284,19.37,1.3,2026-05-24T04:55:05.98
-155.8661,19.3578,19.02,1.4,2026-05-24T05:03:27.79
-155.3872,19.2939,1.54,1.6,2026-05-24T05:36:55.09
-155.4742,19.179,30.8,1.0,2026-05-24T05:41:11.71
-155.8443,19.3604,20.58,2.6,2026-05-24T05:50:05.53
-155.4899,19.2814,10.77,1.3,2026-05-24T06:04:21.50
-155.4738,19.1599,28.45,1.1,2026-05-24T06:37:11.37
-155.8471,19.3257,19.92,1.4,2026-05-24T07:00:34.03
-155.3785,19.1349,28.41,1.5,2026-05-24T07:09:15.33
-155.6031,19.4272,4.34,1.6,2026-05-24T07:15:15.07
-155.4666,19.1839,34.12,0.9,2026-05-24T07:17:27.68
-155.8523,19.3535,19.29,1.1,2026-05-24T07:21:54.73
-155.5085,19.4249,10.41,1.2,2026-05-24T07:37:49.61
-155.4728,19.1676,29.3,1.2,2026-05-24T07:40:23.79
-155.8405,19.3696,17.65,1.1,2026-05-24T07:47:30.10
-155.4968,19.3685,10.12,1.4,2026-05-24T07:58:32.86
-155.8617,19.3618,18.95,1.5,2026-05-24T08:18:46.63
-155.8598,19.3529,19.03,1.2,2026-05-24T08:20:12.26
-155.8458,19.3288,18.53,1.3,2026-05-24T08:24:35.23
-155.4812,19.4376,12.48,1.0,2026-05-24T08:32:13.52
-155.8598,19.3184,18.57,1.0,2026-05-24T09:13:46.68
-155.3992,19.2406,29.84,1.2,2026-05-24T09:26:17.81
-155.4032,19.4093,8.79,0.8,2026-05-24T09:39:01.45
-155.8682,19.3393,17.53,1.0,2026-05-24T09:45:44.74
-155.2917,19.2728,29.31,1.5,2026-05-24T09:58:21.10
-155.8623,19.3232,19.7,1.1,2026-05-24T10:11:23.39
-155.8716,19.3899,20.01,1.5,2026-05-24T10:21:55.98
-155.6047,19.4272,4.1,2.1,2026-05-24T10:24:11.20
-155.3789,19.2596,30.31,1.5,2026-05-24T10:40:58.47
-155.4599,19.1687,32.21,1.4,2026-05-24T10:50:29.81
-155.5281,19.419,7.21,1.6,2026-05-24T10:59:28.61
-155.8456,19.3301,19.34,1.3,2026-05-24T11:06:17.86
-155.3405,19.2816,7.11,1.5,2026-05-24T11:08:37.06
-155.4792,19.1775,30.13,1.3,2026-05-24T11:50:30.81
-155.4917,19.3074,11.54,2.2,2026-05-24T11:52:38.38
-155.4902,19.3031,10.37,1.5,2026-05-24T11:54:00.50
-155.8682,19.3506,20.6,1.0,2026-05-24T11:58:45.23
-155.8544,19.3467,16.61,1.2,2026-05-24T12:02:12.89
-155.6185,19.4102,7.83,1.6,2026-05-24T12:30:12.22
-155.3889,19.2903,0.76,1.6,2026-05-24T12:37:02.73
-155.4695,19.1806,29.54,1.4,2026-05-24T12:53:58.97
-155.8282,19.3673,21.09,1.1,2026-05-24T13:14:51.57
-155.3752,19.2005,29.69,1.7,2026-05-24T13:15:49.78
-155.8788,19.3539,21.34,1.1,2026-05-24T13:18:21.70
-155.4749,19.1654,28.55,1.4,2026-05-24T13:26:10.95
-155.449,19.4696,8.21,1.1,2026-05-24T14:29:12.31
-155.47,19.1825,29.47,1.0,2026-05-24T14:29:18.96
-155.8262,19.3714,23.96,0.8,2026-05-24T14:39:17.53
-155.4813,19.438,12.52,1.2,2026-05-24T14:58:06.31
-155.8616,19.356,20.06,1.4,2026-05-24T15:31:32.78
-155.8414,19.3479,18.91,1.3,2026-05-24T16:02:33.23
-155.8589,19.3552,18.89,1.6,2026-05-24T16:07:30.00
-155.4327,19.1437,28.75,1.5,2026-05-24T16:07:56.31
-155.4425,19.5074,5.92,1.5,2026-05-24T16:08:45.51
-155.4426,19.4763,8.93,1.1,2026-05-24T16:22:12.50
-155.4426,19.1536,29.72,1.0,2026-05-24T16:24:56.26
-155.8499,19.3452,19.35,1.0,2026-05-24T16:50:32.42
-155.8536,19.3564,21.86,1.2,2026-05-24T16:55:04.10
-155.4658,19.1587,30.71,1.5,2026-05-24T17:30:59.92
-155.8433,19.3298,20.68,1.2,2026-05-24T18:02:56.28
-155.5086,19.4824,6.0,1.8,2026-05-24T18:49:10.56
-155.3737,19.269,4.94,1.3,2026-05-24T19:26:54.36
-155.4072,19.2714,26.87,1.5,2026-05-24T19:37:51.52
-155.4494,19.4776,11.17,1.3,2026-05-24T20:11:47.16
-155.3894,19.0634,30.52,1.5,2026-05-24T20:28:08.22
-155.4624,19.1979,29.12,2.0,2026-05-24T20:37:30.76
-155.4321,19.4842,6.06,1.4,2026-05-24T20:39:31.04
-155.4942,19.3584,9.58,1.5,2026-05-24T20:40:41.00
-155.8407,19.3579,21.65,1.2,2026-05-24T20:40:51.24
-155.8749,19.3671,19.73,1.3,2026-05-24T21:08:35.84
-155.2578,19.3249,10.18,1.9,2026-05-24T21:27:57.02
-155.8098,19.3455,19.11,0.9,2026-05-24T22:05:21.68
-155.4034,19.2548,29.36,1.4,2026-05-24T22:21:17.72
-155.438,19.1489,27.85,1.2,2026-05-24T22:44:28.16
-155.3861,19.1986,29.99,2.5,2026-05-24T22:45:49.56
-155.4596,19.2006,27.48,1.5,2026-05-24T22:58:05.16
-155.4143,19.2857,28.74,2.0,2026-05-24T23:16:33.88
-155.4638,19.1973,29.18,1.6,2026-05-24T23:23:45.70
-155.4667,19.1505,29.43,1.0,2026-05-24T23:33:25.16
-155.4737,19.1594,29.39,1.4,2026-05-24T23:44:02.16
-155.4744,19.1604,30.18,1.3,2026-05-25T00:08:36.41
-155.4627,19.1918,33.41,0.9,2026-05-25T00:11:56.58
-155.4513,19.2388,11.15,1.5,2026-05-25T00:24:15.14
-155.8628,19.3393,17.41,1.4,2026-05-25T01:09:17.27
-155.4329,19.3453,8.92,1.9,2026-05-25T01:35:03.37
-155.8703,19.3629,17.98,1.7,2026-05-25T01:52:28.27
-155.4765,19.1627,34.57,1.2,2026-05-25T02:23:30.94
-155.4425,19.4815,8.24,2.6,2026-05-25T02:58:29.43
-155.8524,19.3537,19.28,1.2,2026-05-25T03:39:34.24
-155.5042,19.2299,30.35,1.7,2026-05-25T03:57:42.57
-155.4882,19.5032,5.46,1.0,2026-05-25T04:28:02.22
-155.4752,19.2053,29.97,1.2,2026-05-25T04:38:54.03
-155.3853,19.196,29.86,1.4,2026-05-25T04:41:47.41
-155.3874,19.2442,30.74,0.7,2026-05-25T05:10:42.43
-155.8342,19.352,18.34,1.4,2026-05-25T05:33:24.75
-155.8497,19.3215,21.06,1.2,2026-05-25T05:43:28.50
-155.414,19.0943,22.16,1.0,2026-05-25T06:02:42.50
-155.4558,19.1937,28.22,1.3,2026-05-25T06:05:56.39
-155.848,19.3606,20.28,1.1,2026-05-25T06:08:06.19
-155.4165,19.2875,28.7,1.4,2026-05-25T06:29:16.44
-155.4788,19.4088,10.45,1.0,2026-05-25T06:39:46.25
-155.4995,19.4438,10.28,0.9,2026-05-25T07:45:49.60
-155.4304,19.1241,36.61,1.9,2026-05-25T08:44:37.88
-155.8622,19.4027,19.3,1.0,2026-05-25T09:06:18.00
-155.4746,19.16,29.26,1.4,2026-05-25T09:12:07.27
-155.4691,19.1553,28.14,1.2,2026-05-25T09:34:46.22
-155.4742,19.1589,30.16,1.3,2026-05-25T09:40:55.32
-155.4696,19.1629,28.94,1.2,2026-05-25T09:55:22.81
-155.4353,19.4495,8.09,1.2,2026-05-25T09:57:11.07
-155.3591,19.2605,28.9,1.7,2026-05-25T10:35:56.48
-155.3483,19.2634,28.35,1.0,2026-05-25T10:42:04.99
-155.4584,19.1993,26.55,1.1,2026-05-25T11:15:11.39
-155.494,19.4364,11.13,1.1,2026-05-25T11:22:59.76
-155.4387,19.4609,9.58,1.2,2026-05-25T12:13:21.75
-155.4477,19.1513,30.14,1.2,2026-05-25T12:48:27.83
-155.478,19.1882,29.98,1.1,2026-05-25T14:16:23.00
-155.8686,19.3896,19.36,1.7,2026-05-25T14:20:33.74
-155.4474,19.1531,29.61,1.1,2026-05-25T14:49:15.53
-155.8625,19.3618,19.84,1.0,2026-05-25T15:11:04.87
-155.8519,19.3458,20.65,1.7,2026-05-25T15:23:19.07
-155.4532,19.1945,31.76,1.3,2026-05-25T15:23:37.30
-155.2778,19.2924,10.22,1.6,2026-05-25T15:27:06.30
-155.2351,19.3922,29.74,1.4,2026-05-25T15:39:31.90
-155.6655,19.4932,18.29,1.0,2026-05-25T16:11:12.46
-155.7097,19.462,9.77,1.0,2026-05-25T16:31:06.89
-155.3458,19.286,3.4,1.4,2026-05-25T16:51:15.97
-155.4958,19.3075,10.23,1.2,2026-05-25T17:16:03.52
-155.4238,19.3917,8.86,1.4,2026-05-25T18:02:54.76
-155.4244,19.4833,7.78,1.3,2026-05-25T19:29:05.72
-155.4631,19.1871,33.19,0.9,2026-05-25T20:13:47.52
-155.6059,19.4572,10.78,1.3,2026-05-25T20:15:20.96
-155.6073,19.4584,11.61,1.4,2026-05-25T20:15:48.40
-155.3477,19.1081,20.2,1.3,2026-05-25T21:40:21.00
-155.4282,19.0169,33.18,1.4,2026-05-25T22:20:44.04
-155.4406,19.0306,35.52,1.3,2026-05-25T22:23:08.96
-155.8505,19.3689,17.85,1.3,2026-05-25T23:08:44.00
-155.4474,19.3859,9.65,1.5,2026-05-25T23:16:55.00
-155.4815,19.1852,28.98,2.3,2026-05-25T23:17:54.16
-155.4693,19.1671,29.84,1.2,2026-05-26T00:52:58.07
-155.8506,19.3279,20.08,1.5,2026-05-26T01:15:20.16
-155.4405,19.0321,35.5,1.3,2026-05-26T01:23:34.92
-155.4583,19.2527,32.19,1.4,2026-05-26T02:18:39.42
-155.4888,19.3584,10.36,1.4,2026-05-26T02:46:31.80
-155.6044,19.4202,4.91,1.4,2026-05-26T03:33:33.65
-155.3594,19.2827,6.66,1.5,2026-05-26T03:44:02.75
-155.4801,19.4315,11.11,1.2,2026-05-26T03:57:18.69
-155.4707,19.1755,30.53,1.8,2026-05-26T04:12:08.18
-155.4665,19.1686,28.99,1.1,2026-05-26T04:15:48.44
-155.8498,19.3334,21.31,1.2,2026-05-26T04:29:13.71
-155.4603,19.4355,10.54,1.2,2026-05-26T04:46:03.41
-155.4541,19.4962,6.49,1.5,2026-05-26T05:16:27.89
-155.4897,19.1711,30.85,0.9,2026-05-26T05:27:51.18
-155.4993,19.4966,6.41,1.1,2026-05-26T05:40:49.88
-155.4131,19.169,30.29,1.0,2026-05-26T06:00:15.78
-155.3806,19.138,28.55,2.1,2026-05-26T06:10:15.01
-155.4613,19.1993,29.3,1.4,2026-05-26T06:24:04.66
-155.4467,19.1512,30.17,1.1,2026-05-26T07:33:20.11
-155.3867,19.2554,30.05,1.2,2026-05-26T07:39:51.32
-155.5434,19.3595,10.03,1.0,2026-05-26T08:12:21.34
-155.3578,19.2582,28.56,1.1,2026-05-26T08:34:15.83
-155.418,19.2691,27.55,0.9,2026-05-26T09:00:33.00
-155.541,19.3722,10.22,1.5,2026-05-26T09:03:12.87
-155.847,19.3145,22.05,1.6,2026-05-26T09:03:54.98
-155.5417,19.3702,9.57,1.0,2026-05-26T09:21:04.21
-155.3238,19.2697,6.78,1.8,2026-05-26T10:49:34.78
-155.321,19.2671,6.92,1.6,2026-05-26T11:00:12.60
-155.4608,19.1963,26.57,1.5,2026-05-26T11:02:17.50
-155.8463,19.3433,18.91,1.6,2026-05-26T11:17:44.24
-155.4637,19.1751,28.58,1.0,2026-05-26T11:26:12.07
-155.8564,19.3233,17.71,1.0,2026-05-26T12:01:58.74
-155.844,19.3289,18.43,1.1,2026-05-26T12:02:55.32
-155.4559,19.1946,32.66,1.4,2026-05-26T12:03:01.82
-155.4613,19.5074,6.4,1.0,2026-05-26T12:42:34.78
-155.8483,19.3468,18.55,1.5,2026-05-26T12:53:54.37
-155.4458,19.1572,27.86,1.0,2026-05-26T12:58:56.51
-155.3867,19.2002,30.42,1.2,2026-05-26T13:30:26.93
-155.487,19.3618,11.11,1.3,2026-05-26T13:41:18.17
-155.4931,19.3637,10.06,1.1,2026-05-26T15:38:37.14
-155.4836,19.4976,6.03,1.3,2026-05-26T16:04:33.41
-155.4761,19.1503,35.29,1.9,2026-05-26T16:38:51.08
-155.4723,19.1458,35.28,1.3,2026-05-26T16:41:49.61
-155.4736,19.4988,6.59,1.1,2026-05-26T17:28:49.78
-155.4861,19.1896,30.15,1.0,2026-05-26T17:43:16.96
-155.4739,19.1419,30.97,1.7,2026-05-26T17:48:22.58
-155.4292,19.1565,28.34,1.5,2026-05-26T18:00:27.72
-155.296,19.3567,2.19,2.4,2026-05-26T19:17:21.60
-155.49,19.346,10.13,1.6,2026-05-26T21:42:36.60
-155.4726,19.1495,30.59,1.8,2026-05-26T21:50:33.20
-155.4084,19.242,32.13,0.9,2026-05-26T22:20:31.94
-155.47,19.1862,28.98,1.1,2026-05-26T22:41:31.40
-155.2497,19.338,9.22,2.1,2026-05-27T00:57:45.81
-155.8207,19.3549,21.34,2.5,2026-05-27T01:18:07.62
-155.5112,19.5067,2.16,1.0,2026-05-27T02:13:31.66
-155.4758,19.1721,31.16,2.1,2026-05-27T02:17:23.60
-155.538,19.3741,10.0,1.0,2026-05-27T02:54:55.94
-155.3464,19.2852,6.83,1.1,2026-05-27T03:21:06.73
-155.8677,19.3659,18.85,1.0,2026-05-27T03:21:44.55
-155.4413,19.0263,35.35,1.2,2026-05-27T03:23:14.88
-155.4403,19.1601,29.81,1.0,2026-05-27T03:57:36.19
-155.482,19.416,10.34,1.8,2026-05-27T04:09:11.77
-155.3667,19.2067,29.12,1.9,2026-05-27T04:15:16.83
-155.8531,19.374,18.97,1.3,2026-05-27T05:31:31.89
-155.4288,19.015,33.38,1.5,2026-05-27T05:40:27.94
-155.4688,19.1885,33.94,1.1,2026-05-27T05:50:06.00
-155.8499,19.3541,18.65,0.9,2026-05-27T06:32:52.96
-155.4899,19.3549,9.71,1.1,2026-05-27T06:45:50.43
-155.3773,19.1505,29.42,1.1,2026-05-27T06:54:04.85
-155.4557,19.1924,32.35,0.8,2026-05-27T07:55:50.29
-155.3179,19.3058,29.99,1.6,2026-05-27T08:26:27.30
-155.3783,19.4823,13.01,1.2,2026-05-27T08:43:48.57
-155.3709,19.2164,29.09,1.2,2026-05-27T08:50:05.33
-155.4684,19.3534,9.73,1.1,2026-05-27T09:03:02.13
-155.4646,19.159,30.09,1.0,2026-05-27T09:17:39.95
-155.4621,19.2616,33.48,1.1,2026-05-27T09:18:15.12
-155.4855,19.5049,5.29,1.3,2026-05-27T09:21:09.22
-155.4672,19.1876,30.39,1.2,2026-05-27T09:21:56.37
-155.3988,19.2412,31.41,1.2,2026-05-27T09:28:42.00
-155.4695,19.1795,34.37,0.9,2026-05-27T09:46:10.33
-155.4754,19.3725,9.41,1.4,2026-05-27T10:28:00.12
-155.4749,19.4331,11.16,1.8,2026-05-27T10:36:06.60
-155.3312,19.4081,10.1,1.3,2026-05-27T10:39:43.45
-155.489,19.3857,10.75,0.8,2026-05-27T12:31:43.57
-155.8591,19.3909,19.85,1.1,2026-05-27T12:38:32.09
-155.4739,19.1889,29.12,1.4,2026-05-27T13:02:20.74
-155.4741,19.1646,30.44,1.4,2026-05-27T13:09:05.66
-155.342,19.221,15.77,1.2,2026-05-27T13:14:56.85
-155.7127,19.477,10.47,1.1,2026-05-27T13:33:37.24
-155.6817,19.4908,18.74,1.0,2026-05-27T13:37:28.00
-155.4738,19.1658,30.47,1.2,2026-05-27T13:42:05.49
-155.4369,19.3034,8.58,1.1,2026-05-27T14:28:14.99
-155.4743,19.1888,29.21,1.4,2026-05-27T14:33:24.67
-155.4472,19.4678,7.56,1.3,2026-05-27T14:35:03.15
-155.4745,19.1708,34.81,1.1,2026-05-27T14:37:10.87
-155.4746,19.1893,29.23,1.5,2026-05-27T14:38:49.22
-155.4774,19.1841,29.76,0.8,2026-05-27T14:43:24.62
-155.4656,19.4941,8.63,2.2,2026-05-27T14:51:28.18
-155.467,19.4959,6.51,1.4,2026-05-27T14:55:11.24
-155.4694,19.4975,6.76,0.9,2026-05-27T14:58:07.57
-155.4899,19.3652,9.22,1.6,2026-05-27T15:03:43.38
-155.4391,19.3889,9.3,2.6,2026-05-27T15:04:19.74
-155.3881,19.197,30.28,1.2,2026-05-27T15:05:49.10
-155.4389,19.3897,9.21,2.3,2026-05-27T15:08:21.00
-155.4877,19.3601,9.83,1.0,2026-05-27T15:20:34.06
-155.4346,19.3039,8.69,1.4,2026-05-27T15:22:55.92
-155.3845,19.0709,31.58,0.9,2026-05-27T15:33:43.74
-155.3856,19.1976,29.88,1.6,2026-05-27T15:48:50.84
-155.5745,19.47,3.86,1.6,2026-05-27T16:18:46.25
-155.4016,19.2727,27.74,0.8,2026-05-27T16:41:51.25
-155.2592,19.3403,10.48,1.6,2026-05-27T16:46:03.36
-155.4755,19.1737,34.53,1.2,2026-05-27T16:52:18.04
-155.4753,19.1861,30.09,0.9,2026-05-27T17:13:53.80
-155.4593,19.1789,28.62,1.1,2026-05-27T17:26:54.84
-155.462,19.1556,28.95,1.2,2026-05-27T17:58:57.00
-155.4052,19.254,29.92,1.6,2026-05-27T18:26:43.80
-155.4057,19.256,29.98,1.1,2026-05-27T18:28:05.66
-155.4746,19.1885,29.36,1.2,2026-05-27T18:33:26.28
-155.4713,19.1854,34.21,1.2,2026-05-27T19:20:25.28
-155.4687,19.1794,27.9,1.2,2026-05-27T19:21:56.72
-155.4934,19.3883,9.98,1.2,2026-05-27T19:31:15.78
-155.8513,19.3813,20.53,1.4,2026-05-27T19:38:03.88
-155.4747,19.1876,29.2,1.6,2026-05-27T19:40:24.96
-155.3806,19.2183,29.61,1.1,2026-05-27T19:43:59.44
-155.3799,19.1897,29.07,1.3,2026-05-27T19:54:34.72
-155.4825,19.3134,12.48,1.2,2026-05-27T19:57:05.28
-155.4795,19.1865,29.88,0.9,2026-05-27T20:37:14.12
-155.3241,19.0983,17.86,1.4,2026-05-27T21:41:15.74
-155.4047,19.2461,29.64,1.6,2026-05-27T22:02:34.38
-155.372,19.2381,29.7,1.4,2026-05-27T22:52:41.88
-155.4745,19.1852,30.75,1.5,2026-05-28T00:51:30.59
-155.4611,19.1934,32.56,1.2,2026-05-28T02:18:42.03
-155.4638,19.1648,26.8,1.1,2026-05-28T02:57:04.37
-155.4059,19.2629,4.37,1.7,2026-05-28T03:12:31.78
-155.4748,19.1893,29.1,1.6,2026-05-28T03:13:02.60
-155.4579,19.2033,27.3,1.1,2026-05-28T03:46:02.88
-155.4694,19.1721,28.55,1.7,2026-05-28T04:13:47.05
-155.4795,19.1548,30.69,1.3,2026-05-28T04:47:21.70
-155.36,19.2254,29.22,2.1,2026-05-28T07:05:24.39
-155.8414,19.3304,21.32,1.2,2026-05-28T07:06:57.90
-155.5497,19.4824,4.1,0.8,2026-05-28T07:13:22.93
-155.4974,19.4437,10.56,1.1,2026-05-28T07:38:03.11
-155.4931,19.3689,9.87,1.2,2026-05-28T07:57:23.23
-155.2464,19.3427,10.1,1.5,2026-05-28T07:59:50.15
-155.4674,19.1678,29.43,1.3,2026-05-28T08:19:08.30
-155.466,19.1582,27.58,1.3,2026-05-28T08:41:31.87
-155.4732,19.1644,29.46,1.8,2026-05-28T08:45:12.03
-155.4608,19.1691,26.93,1.3,2026-05-28T09:10:51.73
-155.4734,19.4184,11.88,0.8,2026-05-28T10:06:52.20
-155.4019,19.2571,29.81,0.9,2026-05-28T10:38:54.11
-155.4014,19.2525,29.66,1.0,2026-05-28T10:40:06.22
-155.8613,19.4146,15.29,0.9,2026-05-28T10:40:34.91
-155.4043,19.2544,29.81,1.6,2026-05-28T10:40:57.29
-155.403,19.2548,29.8,2.5,2026-05-28T10:43:11.24
-155.2261,19.3147,13.5,2.5,2026-05-28T10:56:18.71
-155.4025,19.2535,29.69,0.9,2026-05-28T10:59:18.20
-155.2291,19.3114,13.31,2.1,2026-05-28T11:02:31.54
-155.4716,19.1815,29.55,1.0,2026-05-28T11:38:27.74
-155.2346,19.3877,30.89,1.4,2026-05-28T11:40:22.18
-155.2477,19.3449,28.65,1.3,2026-05-28T11:46:05.34
-155.381,19.432,9.0,1.4,2026-05-28T11:58:57.23
-155.4666,19.1681,28.35,1.4,2026-05-28T12:11:23.83
-155.4769,19.1773,30.4,1.0,2026-05-28T12:17:46.36
-155.4482,19.2306,30.6,1.5,2026-05-28T12:46:52.05
-155.226,19.3143,13.22,2.0,2026-05-28T12:47:17.83
-155.6368,19.428,6.89,1.4,2026-05-28T13:14:05.39
-155.436,19.215,32.33,1.2,2026-05-28T13:25:02.93
-155.4939,19.3598,10.18,0.9,2026-05-28T13:50:44.18
-155.3805,19.0729,31.61,1.9,2026-05-28T14:01:44.89
-155.6564,19.4856,5.86,1.0,2026-05-28T14:26:32.03
-155.3823,19.0778,31.75,1.0,2026-05-28T14:27:59.82
-155.3812,19.0741,31.65,1.7,2026-05-28T14:48:15.71
-155.4716,19.178,28.48,1.3,2026-05-28T14:55:18.07
-155.3184,19.3023,29.77,1.1,2026-05-28T15:10:42.14
-155.5381,19.3716,9.93,1.4,2026-05-28T15:17:25.23
-155.4176,19.2272,32.39,1.2,2026-05-28T15:23:39.14
-155.4739,19.1876,29.21,1.5,2026-05-28T15:58:34.38
-155.475,19.1893,29.23,1.4,2026-05-28T15:59:04.34
-155.4748,19.188,29.11,1.5,2026-05-28T16:11:52.94
-155.2411,19.2968,11.96,1.4,2026-05-28T16:21:09.68
-155.595,19.4553,4.29,0.7,2026-05-28T17:06:32.28
-155.5845,19.4733,3.26,1.8,2026-05-28T17:18:12.32
-155.4798,19.1878,30.41,0.8,2026-05-28T17:21:46.40
-155.4633,19.1701,27.62,1.0,2026-05-28T17:57:56.56
-155.2786,19.3961,2.9,2.3,2026-05-28T18:57:51.84
-155.4695,19.1481,29.14,1.3,2026-05-28T19:08:04.28
-155.4743,19.5067,6.35,1.3,2026-05-28T19:11:18.44
-155.379,19.1082,31.58,1.6,2026-05-28T19:12:05.52
-155.548,19.2837,12.47,1.4,2026-05-29T00:29:43.10
-155.4866,19.3604,10.78,1.3,2026-05-29T00:32:15.32
-155.4837,19.1564,30.84,1.5,2026-05-29T00:41:02.61
-155.4677,19.1698,27.18,1.3,2026-05-29T01:02:16.22
-155.4636,19.1785,28.43,0.7,2026-05-29T02:14:20.32
-155.4008,19.2529,4.3,2.2,2026-05-29T02:32:56.27
-155.4022,19.247,30.09,1.1,2026-05-29T02:38:12.54
-155.4751,19.217,12.12,1.1,2026-05-29T03:39:49.30
-155.4747,19.3975,9.89,0.6,2026-05-29T03:43:43.37
-155.4474,19.1553,30.36,0.8,2026-05-29T03:59:26.68
-155.3969,19.4138,8.71,1.5,2026-05-29T04:26:59.91
-155.4764,19.1897,29.23,1.2,2026-05-29T05:07:36.63
-155.474,19.1857,28.96,1.1,2026-05-29T05:08:36.75
-155.4635,19.1675,27.94,1.1,2026-05-29T05:08:49.32
-155.4711,19.1689,28.92,1.0,2026-05-29T05:14:53.28
-155.4759,19.1793,29.2,1.3,2026-05-29T05:17:40.53
-155.8506,19.44,17.48,1.3,2026-05-29T05:50:26.93
-155.4594,19.1893,27.56,1.2,2026-05-29T05:50:55.45
-155.4127,19.284,28.52,1.2,2026-05-29T06:25:26.76
-155.4412,19.14,29.64,1.0,2026-05-29T06:30:15.59
-155.4051,19.447,8.22,1.8,2026-05-29T06:34:32.81
-155.4444,19.4713,8.71,1.1,2026-05-29T07:21:40.51
-155.4744,19.1878,28.58,1.4,2026-05-29T07:31:09.01
-155.4716,19.1767,34.59,1.1,2026-05-29T07:34:08.30
-155.4753,19.1877,29.25,1.3,2026-05-29T07:36:29.32
-155.4698,19.1911,29.15,0.9,2026-05-29T07:44:12.00
-155.4479,19.4804,8.09,1.6,2026-05-29T07:45:19.29
-155.4767,19.1887,29.27,1.3,2026-05-29T07:49:06.66
-155.7284,19.5628,14.65,1.0,2026-05-29T07:55:28.17
-155.3683,19.2355,29.84,1.4,2026-05-29T07:57:07.32
-155.4339,19.14,27.76,1.2,2026-05-29T08:19:51.73
-155.4171,19.3431,8.78,1.7,2026-05-29T09:15:36.07
-155.4469,19.1646,29.93,1.0,2026-05-29T09:21:38.52
-155.4417,19.4354,8.72,1.0,2026-05-29T09:25:07.24
-155.6783,19.5046,7.1,1.2,2026-05-29T09:30:11.36
-155.5865,19.4563,3.44,0.9,2026-05-29T09:41:36.67
-155.4649,19.1752,28.62,1.3,2026-05-29T10:37:14.06
-155.4595,19.2153,29.38,2.2,2026-05-29T11:35:13.89
-155.4561,19.2033,30.23,0.9,2026-05-29T11:45:29.57
-155.382,19.2144,30.82,1.4,2026-05-29T12:00:25.67
-155.3853,19.2935,2.4,1.4,2026-05-29T12:07:48.61
-155.2641,19.3297,8.98,1.7,2026-05-29T12:56:21.51
-155.3375,19.2855,7.1,1.2,2026-05-29T12:57:54.88
-155.397,19.3606,9.85,1.4,2026-05-29T13:07:30.44
-155.4655,19.1965,30.13,1.2,2026-05-29T13:47:56.88
-155.4832,19.142,32.53,1.3,2026-05-29T13:59:35.16
-155.365,19.2029,29.17,1.1,2026-05-29T14:14:31.25
-155.3962,19.1565,30.1,1.1,2026-05-29T14:20:53.37
-155.8644,19.3557,18.56,1.0,2026-05-29T14:24:56.91
-155.2363,19.3145,29.54,1.1,2026-05-29T15:02:24.24
-155.4188,19.2645,27.02,1.2,2026-05-29T15:46:47.40
-155.3889,19.1518,29.2,1.2,2026-05-29T16:38:41.16
-155.8346,19.3513,18.07,1.1,2026-05-29T16:51:11.08
-155.3915,19.1754,29.41,1.1,2026-05-29T16:54:13.60
-155.3795,19.2422,29.3,1.4,2026-05-29T17:08:33.48
-155.275,19.3877,4.14,2.8,2026-05-29T17:21:50.44
-155.3832,19.2144,31.49,1.3,2026-05-29T17:22:00.76
-155.8517,19.4148,15.62,0.7,2026-05-29T17:30:42.02
-155.3793,19.243,29.89,1.7,2026-05-29T17:32:19.24
-155.4722,19.1786,28.48,1.2,2026-05-29T17:57:04.08
-155.4328,19.4744,10.79,1.2,2026-05-29T18:03:34.88
-155.4763,19.1664,29.76,1.0,2026-05-29T18:15:25.12
-155.4746,19.1905,29.12,1.4,2026-05-29T18:19:02.72
-155.4684,19.1809,27.51,1.2,2026-05-29T18:26:52.36
-155.3808,19.0755,31.95,1.5,2026-05-29T18:30:20.78
-155.375,19.1466,27.94,1.2,2026-05-29T19:01:12.88
-155.8423,19.3556,20.63,2.4,2026-05-29T19:17:02.76
-155.4068,19.2629,29.92,1.1,2026-05-29T19:32:02.76
-155.2393,19.3098,29.6,1.2,2026-05-29T19:34:59.88
-155.8487,19.3597,16.46,1.3,2026-05-29T20:00:57.54
-155.3644,19.2687,28.63,1.0,2026-05-29T20:02:01.28
-155.3857,19.2011,30.5,1.2,2026-05-29T20:32:59.64
-155.4596,19.2015,29.4,1.5,2026-05-29T20:44:14.18
-155.4703,19.439,12.04,1.0,2026-05-29T20:58:32.44
-155.4404,19.4677,8.15,0.8,2026-05-29T21:00:41.68
-155.3977,19.0694,20.82,1.2,2026-05-29T21:18:31.32
-155.378,19.2567,31.45,2.4,2026-05-29T21:21:28.64
-155.4115,19.2424,32.34,1.4,2026-05-29T23:03:20.70
-155.6029,19.418,5.88,1.2,2026-05-29T23:06:09.32
-155.4957,19.3608,9.74,1.3,2026-05-29T23:34:03.56
-155.4678,19.215,29.89,1.1,2026-05-29T23:38:12.40
-155.4137,19.2565,27.95,1.3,2026-05-30T00:09:37.47
-155.4881,19.4284,13.12,0.4,2026-05-30T00:33:17.72
-155.4748,19.186,29.17,1.1,2026-05-30T00:40:18.03
-155.3629,19.0017,17.95,1.6,2026-05-30T01:10:29.18
-155.2655,19.3768,4.05,2.3,2026-05-30T01:34:21.56
-155.3774,19.1478,28.36,1.5,2026-05-30T02:28:34.16
-155.471,19.4263,10.69,1.1,2026-05-30T02:40:21.06
-155.3434,19.2898,4.22,1.4,2026-05-30T02:42:00.04
-155.3946,19.2534,29.87,0.8,2026-05-30T03:03:46.13
-155.506,19.4686,5.55,1.5,2026-05-30T03:57:58.34
-155.4801,19.387,10.01,1.3,2026-05-30T04:17:52.29
-155.4844,19.4241,10.62,1.0,2026-05-30T04:35:16.51
-155.5016,19.399,11.19,0.9,2026-05-30T05:34:31.45
-155.5127,19.4933,4.99,1.4,2026-05-30T05:57:09.13
-155.4591,19.2168,26.84,1.1,2026-05-30T06:17:14.47
-155.4034,19.2595,29.53,1.0,2026-05-30T06:29:48.62
-155.4735,19.1886,28.87,1.4,2026-05-30T06:38:55.55
-155.4054,19.1495,30.27,1.1,2026-05-30T07:04:42.15
-155.4002,19.2377,31.18,1.2,2026-05-30T07:39:57.81
-155.3973,19.2441,31.11,1.3,2026-05-30T08:36:04.20
-155.4546,19.4614,10.23,0.9,2026-05-30T08:54:49.88
-155.2482,19.3468,28.2,1.2,2026-05-30T09:13:56.15
-155.4028,19.2548,30.24,0.8,2026-05-30T09:17:20.51
-155.44,19.1133,23.06,1.1,2026-05-30T10:07:39.18
-155.5141,19.4832,3.83,1.3,2026-05-30T10:21:54.02
-155.516,19.4852,3.78,1.6,2026-05-30T10:25:17.64
-155.8493,19.3506,16.91,0.8,2026-05-30T10:33:41.65
-155.4752,19.1805,29.81,0.9,2026-05-30T10:48:27.48
-155.4468,19.4516,9.23,1.2,2026-05-30T11:10:09.95
-155.4818,19.2825,6.95,1.4,2026-05-30T11:46:00.03
-155.6064,19.4249,3.54,1.5,2026-05-30T11:52:24.79
-155.3857,19.4545,10.91,1.6,2026-05-30T11:58:15.60
-155.47,19.2922,11.65,1.4,2026-05-30T12:22:15.18
-155.5709,19.4988,4.51,1.3,2026-05-30T12:29:18.95
-155.4062,19.4325,7.59,1.4,2026-05-30T13:21:16.64
-155.3864,19.1405,29.37,1.2,2026-05-30T13:22:00.70
-155.4684,19.487,7.09,1.7,2026-05-30T14:33:51.53
-155.4681,19.4873,7.05,1.7,2026-05-30T14:34:09.15
-155.4852,19.3547,9.46,1.4,2026-05-30T15:11:18.60
-155.5357,19.3839,2.92,1.4,2026-05-30T15:17:23.97
-155.8665,19.3235,16.92,0.9,2026-05-30T15:23:08.54
-155.475,19.414,10.24,1.0,2026-05-30T15:35:31.01
-155.4461,19.2375,32.19,1.0,2026-05-30T16:25:42.56
-155.4624,19.199,29.39,1.3,2026-05-30T16:27:10.95
-155.4632,19.2013,29.53,1.1,2026-05-30T16:29:45.50
-155.8758,19.3969,20.43,1.1,2026-05-30T16:37:10.61
-155.4269,19.2687,29.74,1.2,2026-05-30T16:38:24.58
-155.394,19.2414,28.7,0.9,2026-05-30T16:54:26.07
-155.4845,19.4252,11.71,1.3,2026-05-30T17:55:24.44
-155.4701,19.185,29.61,1.4,2026-05-30T19:21:04.34
-155.8474,19.3616,21.4,1.4,2026-05-30T19:29:06.00
-155.4105,19.2453,31.35,1.4,2026-05-30T19:32:38.72
-155.5458,19.4825,3.55,1.7,2026-05-30T19:46:59.50
-155.5042,19.453,7.18,1.9,2026-05-30T19:49:30.48
-155.4737,19.1645,29.47,2.4,2026-05-30T20:33:02.56
-155.4677,19.1515,28.23,1.2,2026-05-30T20:35:49.76
-155.4726,19.1635,29.46,1.5,2026-05-30T20:37:50.34
-155.4198,19.1571,30.36,1.1,2026-05-30T20:50:12.14
-155.5052,19.4941,5.5,1.1,2026-05-30T21:08:41.82
-155.4614,19.1984,29.38,0.7,2026-05-30T21:37:38.40
-155.267,19.3177,9.11,2.3,2026-05-30T22:43:18.96
-155.4361,19.3199,8.9,1.4,2026-05-30T22:55:11.80
-155.4677,19.1544,28.51,1.2,2026-05-30T23:39:49.86
-155.4635,19.1583,28.16,1.3,2026-05-31T00:16:50.08
-155.386,19.2014,30.48,1.3,2026-05-31T00:57:11.32
-155.2693,19.3199,9.21,2.2,2026-05-31T01:00:47.56
-155.3466,19.2974,20.38,1.3,2026-05-31T01:00:48.47
-155.7869,19.4505,26.61,0.9,2026-05-31T01:05:04.20
-155.4726,19.1604,29.72,1.2,2026-05-31T01:41:51.79
-155.482,19.1636,31.47,1.3,2026-05-31T02:01:25.74
-155.3822,19.1914,29.72,1.0,2026-05-31T02:13:32.52
-155.4044,19.273,29.62,0.6,2026-05-31T02:44:18.82
-155.3868,19.2012,30.18,2.4,2026-05-31T03:35:17.49
-155.4085,19.0826,20.91,1.1,2026-05-31T04:06:24.17
-155.5062,19.468,6.01,1.4,2026-05-31T04:16:10.24
-155.3906,19.0665,31.25,1.2,2026-05-31T04:24:40.27
-155.4588,19.2182,27.12,1.1,2026-05-31T05:01:25.16
-155.415,19.2729,29.16,0.8,2026-05-31T05:44:02.59
-155.4098,19.4259,7.65,1.5,2026-05-31T05:57:11.75
-155.4652,19.1754,28.28,0.9,2026-05-31T06:03:52.10
-155.4687,19.1648,29.6,1.0,2026-05-31T06:42:42.05
-155.3838,19.0686,31.2,1.1,2026-05-31T06:48:56.93
-155.481,19.4079,10.62,1.4,2026-05-31T06:50:00.75
-155.4407,19.2474,30.49,0.9,2026-05-31T07:25:26.15
-155.4399,19.499,8.16,1.3,2026-05-31T07:26:32.10
-155.4509,19.4875,8.32,1.1,2026-05-31T07:26:32.24
-155.3908,19.079,31.59,2.1,2026-05-31T07:27:10.34
-155.4389,19.2486,6.89,1.2,2026-05-31T07:30:30.51
-155.3878,19.2029,30.42,1.5,2026-05-31T07:56:13.68
-155.4666,19.1539,31.65,1.0,2026-05-31T09:34:54.08
-155.443,19.2508,10.41,1.4,2026-05-31T09:44:57.01
-155.4752,19.1508,33.37,1.0,2026-05-31T09:50:03.70
-155.3959,19.2389,31.14,1.6,2026-05-31T10:05:55.86
-155.3973,19.2394,31.14,1.3,2026-05-31T10:06:54.49
-155.3972,19.2399,30.91,1.0,2026-05-31T10:08:18.49
-155.4066,19.3026,29.3,1.2,2026-05-31T10:10:38.64
-155.3956,19.2395,30.72,1.1,2026-05-31T10:15:29.15
-155.3976,19.2389,31.41,0.7,2026-05-31T10:18:03.52
-155.3855,19.1923,30.11,1.0,2026-05-31T10:32:16.74
-155.3981,19.239,31.2,0.7,2026-05-31T11:06:57.03
-155.3797,19.2448,30.96,1.4,2026-05-31T11:23:10.59
-155.4011,19.2497,32.22,1.1,2026-05-31T11:27:49.81
-155.4291,19.2262,30.31,1.1,2026-05-31T12:02:21.15
-155.3873,19.1897,30.09,1.4,2026-05-31T12:14:27.77
-155.4325,19.1398,27.45,1.1,2026-05-31T12:24:39.72
-155.6036,19.4242,4.67,1.5,2026-05-31T12:37:58.95
-155.4624,19.2499,31.44,1.1,2026-05-31T12:45:06.72
-155.4866,19.3693,10.0,1.4,2026-05-31T12:58:51.51
-155.4685,19.4358,11.02,1.0,2026-05-31T13:57:20.02
-155.4014,19.2549,30.41,1.3,2026-05-31T14:05:44.09
-155.4886,19.1553,31.09,1.6,2026-05-31T14:10:45.54
-155.3956,19.2419,30.92,1.0,2026-05-31T15:06:30.01
-155.551,19.4765,3.15,0.8,2026-05-31T15:18:44.33
-155.395,19.2527,30.71,1.0,2026-05-31T15:34:11.74
-155.5473,19.4063,2.78,1.0,2026-05-31T15:46:18.54
-155.4686,19.4175,10.31,1.0,2026-05-31T16:05:48.40
-155.5031,19.5061,3.2,1.9,2026-05-31T16:19:41.44
-155.5012,19.504,3.19,1.3,2026-05-31T16:20:18.81
-155.4009,19.2373,31.45,1.2,2026-05-31T17:29:58.44
-155.4696,19.1683,29.17,1.1,2026-05-31T17:45:53.08
-155.3809,19.2783,33.56,1.1,2026-05-31T17:56:42.68
-155.419,19.2602,28.93,1.3,2026-05-31T18:04:30.76
-155.3807,19.2597,6.58,1.6,2026-05-31T18:11:48.60
-155.2481,19.3521,11.56,1.5,2026-05-31T18:16:22.04
-155.2567,19.4079,4.38,2.3,2026-05-31T18:23:38.86
-155.4805,19.4093,10.96,0.8,2026-05-31T18:30:35.56
-155.4357,19.4695,7.37,1.5,2026-05-31T19:04:38.22
-155.4009,19.2484,29.56,0.9,2026-05-31T19:27:09.60
-155.3352,19.4118,8.06,1.3,2026-05-31T19:46:54.80
-155.4386,19.2363,31.3,1.2,2026-05-31T19:53:59.56
-155.4727,19.1616,29.67,1.3,2026-05-31T20:04:53.00
-155.5057,19.5001,3.54,1.4,2026-05-31T20:45:02.76
-155.2611,19.3467,11.16,1.8,2026-05-31T22:06:57.20
-155.4043,19.2431,29.66,2.2,2026-05-31T22:27:08.58
-155.361,19.0876,33.99,1.9,2026-05-31T23:17:23.98
-155.3868,19.2032,30.25,1.5,2026-05-31T23:39:00.14
-155.3877,19.2132,31.17,1.1,2026-05-31T23:39:00.28
-155.3795,19.1224,28.72,1.4,2026-05-31T23:43:27.74
-155.258,19.3192,10.6,1.7,2026-05-31T23:53:40.64
-155.3639,19.2003,29.12,1.3,2026-06-01T00:45:13.54
-155.8084,19.467,27.53,1.1,2026-06-01T01:25:06.91
-155.661,19.4129,7.84,1.2,2026-06-01T02:05:55.81
-155.3624,19.231,30.36,0.8,2026-06-01T02:09:16.26
-155.6029,19.4574,11.02,1.4,2026-06-01T03:04:00.95
-155.3819,19.2472,30.28,1.4,2026-06-01T03:41:45.39
-155.4704,19.1624,28.27,1.2,2026-06-01T04:37:41.88
-155.3941,19.0993,31.18,2.3,2026-06-01T04:46:31.82
-155.4355,19.3432,9.33,1.0,2026-06-01T05:26:54.18
-155.4282,19.2482,31.55,1.0,2026-06-01T05:28:25.02
-155.4338,19.3412,9.3,1.1,2026-06-01T05:41:28.81
-155.3906,19.0949,31.06,1.7,2026-06-01T06:08:03.35
-155.6183,19.533,10.85,1.4,2026-06-01T06:27:01.00
-155.3658,19.2726,5.63,1.2,2026-06-01T06:37:48.45
-155.4338,19.2647,29.97,1.5,2026-06-01T07:21:32.51
-155.8563,19.3942,21.31,2.0,2026-06-01T08:15:29.38
-155.3804,19.19,29.84,0.9,2026-06-01T08:22:44.68
-155.6124,19.5534,17.34,1.5,2026-06-01T08:57:21.71
-155.6245,19.4884,6.19,1.1,2026-06-01T10:25:37.35
-155.4055,19.2345,31.69,1.1,2026-06-01T10:35:06.31
-155.6244,19.4923,6.25,1.6,2026-06-01T10:38:14.27
-155.6252,19.4927,6.33,1.2,2026-06-01T11:04:51.64
-155.3848,19.1951,29.63,1.7,2026-06-01T11:13:03.18
-155.3903,19.0955,31.29,1.0,2026-06-01T11:35:15.44
-155.458,19.1656,27.91,1.1,2026-06-01T11:36:17.79
-155.6241,19.4951,6.25,1.1,2026-06-01T11:36:36.39
-155.4806,19.1781,30.24,1.4,2026-06-01T11:37:26.57
-155.8564,19.3466,19.71,0.8,2026-06-01T11:43:32.78
-155.3846,19.2894,2.75,1.6,2026-06-01T11:47:48.85
-155.4162,19.3967,7.99,1.3,2026-06-01T12:29:54.89
-155.4741,19.1827,30.03,1.0,2026-06-01T12:45:43.82
-155.5063,19.4844,4.98,1.2,2026-06-01T12:47:25.45
-155.3905,19.2561,29.93,1.5,2026-06-01T14:07:38.44
-155.3879,19.2548,29.99,1.2,2026-06-01T14:11:27.76
-155.6251,19.4962,6.15,1.2,2026-06-01T14:45:55.29
-155.477,19.1739,31.18,1.7,2026-06-01T14:49:20.94
-155.4813,19.2333,11.37,1.7,2026-06-01T15:02:55.95
-155.467,19.1869,32.92,1.3,2026-06-01T15:15:54.97
-155.4469,19.1517,30.38,1.5,2026-06-01T15:37:19.38
-155.8431,19.3544,18.12,1.4,2026-06-01T15:43:42.89
-155.4753,19.4211,10.75,1.3,2026-06-01T15:51:51.76
-155.6245,19.4929,6.34,1.3,2026-06-01T18:07:55.08
-155.48,19.1538,31.26,1.4,2026-06-01T18:47:51.32
-155.454,19.1843,31.39,0.9,2026-06-01T19:12:23.76
-155.4756,19.1773,28.74,1.3,2026-06-01T20:59:33.92
-155.2418,19.4055,4.76,3.7,2026-06-01T23:33:29.00
-155.3909,19.2531,30.92,1.3,2026-06-01T23:36:47.40
-155.3382,19.2275,18.14,1.1,2026-06-01T23:42:49.06
-155.4547,19.1967,31.92,1.3,2026-06-01T23:46:00.68
-155.3809,19.2494,30.39,0.9,2026-06-02T00:02:32.61
-155.4698,19.4971,7.27,1.6,2026-06-02T00:30:28.66
-155.3815,19.1453,28.8,1.4,2026-06-02T00:43:07.69
-155.4893,19.3704,9.8,1.0,2026-06-02T01:15:54.31
-155.6659,19.4122,9.49,1.1,2026-06-02T01:51:16.56
-155.2457,19.342,10.09,1.6,2026-06-02T02:16:35.41
-155.3862,19.0727,31.87,1.1,2026-06-02T02:40:39.80
-155.2447,19.4076,4.67,2.8,2026-06-02T02:42:19.20
-155.4769,19.1813,29.55,1.8,2026-06-02T03:33:52.22
-155.4831,19.4518,11.12,1.6,2026-06-02T03:45:31.74
-155.4669,19.4165,10.07,1.1,2026-06-02T03:48:39.84
-155.455,19.5098,7.09,1.1,2026-06-02T04:11:47.04
-155.4678,19.1755,29.23,1.2,2026-06-02T04:34:11.72
-155.4659,19.1801,29.64,1.6,2026-06-02T04:34:37.54
-155.3367,19.0902,16.91,1.1,2026-06-02T04:35:45.98
-155.4708,19.1689,28.87,1.0,2026-06-02T04:48:25.82
-155.4052,19.2755,29.49,0.8,2026-06-02T04:58:32.64
-155.4255,19.1213,23.94,1.3,2026-06-02T05:03:56.73
-155.3803,19.2055,30.99,1.3,2026-06-02T05:27:48.73
-155.474,19.4012,9.79,0.9,2026-06-02T05:46:25.62
-155.4786,19.1662,30.39,1.4,2026-06-02T06:43:48.17
-155.3974,19.1246,30.38,1.1,2026-06-02T07:13:46.64
-155.416,19.386,8.94,1.4,2026-06-02T07:38:57.04
-155.4571,19.4869,9.0,1.1,2026-06-02T07:48:01.25
-155.4195,19.4684,9.58,1.8,2026-06-02T08:05:48.10
-155.2702,19.3794,4.06,0.9,2026-06-02T08:44:57.45
-155.3854,19.1997,30.17,1.5,2026-06-02T08:46:35.31
-155.3819,19.1979,30.54,1.2,2026-06-02T08:49:27.29
-155.4462,19.1519,29.33,1.3,2026-06-02T09:14:41.63
-155.4923,19.4148,10.12,1.2,2026-06-02T10:07:51.32
-155.3922,19.2563,30.12,1.1,2026-06-02T10:34:19.22
-155.3891,19.2569,30.42,1.2,2026-06-02T10:38:50.04
-155.3927,19.2458,29.8,1.0,2026-06-02T10:40:43.97
-155.4812,19.1559,29.43,1.8,2026-06-02T10:50:01.90
-155.4897,19.493,5.83,1.5,2026-06-02T11:28:55.65
-155.4515,19.4503,9.58,1.3,2026-06-02T12:14:35.94
-155.4714,19.4111,10.47,1.3,2026-06-02T12:21:24.89
-155.4497,19.1549,30.07,1.7,2026-06-02T12:56:08.72
-155.7028,19.5485,14.13,1.2,2026-06-02T13:12:38.58
-155.3649,19.1984,28.46,1.4,2026-06-02T13:48:54.88
-155.2627,19.4165,6.08,2.0,2026-06-02T13:50:21.84
-155.2439,19.3406,10.95,1.6,2026-06-02T13:54:56.98
-155.4917,19.4999,5.61,1.4,2026-06-02T14:17:31.27
-155.5241,19.4843,3.7,1.1,2026-06-02T14:27:18.58
-155.2134,19.3459,13.9,1.6,2026-06-02T14:53:33.94
-155.2743,19.4209,2.35,2.3,2026-06-02T14:57:02.49
-155.4077,19.3607,9.54,1.7,2026-06-02T16:21:29.13
-155.3035,19.3598,3.0,1.6,2026-06-02T16:23:18.91
-155.4895,19.5082,4.88,1.6,2026-06-02T16:30:08.04
-155.4483,19.1462,29.4,1.1,2026-06-02T16:33:39.59
-155.4847,19.4043,10.06,1.2,2026-06-02T16:43:43.84
-155.2589,19.3131,9.74,1.8,2026-06-02T17:02:58.64
-155.463,19.1673,30.02,1.2,2026-06-02T18:43:58.44
-155.4106,19.3547,9.05,1.5,2026-06-02T19:00:41.38
-155.2623,19.3043,10.4,1.4,2026-06-02T19:03:36.88
-155.266,19.3401,11.02,1.7,2026-06-02T19:35:49.16
-155.3818,19.2747,29.53,1.4,2026-06-02T20:00:19.44
-155.3556,19.2919,6.83,1.5,2026-06-02T20:19:26.50
-155.4016,19.3508,9.09,1.3,2026-06-02T21:02:46.34
-155.4644,19.4124,10.4,1.7,2026-06-02T21:34:10.10
-155.5114,19.4797,4.72,2.2,2026-06-02T22:26:00.92
-155.4151,19.3922,8.38,1.5,2026-06-02T22:35:15.24
-155.4146,19.3891,8.85,1.3,2026-06-02T22:36:10.46
-155.4489,19.4827,7.71,2.0,2026-06-02T23:07:55.94
-155.449,19.1501,30.66,1.5,2026-06-03T00:44:19.25
-155.4016,19.0847,35.38,1.7,2026-06-03T01:02:14.43
-155.2437,19.3263,10.41,1.7,2026-06-03T02:16:49.29
-155.4688,19.1862,28.17,1.3,2026-06-03T02:18:06.91
-155.3836,19.2551,30.17,1.2,2026-06-03T02:36:13.35
-155.2305,19.316,12.32,1.6,2026-06-03T03:08:06.16
-155.3772,19.2681,30.82,1.1,2026-06-03T03:53:47.15
-155.4886,19.4638,9.15,1.2,2026-06-03T03:57:34.45
-155.5042,19.485,4.69,1.5,2026-06-03T04:50:49.72
-155.3861,19.2537,30.31,1.1,2026-06-03T06:36:54.56
-155.3688,19.4269,9.62,1.2,2026-06-03T06:52:03.28
-155.443,19.4835,8.09,1.1,2026-06-03T07:05:25.42
-155.4701,19.1747,29.89,1.2,2026-06-03T07:47:50.70
-155.4858,19.271,10.54,1.2,2026-06-03T08:26:56.71
-155.479,19.1527,29.5,1.4,2026-06-03T10:14:46.97
-155.4857,19.4389,10.85,1.0,2026-06-03T10:21:49.96
-155.392,19.2493,29.56,0.9,2026-06-03T10:28:11.50
-155.4682,19.1767,30.3,1.0,2026-06-03T10:37:12.27
-155.3972,19.166,30.31,1.0,2026-06-03T10:58:41.58
-155.8089,19.3489,21.91,1.1,2026-06-03T12:15:00.39
-155.2377,19.3452,9.93,1.4,2026-06-03T12:24:15.37
-155.581,19.5071,13.06,1.0,2026-06-03T12:34:31.70
-155.4026,19.2659,29.48,0.9,2026-06-03T12:45:02.67
-155.8211,19.3517,22.36,1.2,2026-06-03T13:08:50.32
-155.3787,19.2139,31.54,1.2,2026-06-03T13:13:31.60
-155.3899,19.2167,30.93,1.0,2026-06-03T13:53:55.71
-155.4868,19.4344,10.0,1.3,2026-06-03T14:23:00.39
-155.4871,19.4354,9.87,1.5,2026-06-03T14:24:04.38
-155.3909,19.2509,30.57,1.3,2026-06-03T14:32:34.59
-155.6601,19.4754,4.86,1.7,2026-06-03T14:35:52.40
-155.3993,19.2542,29.47,1.5,2026-06-03T14:40:11.10
-155.3817,19.2941,2.49,2.1,2026-06-03T14:44:42.28
-155.4111,19.4751,6.27,1.3,2026-06-03T15:00:49.32
-155.3474,19.0857,20.29,1.1,2026-06-03T15:10:48.01
-155.4609,19.1144,28.78,1.3,2026-06-03T16:13:14.15
-155.4778,19.3371,9.93,1.4,2026-06-03T17:25:06.08
-155.4704,19.174,28.32,1.1,2026-06-03T18:34:11.50
-155.341,19.0899,20.73,1.1,2026-06-03T20:55:09.28
-155.4415,19.1524,29.08,1.4,2026-06-03T22:05:33.40
-155.2349,19.3166,11.81,1.5,2026-06-03T22:22:33.92
-155.2369,19.3139,11.87,1.3,2026-06-03T22:23:47.76
-155.4411,19.4841,6.81,1.5,2026-06-03T23:03:15.68
-155.4423,19.4843,7.75,1.3,2026-06-03T23:03:29.40
-155.4403,19.4704,7.7,1.1,2026-06-03T23:06:44.50
-155.3883,19.2571,29.89,1.4,2026-06-03T23:32:11.68
-155.398,19.2476,31.79,1.9,2026-06-03T23:37:08.60
-155.441,19.4797,7.37,1.4,2026-06-03T23:38:06.88
-155.4748,19.3608,9.88,1.2,2026-06-04T00:05:59.34
-155.4342,19.1437,27.46,1.1,2026-06-04T00:28:50.47
-155.3991,19.2047,30.12,1.1,2026-06-04T00:37:27.75
-155.4909,19.4901,5.7,1.5,2026-06-04T00:49:39.43
-155.4665,19.171,28.74,1.4,2026-06-04T02:12:39.74
-155.4081,19.2714,29.15,0.8,2026-06-04T02:32:50.51
-155.4142,19.3206,8.15,1.4,2026-06-04T03:12:05.88
-155.2458,19.3286,10.47,2.6,2026-06-04T04:13:32.04
-155.377,19.2433,29.25,1.0,2026-06-04T05:41:44.95
-155.477,19.1814,30.36,1.1,2026-06-04T06:22:18.71
-155.4333,19.2503,31.46,1.5,2026-06-04T06:24:16.70
-155.3685,19.131,28.68,1.1,2026-06-04T06:27:00.19
-155.4878,19.5042,5.49,1.2,2026-06-04T07:18:54.46
-155.4863,19.5016,5.31,1.4,2026-06-04T07:19:20.09
-155.4036,19.3125,8.82,1.3,2026-06-04T07:22:49.91
-155.3868,19.1968,29.85,2.3,2026-06-04T07:51:04.06
-155.4393,19.4825,7.54,1.3,2026-06-04T08:01:43.94
-155.3997,19.3428,8.98,1.8,2026-06-04T09:59:05.00
-155.4694,19.3541,9.71,1.0,2026-06-04T10:15:20.95
-155.8572,19.3563,18.8,1.8,2026-06-04T10:21:57.89
-155.4923,19.3174,9.73,1.4,2026-06-04T10:25:10.41
-155.4161,19.3074,10.19,1.7,2026-06-04T10:49:44.27
-155.441,19.2336,30.1,1.1,2026-06-04T11:24:59.72
-155.4261,19.3832,8.12,1.3,2026-06-04T11:31:05.07
-155.4396,19.415,7.81,1.1,2026-06-04T13:23:28.21
-155.2452,19.3216,10.59,1.5,2026-06-04T13:40:58.38
-155.4664,19.1849,32.98,1.3,2026-06-04T13:46:28.17
-155.6979,19.5499,12.38,1.3,2026-06-04T13:53:47.33
-155.1951,19.3395,29.1,1.9,2026-06-04T15:16:49.31
-155.3819,19.2834,6.39,1.6,2026-06-04T15:34:23.28
-155.2361,19.3136,29.73,1.2,2026-06-04T16:01:29.72
-155.4001,19.2488,31.69,1.5,2026-06-04T16:08:08.37
-155.4434,19.2382,30.76,1.2,2026-06-04T16:08:33.91
-155.3999,19.2499,31.81,1.4,2026-06-04T16:09:10.68
-155.3442,19.2266,17.22,1.2,2026-06-04T17:03:59.64
-155.4655,19.4263,10.36,0.9,2026-06-04T17:19:51.40
-155.4963,19.369,9.47,1.4,2026-06-04T18:29:22.20
-155.4322,19.0944,21.57,1.2,2026-06-04T18:52:35.52
-155.4722,19.1715,28.3,1.3,2026-06-04T19:11:18.12
-155.4616,19.251,10.46,1.4,2026-06-04T20:00:21.70
-155.4187,19.0419,32.86,1.4,2026-06-04T20:33:40.02
-155.4359,19.3404,10.01,1.3,2026-06-04T21:05:42.82
-155.4357,19.3464,9.89,1.2,2026-06-04T21:09:02.08
-155.4372,19.3413,10.06,1.4,2026-06-04T21:18:56.24
-155.495,19.489,5.48,1.5,2026-06-04T21:41:18.36
-155.2389,19.3128,13.14,1.9,2026-06-04T21:42:08.36
-155.4341,19.3478,9.67,1.6,2026-06-04T21:57:01.82
-155.2538,19.3475,10.54,1.7,2026-06-04T22:00:13.52
-155.4502,19.1626,30.35,1.2,2026-06-04T22:10:34.32
-155.4573,19.5016,7.77,2.0,2026-06-04T22:18:44.44
-155.4333,19.3487,9.66,1.1,2026-06-04T22:24:04.72
-155.4601,19.5046,5.97,1.8,2026-06-04T22:26:05.96
-155.4367,19.4225,8.25,1.4,2026-06-04T22:42:52.90
-155.4759,19.1827,34.13,1.8,2026-06-04T23:33:44.32
-155.39,19.2503,29.94,1.3,2026-06-04T23:45:16.38
-155.4516,19.2422,31.47,1.6,2026-06-05T00:04:53.55
-155.3472,19.2871,6.61,1.3,2026-06-05T00:09:03.98
-155.602,19.5433,10.46,1.6,2026-06-05T00:47:01.65
-155.3773,19.2127,31.36,1.9,2026-06-05T00:58:05.74
-155.4597,19.1771,29.69,1.3,2026-06-05T02:02:46.41
-155.4731,19.1685,29.69,1.1,2026-06-05T02:22:52.31
-155.4605,19.5052,5.58,1.4,2026-06-05T05:53:42.05
-155.4815,19.1693,29.55,2.0,2026-06-05T05:56:24.08
-155.3814,19.0634,32.84,1.7,2026-06-05T06:15:01.82
-155.4754,19.1342,30.42,1.0,2026-06-05T06:47:20.71
-155.3982,19.248,29.89,1.5,2026-06-05T06:58:13.10
-155.4501,19.4889,7.43,1.2,2026-06-05T07:02:26.81
-155.4757,19.4197,10.04,1.9,2026-06-05T07:48:37.90
-155.2394,19.3271,10.81,1.8,2026-06-05T08:21:44.96
-155.4883,19.4271,12.33,2.3,2026-06-05T08:28:50.15
-155.3843,19.1939,30.08,0.9,2026-06-05T08:30:45.35
-155.2711,19.3299,8.72,1.7,2026-06-05T08:41:29.56
-155.4205,19.3382,10.36,1.4,2026-06-05T09:12:15.66
-155.4413,19.4852,6.33,1.1,2026-06-05T09:53:36.50
-155.4957,19.4756,6.53,2.1,2026-06-05T10:14:57.91
-155.4977,19.4736,6.63,1.2,2026-06-05T10:26:33.40
-155.4686,19.1877,27.93,1.1,2026-06-05T11:05:58.95
-155.2429,19.2886,11.99,1.6,2026-06-05T11:14:47.86
-155.4392,19.3362,9.84,1.1,2026-06-05T12:13:53.47
-155.3905,19.4084,8.5,1.3,2026-06-05T12:30:15.57
-155.5177,19.4916,5.73,1.3,2026-06-05T12:30:56.30
-155.3721,19.2121,31.12,1.4,2026-06-05T12:32:42.16
-155.4478,19.4648,8.66,1.4,2026-06-05T12:47:58.55
-155.3856,19.2502,30.19,1.2,2026-06-05T12:52:55.50
-155.4408,19.1482,28.23,1.1,2026-06-05T13:07:57.42
-155.4724,19.4756,8.09,1.3,2026-06-05T13:15:52.08
-155.4379,19.1545,28.2,1.1,2026-06-05T13:17:01.96
-155.4484,19.158,30.27,1.3,2026-06-05T13:20:13.20
-155.5124,19.4951,7.04,1.4,2026-06-05T13:20:36.88
-155.5072,19.4552,6.7,1.3,2026-06-05T13:26:05.00
-155.4065,19.2448,32.06,1.1,2026-06-05T13:29:05.87
-155.4811,19.4322,10.06,1.3,2026-06-05T13:29:36.83
-155.4053,19.2445,31.79,1.3,2026-06-05T13:41:32.44
-155.4418,19.4964,6.22,1.2,2026-06-05T13:42:28.34
-155.4681,19.1422,29.96,1.3,2026-06-05T13:46:20.86
-155.3928,19.2398,31.2,0.9,2026-06-05T14:03:00.03
-155.3883,19.2556,30.17,1.4,2026-06-05T15:35:07.37
-155.3847,19.2495,30.29,1.0,2026-06-05T15:40:56.11
-155.3937,19.2501,27.6,1.3,2026-06-05T15:42:45.25
-155.3827,19.2931,2.92,1.7,2026-06-05T16:23:28.70
-155.4078,19.2458,32.0,1.3,2026-06-05T17:08:26.40
-155.3904,19.4269,8.37,1.4,2026-06-05T17:19:52.60
-155.5015,19.3778,9.75,1.4,2026-06-05T17:38:01.36
-155.4552,19.4744,6.51,1.8,2026-06-05T17:48:51.16
-155.3882,19.2576,30.14,2.3,2026-06-05T18:26:54.96
-155.3891,19.2554,30.37,1.2,2026-06-05T18:28:24.32
-155.3868,19.2582,30.6,1.0,2026-06-05T18:31:46.68
-155.4794,19.1728,31.2,1.5,2026-06-05T18:35:10.16
-155.3899,19.2521,30.32,1.1,2026-06-05T18:48:59.06
-155.4853,19.4471,11.09,1.2,2026-06-05T18:57:06.94
-155.4439,19.26,29.85,1.6,2026-06-05T18:59:13.44
-155.2556,19.3523,11.96,1.6,2026-06-05T19:44:07.50
-155.4022,19.3257,9.03,1.6,2026-06-05T21:10:14.64
-155.5025,19.489,6.1,1.0,2026-06-05T21:52:16.40
-155.3193,19.3436,0.61,2.0,2026-06-05T22:08:16.62
-155.4761,19.3972,10.3,1.5,2026-06-05T22:25:09.00
-155.8581,19.3733,19.02,1.8,2026-06-05T22:49:30.58
-155.4653,19.1713,33.18,1.0,2026-06-05T23:10:01.60
-155.4682,19.1767,32.74,1.3,2026-06-05T23:33:29.68
-155.4894,19.4859,5.59,1.8,2026-06-05T23:46:29.28
-155.6664,19.5234,10.09,1.6,2026-06-06T00:15:48.06
-155.4052,19.2433,31.7,1.5,2026-06-06T00:39:52.86
-155.4739,19.193,32.06,1.6,2026-06-06T01:03:01.47
-155.4585,19.213,28.83,0.9,2026-06-06T01:51:30.38
-155.5206,19.412,10.66,1.5,2026-06-06T02:16:54.84
-155.4376,19.4838,5.68,1.4,2026-06-06T02:57:14.45
-155.3656,19.2101,29.78,1.3,2026-06-06T02:59:13.78
-155.418,19.0435,33.2,1.7,2026-06-06T03:00:11.26
-155.8358,19.3354,22.09,1.0,2026-06-06T03:14:28.02
-155.3886,19.2579,30.11,1.6,2026-06-06T03:21:41.80
-155.4692,19.1611,28.45,1.2,2026-06-06T04:12:49.85
-155.8524,19.3772,18.93,1.1,2026-06-06T04:54:24.43
-155.4731,19.1719,27.7,1.1,2026-06-06T04:55:40.24
-155.388,19.2047,30.32,1.7,2026-06-06T05:15:36.92
-155.289,19.309,30.96,1.2,2026-06-06T05:30:06.25
-155.5055,19.3649,9.12,1.3,2026-06-06T05:31:28.68
-155.5044,19.366,9.57,0.9,2026-06-06T05:31:47.71
-155.3406,19.2824,21.08,1.2,2026-06-06T06:13:56.28
-155.4032,19.175,30.34,1.3,2026-06-06T06:22:35.25
-155.406,19.248,31.84,1.2,2026-06-06T06:34:24.20
-155.4447,19.1512,29.08,1.0,2026-06-06T06:49:10.74
-155.5873,19.5502,9.78,0.9,2026-06-06T06:51:07.74
-155.3833,19.1459,29.09,1.2,2026-06-06T06:53:05.74
-155.4646,19.1621,28.61,1.4,2026-06-06T06:54:58.02
-155.4609,19.147,27.74,1.5,2026-06-06T07:07:30.05
-155.3699,19.2089,30.21,1.3,2026-06-06T07:11:30.82
-155.3898,19.1543,29.11,1.1,2026-06-06T07:25:53.14
-155.3861,19.1959,29.74,2.1,2026-06-06T07:36:09.03
-155.4572,19.1501,26.82,1.4,2026-06-06T07:37:34.40
-155.2788,19.2979,9.44,1.6,2026-06-06T07:41:27.85
-155.4698,19.4503,11.22,0.8,2026-06-06T08:25:37.40
-155.4575,19.1539,26.88,1.4,2026-06-06T08:50:38.20
-155.4429,19.1469,30.7,1.3,2026-06-06T09:45:03.45
-155.4734,19.1597,28.28,1.4,2026-06-06T10:05:12.62
-155.4725,19.1559,28.29,1.0,2026-06-06T10:08:03.88
-155.4496,19.4401,9.59,1.0,2026-06-06T10:20:01.79
-155.3899,19.1456,29.34,1.0,2026-06-06T10:34:34.22
-155.3736,19.3898,10.72,1.5,2026-06-06T12:46:52.82
-155.5134,19.4843,3.91,1.1,2026-06-06T13:06:00.51
-155.443,19.4807,8.03,1.7,2026-06-06T13:13:13.73
-155.4623,19.1937,32.78,2.5,2026-06-06T13:19:33.91
-155.4605,19.1959,32.6,1.2,2026-06-06T13:32:06.95
-155.496,19.4973,5.25,1.6,2026-06-06T13:52:22.19
-155.4723,19.1653,28.33,0.9,2026-06-06T13:52:57.05
-155.487,19.3837,10.27,1.5,2026-06-06T13:59:49.26
-155.4496,19.2284,29.97,1.1,2026-06-06T14:08:08.59
-155.3679,19.2035,29.12,1.5,2026-06-06T14:09:11.62
-155.4901,19.4183,9.58,1.4,2026-06-06T14:13:15.61
-155.39,19.2557,30.95,1.4,2026-06-06T14:23:22.75
-155.3811,19.2565,6.42,2.0,2026-06-06T14:41:53.79
-155.3816,19.2539,6.37,1.6,2026-06-06T14:42:16.06
-155.3827,19.2562,4.85,1.5,2026-06-06T14:43:53.75
-155.4073,19.3571,8.14,1.8,2026-06-06T15:29:59.21
-155.4096,19.373,9.29,1.7,2026-06-06T15:35:18.89
-155.4843,19.3444,10.4,1.2,2026-06-06T15:42:55.45
-155.4626,19.1953,32.6,1.5,2026-06-06T16:21:52.26
-155.3907,19.2461,30.53,1.2,2026-06-06T16:24:38.59
-155.4119,19.2599,29.53,1.0,2026-06-06T16:41:49.83
-155.4377,19.3549,8.95,1.5,2026-06-06T16:51:32.68
-155.4488,19.151,30.02,1.6,2026-06-06T16:53:00.57
-155.3966,19.2177,32.16,0.9,2026-06-06T17:13:19.84
-155.4195,19.2702,28.93,1.1,2026-06-06T17:23:10.40
-155.4366,19.3629,9.45,1.4,2026-06-06T18:03:31.76
-155.4472,19.1519,29.93,1.3,2026-06-06T18:11:49.22
-155.439,19.356,9.56,1.4,2026-06-06T18:31:41.26
-155.4763,19.1698,31.03,2.5,2026-06-06T19:59:43.40
-155.483,19.4788,7.03,1.5,2026-06-06T20:28:49.56
-155.3965,19.4235,8.74,1.2,2026-06-06T20:41:22.72
-155.481,19.4109,10.78,1.2,2026-06-06T20:54:27.60
-155.402,19.2425,29.55,1.9,2026-06-06T21:17:50.80
-155.4165,19.2899,28.54,1.4,2026-06-06T21:42:51.36
-155.4754,19.1717,32.56,1.7,2026-06-06T22:25:06.40
-155.4432,19.2593,29.92,1.2,2026-06-06T23:13:31.14
-155.3715,19.2262,30.24,1.7,2026-06-06T23:36:08.72
-155.4686,19.1766,27.86,1.3,2026-06-06T23:37:13.84
-155.4301,19.3931,8.44,1.5,2026-06-06T23:49:46.74
-155.4505,19.4678,8.15,1.6,2026-06-07T00:24:55.36
-155.4714,19.3464,7.53,1.5,2026-06-07T00:28:08.38
-155.4375,19.1497,27.89,1.0,2026-06-07T02:44:31.20
-155.4574,19.1814,29.02,1.2,2026-06-07T02:49:24.20
-155.4596,19.1904,32.95,1.0,2026-06-07T03:13:32.09
-155.4714,19.1735,27.68,1.1,2026-06-07T04:12:14.14
-155.477,19.4204,11.62,1.3,2026-06-07T04:48:44.13
-155.2464,19.3235,10.99,1.5,2026-06-07T05:27:04.28
-155.8539,19.3302,18.16,1.3,2026-06-07T08:08:39.96
-155.5928,19.5574,9.54,0.8,2026-06-07T08:12:55.38
-155.3775,19.2024,30.51,1.3,2026-06-07T08:16:21.43
-155.3712,19.2611,29.79,0.9,2026-06-07T09:27:27.75
-155.4611,19.1942,32.53,1.0,2026-06-07T09:46:11.35
-155.4933,19.365,9.86,0.9,2026-06-07T10:20:07.28
-155.4445,19.2458,8.18,1.5,2026-06-07T10:27:27.57
-155.3897,19.0787,31.68,4.1,2026-06-07T10:41:57.13
-155.3802,19.0783,31.89,1.4,2026-06-07T11:04:35.41
-155.3876,19.0747,32.14,2.9,2026-06-07T11:10:54.09
-155.4041,19.234,31.55,1.3,2026-06-07T11:17:37.67
-155.4618,19.1946,32.97,1.2,2026-06-07T11:18:10.09
-155.3809,19.0639,30.94,1.1,2026-06-07T11:24:55.87
-155.3448,18.9967,13.04,1.9,2026-06-07T11:26:16.62
-155.3843,19.0669,32.04,1.1,2026-06-07T11:28:46.73
-155.3861,19.0586,31.18,1.2,2026-06-07T11:35:17.45
-155.471,19.1724,28.28,1.1,2026-06-07T11:36:40.66
-155.3923,19.0895,32.55,1.2,2026-06-07T11:45:01.10
-155.39,19.0766,31.75,1.9,2026-06-07T11:58:13.01
-155.3742,19.2425,29.67,1.2,2026-06-07T12:12:39.28
-155.388,19.0779,31.53,1.4,2026-06-07T12:15:39.57
-155.4019,19.2403,29.36,1.0,2026-06-07T12:16:59.29
-155.4663,19.191,30.58,1.8,2026-06-07T12:34:06.23
-155.4003,19.0692,31.8,2.0,2026-06-07T13:04:07.89
-155.2562,19.3394,29.28,1.2,2026-06-07T13:10:58.44
-155.3871,19.0546,31.42,1.0,2026-06-07T13:18:26.63
-155.328,19.2048,40.56,1.3,2026-06-07T13:25:13.87
-155.4416,19.4969,6.56,1.1,2026-06-07T13:29:43.57
-155.3909,19.0781,31.31,1.9,2026-06-07T13:34:01.40
-155.3923,19.2464,30.47,1.0,2026-06-07T13:58:59.59
-155.4518,19.1541,30.25,1.4,2026-06-07T14:04:15.70
-155.4525,19.2247,29.98,0.9,2026-06-07T14:14:19.81
-155.3593,19.1851,27.7,1.1,2026-06-07T14:24:10.56
-155.4615,19.2115,30.44,0.9,2026-06-07T14:31:04.33
-155.4535,19.2172,29.93,1.4,2026-06-07T14:39:22.76
-155.4716,19.171,28.55,1.0,2026-06-07T14:40:17.64
-155.4122,19.1472,28.91,1.1,2026-06-07T14:49:19.05
-155.444,19.4702,7.38,1.5,2026-06-07T15:33:05.17
-155.4622,19.421,9.57,1.2,2026-06-07T15:47:10.36
-155.3851,19.1568,29.16,1.0,2026-06-07T15:50:01.68
-155.3743,19.2578,29.07,1.0,2026-06-07T16:07:54.67
-155.3428,18.9942,12.88,1.8,2026-06-07T16:25:04.38
-155.4447,19.1171,37.14,1.6,2026-06-07T16:29:27.58
-155.3887,19.0757,31.91,2.4,2026-06-07T17:09:08.60
-155.3915,19.0752,32.22,1.4,2026-06-07T17:24:09.16
-155.5991,19.5391,10.21,1.2,2026-06-07T17:50:29.04
-155.4899,19.5056,5.43,0.9,2026-06-07T19:20:37.06
-155.4409,19.4731,7.38,1.0,2026-06-07T19:20:57.64
-155.8532,19.3672,19.37,1.2,2026-06-07T19:49:48.08
-155.2513,19.3417,12.7,2.0,2026-06-07T21:08:37.32
-155.4745,19.1671,28.09,1.2,2026-06-07T22:11:30.48
-155.2384,19.3489,9.98,1.8,2026-06-07T22:20:07.36
-155.3772,19.1367,28.25,1.2,2026-06-07T22:34:09.62
-155.3772,19.2239,29.67,1.4,2026-06-07T22:45:54.34
-155.624,19.4126,10.99,0.9,2026-06-07T23:38:13.36
-155.3397,19.2985,6.61,1.5,2026-06-07T23:55:23.00
-155.5139,19.4784,5.76,1.3,2026-06-08T00:43:49.76
-155.2666,19.3178,9.23,1.7,2026-06-08T01:14:49.40
-155.2493,19.3233,11.2,2.9,2026-06-08T01:42:35.58
-155.441,19.4188,7.94,1.6,2026-06-08T03:03:28.60
-155.4486,19.1512,30.13,1.2,2026-06-08T03:58:31.85
-155.3844,19.0624,31.27,1.1,2026-06-08T04:31:04.85
-155.4879,19.1657,30.16,1.5,2026-06-08T04:44:04.23
-155.3873,19.0739,31.77,1.1,2026-06-08T05:15:59.23
-155.3912,19.2127,30.7,1.2,2026-06-08T05:33:10.35
-155.2507,19.3568,10.12,1.8,2026-06-08T06:29:03.51
-155.4159,19.3755,8.8,1.9,2026-06-08T07:12:44.25
-155.4921,19.2926,10.68,1.2,2026-06-08T07:24:07.11
-155.3926,19.0541,30.78,1.2,2026-06-08T07:27:21.33
-155.3711,19.2386,29.32,1.2,2026-06-08T07:42:49.67
-155.2492,19.357,10.23,1.6,2026-06-08T09:56:33.51
-155.2246,19.3464,10.82,1.2,2026-06-08T10:02:32.41
-155.3845,19.1983,29.56,1.3,2026-06-08T10:52:12.74
-155.547,19.4817,3.22,0.7,2026-06-08T11:07:39.92
-155.3873,19.0733,32.34,1.1,2026-06-08T11:09:31.59
-155.4778,19.4892,6.46,1.6,2026-06-08T11:36:45.95
-155.4247,19.4438,7.2,2.1,2026-06-08T11:51:16.49
-155.3839,19.1377,28.88,2.0,2026-06-08T12:13:55.11
-155.3878,19.1989,30.98,1.1,2026-06-08T12:36:28.11
-155.4438,19.4706,8.03,0.9,2026-06-08T13:15:47.30
-155.4263,19.4812,7.1,1.0,2026-06-08T13:26:43.78
-155.3855,19.0674,32.32,2.3,2026-06-08T13:54:38.56
-155.42,19.235,32.09,0.9,2026-06-08T14:24:47.14
-155.4527,19.2227,29.24,1.2,2026-06-08T14:46:12.02
-155.8552,19.3244,18.04,1.2,2026-06-08T14:46:27.57
-155.5021,19.5055,5.6,0.9,2026-06-08T15:04:06.92
-155.8661,19.4806,20.25,2.6,2026-06-08T15:48:09.21
-155.3913,19.1728,30.11,1.0,2026-06-08T16:14:58.54
-155.4669,19.5041,6.58,1.2,2026-06-08T16:33:34.91
-155.4513,19.4795,7.04,1.0,2026-06-08T17:12:47.92
-155.39,19.0609,31.51,1.6,2026-06-08T17:24:32.56
-155.4022,19.2439,29.66,1.1,2026-06-08T17:43:16.44
-155.3905,19.2563,29.95,1.8,2026-06-08T17:48:43.98
-155.3906,19.2522,30.07,0.9,2026-06-08T17:58:55.76
-155.2582,19.3478,11.96,1.5,2026-06-08T18:11:58.06
-155.3924,19.2577,29.85,2.6,2026-06-08T18:55:50.00
-155.2339,19.3262,9.57,1.8,2026-06-08T19:52:45.68
-155.5011,19.3151,9.63,1.4,2026-06-08T19:57:06.34
-155.3914,19.0594,31.81,1.6,2026-06-08T20:03:38.48
-155.4617,19.1658,26.68,1.6,2026-06-08T20:54:40.42
-155.4597,19.1801,26.93,1.2,2026-06-08T21:26:12.88
-155.4573,19.1754,26.85,1.3,2026-06-08T21:30:22.18
-155.3897,19.2562,29.96,1.8,2026-06-08T21:31:53.80
-155.4689,19.193,28.25,1.6,2026-06-08T21:41:14.52
-155.4618,19.4402,10.6,1.8,2026-06-08T23:30:36.16
-155.3856,19.1417,28.48,1.5,2026-06-08T23:43:42.38
-155.642,19.4247,6.12,1.6,2026-06-09T00:18:04.48
-155.6402,19.4251,6.91,1.2,2026-06-09T00:21:07.43
-155.3674,19.2848,29.1,1.4,2026-06-09T00:21:54.96
-155.481,19.1987,29.86,1.4,2026-06-09T00:55:29.78
-155.4709,19.176,29.01,1.0,2026-06-09T01:09:02.22
-155.3996,19.2547,30.82,1.6,2026-06-09T01:33:20.93
-155.3986,19.2572,29.96,1.2,2026-06-09T01:39:28.28
-155.4649,19.2009,28.98,1.5,2026-06-09T01:47:02.80
-155.4102,19.2486,29.92,1.3,2026-06-09T01:47:51.39
-155.2705,19.3109,9.43,2.1,2026-06-09T03:00:29.32
-155.476,19.3534,9.77,1.3,2026-06-09T03:32:25.68
-155.4025,19.243,8.06,1.5,2026-06-09T04:09:46.91
-155.4575,19.2158,28.95,1.0,2026-06-09T04:23:50.79
-155.6042,19.5493,10.46,1.3,2026-06-09T04:31:08.05
-155.4712,19.1923,28.9,1.3,2026-06-09T04:53:01.29
-155.4495,19.1488,30.59,1.1,2026-06-09T05:02:43.28
-155.845,19.337,21.83,1.4,2026-06-09T06:35:47.72
-155.8488,19.3651,20.98,3.0,2026-06-09T07:01:36.45
-155.4293,19.1597,29.47,1.0,2026-06-09T07:19:57.92
-155.3716,19.2933,2.98,1.4,2026-06-09T07:22:06.69
-155.3991,19.0757,32.48,1.2,2026-06-09T07:58:39.89
-155.3994,19.4524,10.01,1.7,2026-06-09T08:05:56.79
-155.2781,19.3854,4.47,2.1,2026-06-09T08:27:03.92
-155.5866,19.4655,5.09,1.1,2026-06-09T08:52:14.69
-155.4346,19.4757,7.38,1.3,2026-06-09T11:07:30.00
-155.3749,19.2139,32.52,1.1,2026-06-09T11:19:56.54
-155.3905,19.0937,30.97,1.2,2026-06-09T11:28:09.07
-155.3782,19.1021,31.65,1.3,2026-06-09T11:49:10.47
-155.4718,19.1762,28.42,1.3,2026-06-09T11:56:45.63
-155.3736,19.0958,30.51,1.1,2026-06-09T12:05:31.04
-155.379,19.0968,31.11,1.6,2026-06-09T12:07:01.49
-155.3624,19.1838,27.47,1.3,2026-06-09T12:11:03.81
-155.3767,19.0975,31.8,1.1,2026-06-09T12:11:26.04
-155.3774,19.1025,31.22,1.2,2026-06-09T12:44:35.79
-155.3772,19.0977,31.58,2.6,2026-06-09T12:54:55.65
-155.4455,19.1346,29.23,0.9,2026-06-09T12:59:56.63
-155.3772,19.0915,31.1,1.3,2026-06-09T13:11:11.46
-155.4066,19.2416,30.76,0.8,2026-06-09T13:19:07.93
-155.4249,19.2444,30.81,1.0,2026-06-09T13:45:03.26
-155.4615,19.1824,26.89,1.1,2026-06-09T13:46:27.36
-155.3756,19.082,31.06,1.3,2026-06-09T13:50:50.49
-155.3781,19.0973,31.47,2.0,2026-06-09T13:55:40.05
-155.3773,19.0987,31.26,1.6,2026-06-09T14:24:56.84
-155.3785,19.097,31.43,2.2,2026-06-09T14:29:36.94
-155.4799,19.1777,30.54,1.2,2026-06-09T14:37:48.67
-155.4584,19.2082,29.0,0.8,2026-06-09T14:44:32.40
-155.3987,19.2559,29.9,1.6,2026-06-09T15:11:44.15
-155.3991,19.2554,29.88,1.5,2026-06-09T15:29:42.60
-155.4015,19.2558,29.96,1.6,2026-06-09T15:34:24.66
-155.3875,19.2534,29.18,0.9,2026-06-09T15:38:23.50
-155.3972,19.2538,29.97,1.1,2026-06-09T15:38:46.58
-155.3989,19.2563,29.89,1.9,2026-06-09T15:51:29.46
-155.3988,19.2539,29.87,1.1,2026-06-09T15:52:05.21
-155.3792,19.0908,31.07,1.0,2026-06-09T15:57:57.92
-155.436,19.1469,27.89,1.5,2026-06-09T16:23:23.49
-155.4611,19.1954,32.69,1.2,2026-06-09T16:43:47.55
-155.3862,19.2411,29.8,0.9,2026-06-09T16:50:02.91
-155.4393,19.1357,27.93,1.3,2026-06-09T16:58:38.72
-155.3803,19.2486,29.67,1.0,2026-06-09T17:25:06.54
-155.3763,19.0798,30.61,1.5,2026-06-09T18:14:09.02
-155.3997,19.2511,29.35,2.1,2026-06-09T18:35:52.58
-155.3973,19.2578,29.94,1.3,2026-06-09T19:21:36.78
-155.4589,19.4744,8.51,1.5,2026-06-09T19:25:34.94
-155.3999,19.2526,29.65,1.2,2026-06-09T19:44:57.80
-155.4473,19.4837,6.63,1.8,2026-06-09T19:49:37.94
-155.3978,19.2561,29.89,2.1,2026-06-09T19:52:35.72
-155.4001,19.2551,29.82,1.4,2026-06-09T19:53:40.28
-155.3981,19.255,29.71,1.4,2026-06-09T19:56:08.00
-155.455,19.1559,33.09,1.2,2026-06-09T20:09:52.92
-155.4637,19.4925,6.28,1.7,2026-06-09T20:16:32.96
-155.3983,19.255,29.9,2.0,2026-06-09T20:20:07.72
-155.3863,19.2458,30.26,1.5,2026-06-09T20:49:51.76
-155.5985,19.4588,10.37,1.6,2026-06-09T21:07:11.80
-155.4089,19.325,8.61,2.0,2026-06-09T21:41:15.30
-155.6668,19.5239,10.46,1.5,2026-06-09T22:20:51.60
-155.5094,19.3865,10.52,1.4,2026-06-09T22:33:07.16
-155.4931,19.2919,10.53,1.2,2026-06-09T22:46:43.86
-155.236,19.3132,29.48,1.8,2026-06-09T22:47:22.92
-155.3788,19.1505,28.84,1.5,2026-06-09T23:17:13.68
-155.6846,19.523,7.99,1.7,2026-06-09T23:25:06.56
-155.4574,19.509,6.43,1.5,2026-06-09T23:26:14.12
-155.4691,19.1767,34.37,0.9,2026-06-09T23:29:26.68
-155.2361,19.3142,29.57,1.4,2026-06-09T23:34:13.20
-155.523,19.4176,13.77,1.3,2026-06-09T23:42:40.04
-155.3864,19.2481,30.2,1.5,2026-06-10T00:19:29.56
-155.4008,19.2525,29.55,1.2,2026-06-10T01:44:06.14
-155.6006,19.416,12.59,1.0,2026-06-10T02:06:29.10
-155.5064,19.5003,3.36,2.0,2026-06-10T02:15:00.74
-155.4642,19.3054,10.39,1.2,2026-06-10T02:21:53.87
-155.5039,19.4958,3.42,1.2,2026-06-10T02:26:47.42
-155.6042,19.4111,12.72,1.4,2026-06-10T02:34:37.64
-155.3614,19.0995,21.28,1.0,2026-06-10T03:02:20.51
-155.4717,19.1535,29.83,1.0,2026-06-10T03:18:04.47
-155.4372,19.1474,27.76,1.1,2026-06-10T04:00:32.20
-155.4996,19.5033,6.28,1.0,2026-06-10T04:05:14.48
-155.5563,19.3662,5.47,0.7,2026-06-10T04:26:36.30
-155.4107,19.364,8.32,1.4,2026-06-10T04:43:32.41
-155.3998,19.2506,29.32,2.0,2026-06-10T04:47:53.29
-155.3859,19.2452,29.98,1.0,2026-06-10T05:27:32.65
-155.4193,19.1194,25.05,1.2,2026-06-10T05:33:49.56
-155.4706,19.1876,28.5,1.2,2026-06-10T05:37:20.32
-155.4578,19.4737,8.63,1.0,2026-06-10T05:38:44.75
-155.4075,19.3665,8.95,1.3,2026-06-10T05:54:45.69
-155.4675,19.1823,28.03,1.0,2026-06-10T05:59:04.09
-155.4952,19.3689,9.81,1.5,2026-06-10T06:56:55.82
-155.8545,19.3417,17.69,0.9,2026-06-10T07:17:12.38
-155.4276,19.1524,27.13,0.9,2026-06-10T07:18:18.33
-155.4008,19.2555,29.59,1.1,2026-06-10T07:28:21.45
-155.371,19.2932,2.92,2.6,2026-06-10T07:37:40.90
-155.3861,19.144,29.33,1.3,2026-06-10T07:57:50.61
-155.3858,19.243,30.18,1.0,2026-06-10T08:32:40.29
-155.495,19.3695,10.09,1.4,2026-06-10T08:45:57.81
-155.495,19.3696,10.12,1.2,2026-06-10T08:59:47.57
-155.4932,19.3731,10.4,1.2,2026-06-10T09:00:21.38
-155.4385,19.2315,30.13,0.8,2026-06-10T09:02:55.64
-155.4947,19.3676,9.97,1.1,2026-06-10T09:07:00.70
-155.496,19.3699,10.0,2.5,2026-06-10T09:16:05.58
-155.4965,19.3645,9.36,1.1,2026-06-10T09:17:11.87
-155.496,19.3683,9.87,1.0,2026-06-10T09:18:04.45
-155.4971,19.3678,9.99,1.0,2026-06-10T09:18:58.97
-155.4109,19.3203,7.35,1.4,2026-06-10T09:56:37.45
-155.4636,19.1794,32.41,1.0,2026-06-10T10:26:42.25
-155.4384,19.28,29.13,0.9,2026-06-10T10:35:04.84
-155.59,19.4627,5.02,0.4,2026-06-10T10:43:22.02
-155.4865,19.3726,10.33,1.0,2026-06-10T10:57:41.95
-155.4645,19.4917,6.18,1.3,2026-06-10T11:24:46.39
-155.384,19.2921,3.6,1.3,2026-06-10T11:45:35.28
-155.4093,19.142,29.17,1.4,2026-06-10T12:13:15.90
-155.4255,19.0871,21.71,1.0,2026-06-10T12:16:51.05
-155.4998,19.4147,10.95,0.9,2026-06-10T12:32:50.81
-155.4791,19.179,28.76,1.0,2026-06-10T12:50:21.03
-155.4833,19.363,11.48,0.9,2026-06-10T12:59:35.65
-155.4294,19.2751,29.52,1.1,2026-06-10T13:04:38.51
-155.422,19.2722,28.92,1.0,2026-06-10T13:04:58.91
-155.391,19.2446,29.81,1.2,2026-06-10T13:22:10.52
-155.3766,19.2406,30.15,1.5,2026-06-10T13:25:09.79
-155.383,19.2438,30.22,2.9,2026-06-10T13:28:26.58
-155.3839,19.2356,29.62,1.1,2026-06-10T13:30:49.46
-155.3793,19.2356,29.83,1.0,2026-06-10T13:31:53.22
-155.378,19.2428,30.24,1.7,2026-06-10T13:32:09.97
-155.4902,19.3876,10.61,1.1,2026-06-10T13:44:37.10
-155.3899,19.2356,31.19,0.8,2026-06-10T13:46:09.82
-155.388,19.1906,30.05,1.5,2026-06-10T13:52:26.64
-155.2346,19.3009,23.75,0.9,2026-06-10T13:59:58.73
-155.5032,19.5024,3.04,1.0,2026-06-10T14:02:27.59
-155.3787,19.2407,30.1,1.1,2026-06-10T14:20:54.50
-155.4847,19.1842,30.18,1.6,2026-06-10T14:52:35.57
-155.4381,19.3869,9.27,1.4,2026-06-10T15:10:23.96
-155.2726,19.3275,8.48,1.5,2026-06-10T15:31:49.71
-155.4402,19.2402,31.83,1.4,2026-06-10T16:24:59.24
-155.4996,19.308,9.45,1.1,2026-06-10T16:31:08.71
-155.476,19.1775,29.43,1.2,2026-06-10T16:37:21.39
-155.4026,19.2522,30.07,0.9,2026-06-10T16:48:12.22
-155.5,19.311,10.73,1.1,2026-06-10T16:55:51.75
-155.4297,19.3438,8.78,1.6,2026-06-10T16:58:05.13
-155.4389,19.4737,9.49,0.9,2026-06-10T17:09:11.12
-155.4303,19.3468,9.1,1.0,2026-06-10T17:39:19.76
-155.8509,19.3632,18.09,1.3,2026-06-10T18:05:08.36
-155.3822,19.141,29.1,1.3,2026-06-10T18:13:03.40
-155.4479,19.1526,30.21,1.0,2026-06-10T19:31:17.20
-155.3797,19.1947,29.33,3.0,2026-06-10T20:06:32.84
-155.407,19.2515,30.17,1.0,2026-06-10T20:19:57.30
-155.3823,19.2028,30.29,1.1,2026-06-10T20:22:54.16
-155.2357,19.3126,29.56,1.9,2026-06-10T20:25:04.20
-155.4621,19.2128,30.1,1.4,2026-06-10T20:47:24.24
-155.3773,19.1967,29.23,1.4,2026-06-10T21:35:43.00
-155.3416,19.1069,19.93,1.1,2026-06-10T22:10:18.86
-155.4601,19.4699,7.22,1.1,2026-06-10T22:19:13.60
-155.4692,19.4124,10.84,1.0,2026-06-10T22:24:16.32
-155.3717,19.2684,29.76,1.5,2026-06-10T22:51:13.62
-155.4932,19.3799,10.24,0.8,2026-06-10T22:55:51.88
-155.4248,19.1641,30.09,1.1,2026-06-10T23:29:57.56
-155.588,19.196,30.27,2.6,2026-04-24T01:23:01.59
-155.5698,19.19,31.27,1.4,2026-04-24T04:22:25.89
-155.5637,19.1956,29.62,1.5,2026-04-24T08:10:10.12
-155.6002,19.1937,28.88,1.2,2026-04-24T19:30:13.40
-155.5955,19.1869,28.14,1.7,2026-04-24T20:05:58.48
-155.5902,19.2081,26.88,3.5,2026-04-25T00:45:47.01
-155.5965,19.2072,27.17,1.3,2026-04-25T07:41:10.95
-155.6105,19.1891,29.62,1.5,2026-04-27T07:11:59.53
-155.5962,19.1988,27.6,1.0,2026-04-27T16:36:00.24
-155.5886,19.2043,28.41,3.7,2026-04-28T19:26:43.22
-155.5975,19.2053,29.33,1.8,2026-04-28T19:52:05.60
-155.5935,19.2037,29.31,3.6,2026-04-28T20:48:38.36
-155.5833,19.2106,29.75,1.2,2026-04-28T21:16:01.72
-155.5959,19.2043,28.93,2.5,2026-04-29T01:15:02.54
-155.5645,19.1755,30.35,1.7,2026-04-29T10:28:42.90
-155.5742,19.1883,28.17,1.9,2026-04-30T08:17:40.48
-155.594,19.2055,28.77,2.5,2026-04-30T12:19:54.47
-155.5795,19.1806,27.78,1.6,2026-05-02T06:46:59.95
-155.5832,19.1946,27.86,2.6,2026-05-02T10:49:00.77
-155.5498,19.8213,13.17,1.9,2026-04-28T00:09:30.69
-155.5557,19.811,13.38,1.4,2026-05-06T05:26:41.28
-155.5465,19.8272,13.05,1.6,2026-05-10T02:42:48.05
-155.431,19.1802,11.65,1.6,2026-04-25T06:47:15.43
-155.4248,19.191,11.7,1.3,2026-04-25T15:08:34.46
-155.4262,19.1807,11.63,1.7,2026-04-26T06:36:19.39
