lon,lat,depth_km,mag,time_utc
-124.91999,40.39069,15.94,2.54,2023-01-20T04:35:38.620
-124.55251,40.2965,21.69,2.46,2023-01-21T06:29:36.240
-124.77387,40.34508,18.02,2.6,2023-01-22T04:56:12.210
-124.77433,40.34632,17.91,2.97,2023-01-22T16:56:55.570
-124.70508,40.32704,19.04,2.24,2023-01-24T11:12:36.900
-124.47358,40.30753,12.65,2.09,2023-01-26T19:34:21.320
-124.54246,40.32261,10.32,2.51,2023-02-03T06:24:21.270
-124.40874,40.28751,13.28,1.54,2023-02-08T10:13:05.770
-124.57103,40.29172,20.89,3.25,2023-02-09T08:08:42.610
-124.55317,40.31566,10.21,2.28,2023-02-11T06:33:59.500
-124.62559,40.29807,18.7,2.24,2023-02-16T15:51:49.510
-124.54339,40.29471,20.58,3.2,2023-02-17T14:36:10.270
-124.55334,40.29943,21.64,2.36,2023-02-24T07:15:42.950
-124.43923,40.29297,11.53,2.11,2023-02-27T00:14:10.920
-124.44076,40.29065,11.0,2.11,2023-03-05T04:51:18.580
-124.43968,40.2908,11.2,1.87,2023-03-05T04:57:31.510
-124.43909,40.28984,11.25,1.89,2023-03-05T05:50:20.320
-124.59225,40.3158,10.11,2.47,2023-03-05T13:59:00.110
-124.50367,40.28826,7.97,1.68,2023-03-07T01:40:44.110
-124.49643,40.29,8.58,1.72,2023-03-07T12:11:57.560
-124.50523,40.29559,8.44,1.93,2023-03-08T14:02:55.280
-124.50357,40.29944,8.97,2.56,2023-03-17T11:55:13.550
-124.49986,40.29304,8.62,2.11,2023-03-17T11:55:52.670
-124.54793,40.31255,14.29,2.63,2023-03-30T19:31:15.760
-124.42787,40.28357,17.0,1.67,2023-04-04T17:32:14.360
-124.59714,40.31605,12.01,2.94,2023-04-09T10:26:50.820
-124.47682,40.28929,8.57,2.13,2023-04-14T19:20:25.080
-124.56476,40.31809,10.89,2.67,2023-04-17T09:13:52.610
-124.55376,40.30621,22.02,2.11,2023-04-23T15:56:09.750
-124.41648,40.29271,19.98,1.86,2023-04-25T21:20:22.000
-124.70081,40.47386,21.77,1.92,2023-04-28T03:11:05.780
-124.46563,40.29067,11.18,2.48,2023-05-02T13:44:05.330
-124.42098,40.28614,17.4,2.19,2023-05-03T21:49:22.640
-124.67875,40.32573,10.5,2.31,2023-05-10T10:00:51.610
-124.70172,40.43973,21.39,1.99,2023-05-19T01:30:04.210
-124.52075,40.29262,22.95,2.33,2023-05-22T08:39:15.980
-124.40029,40.28632,18.16,1.28,2023-06-09T11:40:48.240
-124.43005,40.29698,7.5,1.55,2023-06-12T14:34:54.360
-124.50461,40.31983,17.93,2.05,2023-06-12T21:35:23.300
-124.50667,40.29711,12.79,3.46,2023-06-15T18:03:48.040
-124.70954,40.33019,18.27,2.31,2023-06-17T14:20:34.330
-124.49889,40.29753,16.13,1.79,2023-06-18T06:06:29.220
-124.70366,40.35302,5.49,2.6,2023-06-22T12:44:38.540
-124.42507,40.29682,18.36,1.47,2023-06-23T14:30:38.010
-124.42455,40.27547,8.85,1.81,2023-07-05T04:26:52.650
-124.4275,40.27694,8.54,1.9,2023-07-05T13:01:37.600
-124.4372,40.27804,7.94,1.77,2023-07-05T16:11:38.780
-124.38557,40.27719,9.64,2.46,2023-07-07T05:41:08.080
-124.38901,40.27797,8.89,1.75,2023-07-07T11:32:11.670
-124.38783,40.27959,8.52,1.63,2023-07-07T12:14:50.390
-124.38444,40.27787,8.75,1.45,2023-07-07T13:37:37.820
-124.38234,40.27984,8.74,1.63,2023-07-08T21:18:41.880
-124.38228,40.2834,8.46,1.52,2023-07-08T22:37:04.680
-124.44478,40.28623,24.86,1.84,2023-07-14T00:49:38.320
-124.4907,40.30197,10.72,2.58,2023-07-17T01:56:21.220
-124.39271,40.2766,8.23,1.7,2023-07-22T23:39:52.780
-124.38574,40.27604,9.05,1.99,2023-07-22T23:43:27.060
-124.38404,40.27304,8.94,1.53,2023-07-22T23:47:34.360
-124.37895,40.27534,9.07,1.56,2023-07-23T06:02:32.770
-124.6944,40.47295,21.58,2.04,2023-07-28T07:54:46.380
-124.45435,40.28528,23.03,1.81,2023-07-28T14:19:57.690
-124.67315,40.45062,22.4,1.45,2023-07-28T18:05:08.480
-124.70426,40.33384,17.24,2.35,2023-07-29T13:35:55.440
-124.38622,40.28301,21.45,1.78,2023-07-30T11:32:01.590
-124.71565,40.44169,10.86,2.7,2023-08-03T02:30:58.390
-124.47241,40.2944,13.9,1.18,2023-08-03T14:28:12.560
-124.68686,40.46987,21.7,1.84,2023-08-05T11:36:29.460
-124.48326,40.28106,22.55,1.86,2023-08-06T02:28:30.090
-124.93177,40.37205,20.4,2.12,2023-08-06T12:20:41.350
-124.72624,40.34507,7.74,2.56,2023-08-06T16:45:58.640
-124.95844,40.40113,18.17,2.96,2023-08-08T23:11:50.680
-124.51301,40.31153,28.1,1.58,2023-08-10T07:31:56.390
-124.37512,40.27893,15.7,1.96,2023-08-11T15:47:34.200
-124.67881,40.32362,16.44,1.83,2023-08-12T14:57:56.100
-124.47423,40.29116,22.18,1.39,2023-08-13T21:57:33.180
-124.60814,40.29478,21.37,1.8,2023-08-14T15:16:12.910
-124.3884,40.33801,19.23,1.7,2023-08-15T11:57:58.350
-124.45251,40.28792,15.02,1.8,2023-08-21T05:52:57.370
-124.61623,40.31879,15.48,2.02,2023-08-22T02:46:14.160
-124.58572,40.31897,15.34,3.46,2023-08-22T10:33:29.720
-124.64163,40.30439,8.17,2.6,2023-08-25T20:56:40.760
-124.40757,40.28647,22.36,1.64,2023-08-26T08:04:11.410
-124.57509,40.32516,13.55,1.42,2023-08-28T11:46:43.960
-124.57897,40.31128,10.49,2.11,2023-08-31T04:39:38.920
-124.37991,40.28869,9.1,1.44,2023-09-01T00:41:58.170
-124.55487,40.28373,19.7,1.72,2023-09-04T17:03:53.160
-124.47586,40.29455,20.76,1.85,2023-09-15T21:24:14.400
-124.45966,40.30973,19.65,1.7,2023-09-17T03:07:33.930
-124.574,40.31151,23.32,2.12,2023-09-19T05:02:16.180
-124.81286,40.39664,19.54,1.52,2023-09-23T13:55:06.050
-124.56842,40.30186,8.53,1.61,2023-09-23T23:21:30.480
-124.55536,40.30855,21.07,1.28,2023-09-24T11:06:37.790
-124.58272,40.30793,8.09,1.75,2023-09-24T20:12:56.040
-124.58535,40.32767,14.23,1.61,2023-09-25T04:13:41.210
-124.37011,40.27911,15.52,1.55,2023-09-25T18:19:50.160
-124.63341,40.30726,9.58,2.06,2023-09-29T11:50:28.400
-124.59038,40.30426,7.91,1.83,2023-09-29T18:54:19.360
-124.51095,40.32149,25.27,1.96,2023-10-03T10:47:40.210
-124.61763,40.30603,18.05,2.4,2023-10-09T23:07:19.560
-124.42135,40.28061,8.19,2.0,2023-10-10T07:19:25.820
-124.52577,40.33392,21.39,1.59,2023-10-15T16:18:38.510
-124.51025,40.29715,12.1,1.77,2023-10-18T05:23:25.860
-124.89484,40.3835,18.59,3.17,2023-10-20T20:50:14.940
-124.57905,40.29597,21.24,2.74,2023-10-21T02:22:38.650
-124.37047,40.28021,20.96,1.69,2023-10-21T10:31:53.840
-124.51207,40.32646,18.25,2.23,2023-10-21T23:18:15.540
-124.52939,40.29631,22.54,1.51,2023-10-22T05:56:18.900
-124.48468,40.29072,15.37,1.99,2023-10-26T06:56:45.690
-124.46476,40.29655,8.42,2.48,2023-10-29T00:14:47.690
-124.70043,40.41339,21.88,1.96,2023-10-29T07:43:20.430
-124.6609,40.36732,10.78,2.03,2023-11-01T13:34:56.020
-124.67332,40.32919,19.89,2.57,2023-11-05T05:12:11.620
-124.79697,40.42222,7.78,4.4,2023-11-11T03:15:23.550
-124.77626,40.44338,7.81,3.32,2023-11-11T03:43:41.850
-124.77451,40.43589,8.04,2.54,2023-11-11T04:01:57.960
-124.79609,40.47233,20.05,2.19,2023-11-11T05:12:42.590
-124.60776,40.31958,15.62,2.43,2023-11-11T07:22:13.590
-124.79061,40.47015,20.48,2.26,2023-11-11T15:15:51.850
-124.77426,40.43535,8.2,2.58,2023-11-11T17:04:14.000
-124.60102,40.30896,18.58,1.72,2023-11-11T18:29:21.660
-124.51343,40.29563,12.39,2.53,2023-11-15T07:49:06.560
-124.68323,40.31999,10.16,2.32,2023-11-16T21:00:53.340
-124.66227,40.31113,8.68,2.63,2023-11-17T03:24:05.770
-124.51471,40.31831,7.35,1.81,2023-11-18T20:40:59.760
-124.50024,40.28916,21.84,2.16,2023-11-19T04:46:58.060
-124.65185,40.31627,10.48,2.74,2023-11-19T19:02:05.240
-124.59276,40.2966,20.66,2.32,2023-11-22T20:36:42.100
-124.49432,40.28022,21.73,2.46,2023-11-26T10:53:14.140
-124.55495,40.29231,21.84,1.53,2023-11-28T17:27:59.880
-124.56909,40.3101,10.68,1.65,2023-11-29T07:37:14.230
-124.81358,40.39373,19.61,2.11,2023-11-29T23:43:35.620
-124.3741,40.28728,24.17,1.8,2023-12-06T20:30:50.200
-124.71588,40.45382,9.72,2.82,2023-12-16T08:45:00.070
-124.40893,40.28884,17.64,1.34,2023-12-22T19:41:32.080
-124.68962,40.46463,21.59,2.37,2024-01-03T10:11:05.020
-124.57093,40.27396,18.58,1.74,2024-01-16T01:59:01.560
-124.5821,40.29711,21.53,2.12,2024-01-17T22:56:19.620
-124.53845,40.29408,18.52,2.5,2024-01-18T06:30:09.380
-124.87839,40.3735,19.45,2.54,2024-01-24T07:04:32.450
-124.51519,40.29299,22.77,1.99,2024-01-25T05:39:35.390
-124.40306,40.27794,8.88,2.41,2024-01-25T22:11:52.440
-124.76877,40.43102,5.29,2.68,2024-01-27T11:19:05.520
-124.38372,40.27858,9.69,1.51,2024-01-28T21:41:06.520
-124.54782,40.3321,10.4,2.04,2024-01-29T06:45:50.880
-124.72598,40.33436,8.23,2.92,2024-02-02T13:11:09.310
-124.44967,40.33836,27.79,2.09,2024-02-07T03:52:54.780
-124.74318,40.34297,17.95,2.35,2024-02-08T07:36:24.320
-124.52008,40.29769,8.25,2.57,2024-02-08T10:13:10.660
-124.51177,40.29659,7.89,2.44,2024-02-09T06:00:49.640
-124.5543,40.30496,7.86,2.58,2024-02-09T21:42:38.800
-124.54158,40.29953,8.35,1.7,2024-02-10T03:18:52.280
-124.60965,40.31118,7.37,4.1,2024-02-10T07:20:18.060
-124.5726,40.30469,7.95,1.66,2024-02-10T07:30:20.210
-124.57096,40.31021,8.75,2.44,2024-02-10T08:07:39.500
-124.57845,40.31065,8.65,2.39,2024-02-10T08:36:33.160
-124.53684,40.30312,8.29,2.4,2024-02-10T08:58:58.950
-124.58053,40.30107,7.79,1.7,2024-02-10T09:17:20.210
-124.58089,40.30767,8.24,1.91,2024-02-10T10:52:38.990
-124.57276,40.30802,8.5,1.77,2024-02-10T11:02:12.450
-124.54588,40.30319,7.82,2.38,2024-02-10T11:59:20.300
-124.5716,40.30629,8.46,2.16,2024-02-10T12:44:48.680
-124.55174,40.29774,7.01,1.77,2024-02-10T14:27:25.590
-124.58753,40.30989,8.24,2.34,2024-02-10T14:39:09.250
-124.57942,40.30398,8.0,1.65,2024-02-10T14:58:44.630
-124.5835,40.30472,8.12,2.01,2024-02-10T19:59:06.420
-124.56996,40.30228,8.06,1.82,2024-02-10T20:23:40.600
-124.58123,40.30758,8.36,1.83,2024-02-11T15:32:57.560
-124.41133,40.28984,25.11,2.3,2024-02-12T02:03:32.300
-124.39632,40.26842,23.08,1.55,2024-02-12T04:15:05.060
-124.49674,40.29646,8.71,2.42,2024-02-12T05:11:12.190
-124.49192,40.29275,7.97,1.77,2024-02-12T05:23:31.870
-124.53815,40.29415,7.97,1.58,2024-02-12T05:36:40.230
-124.45252,40.32046,16.41,2.18,2024-02-14T14:23:49.530
-124.36531,40.27275,10.77,2.28,2024-02-15T07:55:08.440
-124.37646,40.3398,18.88,3.29,2024-02-18T04:57:00.940
-124.54607,40.30268,7.78,2.55,2024-02-21T05:21:43.980
-124.55305,40.30686,7.64,2.63,2024-02-21T10:46:46.540
-124.54217,40.30325,6.0,1.78,2024-02-21T17:30:29.400
-124.61396,40.29541,9.27,2.5,2024-02-23T14:51:49.570
-124.47921,40.3059,19.99,1.7,2024-02-23T17:49:52.740
-124.67155,40.32596,18.36,2.68,2024-02-24T00:47:29.470
-124.56734,40.29414,8.05,1.83,2024-02-24T07:22:10.230
-124.75578,40.35869,18.66,1.83,2024-02-25T00:38:03.630
-124.72944,40.46234,9.01,2.55,2024-02-25T07:43:22.520
-124.78301,40.38571,16.84,3.03,2024-02-26T12:44:30.570
-124.41982,40.31658,34.75,2.26,2024-02-27T22:44:55.040
-124.49715,40.3275,18.93,2.57,2024-02-28T01:19:06.300
-124.41683,40.31815,34.61,2.11,2024-02-28T02:58:13.130
-124.42129,40.31617,34.84,3.11,2024-03-03T06:20:52.150
-124.42326,40.31724,34.77,1.99,2024-03-05T18:09:08.580
-124.42191,40.31663,34.74,3.16,2024-03-06T05:17:06.330
-124.41873,40.31563,34.58,2.6,2024-03-06T06:47:14.750
-124.41699,40.31604,34.77,2.49,2024-03-06T11:14:10.790
-124.41436,40.31527,34.79,1.9,2024-03-06T11:56:40.480
-124.58499,40.29514,19.71,2.46,2024-03-06T12:30:13.350
-124.41798,40.3147,34.8,2.48,2024-03-06T19:45:58.080
-124.707,40.47595,21.34,2.37,2024-03-06T23:04:36.880
-124.52344,40.2904,22.28,2.02,2024-03-09T12:03:50.490
-124.42398,40.3146,34.6,3.46,2024-03-10T01:00:04.570
-124.45159,40.28395,10.86,2.46,2024-03-10T23:15:18.360
-124.41915,40.31787,34.74,2.34,2024-03-11T19:46:51.080
-124.65136,40.35934,9.44,3.02,2024-03-16T11:19:55.340
-124.41956,40.3179,34.73,1.8,2024-03-16T13:29:06.010
-124.53594,40.26267,22.62,1.65,2024-03-25T01:48:43.160
-124.9271,40.40879,17.41,2.08,2024-03-25T10:59:52.580
-124.58745,40.26408,18.31,1.7,2024-03-27T10:45:58.990
-124.73374,40.3393,15.68,3.12,2024-03-27T17:34:25.360
-124.41902,40.31757,34.92,2.63,2024-03-29T08:43:01.940
-124.74061,40.34854,8.56,2.68,2024-03-29T08:51:03.300
-124.57275,40.30982,8.6,2.36,2024-03-29T19:04:29.240
-124.64047,40.30413,7.79,2.87,2024-03-30T14:43:35.940
-124.59602,40.30949,12.73,1.95,2024-03-31T15:25:10.560
-124.65115,40.30731,8.51,2.42,2024-04-03T02:38:18.960
-124.77957,40.46198,21.67,1.92,2024-04-03T19:28:34.400
-124.49025,40.29343,12.35,2.7,2024-04-08T06:11:46.590
-124.48273,40.28733,11.36,1.61,2024-04-11T23:57:37.720
-124.68712,40.46492,22.09,2.06,2024-04-12T04:55:18.700
-124.401,40.28091,23.22,1.72,2024-04-14T17:25:41.600
-124.40553,40.29356,8.96,1.24,2024-04-15T14:37:42.240
-124.80738,40.39707,7.09,3.12,2024-04-16T03:08:40.080
-124.81281,40.39683,19.21,2.17,2024-04-16T06:13:56.760
-124.8139,40.39524,19.34,2.49,2024-04-16T22:08:11.240
-124.40138,40.33849,19.17,1.42,2024-04-16T22:44:45.180
-124.676,40.33924,14.53,2.05,2024-04-21T13:32:46.370
-124.55421,40.30714,10.22,1.85,2024-04-22T08:43:21.290
-124.90544,40.39794,17.62,2.55,2024-04-22T16:45:12.910
-124.7251,40.45803,9.35,3.39,2024-04-24T13:35:33.540
-124.6113,40.30638,10.97,2.55,2024-04-27T09:55:38.630
-124.70005,40.44965,21.27,1.98,2024-04-27T17:43:50.720
-124.62824,40.29659,9.8,2.44,2024-04-29T12:33:43.760
-124.57048,40.30947,11.32,1.91,2024-04-29T20:18:27.680
-124.36899,40.28835,9.24,1.43,2024-05-06T07:50:08.740
-124.45433,40.28492,8.95,1.5,2024-05-07T03:39:53.540
-124.41536,40.29366,18.65,1.27,2024-05-10T11:32:11.340
-124.50019,40.32473,22.33,1.51,2024-05-10T23:59:21.040
-124.48879,40.29383,14.09,1.25,2024-05-11T14:11:46.440
-124.38944,40.33699,30.34,2.23,2024-05-15T23:10:26.000
-124.53079,40.29874,9.09,1.82,2024-05-26T13:39:44.400
-124.99474,40.39002,16.69,2.24,2024-05-30T02:59:25.290
-124.67646,40.32257,16.62,2.95,2024-05-31T04:54:45.140
-124.56678,40.28667,18.85,1.78,2024-06-01T18:12:05.520
-124.66384,40.32507,16.14,1.9,2024-06-02T17:03:14.100
-124.37051,40.27603,10.07,0.85,2024-06-03T04:56:19.750
-124.38018,40.27659,8.85,1.08,2024-06-03T11:49:57.760
-124.482,40.29956,12.34,1.76,2024-06-04T10:32:04.070
-124.88984,40.37015,15.11,3.03,2024-06-05T00:58:03.870
-124.52031,40.28699,22.77,2.27,2024-06-05T03:41:05.840
-124.55102,40.32104,15.81,1.91,2024-06-05T16:27:11.270
-124.42616,40.29111,20.75,1.92,2024-06-07T00:13:41.460
-124.54819,40.31295,15.4,2.28,2024-06-08T14:10:49.620
-124.47223,40.28416,10.65,1.48,2024-06-08T17:49:58.800
-124.49441,40.29561,14.16,1.99,2024-06-11T20:18:41.460
-124.8248,40.36355,20.39,2.29,2024-06-13T01:09:26.980
-124.47467,40.28244,21.82,1.93,2024-06-13T02:53:18.810
-124.77398,40.34444,18.3,2.5,2024-06-15T12:36:53.260
-124.52462,40.29568,22.47,1.76,2024-06-16T17:30:49.360
-124.41196,40.26735,22.89,1.4,2024-06-19T22:48:20.160
-124.55944,40.2918,19.01,1.61,2024-06-20T15:23:59.370
-124.57707,40.29552,21.25,2.01,2024-06-20T22:03:49.360
-124.43842,40.29759,19.71,2.4,2024-06-22T05:45:50.120
-124.65057,40.30729,6.92,3.09,2024-06-26T01:49:28.900
-124.49243,40.32017,7.99,1.39,2024-06-26T04:14:56.340
-124.67248,40.42598,9.03,1.78,2024-06-27T07:44:26.970
-124.62551,40.32029,17.41,1.6,2024-06-27T09:04:28.860
-124.47969,40.39522,17.95,1.64,2024-07-01T08:46:08.985
-124.47911,40.39478,17.91,1.46,2024-07-01T09:00:07.367
-124.22734,40.5764,18.5,1.11,2024-07-01T16:25:43.024
-124.4063,40.3988,21.59,1.54,2024-07-01T18:40:44.014
-124.44077,40.5218,16.38,1.29,2024-07-02T10:08:15.283
-124.5121,40.2847,7.78,1.71,2024-07-02T12:33:20.036
-124.5121,40.2847,7.78,1.5,2024-07-02T12:34:11.516
-124.64616,40.41111,22.76,1.79,2024-07-02T13:32:22.225
-124.64544,40.40749,22.8,1.7,2024-07-02T14:21:54.327
-124.42326,40.5256,18.68,1.29,2024-07-02T21:50:58.704
-124.42093,40.52616,18.39,1.35,2024-07-02T22:02:40.868
-124.42204,40.5263,18.44,1.3,2024-07-02T22:08:14.662
-124.23372,40.57381,18.43,1.08,2024-07-03T03:15:02.750
-124.4063,40.3988,21.59,1.52,2024-07-03T07:32:04.374
-124.4063,40.3988,21.59,1.54,2024-07-03T11:22:32.064
-124.42321,40.52425,18.57,0.75,2024-07-03T13:53:49.191
-124.22484,40.5766,17.81,1.12,2024-07-03T14:09:03.880
-124.42888,40.52516,19.33,1.47,2024-07-03T17:17:52.515
-123.99788,40.48617,20.35,0.68,2024-07-03T23:28:56.049
-124.43016,40.52491,18.84,1.35,2024-07-04T02:17:33.158
-124.4284,40.52317,18.84,1.4,2024-07-04T08:24:04.875
-124.42574,40.52983,18.97,1.51,2024-07-04T09:44:21.763
-124.42583,40.52995,18.97,1.45,2024-07-04T11:13:32.129
-124.52331,40.46297,19.54,1.24,2024-07-04T15:19:53.722
-124.22975,40.57367,17.95,1.46,2024-07-05T01:07:49.132
-124.22975,40.57367,17.95,1.44,2024-07-05T01:25:08.722
-124.1307,40.59158,14.61,1.03,2024-07-05T08:44:22.320
-124.4267,40.52629,19.06,0.96,2024-07-05T09:58:42.832
-123.99682,40.48548,20.36,1.21,2024-07-05T11:46:57.266
-124.67457,40.5065,16.37,1.62,2024-07-05T12:45:37.060
-124.13125,40.59153,14.74,0.97,2024-07-05T15:11:53.416
-124.13295,40.59199,14.84,0.89,2024-07-05T21:36:08.868
-124.43525,40.52714,19.28,1.54,2024-07-06T05:22:03.215
-125.14648,40.42315,5.04,2.36,2024-07-06T16:14:08.773
-125.14932,40.42305,4.8,2.28,2024-07-06T17:22:48.229
-123.99819,40.48565,20.36,1.17,2024-07-06T17:52:42.289
-124.42481,40.52797,18.85,1.5,2024-07-06T19:42:27.225
-124.21977,40.5786,17.83,1.26,2024-07-07T05:11:00.139
-124.42951,40.52505,18.75,1.48,2024-07-07T08:27:04.922
-124.28664,40.63791,17.0,1.16,2024-07-08T04:49:46.060
-124.58124,40.57432,14.85,1.25,2024-07-08T07:39:01.395
-124.28714,40.63791,16.59,1.17,2024-07-08T08:24:09.349
-124.28692,40.63769,17.12,1.13,2024-07-08T12:12:18.444
-124.21946,40.57772,17.53,1.16,2024-07-08T15:29:32.839
-124.42518,40.52886,19.17,1.29,2024-07-08T16:18:25.377
-124.22671,40.57412,18.1,1.27,2024-07-08T16:56:00.318
-124.22586,40.57412,18.19,1.14,2024-07-08T17:46:54.004
-124.69529,40.51297,16.57,1.58,2024-07-08T18:42:47.361
-124.50769,40.48713,22.0,1.6,2024-07-08T19:17:07.030
-124.58176,40.57348,15.07,1.25,2024-07-08T19:25:49.707
-124.69111,40.51133,16.53,1.18,2024-07-08T19:32:20.362
-124.42437,40.52966,18.94,1.5,2024-07-08T19:56:01.246
-124.42487,40.52976,19.03,1.34,2024-07-08T19:57:31.765
-124.6848,40.51641,16.13,1.67,2024-07-08T22:03:43.497
-124.68683,40.51109,16.27,1.22,2024-07-09T02:03:22.726
-124.42759,40.52583,19.36,1.35,2024-07-09T06:12:17.840
-124.42903,40.52996,19.31,1.27,2024-07-09T11:33:00.341
-124.288,40.63815,17.2,1.23,2024-07-09T12:06:43.942
-124.288,40.63815,17.38,1.33,2024-07-09T12:31:26.260
-124.21635,40.57752,16.48,0.54,2024-07-09T14:10:41.336
-124.21578,40.57744,16.51,0.52,2024-07-09T15:06:25.495
-124.43159,40.5258,19.3,1.44,2024-07-09T22:50:28.298
-124.43035,40.52637,19.35,0.93,2024-07-10T00:07:23.430
-124.43013,40.52238,19.14,1.25,2024-07-10T02:31:13.400
-124.22852,40.57284,16.07,1.24,2024-07-10T04:52:53.744
-124.4273,40.52449,18.15,1.55,2024-07-10T09:29:42.236
-124.21875,40.57714,16.42,1.09,2024-07-10T09:34:57.368
-124.21918,40.57727,16.45,1.26,2024-07-10T10:10:28.346
-124.21943,40.57749,16.49,0.98,2024-07-10T10:10:48.717
-124.28951,40.63835,17.32,1.24,2024-07-10T11:20:55.655
-124.22201,40.57849,17.17,1.02,2024-07-10T14:08:13.887
-124.42463,40.52352,18.62,1.21,2024-07-10T16:31:17.726
-124.22846,40.57632,17.31,1.12,2024-07-10T18:35:18.895
-124.22324,40.57884,17.37,1.22,2024-07-10T21:49:39.357
-124.2221,40.57816,17.18,1.22,2024-07-10T22:07:43.247
-124.65328,40.48071,18.7,1.89,2024-07-10T23:08:06.397
-124.42681,40.52655,19.22,0.72,2024-07-10T23:14:03.720
-124.35147,40.42776,18.42,2.29,2024-07-11T09:39:55.894
-124.34904,40.42896,18.31,1.56,2024-07-11T10:02:37.069
-124.35099,40.42818,18.42,1.65,2024-07-11T11:40:01.139
-124.42965,40.52462,19.33,1.78,2024-07-11T19:06:06.564
-124.42244,40.52527,18.98,0.47,2024-07-12T02:38:56.921
-124.22478,40.5785,17.1,1.17,2024-07-12T05:08:51.670
-124.42135,40.52727,18.75,1.45,2024-07-12T10:11:18.052
-124.4207,40.52821,18.11,1.38,2024-07-12T10:21:46.676
-124.41176,40.53866,17.92,1.14,2024-07-12T19:39:04.486
-124.114,40.608,17.6,1.41,2024-07-13T01:18:27.235
-124.114,40.608,17.6,1.32,2024-07-13T01:42:51.865
-124.68379,40.50625,15.48,1.41,2024-07-13T02:54:41.103
-124.70633,40.50114,17.16,1.89,2024-07-13T02:59:19.404
-124.42105,40.52501,18.94,1.23,2024-07-13T05:08:40.464
-124.28989,40.63825,17.32,1.49,2024-07-13T06:26:00.747
-124.43853,40.52189,19.98,1.39,2024-07-13T09:28:33.758
-124.43124,40.52049,20.05,1.34,2024-07-13T12:09:47.085
-124.43506,40.52244,19.91,1.67,2024-07-13T19:56:32.113
-124.44089,40.5215,17.86,1.57,2024-07-14T04:37:25.879
-124.44185,40.52047,18.11,1.43,2024-07-14T04:58:21.399
-124.43012,40.52911,19.6,1.45,2024-07-14T05:02:19.741
-124.42602,40.53138,17.09,1.06,2024-07-14T07:32:40.089
-124.42506,40.52974,17.08,1.07,2024-07-14T07:36:59.740
-124.42911,40.52749,19.07,1.6,2024-07-14T13:23:18.847
-124.43463,40.52255,19.5,0.38,2024-07-14T14:32:41.735
-124.29203,40.6351,17.58,1.35,2024-07-14T17:36:53.589
-124.29184,40.63495,17.48,1.38,2024-07-14T19:49:06.747
-124.4295,40.5326,14.24,0.32,2024-07-14T20:52:09.849
-124.42854,40.53272,14.28,0.34,2024-07-14T21:07:33.130
-124.42928,40.53357,14.02,0.31,2024-07-14T21:25:43.275
-124.42854,40.53272,14.28,0.32,2024-07-14T21:29:38.770
-124.42854,40.53272,14.28,0.32,2024-07-14T21:42:49.250
-124.29184,40.63495,17.48,1.32,2024-07-15T01:22:02.716
-124.52815,40.38254,26.21,1.08,2024-07-15T09:53:02.993
-124.52625,40.38166,26.21,1.08,2024-07-15T11:44:41.709
-124.45557,40.5009,19.41,2.83,2024-07-16T02:25:15.744
-124.43874,40.523,20.3,1.59,2024-07-16T04:29:01.267
-124.4265,40.52638,19.19,1.63,2024-07-16T13:51:14.766
-124.63823,40.40872,22.95,1.47,2024-07-16T16:35:00.626
-124.50292,40.30977,7.9,2.59,2024-07-16T20:36:37.019
-124.50356,40.31003,7.9,1.65,2024-07-16T20:51:24.191
-124.50382,40.31039,7.9,2.1,2024-07-16T21:14:57.645
-124.4266,40.52723,19.27,1.53,2024-07-17T04:19:36.404
-124.43048,40.52608,19.16,1.59,2024-07-17T09:01:19.468
-124.65173,40.41291,22.96,1.56,2024-07-18T00:13:45.298
-124.42749,40.52504,19.01,1.49,2024-07-18T02:33:17.062
-124.21898,40.578,15.62,1.14,2024-07-18T06:03:30.892
-124.21824,40.57859,18.43,1.13,2024-07-18T06:08:18.059
-124.21898,40.578,15.62,0.56,2024-07-18T06:08:57.752
-124.42501,40.52687,19.25,1.54,2024-07-18T14:09:56.151
-124.42597,40.52676,19.32,0.37,2024-07-18T22:39:48.216
-124.42317,40.52776,18.93,1.24,2024-07-19T00:11:01.096
-124.42379,40.52904,18.85,1.34,2024-07-19T00:11:34.880
-124.43064,40.51998,18.77,1.28,2024-07-19T00:23:41.969
-124.42327,40.52776,18.94,1.27,2024-07-19T00:28:06.674
-124.63538,40.40252,22.93,1.03,2024-07-19T01:39:25.968
-124.48987,40.28975,17.03,2.12,2024-07-19T02:11:02.887
-124.48953,40.28965,17.07,1.84,2024-07-19T02:51:09.065
-124.59299,40.27709,15.51,0.83,2024-07-19T07:12:23.993
-124.53649,40.4997,17.66,1.06,2024-07-19T07:29:47.398
-124.42789,40.524,19.03,1.23,2024-07-19T07:58:28.825
-124.53555,40.49935,17.65,1.1,2024-07-19T08:47:43.021
-124.53649,40.4997,17.66,1.1,2024-07-19T09:53:29.448
-124.53586,40.50126,17.7,1.05,2024-07-19T10:19:07.187
-124.64856,40.41425,22.92,1.63,2024-07-19T14:37:46.360
-124.58581,40.27511,15.44,0.94,2024-07-19T18:51:57.959
-124.41284,40.52282,18.13,0.72,2024-07-20T00:43:29.249
-123.92504,40.56414,20.75,0.47,2024-07-20T04:21:24.797
-123.92762,40.56421,20.63,0.54,2024-07-20T07:30:20.721
-124.42687,40.52501,17.24,0.35,2024-07-20T08:38:09.995
-123.92504,40.56426,20.69,0.6,2024-07-20T09:22:02.485
-124.46953,40.28206,11.58,0.8,2024-07-20T19:07:12.590
-124.40048,40.53582,17.39,1.07,2024-07-20T23:33:09.721
-124.22762,40.49639,22.06,2.26,2024-07-21T02:40:49.517
-124.22818,40.49681,22.12,1.43,2024-07-21T03:11:37.985
-124.42612,40.5222,19.18,1.57,2024-07-21T03:46:53.856
-124.42501,40.52209,19.16,1.48,2024-07-21T08:03:23.322
-124.44729,40.28887,8.46,0.6,2024-07-21T13:26:55.791
-124.44729,40.28887,8.46,0.48,2024-07-21T13:31:37.471
-124.4321,40.52273,18.89,1.29,2024-07-21T13:33:36.168
-124.42932,40.52415,19.11,1.13,2024-07-21T16:00:33.621
-124.4233,40.52977,18.99,1.32,2024-07-21T22:32:32.830
-124.43331,40.52289,18.99,1.4,2024-07-22T00:35:08.080
-124.43446,40.52253,17.28,2.68,2024-07-22T07:27:54.569
-124.43496,40.52276,17.94,1.42,2024-07-22T07:31:10.891
-124.43458,40.52339,18.0,1.5,2024-07-22T07:34:13.984
-124.42907,40.52776,18.81,0.54,2024-07-22T07:48:08.731
-124.4341,40.52372,18.33,1.49,2024-07-22T08:24:12.384
-124.43591,40.52306,18.17,1.5,2024-07-22T08:47:17.795
-124.42548,40.52626,18.59,1.2,2024-07-22T10:39:26.926
-124.42586,40.5251,19.46,1.64,2024-07-22T12:18:55.546
-124.47164,40.29191,17.68,1.84,2024-07-22T16:00:00.096
-124.47906,40.28639,19.96,1.34,2024-07-22T23:51:33.307
-124.04404,40.30333,33.15,2.46,2024-07-23T04:29:58.753
-124.04456,40.30367,33.17,2.7,2024-07-23T05:06:11.749
-124.42414,40.52615,19.02,0.83,2024-07-23T12:11:31.050
-124.23066,40.71681,16.9,1.28,2024-07-23T15:57:00.256
-124.36458,40.5215,18.23,1.24,2024-07-24T01:07:15.551
-124.36302,40.5215,18.15,1.2,2024-07-24T01:07:36.049
-124.23034,40.71659,16.92,1.24,2024-07-24T09:43:24.696
-124.3605,40.32775,18.04,1.61,2024-07-24T11:07:55.636
-124.3605,40.32775,18.04,1.3,2024-07-24T11:09:43.766
-124.73732,40.53277,13.11,2.08,2024-07-25T02:17:01.030
-124.73588,40.53163,13.15,1.83,2024-07-25T03:05:23.972
-124.43925,40.52165,17.44,0.65,2024-07-25T06:27:39.343
-124.43697,40.52196,17.32,0.63,2024-07-25T06:37:15.108
-124.4361,40.52205,17.3,0.63,2024-07-25T06:43:29.777
-124.22613,40.5759,17.68,1.98,2024-07-25T11:49:46.076
-124.22626,40.57603,17.89,1.2,2024-07-25T11:50:55.040
-124.22531,40.57576,18.55,0.42,2024-07-25T12:15:00.488
-124.22627,40.57616,17.85,1.28,2024-07-25T13:47:07.244
-124.22627,40.57603,17.87,0.48,2024-07-25T13:56:10.701
-124.22601,40.57603,17.88,1.2,2024-07-25T18:19:53.157
-124.42688,40.52966,18.88,1.02,2024-07-26T05:18:15.060
-124.4364,40.51928,17.09,1.59,2024-07-26T07:28:41.916
-124.44725,40.28441,8.19,1.84,2024-07-26T15:53:28.308
-124.44715,40.28459,8.23,0.94,2024-07-26T15:54:06.094
-124.23225,40.57439,18.68,0.95,2024-07-26T17:14:39.000
-124.42941,40.52665,18.83,1.3,2024-07-27T00:26:15.947
-124.22527,40.57592,18.06,1.24,2024-07-27T02:12:38.317
-124.2259,40.57593,18.08,0.37,2024-07-27T13:18:14.474
-124.22574,40.57612,18.18,1.48,2024-07-27T16:53:45.526
-124.22385,40.57716,17.55,1.19,2024-07-27T20:11:00.368
-124.2234,40.57718,17.71,1.11,2024-07-27T20:11:52.449
-124.22164,40.57741,18.09,1.04,2024-07-27T20:15:13.998
-124.45744,40.46335,27.0,1.24,2024-07-27T21:00:05.119
-124.22341,40.57736,17.73,1.0,2024-07-27T21:18:27.073
-124.52471,40.53725,20.44,1.34,2024-07-28T04:42:05.391
-124.51507,40.5341,21.87,1.59,2024-07-28T07:31:37.551
-124.51432,40.53365,21.88,1.71,2024-07-28T07:44:30.411
-124.43039,40.52725,19.1,1.42,2024-07-28T09:03:28.704
-124.48226,40.45555,27.39,1.32,2024-07-28T23:20:17.985
-124.31933,40.55414,17.74,2.49,2024-07-29T01:38:38.425
-124.32017,40.55466,17.8,0.73,2024-07-29T02:13:11.826
-124.2298,40.57451,17.78,0.96,2024-07-29T03:10:16.503
-124.32015,40.5564,17.87,1.6,2024-07-29T03:20:32.630
-124.42328,40.52871,19.42,1.34,2024-07-29T04:00:48.476
-124.2303,40.7073,16.33,1.4,2024-07-29T04:39:53.116
-124.2303,40.7073,16.33,1.24,2024-07-29T04:51:27.286
-123.99985,40.35935,25.36,1.31,2024-07-29T05:25:27.687
-124.42996,40.5263,19.14,0.33,2024-07-29T06:27:56.039
-124.42996,40.5263,19.14,1.06,2024-07-29T06:43:33.289
-124.64176,40.40996,23.01,1.07,2024-07-29T08:13:56.760
-124.49732,40.49994,18.13,0.79,2024-07-29T09:20:00.274
-124.49808,40.49966,18.21,0.8,2024-07-29T10:04:08.178
-124.63334,40.39414,23.1,1.32,2024-07-29T10:44:53.242
-123.99985,40.35935,25.4,1.4,2024-07-29T13:32:06.915
-124.28385,40.5538,16.91,1.59,2024-07-29T14:11:04.422
-124.43636,40.5263,19.94,1.11,2024-07-29T16:05:09.597
-124.4268,40.52015,19.89,0.89,2024-07-30T02:08:43.631
-124.46083,40.51974,17.25,0.94,2024-07-30T02:16:52.073
-124.46074,40.51974,17.29,0.95,2024-07-30T02:18:07.396
-124.43139,40.52577,19.83,1.03,2024-07-30T06:58:16.180
-123.99886,40.48597,20.38,1.51,2024-07-30T10:19:04.571
-124.5247,40.4459,17.72,0.94,2024-07-30T10:45:54.891
-124.5247,40.4459,17.72,0.93,2024-07-30T11:05:04.661
-124.2209,40.57654,18.16,1.0,2024-07-31T02:51:25.713
-124.48073,40.38075,16.68,1.76,2024-07-31T07:43:46.450
-124.45371,40.51598,17.81,1.24,2024-07-31T08:01:34.801
-124.48127,40.38125,16.68,1.51,2024-07-31T08:07:17.502
-124.45438,40.51596,17.87,1.21,2024-07-31T08:58:09.438
-124.2228,40.57831,17.44,0.95,2024-07-31T09:02:29.774
-124.22289,40.57805,17.36,0.94,2024-07-31T09:03:34.866
-124.43517,40.52804,19.67,0.99,2024-07-31T09:28:35.692
-123.99837,40.4867,20.41,1.08,2024-07-31T11:32:26.839
-124.43652,40.52609,20.04,1.45,2024-07-31T12:30:05.094
-124.45329,40.51634,17.81,1.17,2024-07-31T12:41:59.753
-123.99877,40.48633,20.4,0.78,2024-07-31T13:29:52.343
-124.43589,40.52627,19.98,0.99,2024-08-01T05:16:47.024
-124.45361,40.51565,17.7,1.52,2024-08-01T13:25:24.250
-124.42811,40.52477,19.89,1.43,2024-08-01T17:43:47.783
-124.42566,40.52778,19.36,0.85,2024-08-01T18:14:13.260
-124.29157,40.63606,16.48,1.19,2024-08-02T06:54:27.568
-124.43864,40.5127,21.36,0.89,2024-08-02T07:26:54.713
-124.3185,40.5788,17.3,1.04,2024-08-02T08:05:21.791
-124.3185,40.5788,17.3,1.06,2024-08-02T08:06:50.711
-124.42947,40.52831,17.78,0.89,2024-08-02T11:16:40.648
-124.42748,40.52692,19.41,1.36,2024-08-02T13:01:12.083
-124.427,40.52729,19.33,1.36,2024-08-02T13:14:54.652
-124.43613,40.52992,19.6,1.03,2024-08-03T03:25:16.293
-124.36026,40.32757,18.04,1.72,2024-08-03T04:18:59.748
-124.36074,40.32793,18.04,1.23,2024-08-03T04:24:52.754
-124.4356,40.52887,19.48,1.27,2024-08-03T05:09:55.469
-124.29483,40.63654,18.65,0.74,2024-08-03T12:57:08.984
-124.35853,40.39607,32.02,1.26,2024-08-03T13:55:21.690
-124.42826,40.5258,18.28,0.59,2024-08-04T04:14:17.891
-124.42826,40.52584,18.26,0.58,2024-08-04T05:43:18.371
-124.42557,40.52848,19.04,0.24,2024-08-04T08:23:28.027
-124.34577,40.37323,29.7,2.36,2024-08-04T09:17:54.212
-124.43128,40.52341,18.01,1.39,2024-08-04T13:13:01.335
-124.43137,40.52375,18.0,1.09,2024-08-04T13:18:52.366
-124.43406,40.52309,18.56,1.22,2024-08-04T13:23:17.007
-124.42925,40.5236,17.57,1.13,2024-08-04T13:50:25.284
-124.43096,40.52274,18.06,1.26,2024-08-04T14:47:57.915
-124.42912,40.52391,18.06,1.15,2024-08-04T14:53:35.202
-124.4295,40.52461,18.07,1.39,2024-08-04T14:54:05.099
-124.42755,40.52295,17.89,1.35,2024-08-04T14:59:20.967
-124.43022,40.52468,18.12,1.29,2024-08-04T15:02:06.801
-124.43042,40.52452,18.12,1.25,2024-08-04T15:02:54.753
-124.42954,40.52376,18.11,1.1,2024-08-04T15:57:27.440
-124.43122,40.52405,18.12,1.23,2024-08-04T15:59:15.832
-124.42941,40.52425,18.1,1.03,2024-08-04T17:23:29.758
-124.42823,40.52402,19.55,1.53,2024-08-04T23:33:48.938
-124.43015,40.52751,19.52,0.33,2024-08-05T00:00:27.935
-124.62128,40.29746,18.41,1.53,2024-08-05T03:11:02.423
-124.42558,40.53084,18.75,1.33,2024-08-05T04:59:05.166
-124.42558,40.53084,18.75,1.26,2024-08-05T05:23:39.786
-124.42925,40.52449,17.99,0.39,2024-08-05T08:11:42.359
-124.43454,40.52671,19.47,1.3,2024-08-05T08:46:56.546
-124.44636,40.51999,16.88,0.51,2024-08-05T13:32:41.365
-124.43022,40.52569,19.23,1.08,2024-08-05T14:34:42.243
-124.65762,40.30494,17.41,1.3,2024-08-05T18:10:48.179
-124.42909,40.52384,18.16,1.11,2024-08-05T20:39:40.358
-124.42783,40.52688,18.49,0.59,2024-08-06T01:39:29.027
-124.42701,40.52658,18.49,0.58,2024-08-06T02:03:44.174
-124.42753,40.51651,22.01,1.26,2024-08-06T02:29:43.290
-124.43186,40.52554,19.34,1.41,2024-08-06T02:34:56.144
-124.42723,40.5267,18.6,0.58,2024-08-06T02:50:18.471
-124.42688,40.52676,18.42,0.85,2024-08-06T05:43:16.205
-124.43507,40.52358,18.71,1.12,2024-08-06T06:26:53.733
-124.44668,40.52306,17.97,1.66,2024-08-06T09:17:29.683
-124.44658,40.52259,17.99,1.36,2024-08-06T09:19:02.983
-124.42688,40.52676,18.42,0.6,2024-08-06T09:35:47.765
-124.44661,40.52315,17.96,1.38,2024-08-06T09:46:35.673
-124.44715,40.52299,17.86,1.36,2024-08-06T09:46:54.132
-124.44641,40.52278,17.91,1.59,2024-08-06T10:24:29.744
-124.44641,40.52257,17.98,0.39,2024-08-06T10:25:10.138
-124.44674,40.52257,17.91,1.43,2024-08-06T10:41:39.131
-124.44767,40.5238,17.95,1.14,2024-08-06T11:01:08.452
-124.44607,40.52245,17.95,1.42,2024-08-06T16:49:53.277
-124.42869,40.52341,17.99,1.22,2024-08-06T17:44:34.214
-124.42912,40.52364,17.95,1.69,2024-08-06T19:31:54.258
-124.42912,40.52386,18.07,1.37,2024-08-06T19:33:46.132
-124.42982,40.52536,18.13,1.05,2024-08-06T19:41:12.092
-124.42252,40.5279,17.95,1.19,2024-08-06T19:42:03.072
-124.42777,40.52314,17.95,1.05,2024-08-06T22:18:23.523
-124.42727,40.52369,17.96,1.42,2024-08-07T03:57:41.263
-124.42795,40.52346,18.05,1.4,2024-08-07T04:09:01.709
-124.42665,40.52337,17.62,1.09,2024-08-07T04:43:39.949
-124.42813,40.52302,17.97,0.79,2024-08-07T05:27:06.848
-124.42771,40.523,17.94,1.35,2024-08-07T05:47:05.145
-124.42525,40.53103,17.57,1.0,2024-08-07T06:13:25.812
-124.42723,40.52286,18.01,1.02,2024-08-07T07:59:19.334
-124.42543,40.52224,18.12,1.36,2024-08-07T09:10:52.969
-124.42797,40.52303,17.97,1.34,2024-08-07T10:44:46.250
-124.42895,40.5268,19.63,1.37,2024-08-07T15:14:07.207
-124.42779,40.52326,18.07,1.28,2024-08-07T18:01:43.066
-124.42777,40.52274,18.01,1.39,2024-08-07T22:14:35.443
-124.42821,40.52287,17.87,1.11,2024-08-07T22:17:17.657
-124.42728,40.5228,17.85,1.1,2024-08-07T22:31:28.419
-124.42815,40.52373,17.77,1.37,2024-08-07T22:58:34.052
-124.61917,40.41021,23.19,1.56,2024-08-07T23:06:45.973
-124.42805,40.52292,18.07,1.36,2024-08-08T03:56:18.697
-124.43405,40.52284,17.8,1.5,2024-08-08T05:01:06.161
-124.42792,40.52297,18.06,1.29,2024-08-08T06:20:29.128
-124.42787,40.52316,18.05,1.57,2024-08-08T10:01:51.817
-124.63209,40.39777,23.12,2.06,2024-08-08T11:22:34.401
-124.62903,40.39605,23.12,1.42,2024-08-08T11:29:45.094
-124.4285,40.52306,17.95,1.31,2024-08-08T13:27:32.626
-124.61751,40.39996,23.11,1.45,2024-08-08T14:14:17.388
-124.33576,40.39062,26.69,1.09,2024-08-08T18:45:26.275
-124.46131,40.51171,17.52,1.33,2024-08-09T04:04:42.649
-124.46131,40.51171,17.52,1.26,2024-08-09T09:04:57.469
-124.4318,40.52604,18.06,1.07,2024-08-09T09:42:36.350
-124.4266,40.52736,18.8,1.17,2024-08-09T11:52:47.502
-124.37644,40.42338,23.81,1.33,2024-08-09T12:17:14.727
-124.43418,40.52668,18.2,1.29,2024-08-09T13:17:07.502
-124.43253,40.52581,18.4,1.08,2024-08-09T14:43:05.269
-124.43373,40.52604,18.2,1.29,2024-08-09T15:00:47.731
-124.43355,40.52574,18.07,0.6,2024-08-09T15:05:19.036
-124.2277,40.70862,17.14,0.59,2024-08-10T03:13:05.354
-124.22775,40.7085,17.11,0.61,2024-08-10T03:25:14.995
-124.22782,40.7085,17.11,0.71,2024-08-10T03:47:05.905
-124.22794,40.70838,17.0,0.6,2024-08-10T06:19:48.700
-124.69508,40.50807,16.24,2.2,2024-08-10T14:51:51.853
-124.68982,40.50733,16.36,1.18,2024-08-10T16:25:37.399
-123.99458,40.48595,20.47,0.97,2024-08-10T17:50:18.818
-124.43468,40.5264,19.41,0.32,2024-08-10T18:10:09.127
-124.42568,40.52251,17.91,1.0,2024-08-10T18:19:44.393
-124.2256,40.57816,17.66,1.17,2024-08-10T18:21:06.108
-124.42575,40.52283,17.96,1.44,2024-08-10T18:21:26.000
-124.22529,40.57791,17.62,1.24,2024-08-10T18:24:15.526
-124.22587,40.57829,17.61,0.78,2024-08-10T18:35:02.728
-124.22447,40.57798,17.48,1.16,2024-08-10T19:02:04.361
-124.22611,40.57833,17.39,1.12,2024-08-10T19:02:17.446
-124.22573,40.5781,17.57,0.78,2024-08-10T19:08:27.180
-124.22535,40.57801,17.55,0.8,2024-08-10T20:09:23.324
-124.22528,40.57813,16.88,1.15,2024-08-10T20:12:33.578
-124.42568,40.52246,17.94,1.25,2024-08-10T20:15:25.583
-124.22507,40.57753,17.53,0.74,2024-08-10T20:21:42.044
-124.22522,40.57793,17.6,1.18,2024-08-10T23:58:14.767
-124.22181,40.57903,17.14,1.09,2024-08-11T01:16:37.348
-123.99911,40.48583,20.28,1.16,2024-08-11T06:05:14.292
-123.99911,40.48583,20.28,1.16,2024-08-11T12:58:10.042
-124.3239,40.6438,19.88,0.51,2024-08-12T05:06:14.286
-124.3239,40.6438,19.88,0.48,2024-08-12T05:10:44.616
-123.99841,40.48571,20.38,0.53,2024-08-12T10:46:54.451
-124.51492,40.46093,23.45,1.51,2024-08-12T18:48:29.102
-124.71503,40.54363,14.62,1.32,2024-08-13T02:23:04.777
-124.13869,40.20877,13.46,1.03,2024-08-13T02:58:28.190
-124.13913,40.20819,13.44,0.97,2024-08-13T03:11:07.060
-124.13797,40.20883,13.36,0.96,2024-08-13T03:11:37.003
-124.71977,40.54377,14.78,1.31,2024-08-13T04:59:03.275
-124.42844,40.52509,18.88,0.55,2024-08-13T09:45:34.971
-124.26725,40.21337,32.26,1.09,2024-08-13T20:13:03.205
-124.26628,40.21501,31.8,1.04,2024-08-14T03:02:11.175
-124.26673,40.21516,31.79,1.12,2024-08-14T03:03:34.162
-124.26673,40.21516,31.79,0.48,2024-08-14T03:03:56.512
-124.42709,40.52562,18.94,1.16,2024-08-14T06:01:44.644
-124.4853,40.301,6.34,0.02,2024-08-14T12:13:15.891
-124.4853,40.301,6.34,0.0,2024-08-14T13:02:44.911
-123.99809,40.48599,20.36,0.93,2024-08-14T23:19:04.052
-124.50578,40.48577,23.42,1.42,2024-08-14T23:33:57.651
-124.42787,40.52819,18.84,0.59,2024-08-15T03:43:49.389
-124.42874,40.52702,18.11,1.06,2024-08-15T06:45:09.935
-124.2278,40.7085,17.09,0.58,2024-08-15T07:53:33.201
-124.42958,40.52774,19.2,1.31,2024-08-15T08:01:02.268
-124.42995,40.52123,18.2,0.71,2024-08-15T08:49:00.077
-124.2278,40.7085,17.09,0.59,2024-08-15T09:15:08.581
-124.12364,40.41189,26.3,1.46,2024-08-15T13:33:11.042
-124.43748,40.52309,17.35,1.28,2024-08-15T14:06:48.735
-124.42615,40.41887,28.52,1.11,2024-08-16T00:17:33.863
-124.28735,40.6377,17.15,1.32,2024-08-16T03:26:04.850
-124.56585,40.43457,25.63,0.76,2024-08-16T05:25:43.890
-124.56485,40.43403,25.61,1.25,2024-08-16T05:58:11.562
-124.13494,40.58886,13.77,1.0,2024-08-16T06:13:15.702
-124.13486,40.58854,13.75,0.96,2024-08-16T06:22:55.450
-124.28739,40.63797,17.16,1.21,2024-08-16T08:25:00.194
-124.42705,40.52544,19.08,0.84,2024-08-16T15:37:51.732
-124.28716,40.63803,17.14,1.25,2024-08-16T15:52:40.110
-124.4259,40.52526,18.94,0.69,2024-08-16T18:19:05.165
-124.00098,40.35795,26.1,0.28,2024-08-16T18:35:16.002
-124.00272,40.35955,25.65,0.77,2024-08-16T18:36:16.700
-124.38769,40.42621,29.78,0.92,2024-08-16T18:56:24.482
-124.43633,40.52837,19.63,1.1,2024-08-17T02:35:18.498
-124.43511,40.52393,19.41,1.18,2024-08-17T06:57:51.874
-124.43622,40.4247,27.95,0.6,2024-08-17T08:22:44.432
-124.43714,40.52647,19.58,0.58,2024-08-17T11:31:09.167
-124.42866,40.52413,18.45,1.01,2024-08-17T12:40:24.848
-124.2278,40.7085,17.09,0.61,2024-08-17T13:01:42.171
-124.43244,40.52532,19.5,1.75,2024-08-17T19:37:24.836
-124.46534,40.41403,27.34,1.72,2024-08-18T01:19:24.925
-124.42714,40.52703,19.53,0.92,2024-08-18T02:15:27.835
-124.427,40.52707,19.51,0.91,2024-08-18T05:19:49.176
-124.43491,40.52667,17.93,0.39,2024-08-18T07:59:25.401
-124.11576,40.39271,25.42,0.84,2024-08-18T16:03:17.560
-124.42877,40.52463,18.76,1.45,2024-08-18T16:06:34.255
-124.4251,40.52167,18.77,1.0,2024-08-18T22:25:28.455
-124.43548,40.52154,17.63,1.0,2024-08-18T23:31:53.963
-124.34583,40.54091,19.04,1.23,2024-08-19T00:06:42.087
-124.34597,40.54069,18.92,1.19,2024-08-19T00:24:39.713
-124.36059,40.33206,17.98,1.54,2024-08-19T03:30:24.143
-124.32716,40.33117,19.16,1.42,2024-08-19T04:37:31.611
-124.32985,40.32915,19.16,1.28,2024-08-19T04:50:05.467
-124.3267,40.33143,19.16,1.3,2024-08-19T05:03:32.533
-124.4312,40.5239,18.21,0.34,2024-08-19T07:19:33.028
-124.4252,40.52202,18.85,0.86,2024-08-19T11:01:05.646
-124.00006,40.35844,25.32,1.34,2024-08-19T17:29:18.269
-124.43394,40.5277,19.82,1.27,2024-08-20T00:37:17.262
-124.00064,40.35936,25.4,0.7,2024-08-20T01:14:24.932
-124.399,40.53708,17.96,1.07,2024-08-20T04:38:40.604
-124.39911,40.53676,17.98,0.67,2024-08-20T04:39:50.678
-124.39865,40.53659,18.01,0.99,2024-08-20T04:40:33.529
-124.3988,40.53633,18.0,0.94,2024-08-20T04:43:01.333
-124.40067,40.53663,18.01,1.07,2024-08-20T04:49:28.685
-124.41849,40.52503,16.81,0.85,2024-08-20T05:28:16.231
-124.39866,40.53641,17.98,1.1,2024-08-20T05:54:34.776
-124.13185,40.5924,14.82,0.91,2024-08-20T11:21:44.600
-124.13355,40.5924,14.62,0.89,2024-08-20T15:37:55.002
-124.42353,40.52869,19.18,1.28,2024-08-20T21:16:03.904
-124.43104,40.52456,19.82,1.02,2024-08-21T03:56:22.162
-124.43649,40.52566,17.87,1.18,2024-08-21T04:46:22.143
-124.43631,40.52524,18.15,1.19,2024-08-21T04:51:45.382
-124.2258,40.57616,18.26,1.23,2024-08-21T21:42:36.851
-124.2258,40.57616,18.26,1.16,2024-08-21T22:04:39.161
-124.22028,40.57701,17.73,1.03,2024-08-22T10:43:36.666
-124.48828,40.28854,12.72,1.36,2024-08-23T09:42:05.202
-124.2215,40.5758,18.05,1.02,2024-08-24T21:19:50.329
-124.56123,40.42623,20.88,2.19,2024-08-26T05:07:12.292
-124.5621,40.42648,20.89,1.28,2024-08-26T05:07:54.112
-124.56203,40.42688,20.88,1.93,2024-08-26T05:22:02.721
-124.56214,40.42681,20.9,2.0,2024-08-26T06:05:47.629
-124.22592,40.57639,18.28,0.44,2024-08-26T07:02:39.702
-124.48552,40.29646,7.53,0.88,2024-08-26T08:37:17.150
-124.3083,40.64641,17.03,1.26,2024-08-26T19:05:48.057
-124.30833,40.64626,17.07,1.31,2024-08-26T19:26:06.921
-124.30371,40.64114,17.1,1.1,2024-08-26T22:35:03.158
-124.30686,40.6457,16.8,1.35,2024-08-27T02:14:40.068
-124.38472,40.28756,9.38,2.08,2024-08-27T02:15:27.358
-124.38541,40.28718,9.5,1.45,2024-08-27T02:47:16.584
-124.43263,40.52608,19.77,1.21,2024-08-27T03:26:48.664
-124.38507,40.28756,9.42,1.84,2024-08-27T06:19:36.911
-124.42492,40.52681,19.1,1.21,2024-08-27T12:31:19.235
-124.46085,40.51783,18.71,1.33,2024-08-29T05:51:25.791
-124.5974,40.3238,8.68,1.41,2024-08-29T07:42:14.236
-124.5974,40.3238,8.68,1.52,2024-08-29T10:52:16.316
-124.41661,40.52778,17.87,1.75,2024-08-29T14:24:18.614
-124.56982,40.2962,20.17,2.04,2024-08-29T16:36:55.861
-124.57078,40.2962,20.14,1.72,2024-08-29T16:37:37.241
-124.15317,40.5884,17.4,1.28,2024-08-30T04:03:01.774
-124.15317,40.5884,17.4,1.39,2024-08-30T04:07:17.494
-124.15317,40.5884,17.4,1.29,2024-08-30T04:18:12.334
-124.43213,40.52225,19.01,1.32,2024-08-30T12:07:58.596
-124.43018,40.52358,19.09,1.39,2024-08-30T20:16:19.143
-124.34024,40.52299,18.95,1.21,2024-08-30T20:54:36.382
-124.35066,40.53081,18.95,1.0,2024-08-31T00:48:20.070
-124.42869,40.52447,19.04,1.19,2024-08-31T00:55:29.112
-124.22317,40.5767,17.66,1.26,2024-08-31T10:57:27.776
-124.2233,40.5767,17.63,1.3,2024-08-31T11:00:00.406
-124.64868,40.43687,21.25,1.13,2024-08-31T12:33:33.811
-124.65012,40.43673,21.33,1.18,2024-08-31T12:55:31.541
-124.22826,40.5767,17.88,1.25,2024-08-31T18:20:46.365
-124.22687,40.57559,17.54,1.34,2024-08-31T18:24:06.658
-124.3406,40.6226,18.36,1.12,2024-09-01T02:15:18.456
-124.3406,40.6226,18.36,1.01,2024-09-01T02:40:02.496
-124.42483,40.52845,18.81,1.3,2024-09-01T02:58:03.728
-124.12047,40.22546,13.78,0.63,2024-09-01T12:56:08.320
-124.12047,40.22523,13.77,0.59,2024-09-01T12:56:15.540
-124.12116,40.22551,13.79,0.59,2024-09-01T13:53:04.343
-124.43179,40.52414,19.14,1.17,2024-09-02T01:22:34.156
-124.784,40.4793,14.06,1.17,2024-09-02T05:05:31.551
-124.784,40.4793,14.06,1.17,2024-09-02T05:18:02.251
-124.42761,40.52777,18.95,0.96,2024-09-02T05:27:02.552
-124.43405,40.5275,19.18,1.01,2024-09-02T05:51:45.757
-124.43247,40.52392,18.98,1.33,2024-09-02T06:43:51.798
-124.43254,40.5237,18.98,1.49,2024-09-02T06:58:31.843
-124.425,40.52541,18.72,0.94,2024-09-02T12:48:43.173
-124.25779,40.47925,25.84,1.39,2024-09-03T02:26:55.563
-124.24351,40.44715,28.63,1.34,2024-09-04T00:46:52.088
-124.2277,40.5761,17.59,1.39,2024-09-04T03:00:49.991
-124.2316,40.5743,17.58,1.01,2024-09-04T08:58:26.411
-124.2887,40.6384,17.43,1.27,2024-09-05T03:47:54.541
-124.2887,40.6384,17.43,1.27,2024-09-05T04:09:32.711
-124.264,40.21689,31.86,0.55,2024-09-05T13:07:00.053
-124.2638,40.21751,31.86,0.52,2024-09-05T13:07:31.849
-124.22335,40.57735,17.48,1.43,2024-09-05T13:09:06.506
-124.22335,40.57751,17.48,1.35,2024-09-05T13:58:29.292
-124.22259,40.57733,17.47,1.31,2024-09-05T14:00:54.055
-124.2232,40.57697,17.4,0.59,2024-09-05T14:08:30.859
-124.22272,40.57681,17.37,1.4,2024-09-05T15:53:01.575
-124.22167,40.57659,17.83,1.34,2024-09-05T16:33:21.067
-124.24112,40.57699,19.26,1.02,2024-09-05T17:16:13.369
-124.22272,40.57681,17.37,1.34,2024-09-05T17:25:34.975
-124.22272,40.57681,17.37,1.3,2024-09-05T17:51:04.855
-124.22272,40.57681,17.37,1.33,2024-09-05T18:29:14.115
-124.22105,40.5768,17.28,1.29,2024-09-05T19:11:27.579
-124.13844,40.58996,13.1,1.01,2024-09-05T21:11:59.623
-124.13136,40.58744,14.43,1.0,2024-09-05T21:59:35.981
-124.22274,40.57674,17.6,1.34,2024-09-05T22:07:02.781
-124.22162,40.57657,17.66,1.34,2024-09-05T22:46:17.838
-124.43233,40.52638,19.3,1.48,2024-09-06T05:19:28.916
-124.43294,40.52542,19.39,1.43,2024-09-06T05:45:16.148
-124.42023,40.52561,19.04,1.23,2024-09-06T07:40:31.339
-124.6887,40.51632,16.2,1.8,2024-09-06T11:38:44.187
-124.47728,40.50169,21.89,1.89,2024-09-06T12:08:43.079
-124.6869,40.51568,16.02,1.84,2024-09-06T17:10:46.265
-124.48272,40.49971,22.02,1.33,2024-09-06T17:17:15.973
-124.42002,40.52878,18.6,1.22,2024-09-07T19:19:22.313
-124.17465,40.22502,11.88,1.06,2024-09-08T00:35:14.134
-124.17615,40.22678,11.81,0.97,2024-09-08T00:36:49.116
-124.42812,40.52439,18.51,1.28,2024-09-08T06:15:17.982
-124.42532,40.52677,18.67,0.89,2024-09-08T06:34:14.724
-124.2205,40.49337,21.22,1.14,2024-09-08T11:04:42.196
-124.42099,40.52855,18.66,1.24,2024-09-08T11:12:20.510
-124.22042,40.49356,21.21,1.02,2024-09-08T12:00:46.362
-124.22098,40.49347,21.13,1.09,2024-09-08T12:02:22.876
-124.43074,40.5262,18.74,1.93,2024-09-08T20:03:36.078
-124.42302,40.5263,18.48,0.91,2024-09-09T11:35:31.099
-124.2205,40.49319,21.22,1.02,2024-09-10T03:50:57.770
-124.34757,40.53441,17.98,1.32,2024-09-10T09:33:21.396
-124.34757,40.53441,17.98,1.26,2024-09-10T09:38:22.286
-124.34754,40.53522,17.96,1.23,2024-09-10T19:38:35.834
-124.34787,40.53475,17.93,1.42,2024-09-10T19:41:54.937
-124.34166,40.53401,17.76,1.21,2024-09-10T19:58:02.802
-124.42894,40.52578,18.61,1.07,2024-09-10T23:51:43.364
-124.43216,40.52512,18.25,1.19,2024-09-12T03:55:32.539
-124.40207,40.37088,14.6,1.81,2024-09-12T17:54:57.083
-124.40138,40.37072,14.58,1.53,2024-09-12T21:21:32.921
-124.40135,40.3708,14.59,1.47,2024-09-12T21:40:23.900
-124.42538,40.52803,18.76,1.67,2024-09-13T07:53:06.356
-124.42522,40.52957,18.26,1.5,2024-09-14T03:29:50.046
-124.2298,40.5751,17.63,1.49,2024-09-14T04:24:02.601
-124.2298,40.5751,17.63,1.53,2024-09-14T08:42:18.551
-124.42147,40.52853,18.89,1.27,2024-09-14T21:12:14.833
-124.42118,40.52859,19.04,1.22,2024-09-14T21:25:32.802
-124.17872,40.22896,11.9,2.13,2024-09-15T18:57:44.357
-124.1789,40.22907,11.88,1.56,2024-09-15T19:21:30.363
-124.18038,40.22917,11.91,1.78,2024-09-15T19:26:44.732
-124.43442,40.52632,19.31,1.79,2024-09-15T22:21:00.345
-124.49991,40.41996,28.54,2.15,2024-09-16T04:07:07.153
-124.42253,40.52696,19.01,1.68,2024-09-16T04:24:27.527
-124.50256,40.41745,28.32,1.73,2024-09-16T04:26:29.467
-124.50294,40.41839,28.41,1.69,2024-09-16T04:32:03.883
-124.62004,40.39186,22.95,1.48,2024-09-16T08:03:56.757
-124.62096,40.39174,22.97,1.5,2024-09-16T09:32:32.595
-124.43421,40.52442,18.22,1.35,2024-09-17T23:10:14.099
-124.4606,40.51177,17.67,1.35,2024-09-17T23:43:13.091
-124.43142,40.52541,19.14,1.57,2024-09-18T00:24:48.964
-124.38188,40.54213,18.94,1.23,2024-09-18T10:17:26.509
-124.42942,40.52656,19.05,1.54,2024-09-18T12:48:51.289
-124.42948,40.52652,19.06,1.35,2024-09-18T12:51:13.958
-124.42864,40.52709,19.06,1.8,2024-09-18T12:58:58.852
-124.42622,40.52607,19.75,1.27,2024-09-18T13:17:49.310
-124.42947,40.52656,19.05,1.59,2024-09-18T16:53:04.128
-124.42937,40.52227,19.16,1.57,2024-09-19T14:02:47.860
-124.13439,40.59818,14.86,2.03,2024-09-19T18:50:30.100
-124.43712,40.51994,17.23,1.47,2024-09-20T00:17:26.886
-124.43712,40.51966,17.23,1.51,2024-09-20T05:12:40.991
-124.13375,40.59302,14.73,1.31,2024-09-20T06:40:03.668
-124.13346,40.5928,14.71,1.32,2024-09-20T08:16:52.234
-124.41702,40.53412,17.48,1.19,2024-09-20T09:34:30.004
-124.41714,40.53408,17.5,1.21,2024-09-20T09:45:10.173
-124.36908,40.28499,8.37,1.93,2024-09-20T14:47:05.287
-124.37252,40.28381,8.41,1.86,2024-09-20T15:43:35.815
-124.64089,40.3449,14.54,2.48,2024-09-21T10:51:18.181
-124.13858,40.59706,17.15,1.54,2024-09-21T14:27:32.509
-124.64204,40.32123,10.66,1.52,2024-09-21T22:09:07.987
-124.64277,40.32097,10.66,1.55,2024-09-22T03:42:45.036
-124.13329,40.58857,17.0,1.6,2024-09-22T06:57:21.126
-124.13329,40.58857,17.0,1.5,2024-09-22T09:38:06.806
-124.13393,40.58849,16.83,1.53,2024-09-22T09:54:36.753
-124.13329,40.58857,17.0,1.55,2024-09-22T10:01:57.656
-124.13373,40.58863,17.01,1.6,2024-09-22T10:15:53.355
-124.13377,40.58937,16.91,1.55,2024-09-22T10:29:45.044
-124.13377,40.58937,16.91,1.42,2024-09-22T16:29:12.034
-124.42831,40.52256,18.79,1.46,2024-09-22T19:47:02.923
-124.42798,40.52596,19.09,1.63,2024-09-22T21:22:02.538
-124.26683,40.21346,32.51,0.31,2024-09-23T04:10:25.493
-124.26683,40.21346,32.51,0.31,2024-09-23T04:10:35.903
-124.26457,40.21574,31.8,0.67,2024-09-23T05:17:03.834
-124.26457,40.21574,31.8,0.67,2024-09-23T05:17:19.024
-124.42801,40.52618,19.33,1.29,2024-09-23T08:35:23.793
-124.13377,40.58937,16.91,1.56,2024-09-23T13:25:03.424
-124.50006,40.28126,7.33,1.6,2024-09-23T23:10:13.548
-124.50143,40.28134,7.35,1.6,2024-09-23T23:13:45.010
-124.50176,40.28152,7.22,1.51,2024-09-24T06:40:43.200
-124.50173,40.28151,7.21,1.49,2024-09-24T06:48:00.882
-124.50162,40.28152,7.23,1.5,2024-09-24T07:58:07.182
-124.50271,40.28133,7.2,1.64,2024-09-24T08:00:07.877
-124.50315,40.28177,7.27,1.58,2024-09-24T08:01:36.321
-124.50265,40.28157,7.26,1.52,2024-09-24T08:01:45.269
-124.50438,40.28462,7.54,1.57,2024-09-24T08:04:33.487
-124.5041,40.28238,7.46,1.52,2024-09-24T08:07:07.628
-124.50231,40.28195,7.26,1.51,2024-09-24T08:13:30.716
-124.50311,40.2815,7.24,1.6,2024-09-24T08:13:53.222
-124.50176,40.2815,7.23,1.52,2024-09-24T08:18:19.300
-124.5019,40.28111,7.22,1.52,2024-09-24T08:23:50.478
-124.50553,40.28913,6.99,1.58,2024-09-24T09:04:28.546
-124.50237,40.28142,7.08,1.58,2024-09-24T11:05:07.018
-124.50283,40.28258,7.04,1.6,2024-09-24T13:06:37.434
-124.51205,40.46229,19.77,2.27,2024-09-25T04:46:12.089
-124.51015,40.46471,19.87,1.86,2024-09-25T19:56:02.263
-124.13299,40.58884,16.93,1.54,2024-09-25T22:58:26.110
-124.13254,40.58883,16.95,1.47,2024-09-25T23:00:51.906
-124.13305,40.58876,16.96,1.74,2024-09-25T23:07:59.325
-124.13229,40.58879,16.89,1.45,2024-09-25T23:08:57.241
-124.13345,40.58854,16.72,1.48,2024-09-25T23:10:06.867
-124.13235,40.589,16.86,1.54,2024-09-25T23:10:44.949
-124.13278,40.58871,16.89,1.33,2024-09-25T23:18:58.189
-124.13242,40.58888,17.06,1.74,2024-09-26T00:16:08.447
-124.13301,40.58889,16.91,1.48,2024-09-26T00:16:15.431
-124.13324,40.58923,17.0,1.48,2024-09-26T00:17:11.991
-124.13323,40.58922,16.92,1.51,2024-09-26T00:17:22.331
-124.13342,40.5891,16.94,1.56,2024-09-26T00:21:53.256
-124.13283,40.58891,16.97,1.46,2024-09-26T00:22:05.526
-124.13279,40.58913,17.03,1.56,2024-09-26T00:24:58.150
-124.13279,40.58848,16.88,1.29,2024-09-26T00:25:22.910
-124.12922,40.58653,17.11,1.48,2024-09-26T00:27:00.401
-124.13271,40.58923,17.05,1.54,2024-09-26T00:36:12.306
-124.13258,40.58917,17.1,1.49,2024-09-26T00:38:34.936
-124.13251,40.589,17.1,1.48,2024-09-26T00:50:28.198
-124.13368,40.58936,16.97,1.42,2024-09-26T01:02:02.459
-124.13295,40.58905,16.98,1.56,2024-09-26T01:07:11.960
-124.13344,40.58945,17.04,1.49,2024-09-26T01:42:14.493
-124.13297,40.58914,17.0,1.57,2024-09-26T02:00:58.038
-124.13294,40.58854,16.91,1.52,2024-09-26T02:03:24.001
-124.13535,40.58858,16.32,1.37,2024-09-26T02:03:41.801
-124.13297,40.58854,16.87,1.47,2024-09-26T02:44:17.170
-124.1325,40.58863,16.98,1.97,2024-09-26T04:11:55.074
-124.13325,40.58917,16.93,1.41,2024-09-26T09:02:44.661
-124.13316,40.58958,17.07,1.72,2024-09-26T09:30:21.415
-124.13333,40.58965,17.11,1.48,2024-09-26T09:30:39.466
-124.13536,40.58898,16.56,1.52,2024-09-26T09:44:18.314
-124.13178,40.58858,17.16,1.45,2024-09-26T09:53:07.148
-124.13232,40.5887,17.07,1.46,2024-09-26T10:24:01.787
-124.61694,40.41043,22.32,1.64,2024-09-26T11:16:27.458
-124.61694,40.41043,22.32,1.62,2024-09-26T12:06:50.168
-124.13164,40.5881,17.09,2.18,2024-09-26T12:38:38.504
-124.13344,40.58756,16.67,1.49,2024-09-26T12:38:45.598
-124.13222,40.58843,17.08,1.42,2024-09-26T12:39:17.510
-124.13234,40.58869,17.12,1.44,2024-09-26T12:54:16.572
-124.13243,40.58882,16.95,1.19,2024-09-26T12:56:16.979
-124.13209,40.58877,17.16,1.55,2024-09-26T12:59:20.613
-124.62961,40.40945,22.05,1.46,2024-09-26T13:31:20.177
-124.13217,40.58861,17.07,1.42,2024-09-26T13:55:23.556
-124.1323,40.58826,17.11,1.4,2024-09-26T13:59:02.266
-124.13175,40.58871,17.23,1.53,2024-09-26T14:09:18.601
-124.13376,40.58831,16.54,1.44,2024-09-26T14:15:36.608
-124.13266,40.58893,17.0,1.18,2024-09-26T14:33:41.467
-124.13266,40.58821,16.74,1.61,2024-09-26T14:57:56.972
-124.13045,40.5881,17.01,1.3,2024-09-26T15:11:32.234
-124.11162,40.40378,23.23,1.32,2024-09-26T15:30:06.920
-124.11118,40.40452,23.02,1.17,2024-09-26T15:40:46.482
-124.1337,40.58893,17.09,1.41,2024-09-26T15:50:59.389
-124.13509,40.58905,16.6,1.57,2024-09-26T21:39:40.926
-124.13311,40.58852,17.14,1.43,2024-09-28T03:40:40.389
-124.13511,40.58708,15.68,1.56,2024-09-28T16:19:07.575
-124.18103,40.58187,18.2,1.56,2024-09-29T02:47:04.067
-124.13574,40.58772,15.75,1.17,2024-09-29T03:03:10.044
-124.17967,40.58183,18.45,1.6,2024-09-29T03:19:11.812
-124.18025,40.5816,18.18,1.64,2024-09-29T03:59:51.907
-124.1816,40.58164,17.72,1.63,2024-09-29T18:23:52.098
-124.18085,40.58116,17.71,1.61,2024-09-29T18:24:25.954
-124.18204,40.5814,17.67,1.52,2024-09-29T18:44:19.901
-124.22958,40.57494,17.63,1.79,2024-09-30T03:29:12.053
-124.23002,40.57526,17.63,1.62,2024-09-30T21:20:07.200
-124.133,40.58809,16.84,1.54,2024-10-01T16:30:05.796
-124.13309,40.58834,16.81,1.42,2024-10-01T17:07:15.632
-124.42,40.52543,19.12,1.49,2024-10-01T18:43:44.081
-124.13309,40.58834,16.81,1.34,2024-10-01T19:10:55.222
-124.42499,40.52568,19.53,1.91,2024-10-01T19:34:48.843
-124.42304,40.5262,19.47,1.28,2024-10-01T19:45:28.938
-124.13255,40.5885,16.68,1.53,2024-10-01T22:50:13.979
-124.42365,40.52654,19.37,1.64,2024-10-02T00:53:40.669
-124.13427,40.58996,16.92,1.54,2024-10-02T01:29:03.588
-124.13393,40.58993,16.93,1.45,2024-10-02T01:53:30.699
-124.13319,40.58873,16.79,1.44,2024-10-02T02:16:51.569
-124.42472,40.52525,19.49,1.81,2024-10-02T03:28:04.573
-124.37088,40.53804,17.98,1.53,2024-10-02T07:11:06.279
-124.37132,40.53826,18.09,1.48,2024-10-02T07:12:59.473
-124.13389,40.58966,16.88,1.52,2024-10-02T07:19:42.610
-124.13408,40.58996,16.89,1.5,2024-10-02T07:20:46.163
-124.35618,40.53544,18.62,1.47,2024-10-02T07:51:02.625
-124.35662,40.53576,18.6,1.46,2024-10-02T08:23:13.777
-124.40906,40.29326,7.83,1.21,2024-10-02T11:08:48.106
-124.40903,40.29327,7.83,1.14,2024-10-02T11:42:57.987
-124.40765,40.29521,8.0,1.23,2024-10-02T22:02:12.103
-124.40906,40.29393,7.76,1.25,2024-10-03T03:10:42.252
-124.4092,40.29384,7.83,1.26,2024-10-03T08:34:22.007
-124.41675,40.29135,8.01,1.09,2024-10-03T20:27:27.639
-124.40845,40.29255,7.85,1.12,2024-10-03T20:28:01.481
-124.40879,40.29293,7.92,1.12,2024-10-03T20:29:39.278
-124.41017,40.29272,7.92,1.11,2024-10-03T20:36:53.770
-124.40783,40.29242,7.89,1.15,2024-10-03T21:48:19.776
-124.40849,40.29298,7.79,1.28,2024-10-03T23:51:06.719
-124.40792,40.29236,7.89,1.18,2024-10-04T04:02:54.296
-125.1479,40.4231,4.92,2.87,2024-10-04T18:37:06.801
-125.1479,40.4231,4.92,2.75,2024-10-04T19:28:03.301
-124.4264,40.52942,18.15,1.41,2024-10-04T23:21:30.972
-124.42851,40.52897,17.68,1.36,2024-10-05T01:58:52.238
-124.42598,40.5316,18.15,1.09,2024-10-05T06:58:48.296
-124.42231,40.53252,18.03,0.94,2024-10-05T07:40:08.549
-124.56303,40.35524,23.97,3.4,2024-10-05T16:24:35.364
-124.56666,40.35026,23.98,1.57,2024-10-05T16:28:42.759
-124.55341,40.3474,23.95,1.66,2024-10-05T16:30:29.730
-124.5683,40.3504,24.16,1.49,2024-10-05T16:44:46.761
-124.5683,40.3504,24.16,2.1,2024-10-05T16:49:38.091
-124.4267,40.52742,18.85,1.67,2024-10-06T10:52:25.915
-124.53768,40.2837,20.13,1.79,2024-10-06T16:02:22.778
-124.42731,40.52461,18.89,1.24,2024-10-07T02:32:15.489
-124.53752,40.2832,20.09,1.43,2024-10-07T10:43:19.824
-124.42749,40.52717,19.0,1.35,2024-10-07T15:29:56.499
-124.5996,40.2992,15.34,1.62,2024-10-07T15:54:31.996
-124.5996,40.2992,15.34,1.65,2024-10-07T16:04:51.456
-124.48142,40.49473,21.56,1.71,2024-10-07T20:10:10.815
-124.48478,40.49167,21.74,1.75,2024-10-08T00:21:49.236
-124.43224,40.52616,18.93,1.58,2024-10-08T08:24:11.264
-124.23609,40.2101,32.52,1.37,2024-10-09T03:09:49.892
-124.23608,40.21012,32.52,1.4,2024-10-09T03:10:15.992
-124.23413,40.21008,32.48,1.23,2024-10-09T03:10:46.818
-124.43116,40.52624,18.96,1.37,2024-10-09T04:13:52.788
-124.05268,40.67175,21.37,1.74,2024-10-11T06:38:46.962
-124.05292,40.67165,21.31,1.34,2024-10-11T06:41:57.190
-124.43181,40.52578,19.55,1.9,2024-10-11T14:40:11.736
-124.4256,40.47668,17.82,1.73,2024-10-12T14:26:54.757
-124.42597,40.47614,17.88,1.73,2024-10-12T15:43:45.552
-124.42599,40.47618,17.88,1.78,2024-10-12T22:06:57.823
-124.43225,40.5257,17.59,1.37,2024-10-14T11:16:16.845
-124.43255,40.5256,17.56,1.5,2024-10-14T11:21:40.057
-124.42533,40.47601,17.9,1.65,2024-10-14T11:51:36.838
-124.42313,40.47898,16.84,1.63,2024-10-14T12:23:51.699
-124.42307,40.47982,16.91,1.55,2024-10-14T12:24:34.803
-124.42739,40.52372,18.57,0.85,2024-10-14T15:45:27.098
-124.47691,40.4751,17.84,2.15,2024-10-15T02:47:22.803
-124.47672,40.47477,17.86,1.76,2024-10-15T02:47:38.979
-124.4771,40.47505,17.81,1.7,2024-10-15T02:47:59.967
-124.47653,40.47511,17.84,2.29,2024-10-15T06:20:30.448
-124.43373,40.52617,19.03,1.68,2024-10-15T08:18:51.588
-124.44207,40.52149,18.03,1.71,2024-10-15T10:53:32.263
-124.47638,40.47477,17.81,2.39,2024-10-15T11:37:28.702
-124.47658,40.47459,17.82,1.7,2024-10-15T11:37:46.581
-124.47697,40.4751,17.75,1.76,2024-10-15T13:54:47.078
-124.43271,40.52597,19.02,1.91,2024-10-15T15:36:59.740
-124.43428,40.52781,19.86,1.63,2024-10-15T15:39:17.142
-124.42433,40.52503,18.56,1.55,2024-10-15T17:55:04.225
-124.4666,40.4735,18.07,2.18,2024-10-15T21:01:46.657
-124.4666,40.4735,18.07,2.16,2024-10-16T01:29:45.795
-124.43051,40.52472,18.8,1.78,2024-10-16T10:23:30.908
-124.43148,40.52462,19.51,1.8,2024-10-16T20:41:59.391
-124.43,40.52472,18.94,1.84,2024-10-18T06:18:49.324
-124.42772,40.52586,19.03,1.82,2024-10-18T06:52:17.164
-124.22492,40.5787,16.11,1.24,2024-10-20T09:40:07.885
-124.22448,40.5787,16.07,1.24,2024-10-20T10:02:06.617
-124.4297,40.52378,18.99,0.98,2024-10-20T10:23:19.520
-124.6478,40.24958,8.32,1.57,2024-10-20T11:39:07.356
-124.6472,40.24962,8.38,1.57,2024-10-20T11:41:25.396
-124.37589,40.66185,3.61,1.66,2024-10-20T12:00:24.909
-124.37385,40.66087,3.47,1.66,2024-10-20T15:58:13.533
-124.37458,40.66143,3.49,1.64,2024-10-20T19:04:12.459
-124.37396,40.66108,3.49,1.62,2024-10-20T20:38:56.001
-124.37471,40.66136,3.46,1.64,2024-10-20T22:27:44.805
-124.64916,40.35917,14.53,2.42,2024-10-21T01:04:34.677
-124.65012,40.35876,14.53,1.51,2024-10-21T01:10:17.894
-124.64904,40.35879,14.51,2.01,2024-10-21T01:32:14.100
-124.65092,40.35884,14.53,1.52,2024-10-21T03:06:48.646
-124.64465,40.36193,14.24,1.51,2024-10-21T03:24:47.210
-124.64929,40.3588,14.56,2.14,2024-10-21T03:45:27.726
-124.6477,40.31607,11.92,1.52,2024-10-21T04:06:25.460
-124.36848,40.65969,3.23,1.65,2024-10-21T04:25:13.939
-124.64939,40.3594,14.49,1.52,2024-10-21T04:26:17.318
-124.65101,40.3599,14.42,2.01,2024-10-21T04:59:35.884
-124.6417,40.29333,8.03,1.43,2024-10-21T06:00:44.042
-124.36912,40.65809,3.38,1.4,2024-10-21T08:07:46.378
-124.36895,40.65882,3.22,1.4,2024-10-21T08:10:59.516
-124.37005,40.65999,3.25,1.61,2024-10-21T09:16:28.170
-124.36908,40.659,3.43,1.58,2024-10-21T11:45:48.901
-124.36921,40.65883,3.43,1.52,2024-10-21T11:52:07.303
-124.36852,40.65876,3.41,1.65,2024-10-21T11:56:52.779
-124.36881,40.65913,3.45,1.56,2024-10-21T12:01:38.273
-124.36939,40.65927,3.48,1.59,2024-10-21T12:32:55.199
-124.66029,40.34959,14.09,1.57,2024-10-21T14:24:10.935
-124.65291,40.32624,13.16,1.46,2024-10-21T14:54:02.029
-124.6529,40.32617,13.16,1.51,2024-10-21T15:42:39.239
-124.64905,40.33906,13.99,2.3,2024-10-21T16:14:51.124
-124.65215,40.33724,13.9,1.47,2024-10-21T17:22:03.278
-124.3725,40.66045,3.48,1.65,2024-10-21T17:54:52.436
-124.42348,40.52415,17.54,1.58,2024-10-22T10:42:33.835
-124.25781,40.53232,9.5,1.21,2024-10-22T18:50:15.311
-124.42018,40.52443,16.93,1.37,2024-10-22T19:02:03.029
-124.42375,40.52362,17.64,1.53,2024-10-22T19:03:09.939
-124.25859,40.53248,9.52,1.21,2024-10-22T20:27:24.841
-124.3725,40.66045,3.48,1.63,2024-10-22T23:22:50.767
-124.29605,40.29386,10.82,4.01,2024-10-24T05:56:02.600
-124.29342,40.29241,10.79,2.14,2024-10-24T06:07:39.651
-124.29351,40.29224,10.8,4.34,2024-10-24T06:18:15.195
-124.2988,40.29426,10.81,4.57,2024-10-24T06:58:46.912
-124.30236,40.29253,10.46,4.27,2024-10-24T06:59:49.444
-124.30029,40.28969,10.33,1.81,2024-10-24T07:01:15.035
-124.30051,40.29001,10.25,1.84,2024-10-24T07:01:28.131
-124.30072,40.29011,10.41,1.75,2024-10-24T07:02:11.889
-124.30262,40.29038,10.37,1.72,2024-10-24T07:02:20.704
-124.29607,40.29005,10.63,1.99,2024-10-24T07:02:36.278
-124.30269,40.29048,10.54,1.61,2024-10-24T07:03:02.845
-124.2959,40.28993,10.51,3.15,2024-10-24T07:05:47.873
-124.30083,40.28998,10.25,1.59,2024-10-24T07:06:45.463
-124.31351,40.29837,11.12,1.59,2024-10-24T07:08:13.601
-124.30972,40.29871,10.98,1.8,2024-10-24T07:08:29.645
-124.30118,40.28982,10.39,0.74,2024-10-24T07:10:46.556
-124.29983,40.28869,10.27,1.71,2024-10-24T07:15:59.125
-124.30064,40.28867,10.3,1.59,2024-10-24T07:16:59.223
-124.2992,40.28906,10.27,1.5,2024-10-24T07:17:42.459
-124.29922,40.28844,10.31,1.4,2024-10-24T07:19:22.737
-124.30135,40.28823,10.23,1.69,2024-10-24T07:21:36.641
-124.30124,40.28876,10.24,1.57,2024-10-24T07:21:45.835
-124.30071,40.28818,10.21,1.03,2024-10-24T07:22:12.270
-124.30072,40.2883,10.25,1.61,2024-10-24T07:23:26.424
-124.30129,40.2877,10.23,1.61,2024-10-24T07:23:48.811
-124.30095,40.28842,10.23,1.54,2024-10-24T07:25:12.356
-124.2995,40.28975,10.28,0.68,2024-10-24T07:32:35.889
-124.30043,40.28853,10.24,1.79,2024-10-24T07:37:53.329
-124.2999,40.28833,10.04,1.22,2024-10-24T07:39:40.714
-124.30669,40.29071,10.25,1.81,2024-10-24T07:47:17.054
-124.3005,40.28964,10.33,1.61,2024-10-24T08:03:47.083
-124.30038,40.28884,10.34,1.56,2024-10-24T08:04:50.560
-124.30127,40.28823,10.18,1.61,2024-10-24T08:09:09.050
-124.29976,40.28909,10.32,1.46,2024-10-24T08:12:56.498
-124.30039,40.29043,10.42,1.88,2024-10-24T08:22:15.186
-124.3002,40.289,10.17,1.34,2024-10-24T09:06:28.235
-124.30782,40.29471,10.38,2.55,2024-10-24T09:37:03.020
-124.30287,40.2985,10.82,1.2,2024-10-24T10:05:46.596
-124.30212,40.28808,10.25,1.57,2024-10-24T10:21:29.165
-124.30647,40.29075,10.3,1.61,2024-10-24T10:21:38.107
-124.30228,40.28838,10.27,1.55,2024-10-24T10:51:37.210
-124.43652,40.52452,18.52,1.94,2024-10-24T11:23:38.991
-124.30375,40.29812,10.67,1.12,2024-10-24T12:17:59.648
-124.30373,40.29823,10.61,0.8,2024-10-24T12:27:08.645
-124.4366,40.52424,18.51,1.9,2024-10-24T12:38:20.687
-124.43574,40.52414,18.47,1.93,2024-10-24T14:07:51.974
-124.43912,40.52308,18.58,1.9,2024-10-24T14:11:19.861
-124.43652,40.52452,18.52,1.96,2024-10-24T14:16:17.191
-124.43302,40.52474,17.79,1.46,2024-10-24T15:10:26.050
-124.4332,40.52472,17.95,2.11,2024-10-24T17:12:34.813
-124.43439,40.52568,17.88,1.22,2024-10-24T17:26:59.605
-124.43364,40.52491,17.86,1.23,2024-10-24T17:31:30.722
-124.43334,40.52539,17.85,1.4,2024-10-24T20:25:37.534
-124.30266,40.28984,10.55,1.58,2024-10-25T01:15:06.675
-124.30279,40.28951,10.54,1.5,2024-10-25T01:22:25.960
-124.3034,40.29806,10.74,1.17,2024-10-25T03:42:54.391
-124.29715,40.29139,10.33,0.74,2024-10-25T04:07:53.375
-124.43361,40.52536,18.01,1.6,2024-10-25T07:35:14.082
-124.43508,40.52415,18.52,1.58,2024-10-25T07:46:23.554
-124.43508,40.52415,18.52,1.59,2024-10-25T08:07:44.604
-124.43375,40.5233,18.37,1.5,2024-10-25T09:56:41.195
-124.36699,40.6586,3.52,1.44,2024-10-25T22:26:09.584
-124.36671,40.6584,3.52,1.65,2024-10-25T23:31:02.720
-124.30465,40.29835,10.79,0.71,2024-10-26T03:09:59.806
-124.30465,40.29835,10.79,1.17,2024-10-26T03:38:18.246
-125.14645,40.42254,4.95,3.82,2024-10-26T09:33:40.331
-125.14935,40.42366,4.89,3.52,2024-10-26T09:34:49.871
-124.36923,40.65935,3.32,1.65,2024-10-26T12:22:08.254
-124.36877,40.65865,3.56,1.68,2024-10-26T12:56:13.798
-124.3584,40.3327,17.99,1.56,2024-10-27T12:48:20.684
-124.3574,40.3313,17.83,1.5,2024-10-27T12:49:00.868
-124.5477,40.28919,20.32,2.11,2024-10-27T21:10:46.740
-124.5586,40.29021,20.21,2.03,2024-10-28T02:27:31.563
-124.42864,40.52349,18.73,1.43,2024-10-28T04:04:38.236
-124.11319,40.20757,13.7,1.08,2024-10-28T06:09:58.940
-124.42816,40.5248,19.05,1.73,2024-10-28T07:02:46.626
-124.11471,40.20703,13.72,1.47,2024-10-28T07:20:19.762
-124.4299,40.52301,19.05,1.44,2024-10-28T08:37:39.442
-124.71199,40.54117,14.41,2.31,2024-10-28T14:55:06.249
-124.7124,40.54334,14.26,2.35,2024-10-28T16:26:30.632
-124.71311,40.54389,14.02,2.3,2024-10-28T16:28:25.622
-124.11639,40.20892,14.05,1.7,2024-10-29T18:24:01.396
-124.11561,40.20928,14.05,1.62,2024-10-29T20:44:55.157
-124.30008,40.84631,14.13,1.73,2024-10-30T08:29:36.442
-124.2994,40.84644,14.31,1.91,2024-10-30T08:39:17.308
-124.30015,40.84591,14.2,1.93,2024-10-30T09:22:12.251
-124.30008,40.84631,14.13,1.91,2024-10-30T09:50:14.652
-124.30016,40.84631,14.14,1.91,2024-10-30T09:50:31.782
-124.29888,40.84507,13.96,1.88,2024-10-30T10:19:09.672
-124.30008,40.84631,14.13,1.21,2024-10-30T10:37:43.432
-124.2983,40.84497,14.18,1.93,2024-10-30T18:26:31.336
-124.30008,40.84631,14.13,2.05,2024-10-30T18:40:59.642
-124.3001,40.84607,14.15,1.96,2024-10-30T18:42:26.649
-124.30007,40.8459,14.08,1.92,2024-10-30T18:47:57.496
-124.22219,40.57535,17.83,1.73,2024-10-31T03:55:37.878
-124.2231,40.57638,17.76,1.68,2024-10-31T04:08:35.609
-124.22221,40.57627,17.81,1.72,2024-10-31T06:10:45.366
-124.3043,40.29815,10.77,1.17,2024-10-31T06:35:38.999
-124.4303,40.5294,18.22,1.82,2024-10-31T06:43:23.046
-124.4303,40.5294,18.22,1.82,2024-10-31T06:43:32.806
-124.30396,40.84866,13.99,2.07,2024-10-31T21:20:04.565
-124.30524,40.84894,13.96,1.96,2024-10-31T21:28:55.939
-124.3041,40.29815,10.8,1.44,2024-11-01T12:06:40.003
-124.67236,40.227,0.57,2.21,2024-11-01T13:57:54.533
-124.67284,40.227,0.53,2.18,2024-11-01T15:16:10.469
-124.42994,40.52808,19.0,1.8,2024-11-02T20:22:30.168
-124.4309,40.52832,18.97,1.74,2024-11-02T20:23:07.799
-124.65664,40.47286,18.91,1.96,2024-11-03T03:57:43.873
-124.66036,40.47254,18.57,1.96,2024-11-03T05:30:14.779
-124.46522,40.51226,17.55,1.56,2024-11-03T06:07:17.351
-124.4296,40.52852,18.95,1.73,2024-11-03T06:07:36.710
-124.43294,40.52232,19.45,1.41,2024-11-03T12:41:39.877
-124.14429,40.61486,18.37,1.61,2024-11-03T19:09:08.380
-124.14212,40.61499,18.36,1.51,2024-11-03T19:27:25.693
-124.70213,40.53578,13.57,2.21,2024-11-03T23:05:41.943
-124.14339,40.61385,18.31,1.78,2024-11-04T12:04:34.730
-124.4248,40.5237,18.89,1.42,2024-11-04T14:18:59.276
-124.7043,40.51085,17.29,3.4,2024-11-04T16:41:30.270
-124.69285,40.51379,16.35,1.95,2024-11-04T16:43:08.324
-124.4238,40.5262,19.26,1.83,2024-11-04T17:21:34.176
-124.68761,40.50538,17.31,1.96,2024-11-05T03:11:14.168
-124.5136,40.51285,17.72,1.81,2024-11-05T12:55:00.096
-124.5136,40.51235,17.82,1.81,2024-11-05T15:05:37.556
-124.11077,40.21083,14.32,3.07,2024-11-06T03:34:19.696
-124.11823,40.20917,13.97,1.96,2024-11-06T03:56:58.256
-124.1052,40.20948,13.98,0.82,2024-11-07T09:24:26.599
-124.59165,40.7888,17.66,2.11,2024-11-07T10:59:10.886
-124.72374,40.54337,14.22,1.88,2024-11-07T11:40:27.166
-124.72226,40.54463,13.88,1.9,2024-11-07T11:51:24.286
-124.1052,40.20932,13.92,0.82,2024-11-07T15:15:53.203
-124.34283,40.61808,3.2,1.73,2024-11-07T15:39:36.752
-124.34277,40.61672,3.1,1.59,2024-11-07T15:43:19.500
-124.57855,40.7888,18.11,1.78,2024-11-07T15:59:40.616
-124.21725,40.5756,17.23,1.32,2024-11-08T00:05:39.745
-124.21675,40.5756,17.27,1.31,2024-11-08T00:08:08.505
-124.65731,40.47066,18.82,1.96,2024-11-09T00:26:46.018
-124.65199,40.46824,18.65,2.14,2024-11-09T13:56:32.883
-124.18387,40.22806,11.66,0.86,2024-11-09T14:43:10.991
-124.18313,40.22854,11.66,0.86,2024-11-09T15:03:11.111
-124.42754,40.52883,18.82,1.67,2024-11-09T19:55:29.777
-123.99933,40.35694,25.51,1.32,2024-11-10T00:00:25.903
-124.42893,40.52637,18.39,1.76,2024-11-10T11:29:21.379
-124.43737,40.51136,18.97,1.43,2024-11-10T21:31:23.656
-124.42805,40.52935,18.54,1.43,2024-11-10T22:39:22.938
-124.42862,40.52799,18.45,1.64,2024-11-11T21:38:05.758
-123.99947,40.35666,25.55,1.33,2024-11-12T03:34:29.198
-124.13522,40.23122,13.6,1.71,2024-11-12T10:35:15.016
-124.13498,40.23118,13.64,1.61,2024-11-12T10:37:28.186
-124.41178,40.53216,15.46,2.15,2024-11-14T13:23:58.133
-124.43644,40.38486,20.98,1.85,2024-11-14T14:55:05.294
-124.44219,40.36467,17.99,2.06,2024-11-14T16:13:11.148
-124.44257,40.36467,17.96,1.74,2024-11-14T16:13:51.510
-124.42868,40.52496,18.92,1.85,2024-11-16T09:21:12.103
-124.4291,40.52474,18.94,1.82,2024-11-16T09:57:11.523
-124.4284,40.52525,18.82,1.84,2024-11-16T10:37:17.633
-124.60078,40.29735,20.04,2.0,2024-11-17T06:40:05.313
-124.43053,40.52301,18.95,1.32,2024-11-17T07:49:39.104
-124.59742,40.27785,17.68,1.46,2024-11-17T12:18:30.989
-124.42386,40.52655,19.24,1.65,2024-11-17T15:08:37.005
-124.42917,40.52461,19.31,1.62,2024-11-18T01:37:32.632
-124.42532,40.52834,19.24,1.71,2024-11-18T04:38:25.748
-124.42918,40.52483,19.35,1.59,2024-11-18T08:22:36.670
-124.42563,40.52857,19.25,1.72,2024-11-18T11:44:02.918
-124.42605,40.52898,19.26,1.7,2024-11-18T12:12:39.743
-124.42192,40.52469,18.62,2.05,2024-11-18T20:46:41.559
-124.38641,40.47302,20.7,1.74,2024-11-19T03:46:52.984
-124.38559,40.47278,20.62,1.65,2024-11-19T08:13:22.068
-124.41571,40.5278,18.64,1.82,2024-11-19T19:39:16.103
-124.23393,40.57659,18.81,1.98,2024-11-21T12:54:55.132
-124.22119,40.57578,14.53,1.58,2024-11-23T06:10:39.815
-124.42019,40.52437,18.18,1.23,2024-11-23T10:06:26.029
-124.22709,40.57748,18.98,1.43,2024-11-23T15:43:46.932
-124.42703,40.5257,19.27,1.89,2024-11-23T19:27:59.191
-124.3049,40.2982,11.27,1.13,2024-11-24T02:03:16.461
-124.3049,40.2982,11.27,1.14,2024-11-24T02:05:17.091
-124.458,40.47696,18.57,1.66,2024-11-24T02:42:28.620
-124.458,40.47696,18.57,1.63,2024-11-24T03:38:49.590
-124.46441,40.47233,18.75,1.61,2024-11-24T10:38:18.910
-124.458,40.47696,18.57,1.6,2024-11-24T12:32:01.490
-124.42722,40.52376,19.18,1.61,2024-11-24T15:53:01.038
-124.23654,40.57618,19.11,1.23,2024-11-24T23:24:26.619
-124.41868,40.52835,19.11,1.68,2024-11-25T04:35:38.534
-124.23666,40.57628,18.97,1.2,2024-11-25T04:41:08.859
-124.42452,40.52652,19.41,1.68,2024-11-25T13:35:57.308
-124.42071,40.52504,18.71,1.71,2024-11-26T05:35:11.199
-124.42534,40.52386,19.12,1.38,2024-11-26T07:13:50.732
-124.43063,40.50699,22.29,1.41,2024-11-26T09:28:51.355
-124.47157,40.49024,17.34,1.18,2024-11-26T13:03:15.676
-124.42594,40.52331,17.89,1.7,2024-11-26T18:12:09.893
-124.425,40.5237,17.74,1.48,2024-11-26T18:14:56.113
-124.42694,40.52569,17.92,1.58,2024-11-26T18:18:09.024
-124.42516,40.52335,17.82,1.5,2024-11-26T18:26:01.058
-124.42574,40.52443,17.89,1.51,2024-11-26T18:39:49.099
-124.36724,40.78928,21.29,1.68,2024-11-26T18:41:47.747
-124.43094,40.52317,18.36,1.6,2024-11-26T19:20:44.301
-124.43141,40.52368,18.27,1.6,2024-11-26T19:21:47.904
-124.4305,40.52272,18.38,1.55,2024-11-26T20:09:40.749
-124.43067,40.52272,18.38,1.52,2024-11-26T20:10:58.446
-124.36716,40.78932,21.39,1.57,2024-11-27T03:14:12.705
-124.43207,40.5255,19.21,1.62,2024-11-27T07:34:59.771
-124.42881,40.52542,19.45,1.47,2024-11-27T08:56:23.390
-124.70023,40.51121,16.27,2.49,2024-11-27T09:13:33.098
-124.42814,40.52815,19.2,1.61,2024-11-27T12:02:50.334
-124.43111,40.52275,18.32,1.57,2024-11-27T13:28:26.777
-124.68716,40.5024,17.21,2.07,2024-11-27T14:08:11.073
-124.68631,40.50229,17.24,1.81,2024-11-27T14:10:49.482
-124.42799,40.52639,19.14,1.68,2024-11-27T16:22:09.823
-124.43152,40.52455,18.43,1.55,2024-11-27T18:37:01.090
-124.43185,40.5244,18.45,1.55,2024-11-27T18:38:01.838
-124.43149,40.52443,18.39,1.54,2024-11-27T18:44:25.631
-124.43163,40.52412,18.36,1.67,2024-11-27T18:46:00.372
-124.44229,40.52094,18.57,1.5,2024-11-27T18:46:19.722
-124.43227,40.52523,18.45,1.53,2024-11-27T18:49:17.485
-124.43124,40.52454,18.35,1.28,2024-11-27T18:51:25.464
-124.43044,40.52452,18.92,1.58,2024-11-27T20:01:17.634
-124.43082,40.52441,18.45,1.5,2024-11-27T21:43:35.004
-124.4316,40.52444,18.39,1.43,2024-11-28T00:12:34.952
-124.43171,40.52406,18.48,1.48,2024-11-28T00:44:56.506
-124.43143,40.52417,18.45,1.51,2024-11-28T00:55:05.826
-124.42665,40.52688,19.46,1.25,2024-11-28T03:30:09.722
-124.42931,40.52911,19.47,1.41,2024-11-28T04:26:48.749
-124.43052,40.52263,18.25,1.89,2024-11-28T04:52:53.666
-124.43124,40.52886,19.58,1.37,2024-11-28T07:23:00.635
-124.43469,40.52966,19.79,1.41,2024-11-28T12:07:55.042
-124.60002,40.29925,15.34,1.56,2024-11-28T16:38:52.336
-124.59918,40.29915,15.34,1.59,2024-11-28T16:39:09.266
-124.42976,40.52543,19.1,1.52,2024-11-28T16:49:06.744
-124.30445,40.72478,8.02,1.47,2024-11-28T22:49:12.776
-124.42901,40.52666,18.73,1.77,2024-11-28T23:12:21.069
-124.30343,40.72524,7.97,1.47,2024-11-28T23:39:42.062
-124.42773,40.52808,19.0,1.24,2024-11-29T00:46:30.038
-124.30366,40.72494,7.94,1.51,2024-11-29T04:00:59.233
-124.23017,40.70636,15.87,1.46,2024-11-29T04:05:08.262
-124.2305,40.70689,15.88,1.39,2024-11-29T04:49:26.533
-124.23024,40.70655,15.89,1.39,2024-11-29T04:52:42.557
-124.30432,40.72462,7.85,1.5,2024-11-29T04:56:15.391
-124.30664,40.72643,7.67,1.5,2024-11-29T05:13:21.545
-124.2551,40.7735,17.69,1.65,2024-11-29T08:37:30.046
-124.43045,40.52923,18.88,1.23,2024-11-29T11:19:16.848
-124.68786,40.47891,14.86,1.79,2024-11-29T12:44:03.646
-124.68807,40.47827,14.82,1.74,2024-11-29T12:45:37.150
-124.68687,40.47982,14.79,1.75,2024-11-29T13:19:43.958
-124.42713,40.52741,19.06,1.21,2024-11-29T20:08:40.316
-124.21985,40.57818,16.51,1.4,2024-11-29T20:39:43.643
-124.21962,40.57752,15.74,1.44,2024-11-29T21:06:07.947
-124.61404,40.41703,21.01,2.17,2024-11-29T22:37:54.677
-124.47158,40.49569,25.51,1.37,2024-11-30T03:22:47.501
-124.47242,40.49511,25.53,1.34,2024-11-30T03:33:46.951
-124.42565,40.52946,18.94,1.6,2024-11-30T04:17:34.147
-124.2551,40.7735,17.69,1.66,2024-11-30T12:50:52.806
-124.43287,40.5256,19.05,1.79,2024-11-30T14:18:16.573
-124.43143,40.52267,18.52,1.53,2024-11-30T17:07:14.603
-124.43184,40.52249,18.51,1.5,2024-11-30T17:12:52.082
-124.22946,40.57398,16.93,1.21,2024-12-01T01:19:16.682
-124.42929,40.52834,19.12,1.61,2024-12-01T04:06:22.026
-124.22927,40.57372,17.05,1.23,2024-12-01T06:17:45.782
-124.42458,40.52646,18.5,1.19,2024-12-01T07:22:59.580
-124.11687,40.60837,17.18,1.37,2024-12-01T08:48:05.192
-124.61736,40.41697,20.99,2.14,2024-12-01T12:35:55.326
-124.64683,40.41847,22.23,1.46,2024-12-01T15:51:06.489
-124.42702,40.52378,18.58,1.38,2024-12-01T21:36:21.877
-124.11589,40.60837,17.62,1.35,2024-12-01T22:11:12.837
-124.11645,40.60837,17.14,1.29,2024-12-01T22:47:42.576
-124.70796,40.45664,21.82,1.73,2024-12-01T23:47:46.978
-124.6701,40.43599,22.23,1.71,2024-12-02T09:54:14.587
-124.1819,40.2289,11.79,1.07,2024-12-02T13:03:31.984
-124.42929,40.52082,18.73,1.51,2024-12-02T13:17:46.804
-124.1816,40.2288,11.77,1.58,2024-12-02T13:35:00.868
-124.22619,40.57596,17.91,1.58,2024-12-02T15:25:44.858
-124.42652,40.52612,18.27,1.13,2024-12-02T15:31:02.789
-124.22661,40.57623,17.89,1.5,2024-12-02T20:06:40.405
-124.72676,40.54361,13.65,1.77,2024-12-02T21:37:11.209
-124.2264,40.5761,17.95,1.33,2024-12-02T22:11:13.407
-124.72624,40.54339,13.67,1.78,2024-12-02T22:55:36.545
-124.22648,40.57602,18.04,1.49,2024-12-03T09:08:19.767
-124.42469,40.53015,18.69,1.28,2024-12-03T12:35:40.445
-124.55189,40.40177,26.92,1.24,2024-12-04T02:49:59.921
-124.23125,40.57456,17.97,1.58,2024-12-04T05:21:22.887
-124.43127,40.28928,13.58,2.09,2024-12-04T08:45:40.963
-124.25744,40.35125,31.09,1.34,2024-12-04T12:22:52.002
-124.42392,40.52785,18.84,1.36,2024-12-04T12:35:13.993
-124.55375,40.33549,21.34,2.67,2024-12-04T13:11:59.921
-124.22634,40.57584,18.04,1.42,2024-12-05T03:42:20.543
-124.42476,40.52679,17.62,1.43,2024-12-05T04:52:36.625
-125.12589,40.39902,11.01,2.46,2024-12-05T06:30:27.525
-124.4258,40.52491,17.75,1.4,2024-12-05T10:25:53.432
-124.42606,40.52475,17.79,1.44,2024-12-05T11:06:54.418
-124.42582,40.5252,17.84,1.36,2024-12-05T11:07:37.883
-124.42552,40.52497,17.81,1.41,2024-12-05T11:09:49.933
-124.42553,40.52444,17.82,1.44,2024-12-05T12:14:03.056
-124.42567,40.52472,17.82,1.45,2024-12-05T12:15:36.306
-124.42562,40.52434,17.71,1.44,2024-12-05T12:20:40.449
-124.42668,40.52928,18.88,1.24,2024-12-05T12:49:17.128
-124.54234,40.54303,23.19,1.32,2024-12-05T12:56:30.285
-124.54386,40.54357,23.09,1.3,2024-12-05T14:38:05.817
-124.47346,40.27061,19.6,1.25,2024-12-05T17:23:52.466
-125.05936,40.38649,9.22,7.0,2024-12-05T18:44:20.812
-124.86443,40.34707,15.82,4.88,2024-12-05T18:46:30.352
-124.78117,40.19231,1.78,3.41,2024-12-05T18:47:02.513
-124.85313,40.35645,17.4,3.26,2024-12-05T18:47:52.770
-124.47412,40.45451,25.13,4.77,2024-12-05T18:48:05.632
-124.90288,40.3707,3.54,3.13,2024-12-05T18:48:44.462
-124.90616,40.36748,16.78,3.28,2024-12-05T18:49:03.925
-124.83191,40.36927,8.76,4.43,2024-12-05T18:49:40.794
-124.9252,40.3874,14.18,4.81,2024-12-05T18:51:04.616
-124.72358,40.24365,2.58,3.92,2024-12-05T18:51:37.763
-124.76807,40.32591,19.04,4.82,2024-12-05T18:52:24.082
-124.79694,40.35735,5.77,3.01,2024-12-05T18:53:17.305
-124.89918,40.36799,16.88,3.0,2024-12-05T18:54:15.413
-124.78797,40.35602,8.59,3.03,2024-12-05T18:55:15.541
-124.9681,40.3906,5.68,3.01,2024-12-05T18:56:04.130
-124.83416,40.3688,8.61,4.4,2024-12-05T18:56:36.595
-124.56379,40.29325,21.53,4.35,2024-12-05T18:57:11.598
-124.8835,40.3683,18.32,2.83,2024-12-05T18:57:53.269
-124.8603,40.3629,1.25,2.71,2024-12-05T18:58:45.801
-124.89968,40.42191,4.91,4.53,2024-12-05T18:59:01.984
-125.08159,40.39594,9.96,4.31,2024-12-05T19:00:51.385
-124.8791,40.36199,17.03,3.91,2024-12-05T19:01:38.514
-124.79427,40.19303,2.18,2.12,2024-12-05T19:01:50.263
-124.80994,40.3669,9.34,2.45,2024-12-05T19:02:03.529
-124.87723,40.36222,17.04,4.07,2024-12-05T19:02:44.825
-124.92386,40.38718,13.51,4.14,2024-12-05T19:04:00.948
-124.78513,40.19229,1.53,2.42,2024-12-05T19:04:14.478
-124.80919,40.33949,19.05,3.43,2024-12-05T19:04:25.234
-124.84281,40.34936,8.29,2.53,2024-12-05T19:04:38.551
-124.90945,40.36733,16.73,3.76,2024-12-05T19:04:49.303
-124.90831,40.40715,1.75,2.42,2024-12-05T19:05:03.342
-124.72072,40.3268,5.67,4.35,2024-12-05T19:05:49.928
-124.66725,40.27018,16.32,1.81,2024-12-05T19:08:00.580
-124.8328,40.36763,8.48,2.97,2024-12-05T19:08:09.605
-124.8307,40.36656,8.32,2.42,2024-12-05T19:08:33.889
-124.68262,40.43747,12.36,3.02,2024-12-05T19:08:50.803
-124.83129,40.34362,18.86,2.22,2024-12-05T19:08:59.800
-124.80018,40.35892,5.73,2.58,2024-12-05T19:09:34.787
-124.83412,40.36821,8.53,4.4,2024-12-05T19:10:08.611
-124.82763,40.36176,7.8,2.41,2024-12-05T19:11:13.827
-124.78304,40.36209,8.14,2.69,2024-12-05T19:11:27.323
-124.68068,40.31592,20.17,2.45,2024-12-05T19:11:34.963
-124.78586,40.19165,1.64,2.03,2024-12-05T19:11:52.552
-124.56742,40.29175,8.02,2.29,2024-12-05T19:12:22.708
-124.84729,40.37393,8.4,3.37,2024-12-05T19:12:32.467
-124.70155,40.46933,15.35,3.15,2024-12-05T19:12:53.907
-124.84724,40.37435,8.39,3.12,2024-12-05T19:13:31.751
-124.9761,40.37785,15.15,3.48,2024-12-05T19:14:26.848
-124.92297,40.3656,16.14,3.71,2024-12-05T19:14:44.595
-124.88655,40.35753,17.07,3.79,2024-12-05T19:15:05.355
-124.9,40.4104,1.55,2.32,2024-12-05T19:15:44.851
-124.93743,40.39448,18.72,3.74,2024-12-05T19:16:21.018
-124.79485,40.3866,11.55,2.62,2024-12-05T19:17:03.159
-124.84201,40.34691,8.41,2.34,2024-12-05T19:17:34.136
-124.79638,40.35556,6.42,2.5,2024-12-05T19:17:46.700
-124.6884,40.35327,21.4,2.4,2024-12-05T19:18:19.164
-124.8914,40.35788,17.06,3.55,2024-12-05T19:18:49.836
-124.98941,40.37995,16.57,3.91,2024-12-05T19:19:32.952
-124.58926,40.2602,1.85,1.02,2024-12-05T19:20:18.706
-124.65828,40.31342,19.51,2.61,2024-12-05T19:20:36.456
-124.69146,40.32048,6.17,3.95,2024-12-05T19:21:14.483
-124.5978,40.28819,6.04,3.1,2024-12-05T19:22:04.637
-124.78225,40.18819,0.99,2.26,2024-12-05T19:22:25.719
-124.84675,40.37401,8.4,2.42,2024-12-05T19:22:32.975
-124.91533,40.3608,16.78,2.39,2024-12-05T19:23:10.951
-124.90592,40.36474,16.88,3.3,2024-12-05T19:23:31.401
-124.84929,40.34397,9.66,2.58,2024-12-05T19:23:58.239
-124.92257,40.34036,17.32,2.3,2024-12-05T19:24:08.199
-124.8378,40.3691,7.67,2.6,2024-12-05T19:24:21.451
-124.95661,40.39232,15.39,3.51,2024-12-05T19:24:33.452
-124.73319,40.32956,19.38,3.42,2024-12-05T19:25:11.827
-124.56747,40.29312,21.54,2.95,2024-12-05T19:25:27.122
-124.91059,40.3638,16.42,2.3,2024-12-05T19:26:01.547
-124.74445,40.35976,9.23,3.71,2024-12-05T19:26:18.309
-124.70718,40.46303,13.26,2.55,2024-12-05T19:26:34.405
-125.04955,40.39449,11.95,3.3,2024-12-05T19:27:16.995
-124.77663,40.19172,2.08,1.97,2024-12-05T19:27:27.135
-124.77842,40.35463,8.19,3.42,2024-12-05T19:27:34.681
-124.91248,40.36521,16.78,2.38,2024-12-05T19:28:13.777
-124.89428,40.36818,16.64,3.72,2024-12-05T19:28:50.490
-124.82116,40.3617,5.82,2.27,2024-12-05T19:30:06.957
-124.8668,40.3681,8.27,3.51,2024-12-05T19:30:32.601
-124.56161,40.4727,16.94,2.59,2024-12-05T19:30:47.876
-124.76372,40.32834,19.89,2.37,2024-12-05T19:30:57.339
-124.79539,40.35608,4.98,3.18,2024-12-05T19:31:23.697
-124.917,40.3667,16.8,2.4,2024-12-05T19:32:01.195
-124.7723,40.4934,12.88,3.38,2024-12-05T19:32:20.238
-124.77343,40.32719,19.09,2.3,2024-12-05T19:33:04.718
-124.50768,40.48873,24.11,3.38,2024-12-05T19:33:33.139
-124.87393,40.35632,14.87,3.35,2024-12-05T19:33:48.064
-124.87085,40.35978,17.14,2.29,2024-12-05T19:34:24.600
-124.94225,40.39651,18.47,3.72,2024-12-05T19:34:36.389
-124.79745,40.37258,7.46,3.18,2024-12-05T19:35:08.427
-124.81633,40.36111,5.72,2.53,2024-12-05T19:35:28.104
-124.89328,40.42678,6.32,3.79,2024-12-05T19:35:56.723
-124.79771,40.35878,6.2,2.39,2024-12-05T19:36:09.173
-124.5488,40.29095,20.43,2.76,2024-12-05T19:36:30.040
-124.89922,40.37132,12.07,4.07,2024-12-05T19:36:39.275
-124.79905,40.35623,5.92,2.91,2024-12-05T19:37:08.672
-124.89328,40.42678,6.32,3.8,2024-12-05T19:38:01.723
-124.81432,40.36856,9.54,2.59,2024-12-05T19:39:17.693
-124.9333,40.3711,13.73,2.1,2024-12-05T19:39:42.386
-124.84736,40.37388,8.37,2.37,2024-12-05T19:40:09.900
-124.81137,40.36079,5.72,2.23,2024-12-05T19:40:27.701
-124.9233,40.36942,16.13,2.21,2024-12-05T19:40:50.056
-124.78905,40.1891,1.14,2.23,2024-12-05T19:41:08.060
-124.97217,40.40179,6.68,2.18,2024-12-05T19:41:19.856
-124.93281,40.3701,12.92,3.25,2024-12-05T19:41:33.168
-124.8909,40.3715,15.91,3.41,2024-12-05T19:41:40.101
-124.8001,40.33715,19.1,3.43,2024-12-05T19:41:48.671
-124.68517,40.3047,15.1,2.09,2024-12-05T19:42:19.529
-124.52624,40.28682,20.02,2.24,2024-12-05T19:42:45.344
-124.89385,40.3873,18.79,3.59,2024-12-05T19:43:03.111
-124.77455,40.36966,8.76,3.32,2024-12-05T19:43:36.837
-124.68437,40.3124,14.23,2.14,2024-12-05T19:44:17.129
-124.92306,40.36497,16.19,3.5,2024-12-05T19:44:50.782
-124.80817,40.36629,9.52,2.2,2024-12-05T19:45:14.210
-124.6987,40.4413,12.37,2.54,2024-12-05T19:45:47.401
-124.6292,40.23544,6.23,1.94,2024-12-05T19:46:05.638
-124.85011,40.34398,9.61,2.4,2024-12-05T19:46:26.313
-124.89062,40.4062,9.74,3.7,2024-12-05T19:46:53.568
-124.85684,40.37057,5.21,2.4,2024-12-05T19:47:57.376
-124.93308,40.37088,14.86,2.85,2024-12-05T19:48:29.130
-124.83401,40.35205,8.0,2.31,2024-12-05T19:48:58.971
-124.95155,40.36997,15.5,2.3,2024-12-05T19:49:50.199
-124.79067,40.63066,8.48,3.01,2024-12-05T19:50:13.029
-124.77094,40.33321,19.74,3.24,2024-12-05T19:50:44.255
-124.88054,40.36393,16.12,2.47,2024-12-05T19:51:28.996
-124.72273,40.40791,14.65,1.75,2024-12-05T19:52:36.682
-124.72108,40.43798,10.37,2.26,2024-12-05T19:52:50.864
-124.86991,40.35835,17.11,3.29,2024-12-05T19:53:14.533
-124.86114,40.35566,17.0,2.9,2024-12-05T19:53:49.314
-124.89068,40.35132,13.68,2.03,2024-12-05T19:54:19.274
-124.81752,40.36921,9.41,2.41,2024-12-05T19:54:26.501
-124.83992,40.34324,10.19,2.87,2024-12-05T19:54:39.635
-124.8866,40.35946,17.47,3.3,2024-12-05T19:56:33.645
-124.79311,40.35679,6.06,2.94,2024-12-05T19:57:06.313
-124.53382,40.29164,7.71,3.83,2024-12-05T19:58:02.895
-124.94422,40.36881,13.69,2.24,2024-12-05T19:59:25.534
-125.07013,40.43277,10.57,2.63,2024-12-05T19:59:34.605
-124.5073,40.487,24.09,3.94,2024-12-05T20:00:21.025
-124.91472,40.36244,16.68,2.14,2024-12-05T20:01:50.463
-124.7641,40.3477,7.08,1.82,2024-12-05T20:01:58.051
-124.77866,40.26408,1.41,1.91,2024-12-05T20:02:09.988
-124.9513,40.387,9.06,2.67,2024-12-05T20:02:24.101
-124.50562,40.48525,24.11,3.08,2024-12-05T20:04:08.183
-124.83183,40.36832,8.54,3.87,2024-12-05T20:04:23.365
-124.70533,40.42022,9.36,3.79,2024-12-05T20:04:45.431
-124.50331,40.48423,24.11,2.13,2024-12-05T20:05:57.983
-124.6799,40.31447,4.75,3.02,2024-12-05T20:06:07.851
-124.85638,40.3696,5.33,2.43,2024-12-05T20:07:12.186
-124.7095,40.42214,9.26,2.87,2024-12-05T20:07:22.422
-124.71669,40.44817,12.75,2.3,2024-12-05T20:07:56.681
-124.65473,40.3099,16.3,2.18,2024-12-05T20:08:31.092
-124.83254,40.36773,8.51,2.9,2024-12-05T20:09:35.317
-124.83609,40.35043,9.61,2.81,2024-12-05T20:10:04.335
-124.78155,40.18879,1.55,2.23,2024-12-05T20:10:21.546
-124.79502,40.3423,22.33,1.63,2024-12-05T20:11:27.834
-124.83213,40.36783,8.5,3.8,2024-12-05T20:12:11.125
-124.84718,40.37386,8.44,2.68,2024-12-05T20:13:11.972
-124.82879,40.37257,9.34,2.12,2024-12-05T20:14:01.712
-124.81777,40.36847,9.49,2.41,2024-12-05T20:14:13.967
-124.71872,40.44589,12.7,2.3,2024-12-05T20:14:46.699
-124.78696,40.19228,1.55,1.91,2024-12-05T20:15:28.980
-124.59383,40.29071,6.79,2.66,2024-12-05T20:16:07.523
-124.59317,40.2905,6.54,1.16,2024-12-05T20:16:28.777
-124.81131,40.36074,5.71,2.23,2024-12-05T20:16:52.902
-124.90786,40.37972,7.07,2.17,2024-12-05T20:17:21.991
-124.82061,40.36191,5.85,2.21,2024-12-05T20:17:36.184
-124.84823,40.37419,8.32,3.03,2024-12-05T20:18:03.202
-124.89314,40.34408,6.65,1.87,2024-12-05T20:18:26.277
-124.92115,40.36768,16.04,3.08,2024-12-05T20:18:37.063
-125.0662,40.3763,8.41,2.88,2024-12-05T20:18:48.400
-124.8651,40.3611,1.03,2.82,2024-12-05T20:19:18.301
-125.0261,40.4482,12.19,2.53,2024-12-05T20:20:12.551
-124.84896,40.37249,8.33,2.11,2024-12-05T20:20:51.777
-124.81179,40.36436,8.97,2.7,2024-12-05T20:21:05.596
-124.8286,40.36839,7.78,2.29,2024-12-05T20:21:27.203
-124.67085,40.30775,15.16,2.17,2024-12-05T20:21:56.011
-124.65165,40.30883,17.04,2.03,2024-12-05T20:22:26.826
-125.04632,40.3867,9.29,2.4,2024-12-05T20:22:55.857
-125.07192,40.43434,10.56,2.16,2024-12-05T20:24:05.473
-124.9866,40.38202,7.92,2.86,2024-12-05T20:24:47.402
-124.65066,40.29219,6.7,2.29,2024-12-05T20:25:37.545
-124.81433,40.36852,9.44,2.19,2024-12-05T20:26:01.185
-124.70427,40.32365,5.68,2.3,2024-12-05T20:26:12.999
-124.91015,40.38151,1.88,1.68,2024-12-05T20:26:39.251
-124.98915,40.39247,5.5,2.66,2024-12-05T20:26:49.568
-124.64186,40.34074,12.77,1.91,2024-12-05T20:28:02.391
-124.59719,40.29137,6.81,3.46,2024-12-05T20:28:46.143
-124.57169,40.30415,15.37,2.44,2024-12-05T20:30:18.366
-124.81013,40.36689,9.37,2.07,2024-12-05T20:31:03.879
-124.82183,40.36141,5.81,2.25,2024-12-05T20:31:15.791
-124.91599,40.38936,5.24,2.18,2024-12-05T20:31:43.352
-124.91626,40.38936,5.12,2.19,2024-12-05T20:31:59.793
-124.76972,40.34977,19.56,3.48,2024-12-05T20:32:31.950
-124.91169,40.36718,16.44,3.64,2024-12-05T20:33:03.648
-125.04507,40.39532,12.32,3.09,2024-12-05T20:33:49.338
-124.55372,40.28899,18.78,1.92,2024-12-05T20:34:41.762
-124.56871,40.29252,20.54,2.22,2024-12-05T20:34:49.147
-124.56673,40.30485,15.14,1.76,2024-12-05T20:35:46.743
-124.80862,40.36678,9.42,2.23,2024-12-05T20:36:07.639
-124.65185,40.24636,13.32,0.88,2024-12-05T20:36:23.339
-124.71716,40.40774,14.62,1.74,2024-12-05T20:36:53.603
-124.6353,40.26263,14.07,1.61,2024-12-05T20:39:09.071
-124.597,40.2848,18.06,1.98,2024-12-05T20:40:30.752
-124.72044,40.43449,10.3,2.07,2024-12-05T20:41:50.674
-124.7188,40.45141,12.49,2.44,2024-12-05T20:42:25.042
-124.85394,40.35469,17.25,2.38,2024-12-05T20:42:53.868
-124.836,40.34118,18.9,2.23,2024-12-05T20:44:35.519
-124.3883,40.28166,19.94,1.87,2024-12-05T20:45:27.749
-124.72516,40.44858,12.75,2.2,2024-12-05T20:45:58.930
-125.03747,40.3912,11.83,3.3,2024-12-05T20:46:45.762
-124.8478,40.37412,8.41,2.6,2024-12-05T20:48:12.949
-124.8012,40.3484,5.35,2.83,2024-12-05T20:49:38.702
-124.77938,40.32754,18.76,2.3,2024-12-05T20:50:39.137
-124.8402,40.3548,15.79,2.53,2024-12-05T20:50:57.902
-124.81211,40.36778,9.52,2.41,2024-12-05T20:51:33.953
-124.84124,40.34763,8.33,2.33,2024-12-05T20:51:54.681
-124.74777,40.34264,11.73,1.94,2024-12-05T20:52:53.723
-125.06187,40.39077,7.3,2.88,2024-12-05T20:53:02.230
-124.89191,40.41533,4.44,2.01,2024-12-05T20:53:28.234
-124.87781,40.4108,2.81,3.1,2024-12-05T20:53:57.664
-124.64212,40.30222,17.38,2.49,2024-12-05T20:54:40.721
-124.99651,40.40198,7.09,2.48,2024-12-05T20:55:04.826
-124.68768,40.31379,15.94,2.56,2024-12-05T20:56:14.261
-124.7723,40.4934,12.88,3.16,2024-12-05T20:56:51.959
-124.81394,40.37123,8.62,2.57,2024-12-05T20:57:19.778
-124.79628,40.3556,6.53,2.16,2024-12-05T20:57:42.500
-125.02741,40.47478,7.73,2.91,2024-12-05T20:58:27.579
-124.84929,40.34405,9.66,2.4,2024-12-05T20:58:34.238
-125.00529,40.43185,12.57,2.29,2024-12-05T20:59:09.454
-124.72302,40.45316,12.26,1.67,2024-12-05T20:59:20.295
-124.80981,40.36709,9.48,2.06,2024-12-05T20:59:37.002
-124.85432,40.37528,7.94,2.42,2024-12-05T21:00:27.116
-124.78194,40.1903,1.55,1.93,2024-12-05T21:01:54.993
-124.80979,40.37123,8.62,2.28,2024-12-05T21:02:02.528
-124.90684,40.40692,1.78,2.32,2024-12-05T21:02:29.937
-124.82562,40.37106,9.41,2.11,2024-12-05T21:03:53.008
-124.83232,40.36822,8.38,2.46,2024-12-05T21:04:21.751
-124.82806,40.38987,9.05,2.7,2024-12-05T21:04:33.737
-124.82713,40.35288,8.0,2.87,2024-12-05T21:05:16.113
-124.62781,40.26055,13.78,1.61,2024-12-05T21:06:56.828
-124.78084,40.18967,1.77,2.91,2024-12-05T21:07:26.885
-124.86718,40.35892,17.13,3.29,2024-12-05T21:08:37.448
-124.69727,40.35414,9.51,2.11,2024-12-05T21:09:51.225
-124.97175,40.40281,7.11,2.41,2024-12-05T21:10:58.407
-124.88369,40.40422,16.23,2.76,2024-12-05T21:11:46.452
-124.76859,40.33219,21.0,2.39,2024-12-05T21:13:33.710
-124.88417,40.35649,17.08,3.03,2024-12-05T21:14:02.487
-124.83163,40.35195,6.85,2.27,2024-12-05T21:14:20.048
-124.64101,40.23529,5.94,1.83,2024-12-05T21:14:33.375
-124.81949,40.37411,8.23,2.27,2024-12-05T21:14:41.574
-124.7258,40.35897,17.62,2.35,2024-12-05T21:14:51.926
-125.0592,40.38228,10.32,2.36,2024-12-05T21:15:18.712
-124.87184,40.36035,17.36,2.29,2024-12-05T21:15:52.276
-124.79934,40.35715,5.96,2.38,2024-12-05T21:16:41.044
-124.79819,40.35683,5.89,2.95,2024-12-05T21:16:49.309
-124.8426,40.3475,17.81,2.38,2024-12-05T21:17:32.602
-124.23026,40.34215,32.42,2.66,2024-12-05T21:18:19.201
-124.82687,40.38333,18.29,2.01,2024-12-05T21:20:14.782
-124.76588,40.33087,19.49,2.3,2024-12-05T21:20:35.109
-124.7286,40.45624,11.76,1.86,2024-12-05T21:21:17.444
-124.80866,40.36656,9.46,2.27,2024-12-05T21:21:55.512
-124.9632,40.39289,5.08,2.38,2024-12-05T21:22:51.987
-124.72247,40.2397,1.49,2.92,2024-12-05T21:24:16.283
-124.5842,40.26462,5.0,1.96,2024-12-05T21:24:48.884
-124.91957,40.40231,4.07,2.18,2024-12-05T21:25:17.465
-124.78917,40.35662,8.83,2.59,2024-12-05T21:26:54.676
-124.89723,40.36738,16.8,3.12,2024-12-05T21:28:04.901
-124.64217,40.23549,6.93,1.6,2024-12-05T21:28:20.794
-124.85617,40.36541,8.28,2.29,2024-12-05T21:28:42.501
-124.59979,40.29976,8.7,1.79,2024-12-05T21:29:38.070
-124.68569,40.39718,14.71,1.26,2024-12-05T21:30:10.035
-124.82025,40.3589,6.23,2.06,2024-12-05T21:31:08.951
-124.96982,40.40383,7.06,2.08,2024-12-05T21:31:16.216
-124.58061,40.29677,21.73,2.83,2024-12-05T21:31:51.930
-124.863,40.3536,6.38,2.84,2024-12-05T21:32:38.752
-124.80672,40.36001,5.82,2.08,2024-12-05T21:33:00.692
-124.79971,40.36626,3.95,2.53,2024-12-05T21:33:50.827
-124.57886,40.29637,21.59,2.54,2024-12-05T21:34:49.197
-124.89802,40.4228,4.81,3.17,2024-12-05T21:35:18.897
-124.54411,40.28927,19.75,2.67,2024-12-05T21:35:46.531
-124.9147,40.3619,17.55,2.69,2024-12-05T21:36:39.902
-124.82976,40.37276,9.31,2.12,2024-12-05T21:36:47.576
-124.79429,40.35639,9.06,1.91,2024-12-05T21:39:01.165
-124.76078,40.33576,19.47,1.7,2024-12-05T21:39:32.717
-124.8931,40.43936,1.44,2.58,2024-12-05T21:40:02.453
-124.88926,40.41943,3.98,2.5,2024-12-05T21:40:28.997
-124.63786,40.30812,18.28,1.63,2024-12-05T21:41:06.031
-124.7987,40.3319,19.38,1.78,2024-12-05T21:41:21.977
-124.863,40.36219,17.67,2.4,2024-12-05T21:41:49.990
-124.7723,40.4934,12.88,3.01,2024-12-05T21:43:19.559
-124.91855,40.38008,13.84,2.86,2024-12-05T21:43:51.813
-125.06579,40.38611,8.5,2.72,2024-12-05T21:44:03.025
-124.6198,40.2992,19.12,1.9,2024-12-05T21:44:39.652
-124.65012,40.24188,12.62,1.6,2024-12-05T21:45:14.704
-124.89689,40.34266,6.42,1.81,2024-12-05T21:45:43.492
-124.59273,40.29064,19.48,1.78,2024-12-05T21:46:40.879
-124.82613,40.36564,8.63,4.44,2024-12-05T21:47:13.634
-124.8482,40.3345,7.2,3.94,2024-12-05T21:47:42.752
-124.77559,40.33224,19.81,2.51,2024-12-05T21:48:45.479
-124.82915,40.373,7.77,2.26,2024-12-05T21:49:34.606
-125.06111,40.38805,10.79,2.18,2024-12-05T21:50:51.202
-124.80181,40.35565,6.26,2.5,2024-12-05T21:51:12.965
-124.83607,40.3659,8.66,2.23,2024-12-05T21:51:42.516
-124.80865,40.36661,9.43,2.23,2024-12-05T21:52:33.508
-124.83239,40.3679,8.55,2.81,2024-12-05T21:52:58.822
-124.88713,40.35716,17.05,3.11,2024-12-05T21:53:34.482
-124.83267,40.3678,8.5,2.7,2024-12-05T21:55:04.252
-124.90969,40.33641,8.07,2.21,2024-12-05T21:55:40.096
-124.55253,40.25383,19.62,0.51,2024-12-05T21:56:16.110
-124.78452,40.33644,18.87,2.19,2024-12-05T21:56:47.290
-124.57435,40.27504,18.23,1.68,2024-12-05T21:57:28.586
-124.72336,40.44983,12.53,2.52,2024-12-05T21:57:38.088
-124.66373,40.28287,10.81,1.71,2024-12-05T21:58:08.132
-124.82424,40.36182,5.6,2.48,2024-12-05T21:58:31.398
-124.88213,40.36548,17.43,2.07,2024-12-05T21:59:09.438
-124.88635,40.36504,17.97,2.07,2024-12-05T21:59:29.215
-124.90451,40.37277,3.32,2.64,2024-12-05T22:00:26.643
-124.8132,40.37187,8.44,2.57,2024-12-05T22:00:57.058
-124.89884,40.34325,6.27,1.81,2024-12-05T22:01:36.326
-124.82359,40.36178,6.15,2.26,2024-12-05T22:01:59.372
-124.8465,40.37412,8.5,2.01,2024-12-05T22:02:17.520
-124.5056,40.27807,15.95,2.05,2024-12-05T22:02:53.538
-124.91267,40.36171,17.18,2.29,2024-12-05T22:03:46.510
-124.78879,40.18882,1.21,2.17,2024-12-05T22:03:57.800
-124.57617,40.29073,8.07,3.48,2024-12-05T22:04:23.409
-124.84068,40.6537,6.85,2.99,2024-12-05T22:04:43.003
-124.90432,40.36425,16.88,3.3,2024-12-05T22:06:13.988
-124.72457,40.24332,2.67,2.94,2024-12-05T22:09:02.975
-124.79571,40.35564,6.52,2.13,2024-12-05T22:09:18.574
-124.99131,40.38959,5.44,2.47,2024-12-05T22:09:49.313
-124.53522,40.29044,7.49,2.5,2024-12-05T22:10:48.371
-124.9564,40.36992,13.76,1.65,2024-12-05T22:12:38.960
-124.90719,40.40689,1.74,2.32,2024-12-05T22:13:00.305
-124.56595,40.29388,8.62,1.43,2024-12-05T22:14:08.842
-124.81143,40.37159,8.43,2.21,2024-12-05T22:14:21.733
-124.56007,40.29287,20.53,2.63,2024-12-05T22:14:53.638
-124.66802,40.27474,17.75,1.57,2024-12-05T22:16:27.146
-124.72712,40.44977,12.67,2.3,2024-12-05T22:17:31.898
-124.91235,40.37484,12.67,2.45,2024-12-05T22:18:44.750
-124.82224,40.3613,5.62,2.29,2024-12-05T22:19:00.783
-124.58484,40.26435,4.92,1.96,2024-12-05T22:19:26.970
-124.72568,40.40454,14.88,1.74,2024-12-05T22:21:34.443
-125.02044,40.40062,12.81,1.93,2024-12-05T22:21:41.341
-124.6796,40.31625,20.18,1.36,2024-12-05T22:22:17.601
-124.56745,40.29241,8.24,2.64,2024-12-05T22:22:54.175
-124.64226,40.30955,17.23,1.56,2024-12-05T22:25:27.735
-124.80872,40.36658,9.42,2.23,2024-12-05T22:26:14.895
-124.81309,40.25775,1.68,2.07,2024-12-05T22:27:05.682
-124.82122,40.36182,5.8,2.27,2024-12-05T22:28:28.944
-124.69901,40.32304,5.73,1.88,2024-12-05T22:29:16.727
-124.84165,40.65564,6.83,2.21,2024-12-05T22:30:08.724
-124.57703,40.29197,19.92,1.91,2024-12-05T22:30:30.458
-124.90022,40.36628,16.73,2.0,2024-12-05T22:32:45.653
-124.43614,40.2857,6.83,0.98,2024-12-05T22:33:18.286
-124.77908,40.26439,1.29,1.86,2024-12-05T22:33:55.224
-124.84073,40.34305,10.04,2.5,2024-12-05T22:35:17.408
-124.87925,40.34691,13.84,2.23,2024-12-05T22:35:41.887
-124.86935,40.42261,4.39,2.31,2024-12-05T22:35:50.163
-124.66612,40.31018,16.19,2.09,2024-12-05T22:36:29.436
-124.83375,40.35187,9.14,2.14,2024-12-05T22:36:57.581
-125.04699,40.39113,7.49,2.85,2024-12-05T22:37:49.816
-124.56468,40.30518,15.14,1.85,2024-12-05T22:37:57.139
-124.78147,40.35387,5.84,1.76,2024-12-05T22:40:24.664
-124.66194,40.3133,19.68,2.83,2024-12-05T22:41:23.638
-124.90708,40.36459,16.87,1.96,2024-12-05T22:44:40.649
-124.97979,40.38407,5.24,2.61,2024-12-05T22:44:57.046
-124.89189,40.36664,16.54,3.79,2024-12-05T22:45:17.181
-124.67716,40.22322,10.09,1.77,2024-12-05T22:46:31.973
-124.99133,40.40084,6.79,2.48,2024-12-05T22:47:47.262
-124.83033,40.37074,9.1,2.39,2024-12-05T22:48:15.086
-124.56272,40.29229,8.44,2.29,2024-12-05T22:48:40.750
-124.97575,40.38213,5.31,3.11,2024-12-05T22:49:02.358
-124.5746,40.2821,6.57,2.19,2024-12-05T22:50:10.602
-124.56428,40.26209,15.39,1.58,2024-12-05T22:50:29.223
-124.72618,40.44958,12.65,2.41,2024-12-05T22:52:09.828
-124.56652,40.29209,8.49,1.77,2024-12-05T22:52:30.479
-124.86056,40.42254,4.03,2.27,2024-12-05T22:52:47.763
-124.65245,40.31116,16.98,1.98,2024-12-05T22:54:25.758
-124.82649,40.3352,18.98,2.23,2024-12-05T22:54:39.997
-124.56554,40.29129,8.3,1.43,2024-12-05T22:55:15.558
-125.03187,40.47459,7.29,2.86,2024-12-05T22:55:40.451
-124.84944,40.34443,9.7,2.4,2024-12-05T22:55:47.286
-124.94395,40.36777,15.8,2.46,2024-12-05T22:55:59.036
-124.70629,40.42029,9.31,2.32,2024-12-05T22:57:19.075
-124.74515,40.34356,11.31,2.3,2024-12-05T22:59:25.825
-125.07123,40.43345,10.58,2.16,2024-12-05T23:00:31.647
-124.50222,40.27774,7.93,1.74,2024-12-05T23:00:53.551
-124.8604,40.42281,4.0,2.3,2024-12-05T23:01:05.854
-124.53615,40.28801,20.61,2.74,2024-12-05T23:01:30.394
-124.57079,40.28788,6.44,2.06,2024-12-05T23:02:01.504
-124.56185,40.29271,8.59,1.82,2024-12-05T23:02:18.431
-124.70415,40.32368,5.64,1.91,2024-12-05T23:03:21.966
-124.87123,40.34353,12.76,2.26,2024-12-05T23:03:47.322
-124.90958,40.3997,3.29,2.6,2024-12-05T23:04:28.227
-124.45409,40.28429,8.13,1.92,2024-12-05T23:05:14.015
-124.72429,40.43379,12.01,1.72,2024-12-05T23:06:22.758
-124.81424,40.36429,8.89,2.41,2024-12-05T23:06:33.283
-124.8652,40.36351,12.46,2.6,2024-12-05T23:06:50.616
-124.38536,40.28297,19.7,2.35,2024-12-05T23:07:20.364
-124.80759,40.35785,4.93,2.44,2024-12-05T23:08:17.511
-124.92488,40.36868,16.25,2.25,2024-12-05T23:08:56.855
-124.74928,40.34267,11.55,1.94,2024-12-05T23:09:15.177
-124.71898,40.4422,10.22,1.87,2024-12-05T23:09:24.957
-124.98225,40.38387,6.89,2.75,2024-12-05T23:09:35.250
-124.97569,40.38797,5.05,2.73,2024-12-05T23:10:39.238
-124.81733,40.36915,9.37,2.54,2024-12-05T23:11:04.896
-124.45498,40.28352,8.1,1.35,2024-12-05T23:11:21.307
-124.45272,40.28447,8.19,1.38,2024-12-05T23:12:22.179
-124.64265,40.24522,12.82,1.89,2024-12-05T23:12:33.661
-124.79573,40.35598,5.02,3.09,2024-12-05T23:13:42.327
-124.82876,40.37246,7.79,2.93,2024-12-05T23:13:49.520
-124.9702,40.3757,4.68,2.63,2024-12-05T23:14:51.452
-124.91013,40.35639,16.35,2.1,2024-12-05T23:15:40.139
-124.45276,40.28452,8.2,1.6,2024-12-05T23:16:05.177
-124.91376,40.37514,12.85,3.45,2024-12-05T23:16:23.536
-124.9702,40.3757,4.68,2.78,2024-12-05T23:16:58.902
-124.89284,40.40809,4.03,4.08,2024-12-05T23:17:37.180
-124.98535,40.38746,7.1,2.94,2024-12-05T23:19:57.282
-124.59567,40.56178,17.45,2.15,2024-12-05T23:20:38.570
-124.82096,40.36171,5.85,2.27,2024-12-05T23:21:13.308
-124.6258,40.27794,17.16,2.1,2024-12-05T23:21:32.243
-124.81292,40.37215,8.39,2.17,2024-12-05T23:22:43.328
-125.00755,40.42758,13.54,2.64,2024-12-05T23:23:19.656
-124.9247,40.3835,3.73,2.17,2024-12-05T23:23:27.352
-124.8503,40.3483,11.5,2.45,2024-12-05T23:23:42.102
-124.81143,40.36059,5.73,2.09,2024-12-05T23:24:08.682
-124.58775,40.28812,18.11,1.67,2024-12-05T23:25:58.059
-124.89528,40.36437,16.93,1.94,2024-12-05T23:26:10.403
-124.84697,40.37416,8.4,2.35,2024-12-05T23:26:58.021
-124.71867,40.43922,10.93,1.92,2024-12-05T23:28:05.500
-124.93412,40.37117,14.63,2.69,2024-12-05T23:28:43.590
-124.7181,40.40114,10.82,1.03,2024-12-05T23:29:06.718
-124.8374,40.4308,4.09,1.81,2024-12-05T23:29:43.052
-124.56703,40.2894,7.47,1.39,2024-12-05T23:30:10.463
-124.97503,40.38755,5.28,3.06,2024-12-05T23:30:28.782
-125.05024,40.39506,7.16,3.15,2024-12-05T23:31:23.847
-124.85827,40.42349,4.21,2.32,2024-12-05T23:33:02.179
-125.04962,40.39375,7.03,3.29,2024-12-05T23:33:24.855
-124.78988,40.35656,8.79,2.77,2024-12-05T23:34:31.946
-124.98925,40.4011,7.03,3.1,2024-12-05T23:34:42.879
-125.0217,40.39408,6.92,2.37,2024-12-05T23:35:23.417
-124.67435,40.34436,8.67,1.74,2024-12-05T23:35:55.940
-125.02972,40.39106,7.75,2.23,2024-12-05T23:36:25.196
-124.8162,40.36101,5.72,2.38,2024-12-05T23:38:49.579
-124.87539,40.36615,16.46,2.86,2024-12-05T23:39:04.384
-124.4545,40.28482,8.08,1.2,2024-12-05T23:40:59.192
-124.81654,40.36077,6.11,2.08,2024-12-05T23:41:56.829
-124.89088,40.40984,3.9,2.03,2024-12-05T23:42:19.919
-124.91856,40.39486,5.28,2.18,2024-12-05T23:42:53.907
-125.04806,40.39265,7.19,2.92,2024-12-05T23:43:25.868
-124.99175,40.38976,5.43,2.6,2024-12-05T23:44:00.879
-124.84671,40.37424,8.41,2.02,2024-12-05T23:44:15.907
-124.95104,40.38956,16.66,3.02,2024-12-05T23:44:50.869
-124.45337,40.28423,8.16,1.35,2024-12-05T23:47:24.435
-124.98831,40.39723,6.34,2.48,2024-12-05T23:49:01.354
-124.88216,40.34919,13.88,1.79,2024-12-05T23:49:45.532
-124.6615,40.29016,13.78,1.54,2024-12-05T23:51:21.889
-124.4188,40.53288,18.72,1.65,2024-12-05T23:51:32.557
-124.81588,40.36825,9.78,2.24,2024-12-05T23:51:49.024
-124.73386,40.3344,19.36,1.38,2024-12-05T23:52:32.664
-124.55733,40.29154,8.45,1.85,2024-12-05T23:53:23.597
-124.38117,40.28416,20.12,0.84,2024-12-05T23:53:31.036
-124.8236,40.36191,5.55,3.1,2024-12-05T23:54:01.607
-124.57005,40.30471,10.2,1.59,2024-12-05T23:55:08.984
-124.74886,40.34429,11.63,2.07,2024-12-05T23:56:37.517
-125.05232,40.39481,7.03,2.93,2024-12-05T23:56:46.576
-124.52589,40.28647,20.24,1.47,2024-12-05T23:58:02.359
-124.94,40.36765,15.87,2.17,2024-12-05T23:59:04.359
-124.85513,40.36973,5.59,2.63,2024-12-06T00:00:51.608
-124.90827,40.39662,2.92,2.18,2024-12-06T00:02:37.940
-124.73265,40.43621,11.01,1.45,2024-12-06T00:03:50.087
-124.9099,40.38034,1.83,1.6,2024-12-06T00:04:42.557
-124.71835,40.44085,10.87,1.85,2024-12-06T00:05:38.984
-124.72154,40.40542,14.74,1.74,2024-12-06T00:05:53.979
-124.56926,40.30415,10.1,1.57,2024-12-06T00:06:02.262
-124.65567,40.23406,10.97,0.72,2024-12-06T00:06:12.210
-124.91749,40.41819,10.14,2.42,2024-12-06T00:07:34.007
-125.02891,40.47473,7.46,2.87,2024-12-06T00:07:48.174
-124.8074,40.36531,3.75,2.3,2024-12-06T00:07:54.863
-124.83537,40.3574,7.47,2.31,2024-12-06T00:08:41.782
-124.91892,40.41779,10.2,2.25,2024-12-06T00:09:00.064
-124.90806,40.39685,2.88,2.19,2024-12-06T00:09:22.187
-125.02112,40.40328,5.79,2.41,2024-12-06T00:09:47.622
-124.89747,40.3433,6.52,1.81,2024-12-06T00:09:57.978
-124.74687,40.33588,6.88,2.75,2024-12-06T00:10:23.838
-124.71207,40.44588,12.04,1.41,2024-12-06T00:11:48.971
-124.81493,40.26333,1.92,1.08,2024-12-06T00:11:57.474
-125.00142,40.42714,13.12,2.56,2024-12-06T00:12:05.553
-125.0562,40.39598,11.8,2.5,2024-12-06T00:13:11.889
-124.80204,40.35129,7.84,1.91,2024-12-06T00:14:01.860
-124.81716,40.36934,9.42,2.24,2024-12-06T00:14:55.303
-124.86973,40.35944,16.72,2.42,2024-12-06T00:16:07.047
-124.90774,40.38203,2.05,1.6,2024-12-06T00:16:47.544
-124.81434,40.36129,5.8,1.78,2024-12-06T00:17:56.749
-124.99271,40.43373,12.43,2.23,2024-12-06T00:18:18.457
-124.99395,40.43407,12.46,2.15,2024-12-06T00:19:17.239
-124.632,40.31067,14.58,2.3,2024-12-06T00:19:48.724
-124.45859,40.28684,17.68,1.89,2024-12-06T00:20:17.972
-124.91342,40.36533,16.76,2.28,2024-12-06T00:20:51.645
-124.72718,40.4512,12.09,1.81,2024-12-06T00:21:04.447
-124.78469,40.33432,19.77,1.73,2024-12-06T00:21:23.189
-124.83164,40.38122,6.2,2.23,2024-12-06T00:22:15.792
-124.92021,40.37065,16.76,2.25,2024-12-06T00:22:53.847
-124.72655,40.44959,12.53,2.4,2024-12-06T00:23:29.743
-124.82448,40.36241,5.69,2.49,2024-12-06T00:23:59.069
-124.86714,40.42272,4.47,2.35,2024-12-06T00:25:37.628
-124.65476,40.26877,16.35,1.63,2024-12-06T00:26:31.843
-124.7933,40.35702,5.79,2.31,2024-12-06T00:27:16.159
-124.90883,40.3667,16.84,2.28,2024-12-06T00:27:29.057
-124.60751,40.23346,6.88,1.44,2024-12-06T00:28:45.167
-124.5607,40.29349,20.75,2.44,2024-12-06T00:29:15.901
-124.65885,40.31506,16.53,2.09,2024-12-06T00:29:23.982
-124.97473,40.38593,4.66,2.51,2024-12-06T00:30:19.147
-124.48687,40.28727,7.35,1.96,2024-12-06T00:32:50.974
-124.48491,40.42941,26.32,1.91,2024-12-06T00:33:26.045
-124.83288,40.36787,8.54,2.34,2024-12-06T00:34:21.182
-124.82333,40.36245,5.63,1.86,2024-12-06T00:34:44.205
-124.78757,40.19017,1.68,2.16,2024-12-06T00:35:12.942
-124.89741,40.34304,6.44,1.81,2024-12-06T00:35:23.441
-124.97907,40.43405,12.14,2.19,2024-12-06T00:35:42.446
-124.83194,40.36907,8.78,2.16,2024-12-06T00:36:23.483
-124.91279,40.3648,17.12,2.11,2024-12-06T00:36:34.595
-125.02356,40.38353,12.93,1.93,2024-12-06T00:36:46.136
-124.61321,40.26287,2.6,1.21,2024-12-06T00:37:23.280
-124.69986,40.32119,4.84,1.85,2024-12-06T00:37:43.257
-124.58869,40.30877,18.52,1.45,2024-12-06T00:37:53.840
-124.72329,40.4116,6.35,1.99,2024-12-06T00:38:59.306
-124.91547,40.36768,16.82,2.23,2024-12-06T00:39:31.855
-124.80883,40.3664,9.49,2.13,2024-12-06T00:40:11.070
-124.8147,40.36856,9.41,2.08,2024-12-06T00:40:29.049
-124.50049,40.26892,11.73,1.86,2024-12-06T00:41:08.172
-124.72138,40.44545,12.39,1.9,2024-12-06T00:41:27.638
-124.87453,40.36591,17.19,2.29,2024-12-06T00:42:27.759
-125.02263,40.39343,5.9,2.41,2024-12-06T00:43:00.422
-124.81592,40.36852,9.51,2.41,2024-12-06T00:44:05.654
-124.80639,40.36517,9.48,2.39,2024-12-06T00:44:56.487
-124.64176,40.33687,11.98,1.13,2024-12-06T00:45:20.706
-124.81192,40.3602,5.76,2.14,2024-12-06T00:46:00.311
-124.61317,40.31104,12.93,2.58,2024-12-06T00:46:28.145
-124.85459,40.39817,14.16,2.04,2024-12-06T00:47:42.119
-124.75165,40.34432,11.89,1.94,2024-12-06T00:48:08.499
-124.79872,40.35727,5.97,2.15,2024-12-06T00:48:32.869
-124.89994,40.36051,16.52,2.66,2024-12-06T00:48:48.125
-124.91502,40.36712,16.78,2.21,2024-12-06T00:49:40.066
-124.64375,40.23326,12.12,1.56,2024-12-06T00:50:03.881
-124.70049,40.45212,11.58,1.84,2024-12-06T00:50:26.493
-124.73087,40.36671,8.09,2.15,2024-12-06T00:50:51.565
-124.45353,40.28376,7.82,1.68,2024-12-06T00:51:21.754
-124.80804,40.36624,9.46,2.1,2024-12-06T00:51:33.712
-124.9235,40.36111,16.75,2.1,2024-12-06T00:51:58.594
-124.68434,40.31303,15.93,1.91,2024-12-06T00:52:17.740
-124.54913,40.29269,19.2,1.94,2024-12-06T00:53:00.396
-124.56799,40.29209,8.36,2.09,2024-12-06T00:53:15.167
-124.67112,40.3107,16.1,2.3,2024-12-06T00:54:00.970
-124.45126,40.28485,8.22,1.71,2024-12-06T00:55:01.405
-124.71976,40.44174,10.27,1.81,2024-12-06T00:55:41.844
-124.78116,40.35375,5.79,1.76,2024-12-06T00:56:32.167
-125.0015,40.429,12.86,2.48,2024-12-06T00:57:05.583
-124.91061,40.36768,16.64,1.94,2024-12-06T00:58:03.101
-124.80991,40.36677,9.46,2.26,2024-12-06T00:59:07.777
-124.94179,40.36685,14.87,2.55,2024-12-06T00:59:57.405
-124.90654,40.40707,1.78,2.28,2024-12-06T01:00:16.186
-124.65595,40.31171,19.55,2.62,2024-12-06T01:00:42.988
-124.87699,40.34665,13.92,2.29,2024-12-06T01:02:06.745
-124.91177,40.37904,1.52,1.6,2024-12-06T01:03:29.943
-124.8618,40.36686,18.11,2.38,2024-12-06T01:04:15.974
-124.82713,40.37215,9.03,2.27,2024-12-06T01:04:26.042
-124.83269,40.34126,19.05,2.19,2024-12-06T01:04:53.903
-124.98573,40.40894,11.81,1.99,2024-12-06T01:06:04.783
-124.76352,40.32991,19.51,1.88,2024-12-06T01:06:37.051
-124.78905,40.18836,1.33,2.12,2024-12-06T01:07:40.231
-124.93857,40.36617,15.92,2.16,2024-12-06T01:07:58.342
-124.72298,40.45198,12.21,1.59,2024-12-06T01:09:05.696
-124.9884,40.39735,6.37,2.48,2024-12-06T01:09:13.753
-124.805,40.36528,9.5,2.67,2024-12-06T01:09:36.056
-124.64853,40.3032,16.39,2.1,2024-12-06T01:12:24.549
-124.51776,40.28182,19.23,1.66,2024-12-06T01:14:33.444
-125.032,40.40389,9.22,2.06,2024-12-06T01:14:43.563
-124.66497,40.23415,11.88,1.62,2024-12-06T01:15:38.637
-124.90817,40.38506,1.02,1.6,2024-12-06T01:15:57.928
-124.69971,40.32763,6.28,2.22,2024-12-06T01:16:10.350
-124.98737,40.39675,6.36,2.48,2024-12-06T01:16:31.309
-124.79428,40.35629,9.04,1.91,2024-12-06T01:17:29.052
-124.90667,40.3645,16.91,2.84,2024-12-06T01:17:54.607
-124.61416,40.25614,14.91,1.51,2024-12-06T01:18:42.017
-124.53413,40.28705,7.42,1.31,2024-12-06T01:18:52.383
-124.62829,40.25392,2.69,1.03,2024-12-06T01:19:40.886
-124.79799,40.35646,5.74,2.91,2024-12-06T01:20:57.452
-124.70769,40.33427,6.7,1.01,2024-12-06T01:22:12.888
-124.79957,40.35743,5.83,2.21,2024-12-06T01:22:22.800
-124.48405,40.28145,17.36,1.46,2024-12-06T01:23:01.713
-124.72104,40.44735,12.53,1.88,2024-12-06T01:23:35.567
-124.80744,40.36716,7.41,2.15,2024-12-06T01:24:40.786
-124.69243,40.33713,8.32,2.69,2024-12-06T01:25:20.389
-124.81334,40.2582,1.35,1.66,2024-12-06T01:26:31.722
-124.66618,40.22585,10.75,1.68,2024-12-06T01:27:13.456
-124.72293,40.43335,11.13,1.74,2024-12-06T01:27:41.692
-124.6476,40.28614,5.28,1.73,2024-12-06T01:28:04.993
-124.83384,40.36969,8.56,2.19,2024-12-06T01:28:17.647
-124.98243,40.37812,6.44,2.5,2024-12-06T01:28:49.827
-124.58352,40.25846,17.48,1.5,2024-12-06T01:29:15.123
-124.75856,40.33077,19.27,1.89,2024-12-06T01:29:58.649
-124.785,40.19008,1.3,1.74,2024-12-06T01:30:37.347
-125.07746,40.39577,10.45,2.48,2024-12-06T01:31:02.277
-124.89271,40.36495,15.84,2.19,2024-12-06T01:32:53.134
-124.54149,40.44728,17.62,1.28,2024-12-06T01:33:57.801
-124.48998,40.27659,18.61,0.64,2024-12-06T01:34:13.377
-124.74737,40.3174,5.43,2.02,2024-12-06T01:34:58.026
-124.68431,40.31301,15.94,1.78,2024-12-06T01:35:16.590
-124.99411,40.43297,12.82,2.19,2024-12-06T01:36:16.629
-124.74286,40.31892,6.24,2.02,2024-12-06T01:36:34.407
-124.74398,40.32061,6.43,2.02,2024-12-06T01:37:00.054
-124.90928,40.37904,1.72,1.67,2024-12-06T01:37:09.955
-124.80886,40.36525,3.8,2.25,2024-12-06T01:39:24.704
-124.7135,40.43429,10.77,1.1,2024-12-06T01:41:47.169
-124.80128,40.35609,6.13,2.18,2024-12-06T01:42:42.941
-124.94209,40.37134,14.55,2.97,2024-12-06T01:44:32.887
-124.71337,40.43457,10.8,1.1,2024-12-06T01:46:27.030
-124.65066,40.29219,6.7,1.8,2024-12-06T01:46:41.704
-124.6856,40.39426,14.79,1.71,2024-12-06T01:47:50.727
-124.80711,40.37135,9.74,2.26,2024-12-06T01:48:27.813
-124.72878,40.32522,19.65,1.82,2024-12-06T01:49:15.766
-124.53875,40.29348,6.8,1.1,2024-12-06T01:50:21.169
-124.53761,40.29148,5.92,2.3,2024-12-06T01:51:09.211
-124.67754,40.34338,9.18,2.08,2024-12-06T01:51:57.028
-125.0305,40.39931,6.17,2.48,2024-12-06T01:53:07.481
-124.75419,40.32943,19.29,2.12,2024-12-06T01:54:18.672
-124.71252,40.43432,10.81,1.1,2024-12-06T01:54:27.023
-124.65475,40.28934,6.27,1.77,2024-12-06T01:54:39.104
-124.91709,40.39332,5.32,2.18,2024-12-06T01:55:42.219
-124.90502,40.36446,16.89,2.67,2024-12-06T01:56:26.568
-124.71874,40.43915,10.92,1.89,2024-12-06T01:56:58.237
-124.8472,40.3745,8.33,2.19,2024-12-06T01:58:22.462
-125.04158,40.38892,7.74,2.59,2024-12-06T01:59:44.262
-124.80961,40.36637,9.48,2.06,2024-12-06T02:00:17.710
-124.85628,40.36522,8.28,2.36,2024-12-06T02:00:34.418
-124.88611,40.4132,4.32,1.94,2024-12-06T02:02:05.529
-124.68804,40.2646,10.42,1.0,2024-12-06T02:04:25.547
-124.72131,40.40695,14.76,1.74,2024-12-06T02:04:41.379
-124.59769,40.28861,16.18,1.44,2024-12-06T02:06:03.922
-124.79839,40.35734,5.92,2.17,2024-12-06T02:06:17.573
-124.71423,40.43354,10.79,1.1,2024-12-06T02:07:16.515
-124.61288,40.27735,4.8,2.05,2024-12-06T02:08:09.875
-124.81734,40.36908,9.37,2.55,2024-12-06T02:09:30.155
-124.98708,40.38202,8.01,2.72,2024-12-06T02:09:41.095
-124.45425,40.28857,8.96,1.67,2024-12-06T02:11:14.182
-124.80814,40.36614,9.48,2.09,2024-12-06T02:13:55.345
-124.57924,40.2535,2.67,1.53,2024-12-06T02:14:25.109
-124.86845,40.43466,7.56,2.13,2024-12-06T02:14:44.102
-124.51753,40.28113,19.21,1.62,2024-12-06T02:15:25.904
-124.88435,40.40429,16.2,2.45,2024-12-06T02:16:23.943
-124.70538,40.31491,4.89,1.88,2024-12-06T02:16:58.574
-124.71387,40.4538,11.21,1.68,2024-12-06T02:17:55.408
-124.71331,40.43468,10.79,1.11,2024-12-06T02:18:18.230
-124.9118,40.36113,17.16,2.85,2024-12-06T02:18:44.091
-124.79973,40.36629,3.97,2.53,2024-12-06T02:19:04.189
-124.83438,40.36709,8.5,2.44,2024-12-06T02:19:22.430
-124.71975,40.44929,12.53,2.44,2024-12-06T02:20:04.414
-124.9941,40.43461,12.53,2.12,2024-12-06T02:20:19.970
-124.84622,40.37422,8.42,1.92,2024-12-06T02:21:32.467
-124.9116,40.36918,6.15,2.34,2024-12-06T02:22:04.142
-124.55647,40.24797,18.56,0.49,2024-12-06T02:23:11.843
-124.6114,40.27005,17.75,1.78,2024-12-06T02:24:50.935
-124.90563,40.36594,16.85,2.25,2024-12-06T02:25:03.619
-124.4511,40.6479,10.98,1.37,2024-12-06T02:25:46.766
-124.39017,40.28194,19.27,0.96,2024-12-06T02:26:21.795
-124.80504,40.25014,0.42,1.66,2024-12-06T02:26:46.454
-124.90811,40.4072,1.8,2.32,2024-12-06T02:27:07.665
-124.79422,40.35629,9.04,1.91,2024-12-06T02:28:32.034
-124.74897,40.34134,11.71,1.94,2024-12-06T02:29:01.413
-124.71863,40.44296,10.21,2.17,2024-12-06T02:29:36.475
-124.59627,40.29106,17.41,1.81,2024-12-06T02:30:20.131
-125.01997,40.39723,6.47,2.37,2024-12-06T02:31:10.797
-124.85121,40.39723,14.12,2.04,2024-12-06T02:31:45.782
-124.53602,40.29375,6.9,2.59,2024-12-06T02:32:17.769
-124.78389,40.18741,0.79,1.73,2024-12-06T02:33:52.049
-124.48236,40.2933,7.5,0.88,2024-12-06T02:34:08.405
-124.71394,40.27201,11.92,1.65,2024-12-06T02:34:50.406
-124.79876,40.35714,5.96,1.62,2024-12-06T02:36:16.640
-124.91346,40.36706,16.64,2.08,2024-12-06T02:36:46.697
-124.81986,40.36068,5.62,2.26,2024-12-06T02:37:39.523
-124.69325,40.34513,21.47,1.91,2024-12-06T02:37:56.054
-124.54104,40.48698,16.42,1.2,2024-12-06T02:38:18.309
-124.95739,40.38452,6.41,2.7,2024-12-06T02:39:49.154
-124.81476,40.36878,9.46,2.14,2024-12-06T02:41:33.850
-124.90697,40.3741,6.62,2.02,2024-12-06T02:42:29.137
-124.63537,40.27171,7.53,1.37,2024-12-06T02:43:26.032
-124.98181,40.38112,6.79,2.45,2024-12-06T02:43:38.471
-124.58645,40.29352,8.96,1.77,2024-12-06T02:43:56.222
-124.82088,40.36173,5.83,2.25,2024-12-06T02:45:02.877
-124.6155,40.2581,13.1,1.27,2024-12-06T02:45:28.651
-124.72024,40.4388,10.48,2.24,2024-12-06T02:45:48.771
-124.91885,40.4083,7.46,2.3,2024-12-06T02:46:12.304
-124.84675,40.37408,8.39,2.37,2024-12-06T02:46:24.673
-124.8093,40.36634,9.48,2.23,2024-12-06T02:46:53.352
-124.64053,40.23407,5.71,1.6,2024-12-06T02:47:09.625
-124.93404,40.36572,15.18,2.85,2024-12-06T02:47:19.770
-125.06834,40.38613,8.47,2.95,2024-12-06T02:47:26.948
-124.81189,40.36782,9.5,2.26,2024-12-06T02:49:37.203
-125.03518,40.40382,8.93,2.06,2024-12-06T02:50:44.411
-124.90696,40.36638,16.83,1.96,2024-12-06T02:51:11.649
-124.89376,40.39728,5.53,1.99,2024-12-06T02:52:21.298
-125.0297,40.43253,12.02,2.53,2024-12-06T02:53:37.155
-124.72123,40.43986,10.24,2.26,2024-12-06T02:53:54.688
-124.49362,40.25966,19.05,1.11,2024-12-06T02:54:44.289
-124.80831,40.36643,9.46,2.16,2024-12-06T02:55:20.084
-124.99361,40.43374,12.41,2.2,2024-12-06T02:56:02.485
-124.91893,40.43112,8.65,2.01,2024-12-06T02:57:34.632
-124.91668,40.36783,16.5,2.25,2024-12-06T02:59:46.932
-124.68322,40.3125,15.99,1.89,2024-12-06T03:00:05.359
-124.45496,40.28793,9.43,0.58,2024-12-06T03:01:47.558
-124.60387,40.25318,15.0,1.24,2024-12-06T03:02:37.969
-124.4543,40.28529,8.01,1.81,2024-12-06T03:03:43.802
-124.48003,40.4665,19.59,0.85,2024-12-06T03:04:04.806
-124.4549,40.28867,8.77,1.74,2024-12-06T03:04:11.991
-124.45478,40.28749,8.48,1.76,2024-12-06T03:04:20.221
-124.82886,40.3726,7.58,2.08,2024-12-06T03:04:34.553
-124.8223,40.36117,5.56,2.13,2024-12-06T03:05:32.825
-124.98412,40.38829,7.04,2.43,2024-12-06T03:06:17.183
-124.91117,40.37572,13.52,1.92,2024-12-06T03:06:56.577
-124.6148,40.2532,8.94,1.53,2024-12-06T03:07:10.311
-124.48084,40.29249,18.26,1.34,2024-12-06T03:07:59.084
-124.98999,40.38185,16.19,3.39,2024-12-06T03:09:25.250
-124.91774,40.3671,16.36,2.02,2024-12-06T03:09:37.089
-124.50041,40.27705,15.45,1.67,2024-12-06T03:11:41.133
-124.99931,40.36798,13.17,2.25,2024-12-06T03:12:04.895
-124.69883,40.34565,8.58,2.04,2024-12-06T03:12:24.791
-124.83407,40.36847,8.57,2.8,2024-12-06T03:13:34.414
-124.82777,40.3692,8.9,2.26,2024-12-06T03:13:47.365
-124.99547,40.37346,9.76,3.89,2024-12-06T03:14:35.898
-124.79607,40.35551,6.54,2.28,2024-12-06T03:16:27.263
-124.6803,40.35309,20.8,1.6,2024-12-06T03:17:46.938
-124.99175,40.38976,5.43,2.5,2024-12-06T03:18:24.818
-124.8236,40.34388,2.75,2.43,2024-12-06T03:18:50.713
-124.81639,40.36878,8.84,2.18,2024-12-06T03:19:32.425
-124.81838,40.36153,5.76,2.29,2024-12-06T03:20:09.794
-124.4511,40.6479,10.98,1.37,2024-12-06T03:20:22.636
-124.89819,40.38829,0.76,1.59,2024-12-06T03:20:51.164
-124.74784,40.3287,19.12,2.32,2024-12-06T03:21:13.649
-124.92063,40.4195,10.21,2.54,2024-12-06T03:22:07.086
-124.78603,40.18881,1.18,2.24,2024-12-06T03:22:22.514
-124.7207,40.4395,10.22,2.27,2024-12-06T03:23:47.751
-124.80882,40.36519,3.81,2.13,2024-12-06T03:24:37.066
-124.90187,40.37032,3.24,2.29,2024-12-06T03:25:30.203
-125.0414,40.39026,11.8,2.77,2024-12-06T03:25:38.967
-124.80883,40.36671,9.45,2.09,2024-12-06T03:26:06.779
-124.71938,40.45155,12.45,1.81,2024-12-06T03:26:44.379
-124.72219,40.4389,10.12,2.01,2024-12-06T03:27:22.970
-124.72139,40.43951,10.26,2.26,2024-12-06T03:28:13.669
-124.66843,40.32516,6.42,1.84,2024-12-06T03:28:25.419
-124.88046,40.35926,17.01,3.85,2024-12-06T03:32:13.381
-124.88615,40.36057,16.62,2.74,2024-12-06T03:33:41.461
-124.72477,40.45045,12.44,2.4,2024-12-06T03:37:02.919
-124.92131,40.41872,10.29,2.48,2024-12-06T03:40:47.335
-124.72147,40.43979,10.3,2.24,2024-12-06T03:41:09.899
-125.02065,40.38226,11.41,2.23,2024-12-06T03:42:26.154
-124.83164,40.38122,6.2,2.22,2024-12-06T03:42:54.143
-124.91041,40.36561,16.78,2.12,2024-12-06T03:43:20.342
-124.45162,40.28526,8.25,2.26,2024-12-06T03:44:15.341
-124.92263,40.42155,10.21,2.15,2024-12-06T03:44:47.905
-124.62329,40.2551,14.68,1.52,2024-12-06T03:45:42.062
-124.72046,40.4408,10.28,1.79,2024-12-06T03:47:10.727
-124.74852,40.34289,11.52,2.07,2024-12-06T03:47:34.405
-125.02845,40.43297,11.29,2.46,2024-12-06T03:48:38.430
-124.72247,40.43953,10.39,2.12,2024-12-06T03:49:08.183
-124.90707,40.38398,1.46,1.6,2024-12-06T03:49:48.587
-124.79422,40.35598,9.01,1.91,2024-12-06T03:50:30.933
-124.87748,40.35579,16.61,2.3,2024-12-06T03:50:56.798
-124.82646,40.37234,9.06,2.26,2024-12-06T03:53:54.253
-124.89949,40.34302,6.32,1.81,2024-12-06T03:54:38.555
-124.62653,40.23369,6.07,1.19,2024-12-06T03:55:00.659
-125.03333,40.40417,8.79,2.07,2024-12-06T03:55:28.125
-124.4734,40.28242,8.01,1.99,2024-12-06T03:56:09.658
-124.90212,40.37024,3.35,2.21,2024-12-06T03:56:21.495
-124.90279,40.3703,3.37,2.73,2024-12-06T03:58:58.672
-124.56788,40.29556,20.9,2.17,2024-12-06T03:59:43.535
-124.62995,40.26094,13.6,1.61,2024-12-06T04:00:06.594
-124.70725,40.43823,11.08,1.59,2024-12-06T04:01:51.912
-124.51786,40.28181,19.24,1.61,2024-12-06T04:02:30.554
-124.70346,40.32355,5.67,1.91,2024-12-06T04:02:38.705
-124.72058,40.44082,10.25,1.77,2024-12-06T04:03:02.259
-124.72146,40.45104,12.33,2.02,2024-12-06T04:05:07.415
-124.69928,40.3279,6.28,2.23,2024-12-06T04:05:40.863
-124.64203,40.2355,5.92,1.59,2024-12-06T04:06:37.910
-124.93127,40.37722,11.79,2.98,2024-12-06T04:06:58.119
-124.75379,40.32884,19.56,1.89,2024-12-06T04:07:53.546
-124.54577,40.2921,19.64,2.55,2024-12-06T04:08:52.816
-124.53294,40.29268,6.49,0.93,2024-12-06T04:09:42.338
-124.9071,40.40699,1.85,2.25,2024-12-06T04:09:51.760
-124.93806,40.37302,13.64,1.91,2024-12-06T04:12:02.968
-124.90018,40.36488,16.83,2.69,2024-12-06T04:12:23.891
-124.8059,40.35895,5.45,2.34,2024-12-06T04:12:54.110
-124.72053,40.43932,11.25,1.88,2024-12-06T04:13:20.537
-125.04066,40.38804,11.02,2.62,2024-12-06T04:14:57.784
-124.84804,40.37403,8.67,2.36,2024-12-06T04:16:17.824
-124.89681,40.34302,6.36,1.81,2024-12-06T04:16:34.107
-124.55291,40.28042,4.27,1.44,2024-12-06T04:17:20.655
-124.72401,40.43625,11.66,1.72,2024-12-06T04:17:48.009
-124.45249,40.28604,8.01,0.98,2024-12-06T04:18:04.557
-124.90781,40.37954,7.1,2.02,2024-12-06T04:18:19.796
-124.90799,40.37794,6.99,2.02,2024-12-06T04:19:08.440
-124.39279,40.28231,19.61,0.89,2024-12-06T04:21:59.048
-124.74699,40.25464,13.77,1.59,2024-12-06T04:22:21.261
-124.80198,40.35562,6.25,2.17,2024-12-06T04:22:40.323
-124.90998,40.3661,16.88,2.28,2024-12-06T04:23:21.178
-124.91913,40.42435,8.98,2.14,2024-12-06T04:23:56.963
-124.98195,40.38437,6.96,3.59,2024-12-06T04:24:16.134
-124.81608,40.27491,2.48,2.13,2024-12-06T04:25:54.447
-124.98305,40.38244,6.95,2.82,2024-12-06T04:26:09.149
-124.71823,40.44327,10.2,1.87,2024-12-06T04:26:36.950
-124.98411,40.382,7.02,2.66,2024-12-06T04:27:00.247
-124.97857,40.38315,7.37,2.58,2024-12-06T04:27:17.663
-124.76354,40.32481,19.48,1.88,2024-12-06T04:27:31.247
-124.91424,40.36719,16.32,1.93,2024-12-06T04:28:27.590
-124.72062,40.45078,12.57,2.38,2024-12-06T04:28:41.258
-124.83441,40.36937,8.73,2.2,2024-12-06T04:30:22.459
-124.78266,40.18991,1.58,2.25,2024-12-06T04:30:37.729
-124.53215,40.29341,6.56,0.93,2024-12-06T04:31:52.987
-124.97779,40.3868,8.12,2.63,2024-12-06T04:32:43.383
-124.49731,40.27725,19.52,2.29,2024-12-06T04:35:06.540
-124.68656,40.29889,13.42,1.17,2024-12-06T04:36:52.305
-124.66657,40.33707,8.91,1.73,2024-12-06T04:37:16.409
-124.76211,40.33192,19.3,2.15,2024-12-06T04:38:15.472
-124.69809,40.25561,3.17,1.63,2024-12-06T04:38:51.658
-124.56301,40.2922,8.45,1.23,2024-12-06T04:40:03.425
-124.8207,40.3638,5.51,1.6,2024-12-06T04:41:02.279
-124.53252,40.29339,6.6,0.92,2024-12-06T04:41:27.611
-124.82479,40.3714,9.04,1.85,2024-12-06T04:43:06.909
-124.98611,40.40982,11.55,2.0,2024-12-06T04:44:06.509
-124.72017,40.33082,18.09,1.82,2024-12-06T04:45:02.931
-124.8231,40.36243,5.65,2.35,2024-12-06T04:45:11.360
-124.81948,40.33094,4.49,1.27,2024-12-06T04:48:22.183
-124.89211,40.41402,4.21,1.94,2024-12-06T04:49:14.068
-124.74145,40.42713,12.28,1.72,2024-12-06T04:50:14.573
-124.80998,40.36677,9.46,2.3,2024-12-06T04:51:27.138
-124.92129,40.42006,10.22,2.53,2024-12-06T04:51:40.844
-124.81123,40.36067,5.7,2.06,2024-12-06T04:52:16.409
-124.83322,40.36819,8.64,2.81,2024-12-06T04:52:50.423
-124.56347,40.29265,8.56,1.21,2024-12-06T04:54:19.226
-124.80743,40.36676,7.39,2.15,2024-12-06T04:56:50.848
-124.86641,40.34621,15.64,2.72,2024-12-06T04:58:39.122
-124.88393,40.3626,16.94,2.07,2024-12-06T04:59:45.704
-124.72111,40.44005,10.29,2.2,2024-12-06T05:00:12.589
-124.81471,40.36852,9.48,2.15,2024-12-06T05:00:42.555
-124.84717,40.37439,8.36,2.41,2024-12-06T05:01:51.538
-124.45125,40.2832,8.0,1.68,2024-12-06T05:03:28.552
-124.72124,40.43995,10.28,2.05,2024-12-06T05:03:37.437
-124.56308,40.29032,7.96,1.13,2024-12-06T05:04:56.228
-125.0447,40.40145,11.77,2.3,2024-12-06T05:05:27.765
-124.45424,40.28576,8.01,1.92,2024-12-06T05:05:50.713
-124.67377,40.29534,14.1,2.29,2024-12-06T05:06:27.536
-124.72303,40.43782,10.2,2.02,2024-12-06T05:08:12.851
-124.80367,40.31321,2.33,1.78,2024-12-06T05:08:47.486
-124.38042,40.04696,6.77,1.14,2024-12-06T05:09:04.052
-124.45517,40.28707,8.31,1.8,2024-12-06T05:09:38.433
-124.71718,40.44264,10.53,2.22,2024-12-06T05:09:54.223
-124.98793,40.38128,6.68,2.58,2024-12-06T05:10:36.498
-124.6981,40.24968,3.39,1.65,2024-12-06T05:11:04.585
-124.82022,40.36805,8.89,2.07,2024-12-06T05:11:48.534
-124.89585,40.41807,3.91,2.02,2024-12-06T05:12:47.347
-124.56385,40.47907,16.21,4.07,2024-12-06T05:13:50.226
-124.79582,40.3556,6.55,2.25,2024-12-06T05:15:32.267
-124.55621,40.47525,16.55,1.44,2024-12-06T05:16:14.830
-125.00499,40.42721,13.45,2.46,2024-12-06T05:16:39.785
-124.70829,40.32362,21.22,1.69,2024-12-06T05:18:03.249
-124.56645,40.47126,16.99,1.44,2024-12-06T05:18:28.619
-124.98561,40.3971,6.51,2.47,2024-12-06T05:18:42.576
-124.56373,40.4708,16.96,1.17,2024-12-06T05:18:56.193
-124.78828,40.35614,8.78,2.21,2024-12-06T05:19:38.894
-124.71687,40.43937,10.66,1.75,2024-12-06T05:20:02.673
-124.57733,40.30473,13.8,2.29,2024-12-06T05:20:40.850
-125.07705,40.39837,8.52,2.34,2024-12-06T05:22:08.325
-124.84657,40.37423,8.41,1.99,2024-12-06T05:23:54.219
-124.80836,40.34891,9.48,1.91,2024-12-06T05:24:23.391
-124.9874,40.39674,6.37,2.48,2024-12-06T05:25:18.110
-124.72456,40.43496,11.81,1.67,2024-12-06T05:26:38.025
-124.56424,40.47091,17.05,1.57,2024-12-06T05:27:19.081
-124.55273,40.31403,15.76,1.91,2024-12-06T05:27:31.447
-124.6658,40.31022,16.16,2.1,2024-12-06T05:28:03.776
-125.05633,40.38894,10.32,2.18,2024-12-06T05:30:07.589
-124.52073,40.28818,7.39,1.84,2024-12-06T05:32:11.360
-124.51162,40.29179,6.93,2.04,2024-12-06T05:34:21.347
-124.78668,40.19026,1.39,2.21,2024-12-06T05:35:25.620
-124.70791,40.33467,6.79,1.01,2024-12-06T05:35:51.059
-124.55316,40.29004,19.57,1.91,2024-12-06T05:36:23.215
-124.84679,40.37417,8.38,1.95,2024-12-06T05:37:07.200
-124.71701,40.44378,10.42,1.77,2024-12-06T05:38:08.373
-124.94395,40.36777,15.8,2.16,2024-12-06T05:39:07.245
-124.90715,40.40693,1.81,2.26,2024-12-06T05:39:20.681
-124.91239,40.36909,6.11,2.27,2024-12-06T05:43:11.338
-124.91809,40.40583,7.34,2.81,2024-12-06T05:44:22.686
-124.78026,40.33404,19.42,2.24,2024-12-06T05:46:18.788
-124.72733,40.32339,7.74,2.14,2024-12-06T05:46:28.647
-124.90096,40.34338,6.23,1.79,2024-12-06T05:46:47.226
-124.55941,40.47158,16.96,1.44,2024-12-06T05:47:16.903
-124.8162,40.36103,5.72,2.35,2024-12-06T05:48:18.118
-124.9207,40.36918,16.48,2.25,2024-12-06T05:49:02.865
-124.92221,40.36763,16.53,2.13,2024-12-06T05:53:15.972
-124.71189,40.44819,10.78,1.82,2024-12-06T05:54:07.540
-124.75019,40.32781,19.42,1.87,2024-12-06T05:54:38.549
-124.72392,40.41447,6.38,2.0,2024-12-06T05:56:14.384
-124.73004,40.43351,10.87,1.45,2024-12-06T05:56:58.003
-124.90812,40.40785,1.92,2.27,2024-12-06T05:57:26.654
-124.5819,40.28215,18.89,1.63,2024-12-06T05:57:45.917
-125.05584,40.4016,7.1,2.35,2024-12-06T05:58:13.596
-124.41858,40.28247,16.81,1.35,2024-12-06T05:58:43.654
-124.69637,40.2484,3.37,1.65,2024-12-06T06:00:10.288
-124.91282,40.36999,16.85,2.39,2024-12-06T06:00:37.155
-124.92438,40.36134,16.72,2.1,2024-12-06T06:02:45.521
-124.42015,40.28821,8.38,0.69,2024-12-06T06:03:21.769
-124.89073,40.43875,1.43,2.41,2024-12-06T06:07:22.872
-124.39834,40.29169,8.35,1.18,2024-12-06T06:08:14.486
-124.49325,40.30149,21.42,2.24,2024-12-06T06:09:52.447
-124.8086,40.36605,9.47,2.09,2024-12-06T06:10:16.785
-124.70823,40.42146,9.27,2.88,2024-12-06T06:11:15.559
-124.68946,40.35316,21.33,1.58,2024-12-06T06:12:47.975
-124.91054,40.37662,13.51,1.92,2024-12-06T06:13:26.051
-125.01133,40.39007,4.84,2.49,2024-12-06T06:14:27.072
-124.56403,40.47131,17.01,1.17,2024-12-06T06:15:04.457
-124.93641,40.37197,13.59,1.92,2024-12-06T06:15:48.328
-124.75251,40.32853,19.59,1.88,2024-12-06T06:17:21.657
-124.80491,40.36273,8.97,2.43,2024-12-06T06:18:10.778
-124.81733,40.36988,9.25,2.08,2024-12-06T06:19:53.483
-125.06684,40.40046,7.88,2.35,2024-12-06T06:20:07.717
-124.77473,40.34952,7.99,1.98,2024-12-06T06:22:10.648
-124.9027,40.42493,5.02,2.18,2024-12-06T06:23:14.214
-124.80883,40.36524,3.8,2.16,2024-12-06T06:26:58.526
-124.72614,40.45173,12.38,1.56,2024-12-06T06:28:32.288
-124.55948,40.47534,16.97,1.17,2024-12-06T06:29:26.614
-124.89684,40.42214,5.02,2.93,2024-12-06T06:30:11.856
-124.63244,40.30145,6.01,1.57,2024-12-06T06:33:23.424
-124.89975,40.36262,16.88,2.69,2024-12-06T06:35:21.755
-124.57676,40.304,13.78,2.02,2024-12-06T06:37:10.018
-124.60295,40.24455,13.95,1.46,2024-12-06T06:37:23.394
-124.82244,40.3946,9.05,2.07,2024-12-06T06:38:04.137
-124.80682,40.3585,5.72,2.09,2024-12-06T06:39:03.194
-124.68524,40.31323,15.94,1.91,2024-12-06T06:40:25.689
-124.70181,40.32322,5.95,2.25,2024-12-06T06:42:03.150
-124.79971,40.36626,3.95,2.53,2024-12-06T06:42:59.986
-124.69861,40.24982,3.33,1.65,2024-12-06T06:43:21.512
-124.98324,40.38013,14.96,2.54,2024-12-06T06:44:42.216
-124.71997,40.44126,10.26,1.83,2024-12-06T06:46:05.884
-124.68889,40.45101,9.64,1.41,2024-12-06T06:46:33.861
-124.80237,40.36127,8.9,2.42,2024-12-06T06:47:02.133
-124.90185,40.42775,5.04,2.3,2024-12-06T06:48:13.890
-124.72369,40.45152,12.47,1.59,2024-12-06T06:50:52.809
-124.68165,40.43666,12.37,2.68,2024-12-06T06:51:11.556
-124.46259,40.28649,7.52,1.11,2024-12-06T06:51:21.115
-124.63308,40.28108,5.81,1.65,2024-12-06T06:51:56.160
-124.59756,40.29668,9.82,1.69,2024-12-06T06:54:42.283
-124.46309,40.28584,7.51,1.06,2024-12-06T06:55:17.390
-124.54177,40.26629,12.96,1.16,2024-12-06T06:55:57.140
-124.93901,40.36588,15.78,2.17,2024-12-06T06:56:27.571
-124.51071,40.27816,16.57,1.08,2024-12-06T06:57:23.876
-124.96968,40.36675,13.75,2.23,2024-12-06T06:58:08.569
-124.80789,40.36621,9.46,2.09,2024-12-06T06:59:18.656
-124.56931,40.39873,25.0,1.37,2024-12-06T06:59:51.281
-124.7806,40.35382,5.81,1.75,2024-12-06T07:00:05.475
-124.50731,40.28038,19.88,2.3,2024-12-06T07:01:00.521
-124.90174,40.42743,5.02,2.3,2024-12-06T07:01:26.483
-124.68868,40.32544,6.97,3.99,2024-12-06T07:01:51.352
-124.49803,40.27678,19.19,2.75,2024-12-06T07:06:02.467
-124.55937,40.28744,19.77,0.63,2024-12-06T07:07:53.953
-124.71686,40.27179,11.76,1.66,2024-12-06T07:08:07.346
-124.52933,40.28957,19.52,1.66,2024-12-06T07:09:05.474
-124.83032,40.36769,8.64,2.0,2024-12-06T07:10:36.090
-124.98325,40.42844,6.7,1.98,2024-12-06T07:12:30.244
-124.49269,40.2768,15.53,1.96,2024-12-06T07:13:23.164
-124.71804,40.33905,19.94,3.18,2024-12-06T07:13:39.437
-124.71685,40.3383,19.9,2.2,2024-12-06T07:15:03.804
-124.71993,40.44165,10.27,1.84,2024-12-06T07:19:01.800
-124.8139,40.37159,9.63,2.51,2024-12-06T07:20:00.796
-124.63601,40.27133,7.62,1.37,2024-12-06T07:20:19.492
-124.79425,40.35629,9.03,1.91,2024-12-06T07:22:14.003
-124.85445,40.37569,7.99,2.4,2024-12-06T07:22:35.865
-124.72893,40.34293,21.91,2.29,2024-12-06T07:23:19.864
-124.90661,40.37431,6.64,2.02,2024-12-06T07:25:05.461
-124.68321,40.35079,21.6,2.09,2024-12-06T07:25:34.164
-124.91252,40.36799,16.55,2.98,2024-12-06T07:26:23.402
-124.68427,40.22878,11.2,1.25,2024-12-06T07:27:40.932
-124.75572,40.33247,19.25,1.92,2024-12-06T07:28:46.416
-124.71826,40.44208,10.14,1.82,2024-12-06T07:28:56.185
-124.70596,40.4244,6.02,1.43,2024-12-06T07:30:27.269
-124.81787,40.36446,6.13,2.49,2024-12-06T07:30:52.219
-124.98611,40.41255,11.95,2.21,2024-12-06T07:32:31.742
-124.81793,40.32678,4.28,1.83,2024-12-06T07:33:44.935
-124.87992,40.34715,13.79,2.26,2024-12-06T07:34:55.034
-124.97346,40.36733,13.86,2.23,2024-12-06T07:36:43.435
-124.81194,40.35944,5.72,2.12,2024-12-06T07:37:17.966
-124.71497,40.44393,10.39,1.73,2024-12-06T07:39:14.082
-124.68086,40.4361,12.36,2.32,2024-12-06T07:40:19.440
-124.81296,40.36739,9.46,2.23,2024-12-06T07:40:35.534
-124.62746,40.30617,17.64,1.88,2024-12-06T07:40:52.570
-124.71976,40.44052,10.11,2.22,2024-12-06T07:41:57.404
-124.90724,40.4069,1.86,2.25,2024-12-06T07:43:14.402
-124.9214,40.36717,16.63,2.79,2024-12-06T07:44:02.651
-124.72238,40.44865,12.68,2.06,2024-12-06T07:44:45.196
-124.72121,40.43907,10.16,2.18,2024-12-06T07:44:57.627
-124.46124,40.28181,7.77,1.33,2024-12-06T07:46:35.222
-124.92803,40.38599,13.71,3.68,2024-12-06T07:46:43.745
-124.62809,40.30655,17.72,1.89,2024-12-06T07:47:11.862
-124.80865,40.36637,9.47,2.05,2024-12-06T07:48:06.790
-124.6205,40.29888,17.39,1.91,2024-12-06T07:48:33.467
-124.68193,40.3507,21.48,1.69,2024-12-06T07:49:47.966
-124.66646,40.31493,16.56,2.04,2024-12-06T07:50:29.562
-124.72078,40.4398,10.25,2.24,2024-12-06T07:51:13.143
-124.82193,40.36104,5.54,2.23,2024-12-06T07:52:23.643
-124.58146,40.29207,19.44,2.05,2024-12-06T07:53:49.551
-125.05806,40.40235,6.92,2.31,2024-12-06T07:56:14.248
-124.67078,40.31717,16.83,1.87,2024-12-06T07:57:56.054
-125.00322,40.43199,12.34,2.29,2024-12-06T07:58:32.988
-124.36798,40.05044,7.38,1.63,2024-12-06T07:59:24.450
-124.63551,40.23531,6.15,1.03,2024-12-06T08:00:14.779
-124.81235,40.36794,9.41,2.15,2024-12-06T08:00:47.860
-124.83238,40.36754,8.51,2.74,2024-12-06T08:01:01.291
-124.66585,40.34013,9.53,1.96,2024-12-06T08:02:15.320
-124.87836,40.35892,14.14,2.44,2024-12-06T08:02:33.636
-124.79728,40.30809,1.53,1.78,2024-12-06T08:04:33.022
-125.0851,40.43392,10.01,1.91,2024-12-06T08:04:50.714
-124.70518,40.42436,6.06,1.43,2024-12-06T08:05:23.792
-124.81898,40.33127,4.56,1.27,2024-12-06T08:05:39.486
-124.22743,40.57506,17.97,0.51,2024-12-06T08:07:35.281
-125.00755,40.42758,13.54,2.51,2024-12-06T08:08:06.645
-124.92722,40.37149,16.09,1.31,2024-12-06T08:08:30.944
-124.80776,40.3583,7.2,2.44,2024-12-06T08:09:28.706
-124.77761,40.33353,19.48,1.76,2024-12-06T08:09:39.671
-124.82702,40.37209,9.09,2.27,2024-12-06T08:09:59.353
-124.91614,40.36761,16.47,2.25,2024-12-06T08:10:17.282
-124.80952,40.36514,3.71,2.15,2024-12-06T08:10:28.092
-124.72131,40.44842,12.31,1.56,2024-12-06T08:11:44.847
-124.99346,40.37233,9.68,2.2,2024-12-06T08:13:00.186
-124.72614,40.45208,12.37,1.61,2024-12-06T08:13:16.001
-124.52933,40.28957,19.52,1.66,2024-12-06T08:13:42.384
-124.2285,40.5754,17.83,0.51,2024-12-06T08:16:07.726
-124.91447,40.36008,15.5,2.05,2024-12-06T08:16:19.020
-124.45153,40.28721,8.41,1.76,2024-12-06T08:17:54.575
-124.91193,40.36552,16.79,2.14,2024-12-06T08:18:21.121
-124.79571,40.35543,6.53,2.28,2024-12-06T08:20:37.390
-124.59946,40.23857,12.82,1.14,2024-12-06T08:21:17.118
-124.7105,40.32324,21.24,1.68,2024-12-06T08:22:01.286
-124.81508,40.36088,5.76,2.21,2024-12-06T08:22:19.455
-124.67612,40.3388,9.19,1.74,2024-12-06T08:22:43.736
-124.88379,40.40357,16.17,2.46,2024-12-06T08:23:03.201
-124.42003,40.28778,8.48,0.33,2024-12-06T08:23:50.097
-124.64432,40.24513,13.13,1.7,2024-12-06T08:24:23.367
-124.62605,40.2595,14.06,1.59,2024-12-06T08:25:53.168
-124.71719,40.44347,10.27,1.86,2024-12-06T08:26:31.948
-124.48223,40.28718,7.76,1.33,2024-12-06T08:27:39.310
-124.85628,40.36522,8.28,2.36,2024-12-06T08:28:19.979
-124.56458,40.29298,8.56,1.43,2024-12-06T08:29:08.712
-124.74222,40.32017,5.35,2.02,2024-12-06T08:29:23.185
-124.92579,40.36118,16.71,2.3,2024-12-06T08:33:00.256
-124.53715,40.44568,15.32,1.57,2024-12-06T08:33:20.168
-124.74982,40.34186,5.59,3.09,2024-12-06T08:33:47.312
-124.57294,40.28712,19.06,1.67,2024-12-06T08:35:02.788
-124.45364,40.28653,8.98,0.6,2024-12-06T08:35:34.042
-124.61187,40.27277,1.12,0.5,2024-12-06T08:37:02.617
-124.58262,40.2886,18.22,1.67,2024-12-06T08:37:28.852
-124.91344,40.37468,12.8,2.49,2024-12-06T08:37:38.300
-124.90868,40.36399,16.47,1.96,2024-12-06T08:38:22.114
-124.89281,40.43936,1.48,2.58,2024-12-06T08:38:53.955
-124.79886,40.3576,5.86,2.21,2024-12-06T08:41:07.942
-124.88898,40.43972,2.02,2.34,2024-12-06T08:41:16.221
-124.85711,40.36444,6.78,1.99,2024-12-06T08:42:05.804
-124.86406,40.35568,17.35,2.38,2024-12-06T08:42:16.622
-124.91265,40.36171,17.18,2.19,2024-12-06T08:43:02.350
-124.85924,40.35368,16.64,2.43,2024-12-06T08:43:12.191
-124.78711,40.19216,1.69,1.74,2024-12-06T08:44:18.461
-124.56449,40.47067,17.07,1.52,2024-12-06T08:44:42.940
-124.80922,40.36677,9.48,2.2,2024-12-06T08:45:12.148
-124.71986,40.40902,11.57,1.38,2024-12-06T08:45:56.297
-124.56137,40.47368,17.07,2.45,2024-12-06T08:46:10.481
-124.51752,40.27923,19.14,1.09,2024-12-06T08:47:58.905
-125.11866,40.39767,10.9,2.43,2024-12-06T08:48:29.905
-124.68355,40.31343,14.11,2.09,2024-12-06T08:49:02.577
-124.56392,40.47072,17.01,1.57,2024-12-06T08:49:30.907
-124.64611,40.30818,17.15,2.12,2024-12-06T08:50:53.461
-124.80836,40.37481,7.89,1.95,2024-12-06T08:51:56.566
-124.8024,40.36157,9.02,2.44,2024-12-06T08:53:31.621
-124.41989,40.2886,8.34,0.67,2024-12-06T08:56:03.617
-124.49878,40.32862,7.05,0.74,2024-12-06T08:57:48.183
-124.70685,40.39734,11.27,1.03,2024-12-06T08:58:21.236
-124.6975,40.24955,3.48,1.62,2024-12-06T08:58:46.173
-125.05096,40.39498,11.95,2.3,2024-12-06T09:00:29.931
-124.48923,40.28654,5.86,0.85,2024-12-06T09:01:04.744
-124.67449,40.30558,15.6,2.06,2024-12-06T09:03:34.016
-124.80097,40.36122,9.13,2.66,2024-12-06T09:04:17.001
-124.56292,40.47169,17.05,1.49,2024-12-06T09:06:25.861
-124.49748,40.27609,19.15,2.28,2024-12-06T09:07:20.633
-124.44589,40.28498,7.8,0.21,2024-12-06T09:09:05.873
-125.07823,40.43298,9.17,2.43,2024-12-06T09:09:41.813
-125.05631,40.40149,6.98,2.33,2024-12-06T09:12:21.215
-124.98048,40.38522,7.27,2.63,2024-12-06T09:15:20.773
-124.71766,40.44312,10.11,1.74,2024-12-06T09:17:27.404
-124.82202,40.36354,5.5,1.61,2024-12-06T09:21:22.643
-124.59632,40.23077,11.75,1.53,2024-12-06T09:21:48.030
-124.62999,40.28109,5.58,1.65,2024-12-06T09:22:28.147
-124.69853,40.3956,6.81,1.61,2024-12-06T09:23:04.045
-124.96841,40.44677,12.71,1.9,2024-12-06T09:24:02.978
-124.55075,40.25132,8.76,1.04,2024-12-06T09:24:55.491
-124.38986,40.28326,19.58,1.67,2024-12-06T09:25:54.230
-124.67608,40.3388,9.15,1.9,2024-12-06T09:26:09.897
-124.58442,40.29683,20.42,1.62,2024-12-06T09:26:18.583
-124.89949,40.34302,6.32,1.81,2024-12-06T09:27:12.915
-124.70313,40.35276,9.01,1.71,2024-12-06T09:28:47.733
-124.64313,40.36345,15.0,1.73,2024-12-06T09:29:01.813
-124.45429,40.28736,8.13,1.69,2024-12-06T09:31:06.822
-124.80506,40.36524,9.5,2.52,2024-12-06T09:31:17.846
-124.45567,40.28535,7.97,1.84,2024-12-06T09:32:48.449
-124.97708,40.383,7.38,2.55,2024-12-06T09:33:56.853
-124.90811,40.4072,1.8,2.32,2024-12-06T09:37:53.235
-124.90486,40.36843,6.37,2.34,2024-12-06T09:38:42.054
-124.83495,40.36858,8.59,3.37,2024-12-06T09:39:18.255
-124.90674,40.34107,7.39,2.26,2024-12-06T09:40:07.339
-124.75528,40.32932,19.56,1.9,2024-12-06T09:41:52.202
-124.9283,40.36042,15.36,2.79,2024-12-06T09:42:29.066
-124.77976,40.19195,1.89,1.74,2024-12-06T09:44:22.702
-124.65011,40.29207,6.64,1.76,2024-12-06T09:46:34.247
-124.87917,40.34697,13.83,2.17,2024-12-06T09:48:58.926
-124.70346,40.32355,5.67,1.91,2024-12-06T09:49:31.215
-124.48803,40.29092,7.01,0.17,2024-12-06T09:50:48.858
-124.72011,40.44028,10.23,2.11,2024-12-06T09:52:22.282
-124.49668,40.27681,15.27,2.0,2024-12-06T09:52:39.266
-124.4955,40.27728,15.32,2.69,2024-12-06T09:53:02.616
-124.86859,40.43403,7.51,2.16,2024-12-06T09:54:33.010
-124.67327,40.33799,9.12,1.88,2024-12-06T09:55:20.862
-124.72116,40.45123,12.37,2.4,2024-12-06T09:55:53.781
-124.7039,40.35271,8.98,2.17,2024-12-06T09:57:30.562
-124.60377,40.24894,13.63,1.33,2024-12-06T09:58:01.377
-124.5534,40.29195,19.82,1.87,2024-12-06T09:58:55.459
-124.39966,40.29167,8.37,1.16,2024-12-06T10:00:16.533
-124.79539,40.35608,4.98,3.03,2024-12-06T10:01:03.007
-124.84657,40.37423,8.39,2.49,2024-12-06T10:02:07.108
-124.69958,40.31521,19.42,1.72,2024-12-06T10:04:22.238
-124.96836,40.44677,12.71,1.9,2024-12-06T10:05:10.129
-124.79695,40.385,11.53,1.89,2024-12-06T10:09:24.093
-124.5079,40.28578,8.73,1.75,2024-12-06T10:09:52.877
-124.75145,40.33059,18.92,1.87,2024-12-06T10:11:24.501
-124.63368,40.28543,6.56,2.26,2024-12-06T10:12:11.938
-124.79742,40.3332,19.7,1.69,2024-12-06T10:14:01.550
-124.48738,40.28385,8.07,0.69,2024-12-06T10:15:08.086
-124.8258,40.35732,8.04,2.14,2024-12-06T10:15:31.084
-125.07796,40.39612,10.17,3.27,2024-12-06T10:17:35.927
-124.62191,40.25468,3.13,1.03,2024-12-06T10:18:00.965
-124.66304,40.3096,16.15,2.21,2024-12-06T10:19:44.015
-124.63215,40.30865,19.91,1.58,2024-12-06T10:20:49.601
-124.61827,40.31194,18.07,1.78,2024-12-06T10:21:54.343
-124.88324,40.40505,16.29,2.5,2024-12-06T10:22:25.808
-124.97844,40.44426,9.76,2.14,2024-12-06T10:22:36.697
-124.7806,40.35382,5.81,1.76,2024-12-06T10:23:12.425
-124.83164,40.38122,6.2,2.23,2024-12-06T10:24:25.043
-124.79586,40.35574,6.55,2.33,2024-12-06T10:24:36.588
-124.48339,40.28775,7.67,0.78,2024-12-06T10:25:58.090
-124.81652,40.36077,5.99,2.12,2024-12-06T10:28:14.948
-124.63246,40.27875,6.96,1.65,2024-12-06T10:29:14.582
-124.98828,40.39626,6.3,2.48,2024-12-06T10:29:24.014
-125.01114,40.39058,4.89,2.1,2024-12-06T10:30:18.575
-124.63123,40.28045,5.63,1.65,2024-12-06T10:31:27.670
-124.63337,40.28632,6.97,2.19,2024-12-06T10:31:40.197
-125.07653,40.41783,9.6,2.44,2024-12-06T10:32:09.080
-124.80054,40.30904,1.81,1.78,2024-12-06T10:33:40.000
-124.68334,40.43803,12.18,1.63,2024-12-06T10:34:51.752
-124.83151,40.36793,8.62,2.0,2024-12-06T10:36:02.474
-124.89291,40.41556,4.24,2.09,2024-12-06T10:36:29.702
-124.6148,40.2532,8.94,1.53,2024-12-06T10:37:31.141
-124.72031,40.44012,10.2,2.22,2024-12-06T10:38:29.140
-124.72502,40.43519,11.7,1.76,2024-12-06T10:38:52.357
-124.73421,40.40569,11.22,1.38,2024-12-06T10:39:17.660
-124.72341,40.40616,11.62,1.38,2024-12-06T10:39:54.762
-124.60377,40.24894,13.63,1.33,2024-12-06T10:41:28.187
-124.50471,40.28591,8.27,1.51,2024-12-06T10:42:12.235
-124.72549,40.41171,6.42,1.99,2024-12-06T10:43:44.312
-124.80049,40.36076,9.23,2.26,2024-12-06T10:44:40.853
-124.80838,40.36648,9.46,2.22,2024-12-06T10:45:05.223
-125.03535,40.39975,5.78,2.42,2024-12-06T10:46:28.013
-124.57695,40.30743,14.55,2.01,2024-12-06T10:47:41.821
-124.81544,40.36794,9.36,2.23,2024-12-06T10:49:53.300
-124.84719,40.37421,8.36,1.92,2024-12-06T10:50:40.650
-124.48259,40.28762,7.58,1.36,2024-12-06T10:51:17.264
-124.90705,40.40689,1.84,2.32,2024-12-06T10:51:34.429
-125.07628,40.41758,9.58,2.63,2024-12-06T10:53:28.503
-124.81312,40.36443,8.89,2.7,2024-12-06T10:53:56.775
-124.68814,40.31385,15.97,1.92,2024-12-06T10:54:48.809
-124.92141,40.36969,16.63,2.25,2024-12-06T10:54:58.655
-124.7244,40.41601,6.62,2.0,2024-12-06T10:56:22.311
-124.81909,40.39414,9.33,1.97,2024-12-06T10:56:43.080
-124.85839,40.35526,17.21,2.03,2024-12-06T10:57:19.538
-125.0669,40.38613,8.47,2.56,2024-12-06T10:57:32.832
-124.72358,40.45033,12.53,1.98,2024-12-06T11:00:39.522
-124.41161,40.28659,13.91,0.96,2024-12-06T11:00:57.384
-124.73004,40.43318,10.86,1.45,2024-12-06T11:01:36.606
-124.78832,40.35593,8.77,2.28,2024-12-06T11:04:54.154
-124.85467,40.37863,19.7,2.51,2024-12-06T11:05:15.661
-124.65165,40.30883,17.04,2.0,2024-12-06T11:09:02.396
-124.79807,40.35771,5.87,1.89,2024-12-06T11:10:13.135
-124.81668,40.36898,9.45,2.22,2024-12-06T11:10:56.610
-124.9455,40.37938,16.06,1.8,2024-12-06T11:11:08.996
-124.42004,40.28844,8.42,0.34,2024-12-06T11:12:12.648
-124.79933,40.35695,5.79,2.47,2024-12-06T11:12:54.609
-125.03075,40.39026,12.03,2.7,2024-12-06T11:14:49.602
-124.82419,40.36166,5.58,2.31,2024-12-06T11:15:34.087
-124.79025,40.34518,22.39,1.62,2024-12-06T11:17:42.902
-124.78302,40.18902,1.29,1.74,2024-12-06T11:17:53.014
-124.78562,40.36239,9.18,1.89,2024-12-06T11:20:08.932
-125.05102,40.38614,7.04,2.6,2024-12-06T11:22:03.162
-124.61673,40.27203,0.56,0.5,2024-12-06T11:22:39.185
-124.93208,40.36803,15.32,2.48,2024-12-06T11:23:19.107
-124.89253,40.41586,4.31,2.02,2024-12-06T11:23:46.265
-124.82702,40.3721,9.09,2.27,2024-12-06T11:24:40.302
-124.84132,40.37412,8.82,2.04,2024-12-06T11:26:19.665
-124.80789,40.36618,9.47,2.23,2024-12-06T11:26:33.934
-124.49747,40.28853,8.3,1.51,2024-12-06T11:26:43.917
-124.49695,40.27685,19.29,0.96,2024-12-06T11:27:20.521
-124.80731,40.36623,9.43,2.42,2024-12-06T11:27:32.341
-124.59029,40.29112,19.49,1.87,2024-12-06T11:27:44.589
-124.69094,40.39674,14.85,0.93,2024-12-06T11:28:14.395
-124.8093,40.36953,9.23,2.18,2024-12-06T11:30:08.205
-124.80295,40.36493,4.21,2.16,2024-12-06T11:31:22.097
-124.74974,40.32769,19.71,1.89,2024-12-06T11:34:41.651
-124.72218,40.44883,12.57,2.02,2024-12-06T11:34:57.520
-124.44567,40.28536,7.91,0.67,2024-12-06T11:35:24.262
-124.63736,40.26784,14.18,1.61,2024-12-06T11:37:00.762
-124.83329,40.36786,8.51,2.5,2024-12-06T11:37:22.216
-124.80007,40.35734,5.85,1.99,2024-12-06T11:37:58.824
-125.00709,40.40052,11.37,1.94,2024-12-06T11:38:06.136
-124.4887,40.28804,9.14,0.67,2024-12-06T11:39:17.136
-124.87369,40.3596,17.12,2.42,2024-12-06T11:40:22.346
-124.90781,40.37954,7.1,2.02,2024-12-06T11:40:37.766
-124.94409,40.37288,14.79,2.39,2024-12-06T11:41:36.407
-124.95082,40.39759,9.43,2.54,2024-12-06T11:42:14.116
-124.61764,40.26324,15.75,1.51,2024-12-06T11:43:56.504
-125.04906,40.3933,12.36,2.32,2024-12-06T11:46:25.911
-124.91614,40.35319,13.27,2.49,2024-12-06T11:47:08.839
-124.60479,40.34479,12.02,2.05,2024-12-06T11:47:53.934
-124.9064,40.37962,7.2,2.02,2024-12-06T11:49:19.914
-124.3889,40.28212,20.0,1.57,2024-12-06T11:51:43.535
-124.90186,40.37018,3.37,2.51,2024-12-06T11:52:31.635
-124.49515,40.29087,8.18,1.25,2024-12-06T11:53:05.359
-124.72145,40.43814,9.81,1.83,2024-12-06T11:54:24.202
-124.73099,40.43463,10.91,1.45,2024-12-06T11:54:40.441
-125.03956,40.38387,10.42,2.75,2024-12-06T11:55:12.213
-124.89483,40.37335,12.56,3.64,2024-12-06T11:56:10.577
-124.82961,40.35853,7.7,2.52,2024-12-06T11:56:45.673
-124.81204,40.3557,7.57,2.09,2024-12-06T11:57:39.407
-124.58863,40.2595,1.77,0.88,2024-12-06T11:59:59.303
-124.6778,40.29571,15.08,1.47,2024-12-06T12:00:16.599
-124.83245,40.3498,17.42,2.22,2024-12-06T12:01:05.864
-124.72175,40.43746,10.38,2.17,2024-12-06T12:02:12.854
-124.5972,40.294,9.38,1.58,2024-12-06T12:02:51.648
-124.86129,40.35558,17.15,2.42,2024-12-06T12:03:48.550
-124.75084,40.34226,5.53,2.84,2024-12-06T12:05:13.070
-124.72734,40.43108,13.0,1.72,2024-12-06T12:07:53.795
-124.81734,40.3693,9.34,2.19,2024-12-06T12:08:10.769
-124.6737,40.3388,9.03,2.15,2024-12-06T12:09:09.136
-124.93229,40.37296,14.0,1.92,2024-12-06T12:11:34.472
-125.07613,40.41817,9.69,2.66,2024-12-06T12:14:15.893
-124.83067,40.36812,8.64,2.36,2024-12-06T12:15:28.758
-124.82184,40.33742,19.01,2.21,2024-12-06T12:15:35.847
-124.45058,40.28064,7.7,1.72,2024-12-06T12:16:07.662
-124.9881,40.39206,5.33,2.27,2024-12-06T12:16:17.456
-124.72404,40.42956,9.31,1.81,2024-12-06T12:17:08.586
-124.44587,40.28372,7.97,0.21,2024-12-06T12:18:02.445
-124.79339,40.35684,8.89,1.91,2024-12-06T12:18:39.936
-125.0777,40.41891,9.73,2.57,2024-12-06T12:18:53.887
-125.03922,40.38908,7.96,2.55,2024-12-06T12:19:02.590
-124.70596,40.4667,9.77,1.81,2024-12-06T12:19:23.923
-124.48455,40.29221,7.2,0.75,2024-12-06T12:20:57.452
-124.67415,40.33946,9.07,1.91,2024-12-06T12:21:23.053
-124.83192,40.36834,8.64,2.22,2024-12-06T12:21:40.183
-124.73414,40.3226,7.37,2.22,2024-12-06T12:21:52.141
-124.70332,40.32294,19.78,1.86,2024-12-06T12:23:31.580
-124.81196,40.37431,9.92,2.18,2024-12-06T12:23:48.036
-124.446,40.28363,8.01,0.68,2024-12-06T12:26:02.802
-124.79994,40.30807,1.86,1.78,2024-12-06T12:26:09.879
-124.89224,40.36342,16.91,2.42,2024-12-06T12:28:33.433
-124.446,40.28363,8.01,0.71,2024-12-06T12:28:45.612
-124.48553,40.28533,7.97,0.34,2024-12-06T12:31:06.045
-124.99097,40.39231,5.28,2.27,2024-12-06T12:31:42.689
-124.48443,40.28616,8.17,0.34,2024-12-06T12:32:40.092
-124.58549,40.29717,20.52,1.63,2024-12-06T12:33:45.534
-124.67635,40.35326,20.91,1.6,2024-12-06T12:33:54.714
-124.81073,40.36092,5.77,1.88,2024-12-06T12:34:47.413
-124.69929,40.32274,5.71,1.85,2024-12-06T12:35:42.805
-124.68776,40.2646,10.5,1.0,2024-12-06T12:36:20.905
-124.72414,40.43911,10.22,2.24,2024-12-06T12:36:30.296
-124.85738,40.36419,18.23,2.02,2024-12-06T12:37:00.046
-124.52255,40.28757,20.73,2.02,2024-12-06T12:37:55.905
-124.3906,40.28231,19.82,0.84,2024-12-06T12:39:35.444
-124.48699,40.28714,8.33,0.34,2024-12-06T12:39:44.265
-124.48507,40.29155,7.14,0.59,2024-12-06T12:40:27.061
-124.82903,40.37261,7.64,2.08,2024-12-06T12:41:40.216
-124.7158,40.44381,10.18,1.83,2024-12-06T12:42:59.053
-124.79945,40.30696,1.9,1.78,2024-12-06T12:43:26.280
-124.81501,40.25405,0.61,1.66,2024-12-06T12:44:05.825
-124.72232,40.43798,10.31,2.21,2024-12-06T12:44:18.717
-124.73483,40.32881,19.98,1.16,2024-12-06T12:44:41.860
-124.88488,40.3618,17.15,2.34,2024-12-06T12:47:01.852
-125.05861,40.40914,12.9,1.97,2024-12-06T12:48:06.773
-123.9999,40.77346,20.58,0.98,2024-12-06T12:48:14.662
-124.63707,40.27112,14.72,1.26,2024-12-06T12:49:28.845
-124.7166,40.44303,10.0,1.87,2024-12-06T12:51:24.413
-124.9095,40.36711,16.81,2.23,2024-12-06T12:52:51.325
-124.7828,40.18715,1.42,2.15,2024-12-06T12:54:02.510
-124.83037,40.38343,18.96,2.01,2024-12-06T12:54:25.841
-124.63038,40.27076,14.87,1.21,2024-12-06T12:55:55.095
-124.9196,40.4306,8.56,2.05,2024-12-06T12:59:47.139
-124.82852,40.36936,6.37,2.0,2024-12-06T13:00:01.449
-124.83179,40.36782,8.57,2.25,2024-12-06T13:00:48.382
-124.66298,40.3668,10.7,1.94,2024-12-06T13:01:09.721
-124.78896,40.3563,8.82,3.03,2024-12-06T13:01:52.971
-124.79005,40.35733,8.63,2.34,2024-12-06T13:03:50.897
-124.72388,40.41293,6.35,2.0,2024-12-06T13:04:46.740
-124.77798,40.35653,10.44,2.15,2024-12-06T13:05:17.207
-124.90781,40.37954,7.1,2.02,2024-12-06T13:05:47.446
-124.87097,40.3572,17.04,3.51,2024-12-06T13:07:42.543
-124.65928,40.27588,17.2,1.61,2024-12-06T13:09:40.994
-124.67565,40.33776,9.21,1.92,2024-12-06T13:12:00.052
-124.7315,40.36608,8.05,2.15,2024-12-06T13:12:42.051
-125.05208,40.40481,13.34,1.95,2024-12-06T13:13:21.641
-124.94369,40.36711,13.84,1.63,2024-12-06T13:14:28.825
-125.03919,40.40021,8.64,2.16,2024-12-06T13:15:00.359
-124.78344,40.33248,19.81,1.73,2024-12-06T13:15:51.583
-124.83037,40.38343,18.96,2.01,2024-12-06T13:16:59.531
-124.7198,40.43833,10.1,2.19,2024-12-06T13:17:40.016
-124.50404,40.28863,6.85,2.56,2024-12-06T13:18:26.847
-125.03162,40.40282,8.92,2.06,2024-12-06T13:19:36.971
-124.82088,40.36173,5.83,2.24,2024-12-06T13:20:20.227
-124.6155,40.2581,13.1,1.27,2024-12-06T13:20:46.001
-124.47534,40.29516,7.63,0.62,2024-12-06T13:21:03.104
-124.89092,40.41531,4.26,1.99,2024-12-06T13:22:57.147
-124.80572,40.3654,9.46,2.62,2024-12-06T13:24:26.674
-124.99029,40.39793,6.73,2.48,2024-12-06T13:26:55.904
-124.8421,40.36814,9.39,1.84,2024-12-06T13:27:46.900
-124.82207,40.36347,5.51,1.61,2024-12-06T13:28:15.254
-124.39978,40.29199,8.36,1.16,2024-12-06T13:28:33.869
-124.92119,40.44969,12.34,2.46,2024-12-06T13:28:46.742
-124.98998,40.39879,6.55,2.43,2024-12-06T13:29:49.135
-125.03503,40.40041,8.74,2.06,2024-12-06T13:31:01.955
-124.63114,40.30735,17.69,1.9,2024-12-06T13:32:39.833
-124.90973,40.36731,16.76,2.24,2024-12-06T13:34:39.027
-124.46941,40.48184,26.57,1.48,2024-12-06T13:35:56.646
-124.69243,40.34509,21.55,1.64,2024-12-06T13:37:21.536
-124.9149,40.4006,5.51,2.45,2024-12-06T13:40:56.141
-124.97915,40.39468,6.27,2.47,2024-12-06T13:44:24.740
-124.98428,40.39282,6.02,2.45,2024-12-06T13:45:22.195
-124.82208,40.36112,5.58,2.33,2024-12-06T13:48:12.572
-124.80903,40.36652,9.49,2.06,2024-12-06T13:51:27.219
-124.80607,40.34047,8.77,2.1,2024-12-06T13:53:33.827
-124.4563,40.4736,26.39,1.17,2024-12-06T13:54:05.478
-124.71768,40.44284,10.07,1.77,2024-12-06T13:55:44.093
-124.57868,40.35512,15.8,1.37,2024-12-06T13:56:50.174
-124.54549,40.28343,3.58,1.21,2024-12-06T13:57:54.628
-124.68912,40.31414,16.02,1.96,2024-12-06T14:00:29.125
-124.91605,40.37888,4.55,2.22,2024-12-06T14:00:51.210
-124.86428,40.38582,15.56,3.01,2024-12-06T14:01:38.199
-124.62722,40.26232,1.39,1.52,2024-12-06T14:03:48.269
-124.45286,40.28333,7.81,0.97,2024-12-06T14:04:54.824
-124.39941,40.29243,8.34,0.53,2024-12-06T14:05:30.027
-124.80983,40.36676,9.47,2.11,2024-12-06T14:07:00.902
-124.68019,40.4358,12.47,2.34,2024-12-06T14:09:57.377
-124.81533,40.25884,1.27,1.66,2024-12-06T14:11:44.777
-124.7989,40.35798,5.88,1.62,2024-12-06T14:16:42.772
-124.98388,40.4103,11.91,2.42,2024-12-06T14:18:01.889
-124.82477,40.35311,8.0,2.06,2024-12-06T14:19:48.276
-124.90117,40.34304,6.29,1.81,2024-12-06T14:20:12.089
-124.79066,40.18772,1.04,2.15,2024-12-06T14:20:46.231
-124.72021,40.4081,14.79,1.74,2024-12-06T14:22:00.210
-124.57933,40.55862,17.65,2.15,2024-12-06T14:24:23.433
-124.70675,40.44658,11.54,1.89,2024-12-06T14:25:01.483
-124.90975,40.36663,16.87,2.28,2024-12-06T14:27:41.582
-124.64932,40.24394,12.74,0.72,2024-12-06T14:30:09.642
-124.51441,40.49089,24.13,2.0,2024-12-06T14:30:53.062
-124.3904,40.27781,7.62,0.45,2024-12-06T14:32:09.419
-124.81248,40.3677,9.5,2.03,2024-12-06T14:32:57.628
-124.82563,40.35061,9.24,4.18,2024-12-06T14:36:15.502
-124.80744,40.36716,7.41,2.2,2024-12-06T14:38:00.927
-124.38804,40.2844,19.65,1.72,2024-12-06T14:38:46.462
-125.06842,40.39929,4.79,2.09,2024-12-06T14:41:50.636
-124.64201,40.30939,17.09,1.56,2024-12-06T14:42:20.167
-124.62924,40.30707,17.69,1.9,2024-12-06T14:43:08.145
-124.70974,40.39902,11.09,1.03,2024-12-06T14:43:48.301
-125.09057,40.37861,19.66,2.28,2024-12-06T14:45:04.589
-124.41422,40.28083,16.08,0.91,2024-12-06T14:45:46.598
-124.68461,40.34786,21.79,1.92,2024-12-06T14:46:34.415
-124.50683,40.30037,7.62,1.46,2024-12-06T14:47:18.299
-124.5614,40.28549,7.43,1.35,2024-12-06T14:47:42.808
-124.70139,40.3262,6.08,2.3,2024-12-06T14:48:18.897
-124.72402,40.33471,8.98,2.22,2024-12-06T14:49:00.016
-124.7223,40.45584,12.54,1.92,2024-12-06T14:49:36.239
-124.79762,40.35677,5.87,2.95,2024-12-06T14:51:24.853
-124.48232,40.29032,8.27,1.47,2024-12-06T14:52:05.253
-124.72275,40.45577,12.6,2.48,2024-12-06T14:52:24.928
-124.80822,40.36543,3.8,2.17,2024-12-06T14:53:23.873
-124.63129,40.29814,5.66,1.57,2024-12-06T14:54:11.387
-124.64408,40.22488,11.19,0.72,2024-12-06T14:54:46.348
-124.5568,40.29155,8.51,1.23,2024-12-06T14:58:02.352
-124.72102,40.32657,5.67,3.81,2024-12-06T14:58:22.594
-124.62972,40.25563,14.62,1.52,2024-12-06T15:01:27.111
-124.38868,40.28458,20.33,1.05,2024-12-06T15:01:48.565
-124.3841,40.22829,5.81,0.39,2024-12-06T15:02:21.683
-124.66372,40.30977,16.2,2.34,2024-12-06T15:03:34.660
-124.69945,40.32646,7.33,1.79,2024-12-06T15:05:23.120
-124.53412,40.28689,6.56,1.31,2024-12-06T15:05:45.371
-124.91137,40.38205,1.78,1.6,2024-12-06T15:06:50.472
-124.99651,40.40198,7.09,2.61,2024-12-06T15:09:54.305
-124.903,40.36967,3.28,2.22,2024-12-06T15:12:02.101
-124.52351,40.28132,3.94,0.92,2024-12-06T15:12:33.087
-124.00118,40.08118,22.28,0.95,2024-12-06T15:15:22.577
-125.07457,40.41573,9.36,2.62,2024-12-06T15:15:46.008
-124.89225,40.40979,3.58,2.33,2024-12-06T15:17:13.658
-124.80867,40.36613,9.46,2.13,2024-12-06T15:20:01.233
-125.07622,40.4172,9.8,2.54,2024-12-06T15:21:11.787
-124.83357,40.36864,8.84,2.15,2024-12-06T15:21:19.956
-124.70642,40.31929,5.87,1.85,2024-12-06T15:23:16.628
-125.01591,40.38197,11.0,2.64,2024-12-06T15:23:35.900
-124.69924,40.32266,5.73,1.85,2024-12-06T15:25:02.227
-124.78076,40.35354,5.89,1.76,2024-12-06T15:25:15.391
-124.59221,40.29173,19.68,1.9,2024-12-06T15:26:40.648
-124.72495,40.42905,9.4,1.79,2024-12-06T15:27:05.892
-124.72378,40.42976,9.34,1.78,2024-12-06T15:27:15.748
-124.72216,40.44885,12.57,2.31,2024-12-06T15:27:40.110
-124.99564,40.4088,2.7,2.5,2024-12-06T15:28:52.157
-124.55251,40.29023,19.99,2.02,2024-12-06T15:30:43.256
-124.94464,40.37924,16.15,1.8,2024-12-06T15:31:48.852
-125.0716,40.41269,11.66,2.43,2024-12-06T15:32:49.440
-125.05696,40.40187,6.98,2.37,2024-12-06T15:36:57.599
-124.71858,40.4461,12.85,2.24,2024-12-06T15:39:17.174
-124.75011,40.33588,5.35,2.64,2024-12-06T15:42:38.076
-124.48075,40.28324,8.23,2.75,2024-12-06T15:43:23.632
-124.49401,40.27754,18.49,0.64,2024-12-06T15:47:22.334
-124.95878,40.39123,4.86,2.34,2024-12-06T15:47:44.459
-124.59469,40.29006,6.67,1.58,2024-12-06T15:50:03.236
-124.83289,40.36772,8.45,3.79,2024-12-06T15:50:25.891
-124.83322,40.36788,8.48,2.48,2024-12-06T15:52:45.905
-124.82393,40.33782,19.01,2.23,2024-12-06T15:53:16.170
-124.71911,40.45144,12.61,2.49,2024-12-06T15:54:52.965
-124.79988,40.3572,5.86,2.21,2024-12-06T15:55:43.818
-124.72172,40.4025,11.37,1.03,2024-12-06T15:58:46.149
-124.82612,40.36638,8.44,2.34,2024-12-06T16:00:09.274
-124.63997,40.36185,15.05,2.46,2024-12-06T16:02:31.123
-124.94155,40.3472,18.41,2.24,2024-12-06T16:03:05.816
-124.81455,40.36852,9.42,2.1,2024-12-06T16:03:28.053
-124.72407,40.43013,9.37,1.8,2024-12-06T16:03:36.254
-124.61642,40.25856,15.32,1.52,2024-12-06T16:03:51.368
-124.82468,40.39547,9.13,2.02,2024-12-06T16:04:50.338
-124.64972,40.29214,6.59,1.76,2024-12-06T16:07:00.306
-124.93727,40.37284,13.52,2.44,2024-12-06T16:07:29.919
-125.08748,40.43453,9.97,1.91,2024-12-06T16:09:41.321
-124.93745,40.37312,13.48,1.92,2024-12-06T16:10:32.608
-124.88772,40.411,3.58,2.33,2024-12-06T16:11:09.226
-124.82455,40.37125,9.12,2.27,2024-12-06T16:11:28.505
-124.44582,40.28442,8.1,0.21,2024-12-06T16:13:03.241
-124.65348,40.3013,14.33,2.49,2024-12-06T16:13:26.493
-124.70843,40.44285,12.2,2.2,2024-12-06T16:16:25.088
-124.68707,40.39572,14.73,1.25,2024-12-06T16:16:40.362
-124.7937,40.35657,9.04,1.92,2024-12-06T16:17:15.287
-124.82895,40.37321,7.61,2.08,2024-12-06T16:18:08.980
-124.49075,40.28472,8.02,0.38,2024-12-06T16:18:24.176
-124.92117,40.35675,16.88,2.09,2024-12-06T16:19:11.879
-124.7116,40.43328,10.66,1.1,2024-12-06T16:19:23.872
-125.0298,40.38825,11.94,2.23,2024-12-06T16:20:15.518
-124.9366,40.37346,15.91,1.3,2024-12-06T16:21:04.697
-125.04852,40.408,13.35,1.97,2024-12-06T16:21:27.837
-124.48907,40.28646,8.22,0.34,2024-12-06T16:23:08.718
-125.01072,40.37836,10.98,2.47,2024-12-06T16:24:09.925
-124.55495,40.24588,7.27,0.92,2024-12-06T16:32:26.311
-124.63025,40.25839,14.05,1.59,2024-12-06T16:36:25.787
-125.01273,40.38876,5.04,2.38,2024-12-06T16:42:08.706
-124.94409,40.37288,14.79,2.3,2024-12-06T16:42:47.077
-124.22591,40.57593,18.02,1.19,2024-12-06T16:43:39.687
-125.07537,40.41498,9.99,2.43,2024-12-06T16:44:53.943
-124.69467,40.30555,14.55,1.89,2024-12-06T16:47:22.921
-124.59427,40.30526,12.92,1.87,2024-12-06T16:49:35.076
-124.56965,40.29197,20.87,2.05,2024-12-06T16:50:19.294
-124.75121,40.25356,13.69,1.62,2024-12-06T16:51:33.941
-124.79578,40.35568,6.54,2.13,2024-12-06T16:52:33.876
-124.80723,40.35937,5.73,2.09,2024-12-06T16:54:40.650
-124.96416,40.36524,13.79,2.2,2024-12-06T16:54:59.502
-124.89725,40.34291,6.45,1.81,2024-12-06T16:57:54.216
-124.95878,40.39123,4.86,2.38,2024-12-06T16:58:23.449
-124.8986,40.37208,17.61,2.68,2024-12-06T17:00:17.621
-124.70294,40.32106,5.58,2.26,2024-12-06T17:06:41.435
-124.63127,40.28091,5.7,1.65,2024-12-06T17:07:08.319
-124.52628,40.29056,7.02,3.37,2024-12-06T17:07:42.596
-124.84693,40.37408,8.37,2.69,2024-12-06T17:11:45.157
-124.81679,40.36973,9.37,2.54,2024-12-06T17:15:56.602
-124.91812,40.42007,10.15,2.18,2024-12-06T17:19:47.556
-124.60873,40.28814,16.81,1.81,2024-12-06T17:23:16.921
-124.93879,40.37001,15.99,2.12,2024-12-06T17:23:42.892
-124.48094,40.28322,8.28,1.18,2024-12-06T17:24:14.090
-124.46149,40.47991,19.54,1.19,2024-12-06T17:25:52.642
-124.63307,40.30745,6.83,1.57,2024-12-06T17:26:11.002
-124.80585,40.35897,5.87,2.0,2024-12-06T17:28:26.719
-124.93112,40.36747,16.07,2.8,2024-12-06T17:28:37.138
-124.7098,40.33394,6.58,1.01,2024-12-06T17:32:20.780
-124.98474,40.40974,12.5,2.26,2024-12-06T17:32:59.482
-124.82288,40.36246,5.73,2.22,2024-12-06T17:34:34.325
-124.98457,40.40999,12.43,2.22,2024-12-06T17:34:51.969
-124.87627,40.39333,8.78,2.21,2024-12-06T17:36:47.140
-124.4865,40.27238,19.59,1.07,2024-12-06T17:39:34.266
-124.45157,40.28671,8.06,0.98,2024-12-06T17:39:48.843
-124.9912,40.38969,5.44,2.15,2024-12-06T17:40:03.753
-124.90661,40.40713,1.79,2.28,2024-12-06T17:41:36.058
-124.70548,40.44883,10.38,1.86,2024-12-06T17:42:06.049
-125.0748,40.40811,12.0,2.43,2024-12-06T17:46:43.412
-124.758,40.33032,19.18,1.88,2024-12-06T17:47:22.852
-124.71968,40.43894,10.95,1.86,2024-12-06T17:47:56.227
-124.71058,40.43425,10.46,1.1,2024-12-06T17:48:02.906
-124.8511,40.32618,9.17,2.22,2024-12-06T17:49:44.668
-124.97329,40.44677,13.13,1.9,2024-12-06T17:50:33.138
-124.86063,40.37001,4.84,2.4,2024-12-06T17:51:00.894
-124.48614,40.27843,20.55,1.07,2024-12-06T17:52:53.731
-124.96514,40.44889,11.69,1.9,2024-12-06T17:53:31.410
-124.9943,40.40842,2.65,2.48,2024-12-06T17:54:11.762
-124.90721,40.4072,1.75,2.24,2024-12-06T17:56:30.053
-124.9177,40.42005,10.13,2.22,2024-12-06T17:57:56.504
-124.71812,40.41014,14.92,1.69,2024-12-06T17:58:50.128
-124.80894,40.36658,9.47,2.24,2024-12-06T17:59:38.548
-124.78649,40.19129,1.39,1.74,2024-12-06T18:00:17.737
-124.69827,40.3966,6.87,1.61,2024-12-06T18:07:58.257
-124.85433,40.37547,8.03,2.35,2024-12-06T18:09:07.959
-124.94978,40.39241,9.45,2.57,2024-12-06T18:09:43.936
-124.85658,40.33291,13.73,1.91,2024-12-06T18:10:16.807
-124.68595,40.31338,16.03,1.87,2024-12-06T18:10:43.071
-124.79938,40.35673,5.67,2.23,2024-12-06T18:11:05.124
-124.94035,40.34668,18.34,2.24,2024-12-06T18:13:21.069
-123.9999,40.77354,20.54,0.96,2024-12-06T18:13:54.540
-124.91336,40.36678,16.77,2.11,2024-12-06T18:15:01.619
-124.84028,40.37294,8.74,2.05,2024-12-06T18:16:37.738
-124.86739,40.3566,17.17,2.31,2024-12-06T18:17:05.011
-124.66207,40.30694,16.41,2.16,2024-12-06T18:18:16.753
-124.73032,40.36731,8.11,2.15,2024-12-06T18:19:46.990
-124.87893,40.36438,17.32,2.27,2024-12-06T18:21:24.281
-124.97366,40.37714,14.77,2.3,2024-12-06T18:22:55.059
-125.06761,40.40036,7.97,2.34,2024-12-06T18:24:31.646
-124.80777,40.3196,2.98,1.78,2024-12-06T18:25:10.039
-124.80485,40.25857,1.79,1.08,2024-12-06T18:27:16.773
-124.5842,40.25645,2.54,1.54,2024-12-06T18:28:27.139
-124.39186,40.28152,8.24,0.68,2024-12-06T18:29:38.664
-124.71203,40.43291,10.69,1.1,2024-12-06T18:30:12.969
-124.39127,40.2811,8.11,0.69,2024-12-06T18:31:12.988
-124.39127,40.2811,8.11,0.69,2024-12-06T18:31:26.258
-124.57713,40.30477,13.66,2.04,2024-12-06T18:32:57.155
-124.71835,40.44212,9.81,1.37,2024-12-06T18:34:19.462
-124.83238,40.36754,8.51,2.69,2024-12-06T18:36:56.421
-124.77986,40.26443,1.32,1.86,2024-12-06T18:38:30.392
-124.56673,40.30485,15.14,1.69,2024-12-06T18:39:08.473
-124.8162,40.36099,5.71,2.45,2024-12-06T18:40:30.657
-125.03311,40.40391,8.85,2.46,2024-12-06T18:41:03.363
-124.52621,40.32584,21.42,1.82,2024-12-06T18:43:02.477
-124.71816,40.32437,19.58,1.88,2024-12-06T18:44:35.750
-124.81717,40.36933,9.29,2.17,2024-12-06T18:45:13.824
-124.62216,40.27707,17.11,1.85,2024-12-06T18:46:17.767
-124.85594,40.36527,8.28,2.29,2024-12-06T18:48:42.806
-124.45452,40.28262,8.12,1.4,2024-12-06T18:49:00.578
-125.0108,40.42633,13.69,2.37,2024-12-06T18:49:18.689
-124.89287,40.36386,16.96,2.35,2024-12-06T18:50:17.553
-124.95606,40.39214,15.34,3.0,2024-12-06T18:50:52.082
-124.69754,40.24996,3.37,1.65,2024-12-06T18:56:10.290
-125.03197,40.40165,8.82,2.06,2024-12-06T18:57:57.288
-125.04839,40.38611,7.38,2.88,2024-12-06T18:58:49.869
-124.99428,40.39218,5.85,2.39,2024-12-06T19:00:27.997
-124.72553,40.44555,12.34,1.96,2024-12-06T19:05:19.580
-125.05635,40.40186,7.07,2.37,2024-12-06T19:12:07.899
-124.82657,40.37041,9.18,2.42,2024-12-06T19:15:40.785
-124.91593,40.36361,16.33,2.07,2024-12-06T19:19:02.060
-124.72388,40.41293,6.35,2.01,2024-12-06T19:20:03.240
-124.98018,40.38613,7.7,2.53,2024-12-06T19:22:54.111
-124.56258,40.27995,19.36,1.61,2024-12-06T19:23:33.544
-124.97939,40.38603,7.73,2.8,2024-12-06T19:26:47.915
-124.8914,40.36872,15.9,2.56,2024-12-06T19:30:47.218
-124.72457,40.24332,2.67,2.64,2024-12-06T19:36:11.884
-124.88888,40.41037,3.78,2.34,2024-12-06T19:39:11.152
-124.64477,40.30834,16.68,1.55,2024-12-06T19:41:43.484
-124.9124,40.37442,12.49,2.48,2024-12-06T19:43:59.521
-124.82639,40.3721,9.05,2.27,2024-12-06T19:45:15.004
-124.82841,40.37263,7.63,2.08,2024-12-06T19:45:59.402
-124.47668,40.4685,19.25,1.37,2024-12-06T19:49:14.655
-124.45127,40.28667,8.01,0.97,2024-12-06T19:51:29.231
-124.82908,40.37299,7.79,2.08,2024-12-06T19:52:03.959
-124.80825,40.36625,9.42,2.23,2024-12-06T19:56:30.217
-124.51674,40.29002,6.89,2.93,2024-12-06T19:56:53.840
-124.54374,40.28893,6.16,3.95,2024-12-06T20:01:06.188
-124.52801,40.28887,6.89,2.99,2024-12-06T20:01:43.928
-124.53331,40.2918,6.68,2.94,2024-12-06T20:02:02.301
-124.53129,40.29041,9.92,0.81,2024-12-06T20:02:16.134
-124.52766,40.29216,6.33,2.72,2024-12-06T20:02:25.643
-125.00763,40.42848,13.14,2.29,2024-12-06T20:03:14.216
-124.53841,40.29217,6.97,3.94,2024-12-06T20:05:17.598
-124.54105,40.29295,7.1,3.62,2024-12-06T20:05:51.327
-124.81452,40.27949,1.74,2.33,2024-12-06T20:06:30.955
-124.53259,40.28608,7.08,1.82,2024-12-06T20:07:15.760
-124.52877,40.29302,6.56,2.04,2024-12-06T20:07:35.423
-125.04953,40.39606,8.29,2.23,2024-12-06T20:08:22.305
-124.63256,40.30855,12.87,1.92,2024-12-06T20:09:01.842
-124.8311,40.3693,8.75,2.33,2024-12-06T20:11:43.300
-124.81565,40.36883,9.41,2.15,2024-12-06T20:12:23.335
-124.54481,40.28896,7.33,1.1,2024-12-06T20:13:50.097
-124.91422,40.36692,16.63,2.11,2024-12-06T20:14:28.268
-124.63571,40.23609,6.04,1.52,2024-12-06T20:15:33.712
-124.52278,40.28861,7.25,3.4,2024-12-06T20:15:51.836
-124.73024,40.40269,5.34,2.0,2024-12-06T20:17:42.705
-124.82113,40.36911,6.36,2.07,2024-12-06T20:21:09.608
-124.71662,40.44812,12.77,2.3,2024-12-06T20:23:08.363
-124.81184,40.3682,9.39,2.26,2024-12-06T20:23:42.078
-124.48155,40.2912,7.11,0.89,2024-12-06T20:25:14.291
-124.65021,40.29126,6.63,1.91,2024-12-06T20:25:48.085
-124.80784,40.36605,9.5,2.13,2024-12-06T20:26:39.318
-124.38942,40.28189,19.51,0.89,2024-12-06T20:28:16.874
-124.74222,40.32017,5.35,2.02,2024-12-06T20:29:32.235
-124.54283,40.26691,13.24,1.16,2024-12-06T20:29:55.112
-124.81649,40.36905,9.39,2.19,2024-12-06T20:30:52.468
-124.49932,40.32962,7.29,0.74,2024-12-06T20:31:03.279
-124.64937,40.2507,13.05,1.36,2024-12-06T20:32:01.555
-125.08523,40.39019,18.02,2.22,2024-12-06T20:32:22.063
-124.98743,40.39587,6.35,2.55,2024-12-06T20:33:00.211
-124.9122,40.36885,16.69,2.09,2024-12-06T20:33:49.201
-124.44313,40.45643,26.79,1.7,2024-12-06T20:37:22.366
-124.55291,40.28042,4.27,1.44,2024-12-06T20:39:08.596
-124.94836,40.36562,14.3,1.63,2024-12-06T20:42:00.038
-124.73037,40.43552,10.89,1.45,2024-12-06T20:44:47.736
-124.87648,40.39333,8.67,2.58,2024-12-06T20:52:11.814
-124.63315,40.28116,5.79,1.67,2024-12-06T20:52:50.316
-124.49919,40.28364,7.11,0.99,2024-12-06T20:53:13.975
-124.66845,40.31051,16.11,1.87,2024-12-06T20:53:48.897
-124.63259,40.30099,6.02,1.57,2024-12-06T20:58:30.698
-124.52808,40.28804,7.8,1.32,2024-12-06T21:04:42.346
-124.71937,40.44077,10.12,2.17,2024-12-06T21:08:26.138
-124.49236,40.28699,7.42,1.83,2024-12-06T21:10:09.261
-124.39069,40.28179,8.17,0.69,2024-12-06T21:10:29.856
-124.94623,40.34771,18.77,2.24,2024-12-06T21:18:24.748
-124.85354,40.42537,6.11,2.31,2024-12-06T21:19:46.507
-124.63456,40.24448,14.66,1.85,2024-12-06T21:20:48.863
-124.48999,40.30106,7.3,0.96,2024-12-06T21:22:14.301
-124.82544,40.35311,8.09,2.06,2024-12-06T21:22:32.950
-125.05777,40.40148,6.89,2.36,2024-12-06T21:23:37.009
-124.60387,40.22591,12.25,1.26,2024-12-06T21:24:45.073
-124.90665,40.37448,6.69,2.02,2024-12-06T21:25:49.365
-124.52569,40.2925,6.64,2.21,2024-12-06T21:28:02.704
-125.05914,40.37846,8.54,2.18,2024-12-06T21:29:11.160
-124.64259,40.23357,5.63,1.59,2024-12-06T21:30:21.602
-124.56205,40.29193,8.49,1.23,2024-12-06T21:30:48.497
-124.52414,40.29442,6.73,1.85,2024-12-06T21:31:03.990
-124.93757,40.40657,8.55,2.44,2024-12-06T21:31:13.937
-125.04165,40.39834,8.66,2.18,2024-12-06T21:32:31.613
-124.66795,40.33656,8.91,1.72,2024-12-06T21:34:40.439
-124.68211,40.31633,16.81,2.0,2024-12-06T21:37:06.518
-124.84815,40.37305,8.18,2.37,2024-12-06T21:40:08.550
-124.55291,40.28042,4.27,1.44,2024-12-06T21:42:09.296
-124.65956,40.31793,17.07,2.24,2024-12-06T21:43:00.018
-124.82088,40.36173,5.83,2.19,2024-12-06T21:48:07.128
-124.6155,40.2581,13.1,1.25,2024-12-06T21:48:32.902
-124.48304,40.29318,6.76,0.1,2024-12-06T21:49:09.992
-124.50298,40.28748,7.02,3.99,2024-12-06T21:49:21.527
-125.06631,40.38608,8.49,2.58,2024-12-06T21:51:19.511
-124.49553,40.28636,7.41,1.59,2024-12-06T21:53:30.491
-124.00002,40.07492,22.41,1.57,2024-12-06T21:53:38.576
-125.01174,40.38139,11.42,2.65,2024-12-06T21:53:49.667
-124.53522,40.29044,7.49,1.43,2024-12-06T21:55:13.891
-124.50228,40.28654,7.26,1.25,2024-12-06T21:56:22.868
-124.48648,40.29197,7.17,0.59,2024-12-06T21:57:27.066
-124.82142,40.36347,5.49,1.61,2024-12-06T22:00:32.900
-124.63049,40.25881,13.56,1.58,2024-12-06T22:03:07.964
-124.38671,40.28349,20.17,0.75,2024-12-06T22:04:11.564
-124.4841,40.29128,6.75,0.38,2024-12-06T22:05:48.162
-124.8115,40.36078,5.71,1.87,2024-12-06T22:06:10.719
-124.81142,40.36085,5.72,1.91,2024-12-06T22:06:27.341
-124.45057,40.28623,8.19,0.94,2024-12-06T22:06:50.701
-124.50575,40.28843,6.92,3.21,2024-12-06T22:08:03.223
-124.73039,40.43512,10.89,1.45,2024-12-06T22:15:42.279
-124.49401,40.28765,7.35,1.77,2024-12-06T22:17:45.828
-124.9049,40.36573,16.86,2.25,2024-12-06T22:18:55.293
-124.51126,40.28857,7.1,2.32,2024-12-06T22:20:53.934
-124.46144,40.28697,7.39,1.09,2024-12-06T22:21:53.702
-124.80693,40.35045,6.84,2.19,2024-12-06T22:23:30.456
-124.48855,40.29335,7.68,1.0,2024-12-06T22:25:06.705
-124.48659,40.28862,6.12,0.57,2024-12-06T22:26:22.426
-124.4968,40.28891,6.89,0.96,2024-12-06T22:27:56.939
-124.55601,40.28935,8.47,1.72,2024-12-06T22:28:27.843
-124.79435,40.35634,9.06,1.91,2024-12-06T22:31:56.184
-124.51636,40.28059,6.22,1.37,2024-12-06T22:36:32.009
-124.69258,40.34658,21.47,1.81,2024-12-06T22:37:00.314
-124.80346,40.31353,2.27,1.78,2024-12-06T22:37:56.752
-124.91443,40.36677,16.54,2.11,2024-12-06T22:38:59.423
-124.72409,40.41112,6.25,1.84,2024-12-06T22:39:54.004
-124.51169,40.27773,16.59,1.08,2024-12-06T22:40:21.764
-124.59414,40.29158,6.56,0.8,2024-12-06T22:41:28.975
-124.4782,40.29527,6.76,0.86,2024-12-06T22:43:25.382
-124.48448,40.29589,7.11,0.05,2024-12-06T22:45:02.571
-124.72535,40.4301,12.11,2.03,2024-12-06T22:45:30.706
-124.71946,40.43824,10.22,1.93,2024-12-06T22:45:42.182
-124.52906,40.28835,19.86,1.46,2024-12-06T22:46:32.429
-124.48741,40.2911,7.09,1.59,2024-12-06T22:47:09.013
-124.4985,40.28771,7.31,2.22,2024-12-06T22:47:33.208
-124.69255,40.32923,7.81,1.75,2024-12-06T22:47:58.288
-124.82208,40.36112,5.58,2.33,2024-12-06T22:50:20.863
-124.72323,40.42919,9.4,1.76,2024-12-06T22:50:55.149
-124.48999,40.28836,6.81,1.21,2024-12-06T22:52:54.502
-124.48887,40.28954,6.77,1.5,2024-12-06T22:53:09.327
-124.57592,40.35508,15.64,1.32,2024-12-06T22:53:27.129
-124.63747,40.30759,18.31,1.47,2024-12-06T22:54:54.342
-124.72424,40.4289,9.37,2.15,2024-12-06T22:55:04.491
-124.72351,40.42895,9.34,2.43,2024-12-06T22:56:17.979
-124.88635,40.41859,4.14,1.92,2024-12-06T22:58:31.308
-124.48803,40.29117,7.11,1.22,2024-12-06T22:59:13.769
-124.51315,40.28699,7.08,1.93,2024-12-06T23:00:13.200
-124.80903,40.36638,9.5,2.06,2024-12-06T23:00:20.161
-125.04022,40.39208,11.77,2.27,2024-12-06T23:01:25.176
-124.72168,40.43006,9.19,3.02,2024-12-06T23:02:38.363
-124.53041,40.28711,8.52,0.41,2024-12-06T23:06:02.660
-124.7262,40.42753,9.13,1.9,2024-12-06T23:07:56.647
-124.48883,40.29132,6.87,1.56,2024-12-06T23:08:17.295
-124.79641,40.3556,6.5,2.26,2024-12-06T23:09:00.559
-124.50241,40.29646,5.63,1.48,2024-12-06T23:11:26.870
-124.66484,40.30977,16.17,2.02,2024-12-06T23:14:05.866
-124.8148,40.36858,9.44,2.05,2024-12-06T23:14:52.751
-124.6776,40.22106,9.63,1.25,2024-12-06T23:15:33.098
-124.47966,40.28449,6.76,0.88,2024-12-06T23:16:36.675
-125.02927,40.43336,11.75,2.69,2024-12-06T23:18:49.345
-124.78878,40.1894,1.11,2.23,2024-12-06T23:19:37.413
-124.99497,40.40834,2.75,2.5,2024-12-06T23:20:06.474
-124.51176,40.28836,7.17,2.69,2024-12-06T23:21:11.463
-124.51259,40.28744,7.13,2.21,2024-12-06T23:21:22.950
-124.78216,40.35383,8.86,2.24,2024-12-06T23:22:39.226
-124.70342,40.32392,5.69,2.3,2024-12-06T23:22:59.949
-124.57707,40.25851,17.47,1.5,2024-12-06T23:26:00.968
-124.69147,40.34562,21.68,1.92,2024-12-06T23:26:34.502
-124.48972,40.28693,7.45,1.59,2024-12-06T23:27:19.438
-124.45302,40.28558,8.1,1.7,2024-12-06T23:27:46.267
-124.55227,40.30641,19.26,1.63,2024-12-06T23:28:49.639
-124.72631,40.35921,17.74,2.27,2024-12-06T23:29:03.591
-124.48989,40.2914,7.06,1.18,2024-12-06T23:31:45.153
-124.68461,40.34786,21.79,2.19,2024-12-06T23:32:27.546
-124.4879,40.28443,7.2,1.35,2024-12-06T23:33:55.687
-124.72109,40.45225,11.92,1.58,2024-12-06T23:36:54.637
-124.71876,40.4387,10.26,1.81,2024-12-06T23:37:22.567
-124.48474,40.28978,5.88,0.38,2024-12-06T23:37:57.702
-124.50936,40.28099,19.95,1.75,2024-12-06T23:39:05.107
-124.58123,40.28105,18.64,1.45,2024-12-06T23:40:22.735
-124.50291,40.28752,7.49,1.36,2024-12-06T23:41:16.207
-124.9149,40.4006,5.51,2.43,2024-12-06T23:41:26.612
-124.93063,40.37332,14.0,1.92,2024-12-06T23:42:43.553
-124.476,40.29515,8.44,0.73,2024-12-06T23:45:04.650
-124.48894,40.29029,7.0,1.0,2024-12-06T23:47:17.254
-124.95868,40.39278,5.16,2.23,2024-12-06T23:47:59.502
-124.92682,40.36599,15.98,2.13,2024-12-06T23:50:35.186
-125.02768,40.43409,11.28,2.42,2024-12-06T23:54:36.007
-124.78996,40.18745,0.62,2.05,2024-12-06T23:57:10.405
-124.90575,40.40526,1.68,2.23,2024-12-06T23:58:58.661
-124.64261,40.2923,7.62,1.56,2024-12-07T00:01:43.583
-124.84179,40.36238,8.45,2.42,2024-12-07T00:02:09.734
-124.76773,40.32501,18.97,1.88,2024-12-07T00:03:07.030
-124.82631,40.36218,9.43,2.06,2024-12-07T00:03:31.270
-124.80909,40.35145,6.12,2.33,2024-12-07T00:04:13.835
-124.48835,40.29165,7.73,1.43,2024-12-07T00:06:18.256
-124.55144,40.27532,4.43,1.44,2024-12-07T00:11:36.586
-124.45141,40.28927,8.24,0.65,2024-12-07T00:11:49.974
-124.48854,40.29131,7.71,1.29,2024-12-07T00:12:27.380
-124.83213,40.35823,5.5,2.14,2024-12-07T00:12:58.613
-124.39938,40.28719,8.33,1.29,2024-12-07T00:16:01.333
-124.39972,40.28702,8.3,1.28,2024-12-07T00:16:15.428
-124.69837,40.43232,11.92,1.58,2024-12-07T00:17:50.152
-124.47395,40.28956,8.37,0.73,2024-12-07T00:18:41.320
-124.53343,40.31404,16.16,1.37,2024-12-07T00:23:10.381
-124.72029,40.44748,11.09,1.99,2024-12-07T00:25:24.022
-124.69522,40.30471,16.58,2.08,2024-12-07T00:26:04.048
-124.49181,40.29082,7.18,1.51,2024-12-07T00:29:58.628
-125.02803,40.39252,9.99,3.38,2024-12-07T00:31:18.081
-124.92411,40.45546,2.88,2.4,2024-12-07T00:33:20.918
-124.64515,40.25065,7.97,1.83,2024-12-07T00:34:12.769
-124.84371,40.34313,18.57,2.38,2024-12-07T00:37:22.873
-124.9229,40.45544,2.73,2.27,2024-12-07T00:37:54.743
-124.65982,40.26866,16.3,1.95,2024-12-07T00:39:40.147
-124.50155,40.29301,7.07,2.28,2024-12-07T00:48:04.568
-125.02534,40.3935,10.01,2.61,2024-12-07T00:49:11.987
-124.49369,40.29036,7.13,1.55,2024-12-07T00:50:57.451
-124.49418,40.28986,7.06,0.95,2024-12-07T00:52:12.501
-124.92491,40.45509,2.76,2.22,2024-12-07T00:52:45.207
-124.50157,40.29251,8.09,1.74,2024-12-07T00:53:42.310
-124.49321,40.29034,7.23,1.52,2024-12-07T00:54:30.497
-124.9172,40.36548,17.02,2.25,2024-12-07T00:55:53.092
-124.72735,40.43107,11.16,1.45,2024-12-07T00:56:36.450
-124.84071,40.36768,1.93,2.71,2024-12-07T00:57:36.165
-124.50439,40.28856,6.8,1.48,2024-12-07T00:58:24.385
-124.4939,40.29188,7.08,0.83,2024-12-07T00:59:18.424
-124.8404,40.36706,1.94,2.23,2024-12-07T00:59:44.294
-124.84188,40.36829,1.78,2.4,2024-12-07T01:00:02.459
-124.84257,40.36831,1.82,2.82,2024-12-07T01:00:53.865
-124.84053,40.36785,1.89,2.43,2024-12-07T01:01:25.876
-124.83887,40.37598,5.06,2.4,2024-12-07T01:02:12.932
-124.88287,40.36291,15.37,2.35,2024-12-07T01:03:48.427
-124.89744,40.34981,6.17,1.77,2024-12-07T01:05:00.610
-124.90599,40.36401,16.43,2.93,2024-12-07T01:06:22.394
-124.33786,40.07731,9.51,1.68,2024-12-07T01:09:39.604
-125.02491,40.39353,10.0,3.15,2024-12-07T01:09:57.104
-124.74967,40.33743,18.27,2.59,2024-12-07T01:10:43.599
-124.44529,40.52426,17.93,1.57,2024-12-07T01:12:05.957
-124.85882,40.36851,8.38,2.35,2024-12-07T01:12:15.750
-124.64252,40.24634,6.27,1.59,2024-12-07T01:13:04.452
-124.80139,40.3519,6.2,2.38,2024-12-07T01:14:01.282
-124.44377,40.52429,17.81,1.73,2024-12-07T01:14:28.354
-124.8446,40.36296,8.37,2.22,2024-12-07T01:15:25.241
-125.02167,40.39561,9.73,2.51,2024-12-07T01:19:12.776
-124.62681,40.273,1.95,1.23,2024-12-07T01:20:45.361
-124.8156,40.35384,5.91,2.01,2024-12-07T01:21:07.799
-124.90724,40.35718,16.76,2.27,2024-12-07T01:21:23.655
-124.50057,40.2908,6.99,0.95,2024-12-07T01:23:13.808
-124.56809,40.29158,18.58,1.81,2024-12-07T01:23:55.772
-124.48735,40.28954,7.21,1.04,2024-12-07T01:29:16.878
-124.55772,40.29292,20.77,1.21,2024-12-07T01:29:27.906
-124.79065,40.36469,6.71,2.02,2024-12-07T01:31:13.092
-124.45011,40.28831,8.41,0.97,2024-12-07T01:32:09.854
-125.02062,40.39607,8.91,2.44,2024-12-07T01:32:48.386
-124.84211,40.36599,9.27,2.06,2024-12-07T01:34:21.169
-124.90936,40.33438,6.13,2.16,2024-12-07T01:35:14.815
-124.99416,40.37803,6.41,2.32,2024-12-07T01:36:21.869
-124.45245,40.2895,8.16,0.65,2024-12-07T01:38:39.218
-124.68517,40.3698,8.67,2.02,2024-12-07T01:39:03.737
-124.39866,40.2863,8.31,1.27,2024-12-07T01:41:30.850
-124.49298,40.29168,7.34,1.0,2024-12-07T01:42:54.433
-124.69235,40.43245,9.34,1.61,2024-12-07T01:45:20.749
-124.45242,40.28933,8.11,0.98,2024-12-07T01:47:24.393
-124.4473,40.28689,8.56,1.71,2024-12-07T01:47:48.291
-124.49195,40.29296,6.76,0.83,2024-12-07T01:49:35.968
-124.86708,40.3699,8.03,2.27,2024-12-07T01:51:24.075
-124.76079,40.33183,19.12,1.88,2024-12-07T01:54:51.266
-124.45512,40.2874,8.38,0.7,2024-12-07T01:56:25.556
-124.48557,40.28806,8.44,0.68,2024-12-07T01:56:43.143
-124.91583,40.36446,16.5,2.01,2024-12-07T01:59:08.979
-124.45505,40.28762,8.38,1.33,2024-12-07T02:00:30.166
-124.91196,40.35757,16.58,2.22,2024-12-07T02:01:31.092
-124.49209,40.29059,7.45,0.78,2024-12-07T02:02:02.519
-124.49085,40.29202,8.75,1.67,2024-12-07T02:02:23.160
-124.49308,40.29109,7.21,0.95,2024-12-07T02:02:53.771
-124.91083,40.36219,16.43,1.89,2024-12-07T02:03:27.532
-124.9152,40.3649,16.61,2.02,2024-12-07T02:05:59.259
-124.85036,40.27611,9.24,2.66,2024-12-07T02:07:42.340
-124.9503,40.44043,5.36,2.08,2024-12-07T02:10:28.867
-124.83302,40.36394,9.43,2.39,2024-12-07T02:11:56.712
-124.92453,40.45546,2.79,2.23,2024-12-07T02:13:50.795
-124.67994,40.30915,16.11,1.71,2024-12-07T02:14:25.289
-124.50189,40.2925,6.87,2.36,2024-12-07T02:14:51.489
-125.05824,40.39112,10.45,2.25,2024-12-07T02:16:43.279
-124.5021,40.29261,7.1,1.81,2024-12-07T02:17:19.057
-124.94238,40.37123,16.02,2.07,2024-12-07T02:17:48.810
-124.71296,40.43964,13.13,1.9,2024-12-07T02:18:33.594
-125.02078,40.39589,9.77,2.5,2024-12-07T02:19:22.052
-124.80082,40.35296,4.64,2.75,2024-12-07T02:20:18.986
-124.7774,40.26549,1.35,1.86,2024-12-07T02:21:19.304
-124.8941,40.34956,6.37,1.8,2024-12-07T02:22:07.501
-124.84437,40.36681,9.21,2.04,2024-12-07T02:22:18.093
-124.65551,40.29803,5.72,1.83,2024-12-07T02:22:37.272
-124.63115,40.25212,12.5,1.6,2024-12-07T02:24:29.292
-124.68198,40.30325,15.56,2.07,2024-12-07T02:25:41.830
-124.49984,40.29168,6.99,2.31,2024-12-07T02:26:11.179
-124.82719,40.35695,5.57,2.14,2024-12-07T02:28:35.747
-124.74093,40.42258,9.85,1.95,2024-12-07T02:29:03.016
-124.79465,40.35836,8.32,2.17,2024-12-07T02:30:53.705
-124.84928,40.39878,14.53,2.04,2024-12-07T02:32:19.501
-124.77858,40.35584,7.92,2.13,2024-12-07T02:43:46.957
-124.8264,40.36187,9.49,2.11,2024-12-07T02:44:04.424
-124.71428,40.33721,20.59,2.01,2024-12-07T02:49:29.041
-124.51618,40.29006,19.94,2.08,2024-12-07T02:49:49.782
-124.4845,40.28823,8.42,0.69,2024-12-07T02:51:26.201
-124.51114,40.29692,6.98,1.85,2024-12-07T02:53:41.236
-124.86765,40.35568,16.59,2.29,2024-12-07T02:55:41.497
-124.5356,40.29451,8.37,1.08,2024-12-07T02:57:24.720
-124.64175,40.25052,8.03,1.54,2024-12-07T03:02:56.579
-124.90261,40.36367,17.32,2.56,2024-12-07T03:04:00.068
-124.49079,40.29155,7.02,1.55,2024-12-07T03:07:58.800
-124.80697,40.36304,5.71,2.14,2024-12-07T03:08:55.358
-124.73545,40.43294,7.21,1.34,2024-12-07T03:10:36.384
-124.72218,40.3268,9.47,2.22,2024-12-07T03:11:22.720
-124.65945,40.35169,8.03,1.59,2024-12-07T03:12:46.299
-124.44961,40.28449,8.19,2.35,2024-12-07T03:20:57.712
-124.56405,40.29088,18.71,1.54,2024-12-07T03:23:47.153
-124.73624,40.33034,19.4,1.93,2024-12-07T03:29:14.454
-124.80876,40.35488,5.28,2.46,2024-12-07T03:34:05.923
-124.89055,40.36688,17.28,2.26,2024-12-07T03:34:21.995
-124.49176,40.29158,7.17,1.2,2024-12-07T03:41:31.442
-124.50719,40.29438,9.03,2.17,2024-12-07T03:42:57.850
-124.90533,40.37059,6.25,2.02,2024-12-07T03:43:13.886
-124.78609,40.19069,1.19,2.13,2024-12-07T03:43:52.693
-124.81914,40.35664,5.69,2.09,2024-12-07T03:44:40.468
-124.52015,40.29809,7.07,2.07,2024-12-07T03:45:13.718
-124.53497,40.29475,7.87,1.38,2024-12-07T03:45:58.344
-124.51368,40.30093,6.76,1.73,2024-12-07T03:47:25.108
-124.49131,40.29153,7.16,0.58,2024-12-07T03:49:51.271
-124.98335,40.40278,7.93,2.44,2024-12-07T03:50:08.006
-124.491,40.29244,7.17,1.21,2024-12-07T03:50:53.507
-124.4903,40.2877,6.69,0.82,2024-12-07T03:51:33.772
-124.69163,40.32288,5.96,2.25,2024-12-07T03:51:57.226
-124.90191,40.36125,16.85,2.66,2024-12-07T03:55:08.368
-124.61659,40.29417,17.98,1.78,2024-12-07T03:55:49.028
-124.76785,40.3323,19.27,2.22,2024-12-07T03:58:08.091
-124.97378,40.3769,5.93,2.22,2024-12-07T04:00:14.214
-124.6995,40.41176,7.56,1.74,2024-12-07T04:02:21.210
-124.39801,40.28717,8.29,1.23,2024-12-07T04:03:11.548
-124.8844,40.3552,13.32,1.77,2024-12-07T04:03:26.002
-125.03459,40.44215,10.97,2.45,2024-12-07T04:03:57.009
-124.65395,40.30176,16.75,2.0,2024-12-07T04:06:09.604
-124.83448,40.36429,9.44,2.24,2024-12-07T04:08:45.270
-124.61716,40.29455,17.85,2.3,2024-12-07T04:11:19.967
-124.48786,40.28437,19.7,2.21,2024-12-07T04:12:48.020
-124.93527,40.38309,7.98,2.19,2024-12-07T04:13:45.867
-124.91824,40.35527,3.61,2.29,2024-12-07T04:15:55.683
-124.50331,40.29251,8.32,1.55,2024-12-07T04:17:17.740
-124.52172,40.29893,7.33,1.88,2024-12-07T04:20:57.296
-124.76397,40.37854,5.5,2.3,2024-12-07T04:22:09.130
-124.741,40.33319,3.14,1.2,2024-12-07T04:27:31.950
-124.72337,40.45247,10.91,1.81,2024-12-07T04:28:24.901
-124.68551,40.30276,15.57,1.77,2024-12-07T04:29:42.476
-124.67716,40.33757,20.76,1.81,2024-12-07T04:31:52.789
-124.67636,40.33751,21.04,1.89,2024-12-07T04:32:46.056
-124.78064,40.35093,5.26,1.76,2024-12-07T04:33:34.151
-124.47442,40.29003,8.02,0.83,2024-12-07T04:34:52.999
-124.56916,40.28404,6.59,1.76,2024-12-07T04:35:45.463
-124.76057,40.31029,6.51,2.02,2024-12-07T04:36:03.993
-124.75175,40.32676,19.84,1.88,2024-12-07T04:37:14.882
-124.44736,40.28454,8.24,2.13,2024-12-07T04:41:14.544
-124.4961,40.29341,7.09,1.86,2024-12-07T04:41:32.134
-124.89854,40.34882,6.01,1.77,2024-12-07T04:42:07.218
-124.74101,40.42324,9.87,1.41,2024-12-07T04:42:56.705
-124.69347,40.33858,8.82,2.23,2024-12-07T04:43:19.588
-124.9487,40.38374,10.05,2.41,2024-12-07T04:44:33.684
-124.82434,40.35674,5.99,2.07,2024-12-07T04:46:04.658
-124.47825,40.28684,8.39,0.84,2024-12-07T04:48:53.352
-124.61875,40.29678,18.74,1.81,2024-12-07T04:51:16.991
-124.82879,40.36267,9.46,2.19,2024-12-07T04:52:23.419
-124.48207,40.28655,8.48,0.88,2024-12-07T04:56:41.481
-124.82159,40.3604,9.53,2.66,2024-12-07T04:58:47.706
-124.62559,40.29702,18.26,1.95,2024-12-07T05:00:32.985
-124.49292,40.29095,7.28,1.61,2024-12-07T05:00:56.339
-124.79019,40.36509,6.68,2.17,2024-12-07T05:02:41.031
-124.49255,40.29115,7.22,0.99,2024-12-07T05:05:34.837
-124.94254,40.37772,13.61,2.46,2024-12-07T05:07:54.747
-124.91991,40.36531,16.99,2.25,2024-12-07T05:10:48.542
-124.62529,40.2969,17.88,1.88,2024-12-07T05:11:01.365
-124.79588,40.35201,7.68,1.91,2024-12-07T05:13:34.673
-124.49516,40.29033,6.51,0.88,2024-12-07T05:14:30.289
-124.65353,40.29492,4.59,1.74,2024-12-07T05:14:42.911
-124.67248,40.35813,7.23,1.92,2024-12-07T05:16:11.245
-124.66856,40.30403,16.09,1.87,2024-12-07T05:19:56.583
-124.83024,40.36253,9.42,2.22,2024-12-07T05:21:30.819
-124.6171,40.24125,13.57,1.47,2024-12-07T05:22:18.142
-124.91001,40.35942,16.54,2.1,2024-12-07T05:22:49.392
-124.84577,40.36314,8.32,2.23,2024-12-07T05:23:11.577
-124.87931,40.36865,9.49,2.43,2024-12-07T05:23:48.731
-125.02421,40.41126,13.13,2.36,2024-12-07T05:29:54.395
-124.95981,40.37859,13.9,2.23,2024-12-07T05:31:47.025
-125.02612,40.47106,7.18,2.43,2024-12-07T05:36:42.554
-124.49311,40.29475,6.84,1.48,2024-12-07T05:39:02.485
-124.65683,40.25088,12.4,2.41,2024-12-07T05:40:17.694
-124.62297,40.27097,1.41,1.85,2024-12-07T05:44:27.187
-124.8175,40.37859,19.57,1.71,2024-12-07T05:46:19.827
-124.80753,40.36299,5.78,2.14,2024-12-07T05:46:29.186
-124.00045,40.09285,22.02,1.08,2024-12-07T05:50:03.941
-125.02457,40.47217,7.17,2.4,2024-12-07T05:50:26.030
-124.39899,40.2874,8.26,0.82,2024-12-07T05:51:14.352
-125.04077,40.39196,8.22,2.23,2024-12-07T05:52:59.870
-124.51257,40.2913,6.76,2.04,2024-12-07T05:53:43.984
-124.8228,40.3569,5.18,2.3,2024-12-07T05:54:07.758
-124.8807,40.41698,1.1,2.32,2024-12-07T05:54:19.991
-124.88077,40.41725,1.13,2.25,2024-12-07T05:55:50.048
-124.62919,40.27089,7.71,1.37,2024-12-07T05:56:23.839
-124.91837,40.36418,15.95,2.77,2024-12-07T05:56:52.651
-124.39973,40.2873,8.27,0.82,2024-12-07T05:57:52.793
-124.73306,40.42473,10.18,1.27,2024-12-07T05:58:18.615
-124.69871,40.41092,7.73,1.77,2024-12-07T06:00:07.199
-125.0506,40.39763,9.6,2.1,2024-12-07T06:00:24.171
-124.50152,40.29099,8.65,1.51,2024-12-07T06:01:33.186
-124.49288,40.29155,7.68,2.19,2024-12-07T06:02:08.043
-124.51982,40.29002,19.91,1.46,2024-12-07T06:02:34.810
-124.66562,40.3016,15.89,1.86,2024-12-07T06:06:40.997
-124.61103,40.30411,10.04,2.02,2024-12-07T06:06:52.980
-124.49843,40.2903,7.95,0.99,2024-12-07T06:08:08.746
-124.74253,40.42251,9.88,2.11,2024-12-07T06:09:57.609
-124.62758,40.3058,13.6,1.64,2024-12-07T06:11:07.596
-124.67353,40.30469,16.02,2.13,2024-12-07T06:11:57.194
-125.03993,40.39119,7.97,2.67,2024-12-07T06:12:25.551
-124.39496,40.28622,8.36,1.29,2024-12-07T06:14:10.646
-124.86656,40.36532,15.7,2.01,2024-12-07T06:14:27.357
-125.02544,40.47293,7.25,2.39,2024-12-07T06:14:42.025
-125.02462,40.47246,7.26,2.5,2024-12-07T06:15:27.119
-125.02385,40.4714,7.2,2.23,2024-12-07T06:16:40.170
-125.02573,40.47103,7.18,2.33,2024-12-07T06:17:24.528
-124.80897,40.34598,7.21,2.1,2024-12-07T06:19:56.095
-125.02606,40.47164,7.0,2.26,2024-12-07T06:21:55.620
-125.03729,40.44096,10.93,2.37,2024-12-07T06:22:18.755
-124.94458,40.36989,15.97,2.16,2024-12-07T06:27:29.072
-124.94606,40.37635,6.27,2.47,2024-12-07T06:27:42.369
-124.81581,40.35722,9.15,2.56,2024-12-07T06:28:02.687
-124.83204,40.35788,5.75,1.86,2024-12-07T06:32:16.907
-124.49527,40.2941,7.25,2.89,2024-12-07T06:33:06.191
-124.4825,40.27854,19.2,1.72,2024-12-07T06:38:56.960
-124.73926,40.42085,9.78,2.09,2024-12-07T06:39:43.426
-124.49514,40.29486,7.29,2.21,2024-12-07T06:41:29.521
-124.71825,40.43284,10.91,1.83,2024-12-07T06:41:59.686
-125.05317,40.39943,9.61,2.15,2024-12-07T06:42:50.565
-124.85924,40.36823,8.39,1.99,2024-12-07T06:43:42.815
-124.76206,40.36876,21.78,1.69,2024-12-07T06:51:07.246
-124.86355,40.34314,16.62,2.55,2024-12-07T06:52:15.124
-124.90369,40.36399,17.07,2.54,2024-12-07T06:54:10.386
-124.7171,40.43289,10.98,1.82,2024-12-07T06:54:39.966
-124.73539,40.32485,19.25,1.3,2024-12-07T06:55:13.187
-124.86004,40.36851,8.36,2.37,2024-12-07T06:56:52.488
-125.03242,40.46995,7.33,2.32,2024-12-07T07:01:15.926
-125.10494,40.37962,11.02,2.69,2024-12-07T07:03:29.868
-124.64196,40.25076,7.98,1.44,2024-12-07T07:04:19.326
-124.90703,40.35703,16.76,2.24,2024-12-07T07:04:56.969
-124.82689,40.3519,7.21,2.23,2024-12-07T07:10:14.671
-124.50362,40.29306,7.04,1.62,2024-12-07T07:11:40.461
-124.49369,40.29136,7.09,1.24,2024-12-07T07:12:04.537
-125.01129,40.43422,13.03,2.21,2024-12-07T07:12:56.237
-124.86719,40.37007,8.02,2.42,2024-12-07T07:13:36.587
-124.71045,40.3374,19.85,1.9,2024-12-07T07:14:24.498
-124.92792,40.33403,18.45,2.24,2024-12-07T07:20:23.481
-124.86588,40.36575,15.7,2.01,2024-12-07T07:21:40.626
-124.9335,40.36618,14.2,2.69,2024-12-07T07:22:15.951
-124.49316,40.29326,6.91,0.88,2024-12-07T07:23:19.479
-125.02957,40.47347,7.13,2.36,2024-12-07T07:23:41.152
-124.70376,40.37567,6.93,1.64,2024-12-07T07:24:50.614
-124.74691,40.36867,22.22,1.65,2024-12-07T07:25:08.088
-124.48789,40.2933,7.21,1.24,2024-12-07T07:31:18.465
-124.93906,40.36536,15.85,2.16,2024-12-07T07:32:06.783
-124.49339,40.29452,7.01,0.87,2024-12-07T07:35:51.210
-124.50355,40.29302,7.03,1.58,2024-12-07T07:35:58.660
-124.60682,40.22568,3.29,1.17,2024-12-07T07:39:52.966
-125.05128,40.39571,3.98,2.06,2024-12-07T08:07:09.465
-125.05572,40.40389,4.62,2.09,2024-12-07T08:07:54.037
-124.84255,40.36147,8.32,2.23,2024-12-07T08:08:12.545
-124.71312,40.43939,13.09,1.8,2024-12-07T08:10:37.532
-125.03033,40.46988,7.17,2.26,2024-12-07T08:13:32.491
-124.83796,40.36359,9.3,2.19,2024-12-07T08:14:23.277
-124.50073,40.4375,16.51,1.3,2024-12-07T08:15:13.870
-124.77727,40.33424,19.54,2.18,2024-12-07T08:17:05.906
-124.86718,40.36343,16.07,2.01,2024-12-07T08:17:29.858
-125.04858,40.39897,9.62,2.14,2024-12-07T08:20:56.933
-124.76242,40.36883,21.62,1.67,2024-12-07T08:22:28.256
-124.7208,40.44598,11.44,1.8,2024-12-07T08:24:23.863
-125.09671,40.39476,9.72,2.48,2024-12-07T08:25:30.490
-124.55489,40.47161,16.95,1.44,2024-12-07T08:27:15.473
-124.4924,40.29113,7.87,1.49,2024-12-07T08:31:22.104
-125.04166,40.39287,8.27,2.15,2024-12-07T08:32:06.166
-124.40691,40.74383,9.66,1.35,2024-12-07T08:34:12.659
-124.88513,40.35879,13.58,1.77,2024-12-07T08:41:53.185
-124.83226,40.35804,5.61,2.0,2024-12-07T08:45:53.948
-124.62185,40.27112,1.53,1.52,2024-12-07T08:48:45.104
-124.90781,40.36351,17.03,2.24,2024-12-07T08:48:54.303
-124.485,40.288,8.32,0.69,2024-12-07T08:50:29.695
-124.88202,40.41713,1.11,2.32,2024-12-07T08:56:31.979
-124.64098,40.29783,8.06,1.57,2024-12-07T08:57:27.827
-124.78269,40.34801,10.32,1.86,2024-12-07T09:04:35.678
-125.04967,40.39787,9.68,2.18,2024-12-07T09:06:01.401
-124.69158,40.32289,5.97,2.23,2024-12-07T09:07:58.867
-124.93693,40.36328,15.76,2.11,2024-12-07T09:08:42.574
-124.81933,40.35697,5.65,2.1,2024-12-07T09:10:11.516
-124.47904,40.30004,17.3,1.21,2024-12-07T09:14:45.916
-124.39995,40.28781,8.26,0.79,2024-12-07T09:20:25.092
-124.76234,40.36879,21.64,1.69,2024-12-07T09:25:27.427
-124.76278,40.36795,21.74,1.64,2024-12-07T09:25:53.439
-124.93468,40.3728,12.85,1.92,2024-12-07T09:26:35.295
-124.44253,40.52459,17.61,1.27,2024-12-07T09:30:26.178
-124.48762,40.29361,7.0,0.57,2024-12-07T09:30:47.940
-124.49263,40.29421,7.78,1.57,2024-12-07T09:31:10.043
-124.69229,40.32292,5.72,1.89,2024-12-07T09:32:38.290
-124.76092,40.37752,5.66,2.53,2024-12-07T09:33:16.545
-124.9116,40.36198,16.73,3.03,2024-12-07T09:37:54.906
-124.45912,40.28891,7.84,1.04,2024-12-07T09:42:58.197
-124.84452,40.36274,8.54,3.56,2024-12-07T09:43:25.068
-124.50076,40.29127,7.03,1.47,2024-12-07T09:50:32.098
-124.86225,40.34346,16.76,2.64,2024-12-07T09:52:37.228
-124.47167,40.28977,8.32,0.73,2024-12-07T09:53:34.314
-124.92072,40.36651,16.73,1.93,2024-12-07T09:55:16.514
-124.81976,40.36907,5.48,2.08,2024-12-07T09:57:06.576
-124.73029,40.43762,6.89,1.34,2024-12-07T09:59:06.554
-124.69213,40.36421,20.1,1.73,2024-12-07T09:59:23.669
-124.70766,40.37842,7.02,1.61,2024-12-07T10:02:49.836
-124.60497,40.23212,4.72,1.19,2024-12-07T10:03:11.426
-124.49298,40.29219,7.12,0.91,2024-12-07T10:04:02.887
-124.55834,40.29523,20.04,1.2,2024-12-07T10:04:15.963
-125.03971,40.39099,8.19,2.2,2024-12-07T10:04:53.298
-124.83253,40.3661,9.21,2.13,2024-12-07T10:06:17.622
-124.82991,40.35744,5.53,2.33,2024-12-07T10:17:24.472
-124.68168,40.30325,15.51,1.92,2024-12-07T10:19:05.990
-124.81349,40.35529,5.8,2.01,2024-12-07T10:20:24.338
-124.33212,40.0692,8.44,1.25,2024-12-07T10:21:29.464
-124.81316,40.2535,0.23,1.66,2024-12-07T10:23:23.341
-124.48912,40.29341,7.07,0.88,2024-12-07T10:26:53.091
-124.38666,40.28334,20.64,1.31,2024-12-07T10:27:59.840
-124.71111,40.36623,21.57,1.7,2024-12-07T10:28:09.982
-124.69761,40.32129,5.76,1.87,2024-12-07T10:29:32.153
-124.45118,40.28583,7.95,2.45,2024-12-07T10:30:56.219
-124.71111,40.36623,21.57,2.52,2024-12-07T10:31:55.242
-124.91883,40.36562,17.15,2.2,2024-12-07T10:32:36.139
-124.86558,40.36113,8.01,2.29,2024-12-07T10:34:47.498
-124.49367,40.29166,7.16,0.98,2024-12-07T10:36:42.461
-125.03875,40.38863,8.4,2.15,2024-12-07T10:39:06.142
-124.905,40.36304,17.06,2.58,2024-12-07T10:40:46.379
-124.59857,40.23641,13.67,1.53,2024-12-07T10:41:02.432
-124.39955,40.28676,8.33,1.26,2024-12-07T10:46:44.784
-124.49809,40.29008,7.48,1.25,2024-12-07T10:48:45.806
-124.00045,40.09285,22.02,0.79,2024-12-07T10:50:27.861
-124.78064,40.35093,5.26,1.76,2024-12-07T10:52:47.711
-124.94012,40.36673,14.64,1.63,2024-12-07T10:54:07.268
-124.64584,40.30162,17.13,2.18,2024-12-07T11:00:48.270
-124.57308,40.35515,15.67,1.32,2024-12-07T11:03:33.563
-124.74786,40.42361,9.88,2.37,2024-12-07T11:03:51.746
-124.83571,40.36452,10.31,2.05,2024-12-07T11:06:34.264
-124.80421,40.35318,5.17,2.81,2024-12-07T11:08:51.267
-124.80705,40.35004,8.0,2.44,2024-12-07T11:09:01.797
-124.86297,40.41059,17.21,2.14,2024-12-07T11:13:09.556
-124.88156,40.41785,1.17,2.26,2024-12-07T11:13:34.853
-124.79539,40.38582,11.51,1.89,2024-12-07T11:13:48.062
-124.82891,40.36276,9.55,2.26,2024-12-07T11:14:29.328
-124.49895,40.29316,7.05,2.11,2024-12-07T11:18:26.867
-124.80904,40.35235,5.76,2.17,2024-12-07T11:20:37.766
-124.66201,40.33439,7.07,1.88,2024-12-07T11:24:43.633
-124.66196,40.33433,7.02,1.7,2024-12-07T11:25:52.662
-124.50653,40.29379,8.91,2.7,2024-12-07T11:27:39.599
-124.95014,40.41303,7.02,2.08,2024-12-07T11:29:54.705
-124.45897,40.28834,7.86,0.94,2024-12-07T11:31:29.367
-124.49987,40.29242,8.55,1.51,2024-12-07T11:33:07.685
-124.91823,40.35515,3.59,2.76,2024-12-07T11:34:08.023
-124.80139,40.35208,6.17,2.02,2024-12-07T11:37:39.691
-124.38638,40.6677,3.16,1.29,2024-12-07T11:38:53.801
-124.38476,40.66718,3.05,1.29,2024-12-07T11:39:12.434
-124.84521,40.3668,9.19,2.08,2024-12-07T11:41:09.463
-124.4917,40.29165,7.83,1.62,2024-12-07T11:42:23.477
-124.39512,40.27816,20.46,1.48,2024-12-07T11:47:28.318
-125.01067,40.43199,13.23,2.64,2024-12-07T11:52:30.384
-124.74298,40.32575,19.21,1.89,2024-12-07T11:57:51.587
-124.66165,40.33383,7.04,1.73,2024-12-07T11:59:10.199
-124.72323,40.45169,11.33,1.91,2024-12-07T11:59:56.074
-124.63411,40.28532,5.55,1.65,2024-12-07T12:00:09.798
-124.82211,40.3569,5.15,2.31,2024-12-07T12:02:10.449
-124.5733,40.29529,20.57,2.01,2024-12-07T12:03:46.007
-125.05498,40.42838,8.3,2.01,2024-12-07T12:04:38.358
-124.8225,40.35368,5.38,2.15,2024-12-07T12:05:29.499
-124.90733,40.35736,16.75,2.28,2024-12-07T12:06:06.285
-124.91711,40.35968,16.12,2.09,2024-12-07T12:08:52.494
-125.08414,40.39277,8.89,3.2,2024-12-07T12:09:08.083
-124.18527,40.72825,24.14,1.06,2024-12-07T12:10:35.098
-124.45081,40.28526,8.3,1.62,2024-12-07T12:11:50.775
-124.49183,40.2916,7.11,1.4,2024-12-07T12:15:48.514
-124.91192,40.36364,16.98,2.22,2024-12-07T12:19:34.736
-124.49111,40.29156,7.11,1.42,2024-12-07T12:21:49.704
-124.55785,40.28324,5.96,2.26,2024-12-07T12:26:11.126
-124.64101,40.33419,14.18,1.13,2024-12-07T12:28:57.055
-124.49142,40.29118,7.06,1.42,2024-12-07T12:30:54.930
-124.67164,40.34469,20.64,1.84,2024-12-07T12:31:18.081
-124.84254,40.34315,7.88,2.29,2024-12-07T12:32:31.676
-124.54453,40.2907,20.21,1.58,2024-12-07T12:34:12.535
-124.86669,40.35568,16.64,2.29,2024-12-07T12:37:46.991
-124.55522,40.28523,3.91,1.21,2024-12-07T12:38:36.229
-124.49125,40.29166,7.09,1.41,2024-12-07T12:43:30.636
-124.63063,40.27219,0.27,1.25,2024-12-07T12:44:47.595
-124.80139,40.3519,6.2,2.29,2024-12-07T12:50:10.643
-124.54855,40.31015,21.66,1.33,2024-12-07T12:55:32.683
-125.10494,40.37962,11.02,2.78,2024-12-07T12:56:09.968
-124.91495,40.36517,17.03,2.25,2024-12-07T13:00:35.034
-124.49224,40.29195,7.09,1.66,2024-12-07T13:01:57.783
-124.79641,40.38578,11.57,1.89,2024-12-07T13:04:49.890
-124.98561,40.37404,10.62,2.13,2024-12-07T13:06:22.897
-124.54176,40.28892,19.98,1.51,2024-12-07T13:10:51.127
-124.39384,40.28536,8.35,1.38,2024-12-07T13:12:57.528
-124.99367,40.3946,6.73,2.24,2024-12-07T13:14:43.896
-124.50153,40.29331,7.08,2.67,2024-12-07T13:17:21.418
-124.49011,40.27907,19.22,0.96,2024-12-07T13:18:22.412
-124.85908,40.36841,8.39,2.71,2024-12-07T13:19:10.566
-124.47367,40.46911,19.02,1.37,2024-12-07T13:21:24.884
-124.79024,40.36485,6.72,2.11,2024-12-07T13:26:58.051
-124.97941,40.40134,7.87,2.46,2024-12-07T13:28:23.986
-124.97896,40.40134,7.9,2.48,2024-12-07T13:29:48.971
-124.39305,40.28591,8.34,1.32,2024-12-07T13:31:17.395
-124.45361,40.28753,8.11,0.95,2024-12-07T13:32:29.210
-124.94169,40.37152,15.87,2.46,2024-12-07T13:34:35.219
-124.49176,40.29136,7.12,1.38,2024-12-07T13:38:08.665
-124.53744,40.29748,14.1,1.82,2024-12-07T13:38:30.399
-124.9802,40.40034,8.04,2.38,2024-12-07T13:39:17.192
-124.39396,40.28537,8.35,1.35,2024-12-07T13:39:49.116
-124.39384,40.28536,8.35,1.38,2024-12-07T13:40:00.958
-124.78306,40.34805,10.2,1.99,2024-12-07T13:41:25.862
-124.7429,40.42232,10.0,2.34,2024-12-07T13:42:38.648
-124.96645,40.38063,17.88,1.93,2024-12-07T13:45:12.207
-124.90649,40.37248,6.3,2.02,2024-12-07T13:45:56.431
-125.04135,40.39107,8.19,2.39,2024-12-07T13:46:12.396
-124.81638,40.36473,9.91,2.21,2024-12-07T13:50:05.506
-124.92447,40.45427,2.91,2.27,2024-12-07T13:50:30.667
-124.53632,40.2976,14.12,1.86,2024-12-07T13:50:59.152
-124.90764,40.34062,6.65,2.16,2024-12-07T13:56:19.786
-124.82589,40.38513,19.09,2.01,2024-12-07T13:58:08.709
-125.0484,40.39932,9.75,2.15,2024-12-07T13:59:18.374
-124.07947,40.18551,24.91,1.1,2024-12-07T14:01:51.466
-124.48553,40.30104,7.51,0.59,2024-12-07T14:03:03.221
-124.8819,40.36323,15.78,2.72,2024-12-07T14:04:40.806
-124.39386,40.28565,8.37,1.36,2024-12-07T14:06:33.313
-124.70903,40.43135,10.64,1.81,2024-12-07T14:11:59.519
-124.8248,40.36146,9.45,1.99,2024-12-07T14:13:09.604
-124.47248,40.29005,8.36,0.73,2024-12-07T14:17:49.288
-124.49382,40.2922,7.04,1.25,2024-12-07T14:18:11.078
-124.64119,40.25074,8.1,1.52,2024-12-07T14:21:45.990
-124.48677,40.29511,6.9,0.81,2024-12-07T14:24:04.192
-124.47289,40.29027,8.35,0.73,2024-12-07T14:25:27.955
-124.47323,40.2897,8.37,0.73,2024-12-07T14:26:34.870
-124.84047,40.36605,6.34,2.14,2024-12-07T14:28:02.601
-125.05548,40.38036,6.83,2.56,2024-12-07T14:28:47.508
-124.47252,40.2896,8.29,0.73,2024-12-07T14:30:00.615
-124.43995,40.28733,6.98,0.98,2024-12-07T14:30:33.061
-124.79019,40.3651,6.63,2.53,2024-12-07T14:31:51.985
-124.81126,40.36724,5.81,2.16,2024-12-07T14:33:46.895
-124.50776,40.29332,8.87,2.18,2024-12-07T14:34:41.459
-124.78238,40.34778,10.29,1.86,2024-12-07T14:36:45.935
-124.47157,40.28957,8.3,0.79,2024-12-07T14:39:22.497
-124.4934,40.29484,7.01,0.86,2024-12-07T14:39:43.497
-124.66823,40.30295,15.95,1.86,2024-12-07T14:40:34.034
-124.54529,40.28791,18.96,2.21,2024-12-07T14:40:59.573
-124.91022,40.35944,16.57,2.1,2024-12-07T14:41:29.622
-124.76671,40.33759,4.92,3.12,2024-12-07T14:42:20.582
-124.64968,40.25075,7.85,1.58,2024-12-07T14:45:44.221
-124.83302,40.36394,9.43,2.41,2024-12-07T14:48:43.222
-124.4958,40.29048,8.56,2.78,2024-12-07T14:49:08.510
-124.82684,40.36387,8.86,2.15,2024-12-07T14:49:34.487
-124.61878,40.29619,17.93,1.88,2024-12-07T14:50:25.602
-124.63791,40.29304,7.27,2.24,2024-12-07T14:50:43.920
-124.49643,40.29042,8.56,1.51,2024-12-07T14:51:09.850
-124.496,40.29034,8.59,1.51,2024-12-07T14:52:19.493
-124.47846,40.28845,8.06,0.74,2024-12-07T14:56:41.655
-124.7888,40.35581,8.47,2.19,2024-12-07T15:00:47.998
-124.72021,40.45119,11.52,2.16,2024-12-07T15:08:31.264
-124.7087,40.43125,10.72,1.73,2024-12-07T15:13:07.088
-124.70762,40.37072,6.82,1.65,2024-12-07T15:13:51.609
-124.78515,40.19119,1.39,2.14,2024-12-07T15:14:22.996
-125.04096,40.42923,8.38,2.0,2024-12-07T15:20:46.372
-124.60208,40.25049,16.54,1.46,2024-12-07T15:21:08.270
-124.47767,40.29419,8.59,2.13,2024-12-07T15:24:56.823
-124.83125,40.35872,5.23,2.13,2024-12-07T15:26:10.560
-124.708,40.43155,10.79,1.1,2024-12-07T15:31:04.270
-124.83478,40.364,9.48,2.17,2024-12-07T15:32:06.257
-124.73539,40.32485,19.25,1.3,2024-12-07T15:32:35.667
-124.49248,40.29062,8.65,1.88,2024-12-07T15:35:01.902
-124.47915,40.28849,7.98,1.09,2024-12-07T15:38:48.162
-124.49402,40.29312,7.19,1.74,2024-12-07T15:39:29.205
-124.88587,40.35738,16.52,2.35,2024-12-07T15:40:09.106
-125.13666,40.39003,10.1,2.41,2024-12-07T15:41:53.446
-124.91003,40.3632,17.09,2.28,2024-12-07T15:51:41.034
-124.78051,40.3463,19.74,2.81,2024-12-07T15:56:57.761
-124.79064,40.36533,6.68,2.12,2024-12-07T15:58:19.229
-124.50002,40.29436,8.89,1.51,2024-12-07T16:00:17.925
-124.56468,40.27867,4.96,1.13,2024-12-07T16:01:12.430
-124.51573,40.29735,7.08,2.18,2024-12-07T16:01:40.415
-124.64324,40.2507,8.03,1.63,2024-12-07T16:09:07.560
-124.78213,40.19023,1.11,2.18,2024-12-07T16:09:20.686
-124.55499,40.29204,19.99,2.08,2024-12-07T16:09:32.737
-124.76439,40.37796,5.52,2.42,2024-12-07T16:10:20.895
-124.89675,40.34993,6.2,1.81,2024-12-07T16:11:10.321
-124.74891,40.34264,11.61,1.94,2024-12-07T16:12:56.239
-124.52345,40.28974,20.13,1.58,2024-12-07T16:21:24.162
-124.84239,40.34294,18.51,2.26,2024-12-07T16:23:56.674
-124.8422,40.36184,8.41,2.34,2024-12-07T16:24:15.374
-124.84452,40.363,8.37,2.15,2024-12-07T16:25:18.003
-124.8449,40.363,8.46,2.23,2024-12-07T16:27:36.272
-124.49389,40.29316,7.14,1.42,2024-12-07T16:27:55.935
-124.50115,40.28425,20.01,1.83,2024-12-07T16:29:27.475
-124.55317,40.29281,20.02,2.02,2024-12-07T16:30:17.774
-124.50115,40.28425,20.01,1.81,2024-12-07T16:31:18.755
-124.64261,40.29272,7.7,1.57,2024-12-07T16:33:17.587
-124.67748,40.33816,20.76,1.81,2024-12-07T16:34:31.404
-124.55897,40.25089,9.04,1.25,2024-12-07T16:35:19.095
-124.78132,40.35078,5.24,1.76,2024-12-07T16:36:22.282
-124.9164,40.36027,16.16,2.01,2024-12-07T16:39:46.312
-124.74095,40.42179,9.97,2.6,2024-12-07T16:43:57.238
-124.78226,40.34834,10.31,1.86,2024-12-07T16:44:51.989
-125.09558,40.39816,6.52,2.34,2024-12-07T16:48:17.085
-124.40159,40.28724,8.28,1.03,2024-12-07T16:56:53.503
-124.99399,40.37805,5.95,2.42,2024-12-07T16:57:02.582
-124.92294,40.36541,15.55,2.76,2024-12-07T16:57:19.176
-124.74872,40.34325,11.65,1.91,2024-12-07T17:00:30.811
-124.74265,40.42247,9.87,2.6,2024-12-07T17:03:59.426
-125.04681,40.40072,9.78,2.16,2024-12-07T17:04:23.767
-124.74185,40.42218,9.83,1.77,2024-12-07T17:06:08.278
-124.70596,40.37881,7.08,1.56,2024-12-07T17:08:37.201
-125.0579,40.39132,10.33,2.32,2024-12-07T17:09:21.942
-124.89414,40.34973,6.25,1.81,2024-12-07T17:10:11.556
-124.49306,40.29034,8.68,2.22,2024-12-07T17:11:46.329
-124.69375,40.3495,7.06,1.51,2024-12-07T17:15:57.507
-124.64073,40.29261,7.13,2.21,2024-12-07T17:20:05.342
-124.91695,40.3605,16.34,2.12,2024-12-07T17:20:19.610
-124.84229,40.36231,8.51,2.32,2024-12-07T17:21:20.898
-124.87544,40.35592,16.7,2.35,2024-12-07T17:31:25.884
-124.84176,40.3662,9.26,2.27,2024-12-07T17:44:25.408
-124.81446,40.35657,5.83,2.01,2024-12-07T17:45:08.471
-124.74817,40.3434,11.6,2.07,2024-12-07T17:50:28.853
-125.0017,40.41331,15.34,2.03,2024-12-07T17:52:52.744
-124.4908,40.29174,7.03,1.42,2024-12-07T17:53:46.932
-125.00161,40.41308,15.29,2.03,2024-12-07T17:57:00.904
-124.40167,40.28724,8.32,1.03,2024-12-07T18:00:55.060
-124.40104,40.28707,8.29,1.03,2024-12-07T18:01:10.368
-125.04773,40.39705,8.09,2.23,2024-12-07T18:01:43.712
-124.49344,40.29629,6.83,1.49,2024-12-07T18:05:40.394
-124.62019,40.2719,0.67,1.17,2024-12-07T18:08:38.051
-125.04815,40.39653,8.78,2.6,2024-12-07T18:08:48.083
-124.76431,40.31262,6.58,2.02,2024-12-07T18:10:48.836
-124.48226,40.2804,20.41,2.09,2024-12-07T18:11:43.995
-124.81278,40.35455,5.02,2.36,2024-12-07T18:13:39.303
-124.41039,40.27723,8.33,1.03,2024-12-07T18:14:11.646
-125.02416,40.46883,7.14,2.31,2024-12-07T18:15:18.462
-124.70394,40.32617,19.16,1.76,2024-12-07T18:17:04.586
-124.91214,40.35872,16.39,2.07,2024-12-07T18:25:01.804
-124.87776,40.36963,9.35,2.43,2024-12-07T18:25:36.683
-124.6727,40.30469,16.07,2.11,2024-12-07T18:25:52.714
-124.79813,40.36865,6.49,2.17,2024-12-07T18:27:38.624
-124.85936,40.36832,8.37,2.04,2024-12-07T18:27:51.899
-124.49058,40.29226,6.93,0.85,2024-12-07T18:32:12.242
-124.72711,40.33196,20.08,1.96,2024-12-07T18:50:21.802
-125.0831,40.39316,9.01,3.09,2024-12-07T18:58:16.201
-124.49676,40.29275,6.86,0.85,2024-12-07T19:01:10.738
-124.49674,40.29066,7.06,1.56,2024-12-07T19:09:30.489
-124.50126,40.29119,8.78,1.51,2024-12-07T19:13:44.407
-124.46252,40.28356,7.72,1.01,2024-12-07T19:14:46.905
-124.89699,40.36359,16.01,2.16,2024-12-07T19:15:26.598
-124.38428,40.66778,3.02,1.29,2024-12-07T19:17:51.422
-124.90533,40.37059,6.25,2.02,2024-12-07T19:22:33.516
-124.88105,40.35903,16.73,2.07,2024-12-07T19:23:07.292
-124.39098,40.66952,3.46,1.27,2024-12-07T19:25:00.864
-124.73522,40.43383,7.26,1.34,2024-12-07T19:26:42.604
-124.80909,40.35145,6.12,2.17,2024-12-07T19:28:43.636
-124.64308,40.29193,7.54,1.57,2024-12-07T19:33:34.006
-124.99583,40.3927,7.02,2.27,2024-12-07T19:34:21.930
-124.72087,40.44854,10.88,1.54,2024-12-07T19:40:17.437
-124.49395,40.29287,7.28,1.58,2024-12-07T19:42:08.197
-124.83037,40.35756,6.29,2.0,2024-12-07T19:42:48.981
-124.72705,40.30892,4.38,1.1,2024-12-07T19:43:07.711
-125.04245,40.40345,10.92,1.97,2024-12-07T19:44:41.184
-124.70403,40.31704,19.75,2.61,2024-12-07T19:48:25.676
-124.49706,40.29009,7.07,1.52,2024-12-07T19:50:16.681
-124.49218,40.2922,7.17,1.79,2024-12-07T19:52:24.868
-124.49338,40.29059,7.07,3.69,2024-12-07T19:54:27.808
-124.49207,40.29261,6.99,0.85,2024-12-07T19:56:26.330
-124.9326,40.3344,18.64,2.24,2024-12-07T19:56:47.961
-124.49654,40.29324,7.17,0.93,2024-12-07T19:57:39.438
-124.49311,40.29183,7.13,1.2,2024-12-07T19:57:52.198
-124.49617,40.29367,7.15,1.47,2024-12-07T19:59:17.043
-124.49431,40.29295,7.18,1.24,2024-12-07T19:59:43.072
-124.49103,40.29112,6.96,1.4,2024-12-07T20:00:21.929
-124.48992,40.29225,7.07,0.84,2024-12-07T20:00:48.736
-124.4972,40.2913,8.67,1.51,2024-12-07T20:01:36.704
-124.4962,40.29299,7.21,1.22,2024-12-07T20:02:13.120
-124.49325,40.29246,7.21,1.0,2024-12-07T20:02:33.067
-124.49126,40.29416,6.98,0.88,2024-12-07T20:03:14.177
-124.49738,40.29295,7.06,1.56,2024-12-07T20:03:36.486
-124.49845,40.29316,6.81,1.24,2024-12-07T20:04:16.748
-124.82539,40.36152,9.51,2.23,2024-12-07T20:05:39.270
-124.49644,40.29345,7.11,1.24,2024-12-07T20:06:11.629
-124.8264,40.36187,9.49,2.06,2024-12-07T20:10:04.664
-124.49754,40.29172,8.55,1.5,2024-12-07T20:12:23.780
-124.4928,40.29252,7.25,1.55,2024-12-07T20:12:39.630
-124.48844,40.29064,7.22,1.13,2024-12-07T20:12:59.463
-124.49332,40.29299,7.14,0.88,2024-12-07T20:13:17.776
-125.02007,40.47235,7.24,2.25,2024-12-07T20:13:28.243
-124.49272,40.29407,6.71,0.83,2024-12-07T20:15:01.169
-124.49249,40.29124,7.24,1.54,2024-12-07T20:19:37.397
-124.69592,40.32386,5.89,2.29,2024-12-07T20:20:58.141
-124.49866,40.29288,7.07,1.59,2024-12-07T20:21:29.675
-125.02203,40.47008,7.28,2.32,2024-12-07T20:21:47.182
-124.49563,40.29384,7.19,1.24,2024-12-07T20:22:23.076
-124.62861,40.29821,17.8,1.89,2024-12-07T20:22:55.053
-124.48897,40.29009,7.71,0.75,2024-12-07T20:23:05.828
-125.03646,40.41212,12.96,2.3,2024-12-07T20:28:11.828
-124.4945,40.29346,7.17,1.24,2024-12-07T20:30:23.018
-124.49573,40.29314,7.13,1.24,2024-12-07T20:30:39.240
-124.61627,40.29196,13.6,1.54,2024-12-07T20:32:16.999
-124.3847,40.66744,3.17,1.29,2024-12-07T20:33:41.653
-124.49433,40.29313,7.15,1.74,2024-12-07T20:36:05.432
-124.49545,40.29217,7.22,1.52,2024-12-07T20:37:26.348
-124.49241,40.29272,7.04,0.84,2024-12-07T20:37:46.600
-124.50283,40.29132,8.23,1.19,2024-12-07T20:38:01.575
-124.47728,40.28878,7.88,1.09,2024-12-07T20:38:23.373
-124.76094,40.33259,19.12,1.92,2024-12-07T20:41:17.874
-124.49498,40.29331,7.21,1.22,2024-12-07T20:43:38.803
-124.81187,40.66302,8.02,1.87,2024-12-07T20:43:52.770
-124.49159,40.29302,6.98,0.85,2024-12-07T20:45:01.620
-124.49386,40.29194,7.2,0.95,2024-12-07T20:47:06.673
-124.44382,40.28402,8.12,1.2,2024-12-07T20:51:40.070
-124.49212,40.29907,7.63,0.88,2024-12-07T20:52:25.467
-124.74521,40.33856,5.23,1.92,2024-12-07T20:54:11.591
-124.66072,40.33439,7.02,1.84,2024-12-07T20:54:32.148
-124.62188,40.21515,2.63,1.63,2024-12-07T20:56:01.112
-124.68353,40.3211,8.83,2.05,2024-12-07T20:58:02.984
-124.49768,40.29406,7.37,0.94,2024-12-07T20:58:46.764
-124.50051,40.29394,7.35,1.14,2024-12-07T20:59:28.517
-124.92274,40.44148,1.75,2.58,2024-12-07T20:59:39.491
-124.72348,40.4304,11.42,1.45,2024-12-07T21:03:14.583
-124.70906,40.43382,10.69,1.73,2024-12-07T21:03:52.413
-124.49275,40.29268,6.9,0.87,2024-12-07T21:06:04.974
-124.72348,40.43041,11.46,1.45,2024-12-07T21:06:34.553
-124.5597,40.28294,6.12,2.02,2024-12-07T21:07:30.547
-124.4916,40.29195,6.97,0.83,2024-12-07T21:12:08.335
-124.48798,40.29353,7.75,1.42,2024-12-07T21:13:18.809
-125.01028,40.43157,13.43,2.51,2024-12-07T21:13:54.046
-124.48967,40.29212,7.1,0.85,2024-12-07T21:20:13.529
-124.49071,40.29198,7.16,1.64,2024-12-07T21:21:09.251
-125.04687,40.386,11.46,2.32,2024-12-07T21:22:29.437
-124.49517,40.29249,7.12,0.94,2024-12-07T21:29:38.913
-124.55976,40.4708,17.4,2.53,2024-12-07T21:30:02.588
-124.76221,40.3115,4.75,2.03,2024-12-07T21:31:18.449
-124.51722,40.29746,6.74,2.02,2024-12-07T21:31:33.419
-124.80509,40.37076,6.31,2.27,2024-12-07T21:38:07.646
-124.95339,40.39574,9.68,2.64,2024-12-07T21:41:28.434
-124.49399,40.29306,7.11,0.94,2024-12-07T21:43:05.166
-124.95417,40.39592,9.68,2.41,2024-12-07T21:43:34.466
-124.49443,40.29331,7.21,0.93,2024-12-07T21:44:54.828
-124.49749,40.29333,7.17,1.48,2024-12-07T21:45:07.183
-124.385,40.66759,3.03,1.29,2024-12-07T21:53:39.834
-124.49608,40.29244,7.51,0.89,2024-12-07T21:55:35.494
-124.91545,40.36461,17.09,2.24,2024-12-07T22:00:26.889
-124.75777,40.37722,12.98,1.48,2024-12-07T22:00:41.337
-124.49369,40.29453,6.91,0.87,2024-12-07T22:01:21.768
-124.96256,40.37702,15.08,2.19,2024-12-07T22:01:58.662
-124.69179,40.32319,5.84,1.91,2024-12-07T22:04:11.499
-124.49747,40.29315,7.08,3.63,2024-12-07T22:04:31.019
-124.64261,40.29233,7.61,1.57,2024-12-07T22:08:38.434
-124.48525,40.29046,7.1,1.5,2024-12-07T22:09:56.001
-124.49281,40.29335,7.18,1.67,2024-12-07T22:12:26.895
-124.68348,40.24337,12.42,1.68,2024-12-07T22:12:56.012
-124.49247,40.292,7.03,0.85,2024-12-07T22:15:16.839
-124.49711,40.29257,7.18,1.14,2024-12-07T22:16:51.786
-124.39437,40.28587,8.37,1.36,2024-12-07T22:20:10.147
-124.49929,40.29262,7.11,1.91,2024-12-07T22:20:41.016
-124.49696,40.29506,7.0,1.92,2024-12-07T22:21:57.739
-124.49494,40.29303,7.22,1.23,2024-12-07T22:24:26.383
-124.70101,40.32299,6.32,2.31,2024-12-07T22:25:25.575
-124.49921,40.29331,7.07,2.25,2024-12-07T22:27:31.926
-124.49653,40.29208,7.14,1.36,2024-12-07T22:29:19.350
-124.49436,40.29643,6.83,1.49,2024-12-07T22:29:29.130
-124.90455,40.37062,6.24,2.02,2024-12-07T22:29:45.056
-124.47881,40.28826,8.52,0.95,2024-12-07T22:31:50.890
-124.48865,40.29167,7.14,0.75,2024-12-07T22:32:49.306
-124.62503,40.27035,1.6,1.26,2024-12-07T22:33:30.718
-124.49551,40.29224,7.19,1.14,2024-12-07T22:34:00.180
-124.84509,40.363,8.36,2.78,2024-12-07T22:35:24.951
-124.83187,40.35791,5.55,2.3,2024-12-07T22:36:25.506
-124.07873,40.18359,24.75,0.86,2024-12-07T22:39:37.987
-124.65122,40.31662,19.04,2.07,2024-12-07T22:42:00.719
-124.74274,40.42223,9.74,2.3,2024-12-07T22:47:09.550
-124.49383,40.2926,6.9,0.88,2024-12-07T22:48:45.145
-124.50434,40.29537,7.48,0.93,2024-12-07T22:50:35.568
-124.80017,40.35306,4.63,2.73,2024-12-07T22:54:30.023
-124.62445,40.27119,1.27,1.52,2024-12-07T22:58:17.131
-124.50434,40.28256,19.25,1.71,2024-12-07T23:01:11.045
-125.0217,40.47072,7.22,2.23,2024-12-07T23:02:20.566
-124.82847,40.35813,5.72,2.21,2024-12-07T23:05:23.451
-124.6155,40.25845,13.11,1.27,2024-12-07T23:05:49.326
-124.49202,40.29304,6.92,0.85,2024-12-07T23:13:55.822
-124.82901,40.3596,5.67,1.61,2024-12-07T23:15:13.628
-124.73545,40.43294,7.21,1.34,2024-12-07T23:18:31.995
-124.90994,40.35941,16.57,2.1,2024-12-07T23:21:54.967
-124.49077,40.29209,7.01,1.42,2024-12-07T23:23:39.380
-124.48946,40.29044,7.21,0.75,2024-12-07T23:25:33.740
-124.79058,40.36536,6.67,2.12,2024-12-07T23:26:10.730
-124.48975,40.29085,7.13,0.91,2024-12-07T23:30:11.211
-124.80139,40.35195,6.19,2.37,2024-12-07T23:30:29.144
-124.49621,40.29336,7.1,1.79,2024-12-07T23:31:32.101
-124.50626,40.2829,15.21,1.67,2024-12-07T23:34:37.436
-124.6631,40.3014,15.57,1.87,2024-12-07T23:35:20.601
-124.48748,40.28988,6.9,0.82,2024-12-07T23:41:39.494
-124.72351,40.44942,11.48,1.91,2024-12-07T23:44:02.961
-124.4883,40.29048,7.13,0.91,2024-12-07T23:45:14.109
-124.88038,40.41722,1.09,2.25,2024-12-07T23:46:48.711
-124.47437,40.28879,8.37,0.73,2024-12-07T23:51:36.656
-124.74279,40.33415,3.3,1.2,2024-12-07T23:52:06.731
-124.64058,40.30002,18.19,2.0,2024-12-07T23:52:49.965
-124.56931,40.2901,20.29,1.68,2024-12-07T23:54:36.406
-124.48761,40.29102,7.21,0.63,2024-12-08T00:02:25.240
-124.47885,40.28839,8.03,1.21,2024-12-08T00:02:36.103
-124.4781,40.28708,8.06,1.2,2024-12-08T00:02:43.256
-124.67968,40.23793,11.65,1.68,2024-12-08T00:02:50.319
-124.47403,40.28798,7.89,1.29,2024-12-08T00:03:02.619
-124.4907,40.29281,7.02,0.85,2024-12-08T00:03:18.635
-124.72284,40.43001,11.37,1.93,2024-12-08T00:03:30.469
-124.79594,40.35201,7.66,1.92,2024-12-08T00:04:45.569
-124.86558,40.36113,8.01,2.29,2024-12-08T00:06:24.187
-125.04051,40.39031,8.07,2.23,2024-12-08T00:07:17.213
-124.72252,40.43054,11.36,1.74,2024-12-08T00:08:23.532
-125.02258,40.4722,7.27,2.5,2024-12-08T00:12:18.189
-124.72214,40.42981,11.41,1.86,2024-12-08T00:12:43.759
-124.72308,40.42997,11.42,1.45,2024-12-08T00:14:09.586
-124.91578,40.30717,2.76,2.28,2024-12-08T00:15:35.656
-124.75283,40.37438,13.3,1.48,2024-12-08T00:17:46.715
-124.7648,40.34776,5.15,1.89,2024-12-08T00:18:20.146
-125.00715,40.37961,10.41,2.56,2024-12-08T00:19:31.248
-124.82776,40.35807,5.75,2.21,2024-12-08T00:19:48.031
-124.49231,40.2942,6.92,0.57,2024-12-08T00:21:47.236
-124.70832,40.31639,20.35,1.65,2024-12-08T00:23:11.189
-124.72368,40.43075,11.37,1.45,2024-12-08T00:23:52.543
-125.01415,40.43142,13.55,2.41,2024-12-08T00:26:48.620
-124.8422,40.36622,9.32,2.17,2024-12-08T00:30:25.530
-124.49066,40.29386,7.21,0.83,2024-12-08T00:42:03.392
-124.53601,40.29863,7.04,1.55,2024-12-08T00:45:56.015
-124.49158,40.29195,6.67,1.47,2024-12-08T00:46:51.099
-125.02369,40.40138,12.44,2.06,2024-12-08T00:47:27.543
-124.4562,40.2898,8.08,1.49,2024-12-08T00:50:18.478
-124.47822,40.28691,7.67,1.29,2024-12-08T00:54:31.451
-124.78064,40.35093,5.26,1.76,2024-12-08T00:55:21.220
-124.54308,40.29639,19.67,1.33,2024-12-08T00:59:37.383
-124.49082,40.29316,7.18,0.94,2024-12-08T01:00:44.582
-124.48994,40.29593,7.16,0.87,2024-12-08T01:06:03.894
-124.4999,40.29316,7.1,1.34,2024-12-08T01:06:32.762
-124.69982,40.31441,4.84,2.22,2024-12-08T01:12:19.597
-124.48878,40.29226,6.98,0.85,2024-12-08T01:20:20.090
-124.49087,40.29247,6.99,0.85,2024-12-08T01:21:47.518
-124.7237,40.45195,10.87,1.81,2024-12-08T01:25:54.598
-124.82213,40.3567,5.21,2.3,2024-12-08T01:26:55.249
-124.49112,40.29239,7.0,0.85,2024-12-08T01:28:42.313
-124.57238,40.35394,15.69,1.35,2024-12-08T01:29:06.988
-124.93934,40.44251,5.01,2.29,2024-12-08T01:29:14.022
-124.79422,40.36669,6.71,2.31,2024-12-08T01:32:12.172
-125.04191,40.38346,5.44,2.53,2024-12-08T01:32:58.060
-124.72387,40.43087,11.36,2.17,2024-12-08T01:33:36.050
-124.49306,40.29322,7.18,1.7,2024-12-08T01:35:35.517
-124.90576,40.35755,16.8,2.35,2024-12-08T01:35:57.632
-124.70188,40.30669,20.99,1.69,2024-12-08T01:36:36.115
-124.49309,40.29278,7.08,0.88,2024-12-08T01:38:36.095
-124.49394,40.29503,6.95,0.83,2024-12-08T01:39:14.777
-124.62231,40.29573,17.81,1.9,2024-12-08T01:46:03.134
-124.40464,40.27779,7.78,1.88,2024-12-08T01:57:52.463
-124.54582,40.2983,14.06,2.19,2024-12-08T02:01:23.075
-124.4913,40.29266,7.2,0.91,2024-12-08T02:03:09.811
-124.49366,40.29371,7.07,1.24,2024-12-08T02:03:57.845
-124.56618,40.28257,5.89,1.82,2024-12-08T02:08:18.354
-124.87895,40.36443,16.5,2.24,2024-12-08T02:08:32.373
-124.84463,40.35702,14.87,1.62,2024-12-08T02:14:43.052
-124.72379,40.43102,11.34,1.74,2024-12-08T02:14:57.365
-124.77836,40.26552,1.3,1.86,2024-12-08T02:15:14.160
-124.79318,40.33336,19.68,2.09,2024-12-08T02:27:19.395
-124.49711,40.29162,6.82,1.64,2024-12-08T02:27:32.966
-124.81981,40.36906,5.48,2.08,2024-12-08T02:28:37.876
-124.82991,40.35744,5.53,2.22,2024-12-08T02:39:06.632
-124.91387,40.36427,17.06,2.24,2024-12-08T02:40:47.924
-124.49329,40.29219,7.2,1.55,2024-12-08T02:41:30.230
-124.9424,40.36827,15.87,2.15,2024-12-08T02:42:03.791
-125.05558,40.37894,6.08,2.52,2024-12-08T02:43:15.715
-124.61514,40.24984,16.1,1.51,2024-12-08T02:43:27.150
-124.48459,40.29576,8.2,0.77,2024-12-08T02:44:06.938
-124.71956,40.42974,11.29,1.86,2024-12-08T02:44:58.309
-124.64584,40.35522,16.23,2.31,2024-12-08T02:46:06.729
-124.74015,40.41942,9.89,2.22,2024-12-08T02:47:02.068
-124.48993,40.29183,7.77,1.79,2024-12-08T02:53:35.963
-124.50171,40.28411,20.01,1.73,2024-12-08T03:00:06.889
-124.51481,40.28031,15.03,1.28,2024-12-08T03:03:35.996
-124.5719,40.35379,15.68,1.37,2024-12-08T03:03:53.366
-124.49105,40.29329,6.95,0.57,2024-12-08T03:04:50.707
-124.48965,40.2905,7.17,0.75,2024-12-08T03:12:12.299
-124.72193,40.43328,9.98,1.74,2024-12-08T03:12:23.767
-124.86759,40.35393,13.92,2.08,2024-12-08T03:21:15.889
-124.49248,40.29282,7.18,0.93,2024-12-08T03:25:02.030
-124.70713,40.37899,7.02,1.64,2024-12-08T03:26:43.279
-124.7774,40.34776,10.43,1.99,2024-12-08T03:29:36.571
-124.487,40.28995,7.12,1.5,2024-12-08T03:33:34.954
-124.48736,40.28944,7.19,1.06,2024-12-08T03:34:09.233
-124.50533,40.29308,6.99,1.62,2024-12-08T03:34:58.753
-124.6917,40.35709,7.82,2.1,2024-12-08T03:44:20.555
-124.72225,40.44919,11.46,1.88,2024-12-08T03:51:48.891
-124.50047,40.29819,7.37,0.93,2024-12-08T03:52:22.297
-124.49183,40.29309,7.28,1.55,2024-12-08T03:53:09.024
-124.48476,40.28936,6.88,1.48,2024-12-08T04:00:05.742
-124.47845,40.28781,7.97,1.17,2024-12-08T04:03:07.506
-124.47964,40.28766,7.92,1.59,2024-12-08T04:03:44.709
-124.78909,40.24872,1.87,1.79,2024-12-08T04:05:05.666
-124.90395,40.37202,6.41,2.02,2024-12-08T04:08:31.091
-124.49195,40.29201,6.95,1.42,2024-12-08T04:09:37.702
-124.45669,40.47368,18.93,0.6,2024-12-08T04:12:28.415
-124.89865,40.35042,6.14,1.81,2024-12-08T04:14:00.534
-124.51058,40.29329,8.72,2.19,2024-12-08T04:17:03.544
-125.05902,40.3939,10.25,2.31,2024-12-08T04:18:03.620
-124.68778,40.31606,19.68,1.86,2024-12-08T04:22:57.187
-125.08813,40.3963,8.9,2.39,2024-12-08T04:29:03.609
-124.48934,40.29076,7.15,1.2,2024-12-08T04:30:53.537
-124.48736,40.28923,6.99,1.53,2024-12-08T04:32:11.609
-124.5074,40.28443,19.33,1.6,2024-12-08T04:37:03.005
-124.51554,40.47904,26.23,1.39,2024-12-08T04:37:28.958
-124.67619,40.33722,20.73,1.81,2024-12-08T04:45:53.740
-124.49238,40.29208,7.0,0.83,2024-12-08T04:47:21.581
-124.40344,40.27805,7.74,1.99,2024-12-08T04:47:43.994
-125.093,40.39502,8.93,2.46,2024-12-08T04:48:52.253
-124.97012,40.37257,11.3,2.33,2024-12-08T04:54:39.225
-124.84524,40.363,8.31,2.08,2024-12-08T04:55:56.929
-124.4923,40.29236,7.03,0.88,2024-12-08T04:56:26.868
-124.4474,40.28843,8.47,0.66,2024-12-08T04:56:55.653
-125.0489,40.39033,10.92,2.18,2024-12-08T04:57:32.574
-124.6452,40.23581,12.49,1.56,2024-12-08T05:00:49.763
-124.49208,40.29311,6.95,0.87,2024-12-08T05:01:04.332
-124.74255,40.42309,10.54,1.91,2024-12-08T05:01:53.589
-124.82705,40.35711,5.56,2.15,2024-12-08T05:07:53.990
-124.6258,40.30578,19.04,1.51,2024-12-08T05:10:19.349
-124.67725,40.29908,16.34,2.37,2024-12-08T05:10:44.952
-124.46876,40.32012,7.73,1.55,2024-12-08T05:11:31.226
-124.49328,40.29049,6.67,0.81,2024-12-08T05:16:48.099
-124.49161,40.29279,6.93,0.86,2024-12-08T05:18:42.306
-124.70147,40.42957,12.37,2.27,2024-12-08T05:19:32.695
-124.86081,40.36814,8.36,2.54,2024-12-08T05:21:01.069
-125.0679,40.38818,8.86,2.62,2024-12-08T05:23:03.565
-124.78274,40.28138,2.75,1.72,2024-12-08T05:24:55.602
-124.46747,40.47226,17.89,1.44,2024-12-08T05:28:16.528
-124.46742,40.47228,17.89,1.41,2024-12-08T05:30:14.888
-124.88599,40.36423,15.57,2.58,2024-12-08T05:31:05.370
-124.73183,40.32857,9.35,2.41,2024-12-08T05:38:08.019
-124.80224,40.35181,6.12,2.29,2024-12-08T05:40:31.786
-124.72445,40.43195,11.2,2.03,2024-12-08T05:41:13.658
-124.82552,40.3614,9.5,2.23,2024-12-08T05:44:46.975
-124.54651,40.28833,19.63,1.55,2024-12-08T05:47:17.190
-124.93888,40.36276,15.01,1.63,2024-12-08T06:06:55.783
-124.88068,40.41703,1.17,2.44,2024-12-08T06:07:29.214
-124.64942,40.2997,18.12,1.75,2024-12-08T06:08:45.586
-124.38437,40.66695,3.08,1.29,2024-12-08T06:11:22.509
-124.70244,40.3189,6.16,2.25,2024-12-08T06:11:39.727
-124.48474,40.29025,7.11,1.48,2024-12-08T06:12:10.189
-124.93217,40.33477,18.59,2.21,2024-12-08T06:14:54.660
-124.47844,40.28877,7.9,2.39,2024-12-08T06:15:13.419
-124.46842,40.32002,7.72,1.81,2024-12-08T06:16:11.087
-124.46864,40.32014,7.68,1.78,2024-12-08T06:19:03.697
-124.46861,40.31942,7.53,1.72,2024-12-08T06:27:11.361
-124.38514,40.66744,3.07,1.29,2024-12-08T06:29:29.092
-124.48324,40.29432,7.97,0.81,2024-12-08T06:31:47.812
-124.48391,40.29054,7.01,0.64,2024-12-08T06:32:20.524
-124.49259,40.29415,6.91,0.87,2024-12-08T06:34:21.631
-124.50302,40.49845,26.09,1.45,2024-12-08T06:37:20.463
-124.49288,40.29475,7.08,0.85,2024-12-08T06:38:35.105
-124.52415,40.2979,7.25,2.0,2024-12-08T06:40:36.502
-125.02046,40.39576,10.77,2.34,2024-12-08T06:41:17.917
-124.81519,40.35634,9.1,2.45,2024-12-08T06:42:33.915
-124.46798,40.31975,7.72,1.56,2024-12-08T06:43:32.930
-124.89019,40.3596,16.74,2.32,2024-12-08T06:44:38.789
-124.77739,40.34845,10.44,1.99,2024-12-08T06:45:32.022
-125.04916,40.38983,8.07,2.52,2024-12-08T06:45:39.871
-124.78419,40.19024,1.35,2.14,2024-12-08T06:50:01.754
-124.47691,40.28839,8.07,1.21,2024-12-08T06:55:34.181
-124.9032,40.36552,15.25,2.09,2024-12-08T06:56:30.643
-124.48818,40.29492,6.99,0.87,2024-12-08T06:58:51.617
-124.83167,40.35805,5.55,2.17,2024-12-08T07:00:00.798
-124.84198,40.36245,8.46,2.21,2024-12-08T07:06:11.832
-124.69721,40.30899,21.27,1.69,2024-12-08T07:07:11.690
-124.47651,40.28964,8.19,0.73,2024-12-08T07:07:35.312
-124.48614,40.29374,6.82,1.47,2024-12-08T07:09:13.641
-124.76382,40.37819,5.38,2.4,2024-12-08T07:09:52.135
-124.48838,40.28984,6.9,0.63,2024-12-08T07:14:07.670
-124.47778,40.28844,7.98,1.29,2024-12-08T07:14:20.487
-124.47859,40.28849,7.93,1.57,2024-12-08T07:15:17.282
-124.89084,40.36416,16.69,2.27,2024-12-08T07:20:12.182
-124.49043,40.29403,7.02,0.88,2024-12-08T07:26:05.399
-124.78067,40.35098,5.25,1.76,2024-12-08T07:33:06.769
-124.49054,40.2929,7.11,0.82,2024-12-08T07:34:13.322
-124.90711,40.36483,17.1,2.25,2024-12-08T07:43:53.230
-124.47691,40.29001,8.31,0.73,2024-12-08T07:45:57.745
-125.01398,40.41521,12.11,2.16,2024-12-08T07:51:40.810
-125.01385,40.41473,12.23,2.16,2024-12-08T07:54:20.169
-124.50642,40.29738,6.8,1.66,2024-12-08T07:57:37.996
-124.80394,40.34525,8.48,2.53,2024-12-08T07:58:14.755
-124.94877,40.36873,15.72,2.17,2024-12-08T07:59:50.722
-125.02525,40.39394,10.04,2.57,2024-12-08T08:05:19.140
-124.62769,40.30199,17.94,1.9,2024-12-08T08:12:54.151
-124.67624,40.33758,20.82,1.81,2024-12-08T08:14:03.629
-124.71522,40.4003,13.03,1.03,2024-12-08T08:15:58.144
-124.00806,40.50774,20.49,1.05,2024-12-08T08:17:00.559
-124.72478,40.43184,11.25,1.78,2024-12-08T08:17:33.294
-124.86464,40.35428,18.39,2.27,2024-12-08T08:19:30.195
-124.72028,40.44914,11.05,1.58,2024-12-08T08:22:47.521
-124.46832,40.32014,7.71,1.81,2024-12-08T08:24:28.700
-124.4884,40.29046,7.27,0.91,2024-12-08T08:30:32.250
-124.44896,40.29241,8.19,1.48,2024-12-08T08:36:26.571
-124.94238,40.3727,13.36,3.09,2024-12-08T08:42:41.998
-124.49077,40.29114,7.13,1.17,2024-12-08T08:47:09.821
-124.72315,40.42975,11.57,1.45,2024-12-08T08:47:33.904
-124.48783,40.28946,7.07,1.71,2024-12-08T08:49:39.598
-124.48831,40.29036,7.15,1.06,2024-12-08T08:51:15.055
-124.7406,40.3294,8.96,2.41,2024-12-08T08:52:21.788
-125.09345,40.40097,6.51,2.34,2024-12-08T08:54:25.871
-124.48777,40.28955,7.07,1.55,2024-12-08T08:57:30.760
-124.48773,40.29026,7.13,0.91,2024-12-08T08:58:42.721
-124.64261,40.29233,7.61,1.57,2024-12-08T09:01:45.553
-124.64205,40.28973,7.33,1.57,2024-12-08T09:02:50.039
-124.72537,40.43219,11.35,1.45,2024-12-08T09:08:23.192
-124.92629,40.36383,16.49,2.2,2024-12-08T09:09:05.537
-124.48582,40.28938,6.93,1.48,2024-12-08T09:09:52.918
-124.47573,40.29067,8.43,0.74,2024-12-08T09:15:27.390
-124.9131,40.3484,15.83,2.31,2024-12-08T09:15:54.901
-124.72434,40.43207,11.28,1.74,2024-12-08T09:16:36.074
-124.90501,40.35603,16.72,2.25,2024-12-08T09:17:02.980
-124.4862,40.28855,6.84,1.53,2024-12-08T09:19:49.049
-124.4864,40.28915,6.87,1.49,2024-12-08T09:19:57.895
-124.55231,40.28853,19.82,1.67,2024-12-08T09:21:02.892
-124.47567,40.28898,7.91,3.16,2024-12-08T09:22:45.412
-124.69103,40.3254,6.32,2.24,2024-12-08T09:26:25.707
-124.72437,40.43182,11.32,1.74,2024-12-08T09:29:37.297
-124.83464,40.3642,9.46,2.4,2024-12-08T09:29:57.929
-124.64892,40.26612,1.51,1.75,2024-12-08T09:35:01.897
-125.067,40.38838,8.87,2.86,2024-12-08T09:36:27.366
-124.66764,40.30144,15.88,1.93,2024-12-08T09:38:35.027
-124.47661,40.28831,7.96,1.45,2024-12-08T09:38:49.737
-124.47839,40.28813,7.97,1.69,2024-12-08T09:39:05.503
-124.47798,40.28821,7.91,1.55,2024-12-08T09:39:31.700
-124.47756,40.28837,7.94,1.68,2024-12-08T09:39:41.384
-124.47516,40.28554,7.1,1.29,2024-12-08T09:40:04.448
-124.47754,40.28724,7.63,1.27,2024-12-08T09:44:53.334
-124.47834,40.29149,7.9,1.77,2024-12-08T09:45:37.363
-124.65595,40.30894,11.09,1.37,2024-12-08T09:46:01.439
-124.78635,40.35515,8.47,2.17,2024-12-08T09:49:53.003
-124.49527,40.29321,7.15,1.73,2024-12-08T09:54:47.027
-124.70806,40.46875,13.96,1.85,2024-12-08T09:56:59.824
-124.37114,40.286,20.22,1.49,2024-12-08T09:59:32.496
-124.45208,40.51699,26.74,2.18,2024-12-08T10:05:49.781
-124.69467,40.34968,7.14,2.11,2024-12-08T10:11:13.720
-124.78935,40.24883,1.74,1.78,2024-12-08T10:12:26.369
-124.47442,40.28842,8.0,1.49,2024-12-08T10:13:36.286
-124.4772,40.28689,7.5,0.81,2024-12-08T10:13:46.993
-124.47638,40.28932,8.29,0.73,2024-12-08T10:15:29.325
-124.68878,40.3038,15.44,2.36,2024-12-08T10:15:47.643
-124.47847,40.28805,8.01,1.66,2024-12-08T10:19:01.626
-124.84612,40.36375,8.67,2.14,2024-12-08T10:19:57.557
-125.09458,40.40037,5.87,2.35,2024-12-08T10:21:44.546
-124.8222,40.33978,18.78,2.73,2024-12-08T10:25:19.832
-124.72363,40.4313,11.23,1.74,2024-12-08T10:30:26.199
-124.58649,40.23682,2.39,1.93,2024-12-08T10:30:36.423
-124.48155,40.45864,25.11,2.09,2024-12-08T10:36:03.794
-124.47472,40.2887,8.11,1.19,2024-12-08T10:39:09.867
-124.83135,40.36398,9.44,2.24,2024-12-08T10:43:48.165
-124.88804,40.36621,16.56,2.4,2024-12-08T10:47:04.498
-124.47451,40.29154,8.45,0.73,2024-12-08T11:01:54.595
-124.47692,40.28865,8.13,0.88,2024-12-08T11:09:41.020
-124.81914,40.35664,5.69,2.22,2024-12-08T11:15:46.638
-124.49392,40.29305,7.26,2.32,2024-12-08T11:25:56.931
-124.68183,40.35892,7.0,1.73,2024-12-08T11:43:16.807
-124.92867,40.36493,16.5,1.9,2024-12-08T11:51:10.698
-124.47906,40.28851,7.97,1.97,2024-12-08T11:53:07.615
-124.47914,40.28728,7.99,1.69,2024-12-08T11:54:37.057
-124.93562,40.38332,7.98,2.4,2024-12-08T11:55:00.907
-124.85909,40.36851,8.4,2.62,2024-12-08T11:57:07.268
-124.77805,40.34752,10.42,1.99,2024-12-08T12:01:17.004
-124.80613,40.35298,5.45,2.57,2024-12-08T12:01:30.226
-124.86705,40.37008,8.0,2.41,2024-12-08T12:02:05.579
-124.42818,40.52912,18.87,0.6,2024-12-08T12:03:28.584
-125.10267,40.40397,10.26,2.26,2024-12-08T12:03:40.111
-124.49326,40.2934,7.23,1.71,2024-12-08T12:05:32.672
-124.56534,40.29108,18.73,1.57,2024-12-08T12:05:57.667
-124.47587,40.28765,7.7,1.29,2024-12-08T12:14:34.468
-124.6802,40.3027,15.52,2.23,2024-12-08T12:15:02.685
-124.69177,40.32317,5.99,2.26,2024-12-08T12:25:17.264
-124.95886,40.39554,15.2,2.3,2024-12-08T12:32:47.035
-124.69166,40.32312,5.92,2.27,2024-12-08T12:37:37.742
-124.78451,40.35456,8.53,2.15,2024-12-08T12:40:14.655
-124.47883,40.28872,7.96,1.87,2024-12-08T12:40:36.426
-124.80593,40.25009,0.01,1.66,2024-12-08T12:44:38.881
-124.84619,40.36446,8.71,2.3,2024-12-08T12:45:27.366
-124.66486,40.30272,16.23,2.51,2024-12-08T12:46:27.488
-124.47941,40.2917,8.79,0.96,2024-12-08T12:48:56.955
-124.8067,40.35384,5.17,2.63,2024-12-08T12:49:33.117
-124.68778,40.31606,19.68,2.35,2024-12-08T12:49:58.207
-124.47865,40.29109,7.82,0.99,2024-12-08T12:52:08.488
-124.69457,40.34988,7.2,2.72,2024-12-08T12:55:16.237
-124.84427,40.36627,9.18,2.35,2024-12-08T13:08:58.517
-124.80697,40.36304,5.71,2.16,2024-12-08T13:18:32.288
-124.47673,40.28757,7.77,1.29,2024-12-08T13:23:22.413
-124.47473,40.2886,7.98,0.81,2024-12-08T13:23:58.719
-124.6258,40.30578,19.04,1.51,2024-12-08T13:24:13.019
-125.10587,40.39657,8.88,2.81,2024-12-08T13:24:41.141
-124.66557,40.29779,18.07,1.45,2024-12-08T13:31:28.990
-124.47506,40.28836,8.24,1.21,2024-12-08T13:31:55.421
-124.81117,40.35553,4.92,2.38,2024-12-08T13:32:45.313
-124.93073,40.45282,3.93,2.35,2024-12-08T13:36:32.698
-124.71148,40.38549,6.98,2.14,2024-12-08T13:37:47.253
-124.4835,40.29163,7.2,1.57,2024-12-08T13:43:04.753
-124.50228,40.28459,19.23,1.67,2024-12-08T13:45:12.334
-124.79537,40.35201,7.63,1.91,2024-12-08T13:45:59.223
-124.44242,40.28869,8.15,1.23,2024-12-08T13:48:49.437
-124.49626,40.29568,7.32,2.08,2024-12-08T13:51:55.534
-124.44218,40.2886,8.21,1.19,2024-12-08T13:57:46.615
-124.44247,40.28902,8.12,1.64,2024-12-08T13:58:20.014
-124.49804,40.29173,7.68,0.99,2024-12-08T14:13:54.044
-125.10267,40.40397,10.26,2.26,2024-12-08T14:14:23.381
-124.56713,40.30366,17.17,1.25,2024-12-08T14:15:53.931
-124.47287,40.29118,7.84,1.03,2024-12-08T14:17:49.257
-124.0014,40.77681,21.22,1.15,2024-12-08T14:18:15.144
-124.83321,40.35798,5.51,2.35,2024-12-08T14:26:38.922
-124.50523,40.29646,6.98,1.47,2024-12-08T14:27:56.456
-124.97738,40.43755,12.05,2.23,2024-12-08T14:28:05.955
-124.48774,40.29005,7.18,1.06,2024-12-08T14:30:56.705
-124.48441,40.29365,7.8,0.8,2024-12-08T14:50:14.482
-124.66226,40.30243,16.19,2.57,2024-12-08T14:59:01.584
-124.9568,40.35407,30.77,2.27,2024-12-08T15:01:59.609
-124.89744,40.34981,6.17,1.81,2024-12-08T15:04:14.241
-124.00776,40.50774,20.43,0.92,2024-12-08T15:04:49.968
-124.72317,40.42676,8.31,1.63,2024-12-08T15:05:18.113
-124.63805,40.29835,18.29,1.98,2024-12-08T15:11:40.548
-124.86797,40.35061,16.86,3.17,2024-12-08T15:15:46.989
-124.42301,40.51966,18.86,1.21,2024-12-08T15:20:13.725
-125.1425,40.43817,10.99,2.53,2024-12-08T15:24:38.909
-124.6423,40.2924,7.71,1.57,2024-12-08T15:25:38.786
-124.67736,40.33807,20.79,1.78,2024-12-08T15:26:34.458
-124.98944,40.38131,17.45,2.23,2024-12-08T15:32:03.604
-124.43017,40.28366,13.2,1.0,2024-12-08T15:33:30.960
-124.47971,40.28885,7.98,1.59,2024-12-08T15:33:43.144
-124.60038,40.36752,15.38,1.88,2024-12-08T15:36:22.523
-124.90417,40.3661,17.75,2.56,2024-12-08T15:40:11.943
-124.42963,40.28374,13.16,1.0,2024-12-08T15:41:46.492
-124.45052,40.28785,8.23,0.98,2024-12-08T15:44:06.538
-125.1399,40.43943,10.53,2.48,2024-12-08T15:45:05.093
-124.47684,40.28597,7.36,1.28,2024-12-08T15:50:15.054
-124.44144,40.28884,8.2,1.23,2024-12-08T15:52:03.613
-124.59982,40.3681,15.39,1.88,2024-12-08T15:57:23.195
-124.72784,40.44579,13.07,2.96,2024-12-08T15:58:25.875
-124.63896,40.28956,6.79,1.91,2024-12-08T15:59:23.373
-124.81715,40.35726,9.05,2.44,2024-12-08T16:01:12.706
-124.44189,40.28913,8.12,1.52,2024-12-08T16:01:50.147
-124.83897,40.35631,14.94,1.62,2024-12-08T16:02:37.641
-124.72335,40.45382,11.22,1.59,2024-12-08T16:03:44.630
-124.78149,40.55842,10.52,2.45,2024-12-08T16:04:56.179
-124.78149,40.55842,10.52,2.65,2024-12-08T16:05:22.079
-124.72634,40.44575,12.88,2.13,2024-12-08T16:07:12.359
-124.72638,40.44559,12.97,2.13,2024-12-08T16:13:00.748
-124.72798,40.43548,13.44,2.13,2024-12-08T16:13:28.557
-124.72259,40.45381,11.03,1.59,2024-12-08T16:18:05.769
-124.73213,40.45288,10.74,1.81,2024-12-08T16:19:46.013
-124.85283,40.36056,16.15,4.38,2024-12-08T16:23:17.502
-124.80068,40.3441,8.52,2.48,2024-12-08T16:29:53.278
-124.90843,40.35821,16.77,2.49,2024-12-08T16:30:29.051
-124.63442,40.29996,18.0,1.9,2024-12-08T16:31:24.344
-124.6476,40.29739,18.02,1.75,2024-12-08T16:38:54.743
-124.47515,40.29218,8.14,1.03,2024-12-08T16:42:43.099
-124.7001,40.42948,12.36,2.62,2024-12-08T16:43:22.417
-124.70072,40.42839,12.46,2.48,2024-12-08T16:45:21.491
-124.69811,40.42849,12.3,2.19,2024-12-08T16:47:38.127
-124.90697,40.35738,16.74,2.52,2024-12-08T16:51:09.231
-124.50761,40.28501,19.41,1.66,2024-12-08T16:54:07.983
-125.05721,40.42908,8.43,2.01,2024-12-08T16:56:52.792
-124.70028,40.42821,12.43,2.35,2024-12-08T16:57:21.862
-124.70077,40.42844,12.45,2.27,2024-12-08T16:59:33.778
-124.63868,40.3414,15.08,1.72,2024-12-08T17:08:02.336
-124.63736,40.29233,6.79,1.91,2024-12-08T17:09:05.247
-124.90524,40.37033,6.23,2.26,2024-12-08T17:11:41.976
-124.55898,40.29289,15.26,2.1,2024-12-08T17:13:58.384
-124.89019,40.45519,2.75,2.26,2024-12-08T17:17:30.872
-124.46728,40.47159,18.0,1.7,2024-12-08T17:19:08.340
-124.48863,40.29226,7.02,0.87,2024-12-08T17:22:18.411
-125.05607,40.42945,8.32,2.01,2024-12-08T17:23:01.558
-124.82555,40.36157,9.5,2.06,2024-12-08T17:37:42.937
-125.13766,40.39127,9.98,2.41,2024-12-08T17:41:33.740
-124.47816,40.48092,28.54,2.14,2024-12-08T17:46:10.970
-124.47775,40.28817,8.18,0.73,2024-12-08T17:49:41.779
-124.8315,40.35813,5.67,1.86,2024-12-08T18:03:50.708
-124.48867,40.29086,7.96,1.43,2024-12-08T18:08:57.477
-124.48667,40.28988,6.86,1.52,2024-12-08T18:13:04.065
-124.47279,40.28873,7.96,1.46,2024-12-08T18:14:20.001
-124.68964,40.23748,11.37,1.67,2024-12-08T18:17:36.708
-124.50421,40.29585,7.48,0.93,2024-12-08T18:25:35.993
-124.91592,40.30756,2.79,2.4,2024-12-08T18:27:46.200
-124.50962,40.28129,16.89,2.25,2024-12-08T18:32:03.427
-124.48045,40.28826,8.39,0.92,2024-12-08T18:34:11.567
-124.83345,40.36394,9.45,2.41,2024-12-08T18:38:32.050
-124.72094,40.44899,11.39,2.18,2024-12-08T18:51:31.888
-124.65233,40.31057,6.97,1.7,2024-12-08T18:52:51.813
-124.56836,40.28191,11.48,2.51,2024-12-08T18:54:08.846
-124.48914,40.28048,18.99,0.99,2024-12-08T18:55:51.546
-124.75235,40.32731,19.48,1.88,2024-12-08T19:08:14.314
-124.82216,40.36067,9.52,2.43,2024-12-08T19:10:34.930
-124.78129,40.35079,5.23,1.79,2024-12-08T19:11:34.151
-124.82891,40.36298,9.5,2.34,2024-12-08T19:13:22.949
-124.57159,40.27553,8.86,1.62,2024-12-08T19:14:58.376
-124.70106,40.429,12.5,2.34,2024-12-08T19:22:55.667
-124.71842,40.45364,10.91,2.21,2024-12-08T19:28:41.682
-124.82603,40.35942,8.94,2.34,2024-12-08T19:35:58.764
-124.49024,40.29206,7.09,1.25,2024-12-08T20:04:37.066
-125.04929,40.39072,10.56,3.26,2024-12-08T20:15:54.610
-124.79828,40.36819,6.56,2.57,2024-12-08T20:22:23.403
-124.65474,40.24118,12.32,0.72,2024-12-08T20:30:51.625
-124.49189,40.29334,7.06,0.88,2024-12-08T20:31:48.897
-124.38983,40.28287,19.51,1.48,2024-12-08T20:34:15.058
-124.82131,40.36028,9.57,2.52,2024-12-08T20:34:51.467
-124.7006,40.42812,12.48,2.62,2024-12-08T20:38:33.399
-124.74113,40.33226,3.18,1.37,2024-12-08T20:43:05.261
-124.70129,40.42837,12.45,2.51,2024-12-08T20:45:22.848
-124.94807,40.36186,14.28,2.7,2024-12-08T20:45:50.584
-124.9489,40.36239,14.3,2.63,2024-12-08T20:48:03.466
-124.91765,40.44116,1.64,2.58,2024-12-08T20:50:36.300
-124.38983,40.28287,19.51,1.27,2024-12-08T20:58:03.599
-124.90665,40.3573,16.68,2.36,2024-12-08T21:01:00.841
-124.85933,40.36834,8.39,2.9,2024-12-08T21:03:53.954
-124.79335,40.36304,19.72,2.38,2024-12-08T21:05:52.544
-124.81553,40.35665,9.24,2.81,2024-12-08T21:07:13.545
-124.82862,40.35805,5.73,2.52,2024-12-08T21:14:55.566
-124.61567,40.258,13.13,1.27,2024-12-08T21:15:21.431
-124.7249,40.33274,20.5,2.18,2024-12-08T21:24:38.339
-124.894,40.34965,6.24,1.81,2024-12-08T21:24:48.329
-124.90438,40.35556,16.63,2.4,2024-12-08T21:29:53.658
-124.48804,40.29095,7.07,0.64,2024-12-08T21:31:27.356
-124.79478,40.24815,1.46,1.84,2024-12-08T21:33:14.561
-124.97195,40.35964,28.01,2.42,2024-12-08T21:38:10.250
-124.82652,40.36204,9.44,2.54,2024-12-08T21:52:01.859
-124.86074,40.38677,6.28,2.33,2024-12-08T22:02:47.664
-124.82753,40.35934,8.93,2.9,2024-12-08T22:03:27.528
-124.68144,40.29941,14.99,1.92,2024-12-08T22:13:49.732
-124.56256,40.28032,2.55,1.61,2024-12-08T22:16:24.631
-124.86009,40.36834,8.37,2.7,2024-12-08T22:17:02.993
-124.69052,40.23329,10.89,1.25,2024-12-08T22:23:00.924
-124.45563,40.29049,8.13,1.49,2024-12-08T22:24:19.610
-124.45624,40.29086,8.13,1.49,2024-12-08T22:24:36.182
-124.8318,40.35796,5.55,2.49,2024-12-08T22:26:22.346
-124.43056,40.52512,19.0,1.92,2024-12-08T22:36:26.785
-124.56335,40.28082,2.59,1.59,2024-12-08T22:38:24.663
-124.63446,40.2982,17.89,2.02,2024-12-08T22:41:17.989
-124.81976,40.36907,5.48,2.14,2024-12-08T22:47:52.737
-124.87782,40.36963,9.27,2.24,2024-12-08T22:49:16.409
-124.59597,40.373,18.36,1.9,2024-12-08T22:50:34.084
-124.47891,40.29229,7.92,1.03,2024-12-08T22:51:32.485
-124.90904,40.37165,6.14,2.02,2024-12-08T22:57:21.786
-125.046,40.40411,10.88,2.65,2024-12-08T23:02:46.816
-124.47991,40.28764,8.01,1.69,2024-12-08T23:10:13.509
-124.84544,40.36337,7.85,2.23,2024-12-08T23:11:11.137
-124.48315,40.29159,7.29,0.81,2024-12-08T23:14:44.439
-124.48241,40.28813,7.9,1.59,2024-12-08T23:18:15.483
-124.82819,40.35796,5.77,2.54,2024-12-08T23:24:49.353
-125.04086,40.38369,5.44,2.55,2024-12-08T23:35:22.234
-124.64094,40.28576,6.07,1.65,2024-12-08T23:36:18.190
-124.8674,40.35074,16.82,2.58,2024-12-08T23:37:07.280
-124.8418,40.36596,9.2,2.29,2024-12-08T23:46:31.692
-124.64178,40.29173,7.54,1.57,2024-12-08T23:47:47.692
-124.86688,40.36673,16.08,2.27,2024-12-08T23:48:36.327
-124.72347,40.4484,11.41,1.91,2024-12-09T00:03:55.980
-124.85306,40.3563,16.83,2.31,2024-12-09T00:05:41.266
-124.48439,40.28994,7.08,2.14,2024-12-09T00:08:14.090
-124.93437,40.37254,14.09,1.92,2024-12-09T00:12:14.459
-124.84239,40.36605,9.26,2.09,2024-12-09T00:12:32.150
-124.48835,40.29406,6.79,0.97,2024-12-09T00:13:01.213
-124.66653,40.29954,18.06,2.07,2024-12-09T00:15:44.056
-124.48344,40.28934,7.12,1.12,2024-12-09T00:19:24.943
-124.81069,40.6571,8.71,2.03,2024-12-09T00:23:01.396
-124.69338,40.3307,6.19,2.3,2024-12-09T00:24:04.973
-124.43905,40.28553,21.28,1.64,2024-12-09T00:32:46.406
-124.48765,40.29091,7.17,1.16,2024-12-09T00:35:22.039
-125.03851,40.40847,7.08,3.73,2024-12-09T00:47:10.678
-124.64278,40.2929,7.7,1.91,2024-12-09T00:52:27.372
-124.81918,40.3566,5.65,2.06,2024-12-09T00:52:40.181
-124.65121,40.31112,7.08,1.59,2024-12-09T00:53:22.387
-124.67658,40.33796,20.91,2.56,2024-12-09T01:00:30.556
-124.7779,40.26501,1.23,1.9,2024-12-09T01:05:01.010
-124.48463,40.29123,7.24,1.13,2024-12-09T01:10:51.245
-124.45611,40.28965,7.88,1.23,2024-12-09T01:16:35.428
-124.48465,40.29001,7.98,1.03,2024-12-09T01:17:46.859
-124.4938,40.29314,7.12,1.36,2024-12-09T01:23:35.868
-124.68685,40.34933,7.25,2.72,2024-12-09T01:25:19.407
-125.07337,40.38163,6.18,2.72,2024-12-09T01:42:13.933
-124.49026,40.29533,7.02,0.87,2024-12-09T01:45:26.686
-124.52214,40.25902,10.03,1.53,2024-12-09T01:56:13.793
-124.64042,40.33353,14.23,1.17,2024-12-09T02:06:36.098
-124.82522,40.36166,9.55,2.06,2024-12-09T02:10:46.159
-124.47962,40.28559,6.52,0.88,2024-12-09T02:24:21.451
-124.48719,40.29065,7.16,1.0,2024-12-09T02:32:50.851
-124.73504,40.38495,9.54,1.77,2024-12-09T02:33:11.284
-124.50879,40.29358,7.29,1.64,2024-12-09T02:39:03.213
-124.14277,40.59347,17.96,1.64,2024-12-09T02:39:45.942
-124.82562,40.36104,9.52,2.23,2024-12-09T02:40:11.790
-124.31198,40.04861,7.79,0.68,2024-12-09T02:42:23.091
-124.52069,40.46736,18.84,1.52,2024-12-09T02:44:53.059
-124.59342,40.29868,9.83,1.59,2024-12-09T02:50:19.969
-124.89939,40.35125,12.97,2.15,2024-12-09T02:51:42.155
-124.65936,40.3119,7.7,1.89,2024-12-09T03:09:58.992
-124.49034,40.29234,7.15,0.85,2024-12-09T03:10:58.173
-124.74946,40.41156,9.89,1.84,2024-12-09T03:23:19.287
-125.02987,40.38641,10.73,2.63,2024-12-09T03:24:47.710
-124.98204,40.32728,5.06,2.24,2024-12-09T03:25:21.474
-125.05733,40.39089,10.16,2.45,2024-12-09T03:33:42.402
-124.83921,40.36131,7.74,1.81,2024-12-09T03:35:30.804
-124.70701,40.34797,6.53,1.83,2024-12-09T03:37:05.867
-124.47903,40.28992,8.87,0.94,2024-12-09T03:40:52.176
-124.67519,40.33662,20.63,2.04,2024-12-09T03:43:18.126
-124.66848,40.30209,15.86,1.89,2024-12-09T03:50:07.349
-124.54299,40.28892,20.84,1.38,2024-12-09T04:01:19.661
-124.63982,40.29754,17.84,1.77,2024-12-09T04:03:58.990
-124.80139,40.3519,6.22,2.17,2024-12-09T04:18:18.615
-124.47619,40.28991,8.49,0.73,2024-12-09T04:36:57.940
-124.6863,40.30831,15.84,1.78,2024-12-09T04:37:49.930
-124.64185,40.29172,7.56,1.6,2024-12-09T04:38:43.352
-124.18518,40.72955,24.24,2.28,2024-12-09T04:39:34.999
-124.65231,40.31065,6.97,1.64,2024-12-09T04:40:42.763
-125.02672,40.41243,10.34,2.49,2024-12-09T04:41:12.778
-124.48953,40.2947,7.05,0.97,2024-12-09T04:45:43.043
-125.0001,40.37774,10.48,2.62,2024-12-09T04:46:21.055
-124.65231,40.31065,6.97,1.59,2024-12-09T04:47:32.133
-124.4808,40.2905,16.56,1.32,2024-12-09T04:54:18.260
-125.01998,40.47164,7.25,2.33,2024-12-09T05:09:06.653
-124.48953,40.28915,7.64,1.82,2024-12-09T05:09:15.526
-125.09475,40.39361,8.66,2.68,2024-12-09T05:12:32.450
-124.79021,40.36489,6.77,2.13,2024-12-09T05:12:48.258
-124.5413,40.48487,17.0,1.2,2024-12-09T05:22:24.420
-124.75345,40.33627,4.74,2.96,2024-12-09T05:24:18.181
-124.82991,40.35744,5.53,2.29,2024-12-09T05:29:59.782
-124.49794,40.29198,6.8,1.13,2024-12-09T05:31:15.961
-124.94042,40.35292,10.21,2.56,2024-12-09T05:33:54.111
-125.03974,40.39008,8.16,2.53,2024-12-09T05:43:32.887
-124.58603,40.28502,6.66,2.31,2024-12-09T05:45:04.775
-125.04168,40.40113,10.97,2.36,2024-12-09T05:46:07.780
-124.48548,40.28768,8.18,1.23,2024-12-09T05:47:14.823
-124.72156,40.44705,12.65,2.28,2024-12-09T06:03:45.046
-124.68158,40.30415,15.88,1.91,2024-12-09T06:04:20.025
-124.51959,40.26249,11.49,1.95,2024-12-09T06:05:39.140
-124.52016,40.26211,11.47,1.89,2024-12-09T06:05:49.761
-124.89284,40.35813,13.08,2.2,2024-12-09T06:07:24.674
-124.55146,40.24778,8.63,1.79,2024-12-09T06:09:54.108
-124.72453,40.44561,12.7,2.36,2024-12-09T06:11:54.154
-124.53571,40.27757,13.78,1.49,2024-12-09T06:17:42.478
-124.51229,40.28262,18.61,1.51,2024-12-09T06:23:26.425
-124.72355,40.37826,8.82,1.74,2024-12-09T06:29:46.022
-125.13462,40.38918,10.07,2.41,2024-12-09T06:34:28.318
-124.78266,40.34697,9.36,1.99,2024-12-09T06:46:03.108
-124.78234,40.34783,9.1,2.03,2024-12-09T06:49:41.844
-124.92017,40.45579,3.23,2.4,2024-12-09T06:53:26.139
-124.19064,40.23063,11.05,1.43,2024-12-09T07:03:45.347
-124.65192,40.24976,7.58,1.6,2024-12-09T07:04:59.276
-124.19026,40.23043,11.05,0.91,2024-12-09T07:11:38.107
-124.84224,40.35977,8.4,4.14,2024-12-09T07:15:42.780
-124.88086,40.33804,15.08,3.62,2024-12-09T07:16:15.839
-124.48234,40.28838,8.33,1.03,2024-12-09T07:22:45.258
-124.48442,40.29001,7.99,1.03,2024-12-09T07:28:55.406
-124.95047,40.34196,8.88,2.12,2024-12-09T07:35:18.214
-124.80207,40.3447,8.45,2.85,2024-12-09T07:36:09.500
-124.95053,40.34124,8.79,2.12,2024-12-09T07:37:25.388
-124.70782,40.33254,20.38,2.85,2024-12-09T07:55:26.306
-124.56262,40.2914,20.38,2.36,2024-12-09T07:58:44.710
-124.82076,40.25942,1.47,1.66,2024-12-09T08:09:10.356
-124.70967,40.41698,6.95,1.92,2024-12-09T08:12:26.049
-124.1912,40.23067,11.05,1.43,2024-12-09T08:16:00.743
-124.54072,40.28881,19.41,2.71,2024-12-09T08:22:31.040
-124.72329,40.42862,11.29,3.56,2024-12-09T08:35:49.989
-124.72242,40.43059,11.31,2.87,2024-12-09T08:36:43.941
-124.49837,40.28678,8.14,1.36,2024-12-09T08:39:29.138
-124.72399,40.42991,11.46,1.48,2024-12-09T08:40:16.695
-124.73155,40.43791,9.19,1.68,2024-12-09T08:40:55.721
-124.68118,40.42626,10.57,1.1,2024-12-09T08:41:16.100
-124.72305,40.42994,11.39,1.45,2024-12-09T08:42:21.188
-124.73989,40.42421,10.96,1.97,2024-12-09T08:44:47.756
-124.73997,40.42403,11.0,1.89,2024-12-09T08:45:10.696
-124.72364,40.42991,11.38,1.48,2024-12-09T08:47:40.522
-124.59179,40.28118,6.44,1.51,2024-12-09T08:50:28.650
-124.72343,40.43017,11.12,2.37,2024-12-09T08:50:59.824
-124.85244,40.27089,8.52,1.71,2024-12-09T08:57:53.812
-124.82518,40.37342,5.45,1.13,2024-12-09T08:59:03.821
-124.80633,40.35295,6.05,2.19,2024-12-09T09:02:31.331
-125.04072,40.40067,10.95,2.43,2024-12-09T09:20:46.272
-125.07388,40.38114,10.57,2.58,2024-12-09T09:21:01.861
-124.72792,40.42758,10.91,2.39,2024-12-09T09:23:41.465
-124.45517,40.47991,17.93,1.46,2024-12-09T09:24:07.439
-124.83445,40.36453,9.38,2.24,2024-12-09T09:26:30.938
-124.92129,40.4572,3.07,2.4,2024-12-09T09:26:45.368
-124.64293,40.28755,6.97,1.7,2024-12-09T09:31:18.565
-124.48582,40.29041,6.94,1.14,2024-12-09T09:42:45.395
-124.37813,40.28721,20.46,1.43,2024-12-09T09:47:16.784
-124.83105,40.35998,5.18,1.99,2024-12-09T09:47:59.487
-124.88873,40.35766,13.3,2.2,2024-12-09T10:05:29.133
-124.86117,40.35115,17.08,2.25,2024-12-09T10:07:01.152
-125.01641,40.39147,9.97,2.75,2024-12-09T10:09:10.328
-124.19009,40.23022,11.03,1.4,2024-12-09T10:32:30.061
-124.68922,40.23778,11.54,1.3,2024-12-09T10:35:35.033
-125.06933,40.39324,10.15,2.61,2024-12-09T10:40:33.738
-124.80295,40.3436,8.33,2.12,2024-12-09T10:42:02.253
-124.48328,40.29007,7.19,1.0,2024-12-09T10:45:25.647
-124.45413,40.28799,8.01,1.13,2024-12-09T10:47:07.077
-124.52974,40.29353,7.86,1.29,2024-12-09T10:53:02.863
-124.61761,40.29196,13.52,1.54,2024-12-09T10:56:39.059
-124.84528,40.363,8.32,2.25,2024-12-09T11:00:41.940
-124.67006,40.34026,20.91,3.41,2024-12-09T11:02:01.128
-124.66995,40.33969,20.91,2.16,2024-12-09T11:04:43.819
-124.67328,40.33618,20.94,2.24,2024-12-09T11:06:38.404
-124.61866,40.29373,17.84,1.98,2024-12-09T11:10:03.666
-124.84491,40.45821,9.38,2.23,2024-12-09T11:14:30.065
-124.66864,40.30197,15.85,2.75,2024-12-09T11:15:31.635
-124.8228,40.3569,5.18,2.44,2024-12-09T11:17:27.798
-124.45442,40.28873,8.14,1.1,2024-12-09T11:20:02.205
-124.72181,40.42969,11.33,2.37,2024-12-09T11:22:31.367
-124.49019,40.295,6.98,0.97,2024-12-09T11:25:11.815
-124.45354,40.28799,8.12,1.13,2024-12-09T11:38:57.133
-124.64248,40.33249,14.38,1.95,2024-12-09T11:46:50.856
-124.79065,40.36561,6.86,2.3,2024-12-09T12:01:03.066
-124.90719,40.35721,16.73,2.3,2024-12-09T12:05:23.995
-124.84319,40.45845,9.42,2.07,2024-12-09T12:08:43.619
-124.56217,40.28714,7.66,2.06,2024-12-09T12:11:24.013
-124.75673,40.33175,19.3,2.4,2024-12-09T12:15:25.463
-124.49543,40.29225,8.43,1.3,2024-12-09T12:16:54.819
-124.55477,40.47127,16.98,1.45,2024-12-09T12:18:26.187
-124.48115,40.28701,7.36,1.51,2024-12-09T12:19:44.493
-124.86775,40.36411,15.3,2.27,2024-12-09T12:20:20.061
-124.9315,40.38106,14.39,2.98,2024-12-09T12:21:44.940
-124.83751,40.35636,8.47,2.24,2024-12-09T12:24:41.018
-124.70208,40.43223,12.07,2.36,2024-12-09T12:37:23.313
-124.84479,40.35388,11.03,2.24,2024-12-09T12:44:44.402
-124.23819,40.48354,5.08,1.2,2024-12-09T12:47:56.330
-124.80678,40.35515,5.76,2.14,2024-12-09T12:51:37.830
-124.70092,40.432,12.03,2.84,2024-12-09T12:54:01.060
-124.70439,40.43015,12.47,2.4,2024-12-09T12:55:30.345
-124.67675,40.33753,20.85,2.06,2024-12-09T12:58:52.078
-124.5515,40.28525,8.0,1.96,2024-12-09T13:05:38.180
-124.487,40.28647,8.13,1.08,2024-12-09T13:09:11.818
-124.55064,40.28522,8.02,1.72,2024-12-09T13:10:12.041
-124.6953,40.2476,0.37,1.96,2024-12-09T13:13:06.989
-124.7215,40.42132,13.25,0.98,2024-12-09T13:20:32.357
-124.6125,40.2578,4.13,1.51,2024-12-09T13:33:54.386
-124.62678,40.27087,1.69,1.26,2024-12-09T13:36:01.955
-124.60338,40.29165,8.51,1.86,2024-12-09T13:36:40.384
-124.97702,40.43925,12.11,2.23,2024-12-09T13:40:29.847
-124.68899,40.34228,6.41,2.09,2024-12-09T13:44:51.903
-124.49116,40.29238,6.46,1.04,2024-12-09T13:47:54.717
-124.5463,40.2897,19.31,1.45,2024-12-09T13:56:10.334
-124.49558,40.28869,8.09,1.58,2024-12-09T14:02:32.021
-124.47784,40.28653,6.67,1.0,2024-12-09T14:10:00.946
-124.47949,40.28761,8.56,0.94,2024-12-09T14:13:10.884
-124.68321,40.3017,15.78,2.53,2024-12-09T14:34:46.969
-124.81905,40.35666,5.7,2.36,2024-12-09T14:39:52.502
-124.51649,40.29698,6.82,1.17,2024-12-09T14:54:46.469
-124.79598,40.36777,6.56,2.52,2024-12-09T14:57:52.854
-125.07273,40.38402,11.23,2.77,2024-12-09T15:04:00.466
-124.72239,40.43064,11.25,2.37,2024-12-09T15:17:23.398
-124.75746,40.32983,19.32,2.2,2024-12-09T15:18:42.704
-124.48558,40.28897,6.93,2.0,2024-12-09T15:39:24.717
-124.58132,40.28177,7.97,1.42,2024-12-09T15:57:05.692
-124.88843,40.36405,15.71,2.68,2024-12-09T16:05:30.850
-124.47756,40.28823,7.92,1.22,2024-12-09T16:06:33.307
-124.52142,40.29523,7.89,1.88,2024-12-09T16:07:33.027
-124.39032,40.68998,21.74,1.64,2024-12-09T16:09:11.783
-124.86558,40.36113,8.01,2.31,2024-12-09T16:14:37.478
-125.03785,40.43968,10.97,2.54,2024-12-09T16:15:55.355
-125.06524,40.39315,10.29,2.61,2024-12-09T16:27:43.854
-124.90742,40.36375,17.23,2.62,2024-12-09T16:30:10.406
-124.61738,40.25871,14.52,1.52,2024-12-09T16:46:33.674
-124.65987,40.23934,11.87,1.89,2024-12-09T17:03:16.753
-124.48277,40.28892,8.18,1.51,2024-12-09T17:12:21.316
-124.78644,40.19065,1.16,2.17,2024-12-09T17:17:29.075
-124.90374,40.35632,16.73,2.25,2024-12-09T17:23:40.945
-125.03819,40.38925,10.88,2.66,2024-12-09T17:26:40.455
-124.48837,40.29253,7.02,1.0,2024-12-09T17:33:25.268
-124.75052,40.33325,4.61,1.91,2024-12-09T17:36:05.697
-124.62467,40.31143,16.71,1.92,2024-12-09T17:41:10.492
-124.90803,40.35032,7.3,2.14,2024-12-09T17:45:45.556
-124.7719,40.34515,4.76,1.99,2024-12-09T17:51:26.206
-125.04078,40.38384,5.42,2.57,2024-12-09T17:59:00.263
-125.07014,40.38303,6.3,2.78,2024-12-09T18:07:26.064
-124.90508,40.37049,6.26,1.8,2024-12-09T18:10:28.194
-124.82957,40.36017,5.56,2.17,2024-12-09T18:22:28.025
-124.89676,40.34991,6.21,1.81,2024-12-09T18:30:17.913
-124.71596,40.38535,7.88,1.74,2024-12-09T18:32:19.488
-124.78136,40.35078,5.22,1.77,2024-12-09T18:36:49.300
-124.71783,40.44808,11.1,2.01,2024-12-09T18:37:23.480
-124.90445,40.37203,6.53,2.02,2024-12-09T18:40:07.711
-124.99283,40.36543,2.96,2.63,2024-12-09T18:51:03.084
-125.04529,40.3744,9.59,2.7,2024-12-09T18:55:07.506
-124.66237,40.30148,15.94,2.29,2024-12-09T18:56:55.395
-124.58,40.3099,10.87,1.36,2024-12-09T18:58:29.116
-124.64096,40.29219,6.93,2.18,2024-12-09T18:58:57.724
-124.70176,40.3148,5.42,2.35,2024-12-09T19:03:21.975
-124.99143,40.36501,3.02,2.63,2024-12-09T19:04:30.262
-124.58,40.3099,10.87,1.36,2024-12-09T19:08:15.036
-124.73766,40.33208,4.66,2.55,2024-12-09T19:14:06.861
-124.63642,40.29509,17.78,1.65,2024-12-09T19:19:56.054
-124.78711,40.26458,0.54,1.96,2024-12-09T19:22:28.279
-124.8154,40.3569,9.15,2.93,2024-12-09T19:24:21.749
-124.77829,40.26507,1.16,1.86,2024-12-09T19:37:02.667
-124.7245,40.45117,11.32,1.87,2024-12-09T19:42:15.269
-124.42956,40.52971,19.38,1.56,2024-12-09T19:43:17.045
-124.48885,40.29258,7.17,1.25,2024-12-09T19:47:36.281
-124.69153,40.32193,5.6,1.9,2024-12-09T19:51:13.142
-124.69247,40.32539,6.13,2.06,2024-12-09T19:53:57.312
-124.83399,40.35706,6.07,2.61,2024-12-09T19:59:01.399
-124.94002,40.36359,15.73,2.79,2024-12-09T20:13:37.943
-124.64232,40.29205,7.6,1.7,2024-12-09T20:16:40.887
-124.67445,40.33758,20.79,1.94,2024-12-09T20:23:12.047
-124.73734,40.33242,4.67,3.25,2024-12-09T20:25:28.374
-124.73688,40.33361,4.28,2.62,2024-12-09T20:26:19.021
-124.41296,40.27947,7.95,1.46,2024-12-09T20:28:11.451
-124.61878,40.29619,17.93,1.9,2024-12-09T20:38:49.703
-124.98966,40.40209,7.86,2.42,2024-12-09T20:39:32.758
-124.98582,40.40472,7.8,2.44,2024-12-09T20:43:32.995
-124.4383,40.28835,6.61,1.53,2024-12-09T20:45:23.365
-124.73641,40.33154,4.59,2.68,2024-12-09T20:46:31.120
-124.73516,40.31976,3.96,1.84,2024-12-09T20:49:04.219
-124.74063,40.34503,5.18,2.5,2024-12-09T20:51:29.822
-124.46521,40.29308,8.34,1.76,2024-12-09T20:54:29.590
-124.73513,40.3197,3.96,1.84,2024-12-09T20:57:58.580
-124.73583,40.32138,4.09,1.8,2024-12-09T20:59:27.378
-124.79815,40.36867,6.48,2.28,2024-12-09T21:11:13.747
-124.83867,40.35967,8.41,2.19,2024-12-09T21:11:53.194
-124.47927,40.28974,7.88,1.52,2024-12-09T21:17:15.694
-125.06982,40.4047,8.3,2.82,2024-12-09T21:23:00.557
-124.85499,40.36564,8.18,2.89,2024-12-09T21:25:33.872
-125.04119,40.38352,5.48,2.6,2024-12-09T21:27:13.554
-124.64273,40.29181,7.59,1.7,2024-12-09T21:31:20.615
-124.73513,40.3197,3.96,1.81,2024-12-09T21:31:30.470
-124.48402,40.2804,19.1,2.01,2024-12-09T21:35:28.712
-124.81144,40.66328,8.11,2.03,2024-12-09T21:40:57.738
-124.99251,40.37223,4.05,2.41,2024-12-09T21:43:16.470
-125.14015,40.39021,10.15,2.23,2024-12-09T21:44:26.218
-124.63989,40.2507,8.16,1.65,2024-12-09T21:50:24.080
-124.88414,40.35464,13.16,1.74,2024-12-09T22:03:48.869
-124.99561,40.36551,2.7,2.33,2024-12-09T22:04:03.599
-124.82567,40.37734,4.18,2.14,2024-12-09T22:04:41.125
-124.90061,40.38751,1.23,1.41,2024-12-09T22:05:59.807
-124.68942,40.23755,11.44,1.54,2024-12-09T22:07:30.455
-124.6425,40.29158,7.59,1.63,2024-12-09T22:08:57.683
-124.66604,40.30918,19.78,1.95,2024-12-09T22:15:00.020
-124.77236,40.34442,4.88,1.9,2024-12-09T22:18:55.095
-124.85957,40.36834,8.37,2.41,2024-12-09T22:25:48.315
-124.61689,40.29456,17.98,1.92,2024-12-09T22:29:38.534
-125.06089,40.38277,11.49,2.13,2024-12-09T22:34:12.959
-124.67087,40.29973,13.85,1.57,2024-12-09T22:38:42.933
-124.97188,40.40858,14.51,2.17,2024-12-09T22:43:05.371
-124.67288,40.26995,16.16,1.66,2024-12-09T22:48:14.352
-124.65885,40.30832,6.9,1.64,2024-12-09T22:51:01.009
-124.92005,40.35255,7.09,3.11,2024-12-09T22:52:46.121
-124.43014,40.5266,18.6,1.3,2024-12-09T23:00:41.520
-124.63335,40.29664,18.0,1.54,2024-12-09T23:08:50.956
-124.70873,40.41487,6.93,1.75,2024-12-09T23:34:57.444
-124.43994,40.28585,21.28,1.44,2024-12-09T23:36:28.730
-124.82408,40.36227,9.68,2.3,2024-12-09T23:40:23.401
-124.8427,40.45674,9.49,1.92,2024-12-09T23:52:24.070
-124.43045,40.52544,18.99,1.34,2024-12-09T23:53:42.218
-124.47129,40.46713,17.82,1.32,2024-12-09T23:54:42.370
-124.72372,40.42752,11.32,1.58,2024-12-09T23:56:00.780
-124.41939,40.26506,20.54,1.11,2024-12-10T00:01:38.978
-124.39008,40.68965,21.56,1.55,2024-12-10T00:05:18.871
-124.50596,40.28034,16.94,1.69,2024-12-10T00:05:47.934
-124.43402,40.52688,19.18,1.25,2024-12-10T00:11:27.810
-124.80049,40.35294,4.62,2.82,2024-12-10T00:14:14.256
-124.7394,40.399,13.04,1.58,2024-12-10T00:21:29.045
-124.56832,40.2877,7.48,1.58,2024-12-10T00:27:11.738
-124.7394,40.399,13.04,1.56,2024-12-10T00:27:39.555
-124.85955,40.36883,8.25,2.38,2024-12-10T00:32:14.809
-124.48651,40.28992,7.07,1.9,2024-12-10T00:32:42.692
-124.81592,40.3389,5.83,1.72,2024-12-10T00:37:12.178
-124.77799,40.26488,1.21,1.75,2024-12-10T00:38:10.540
-124.74023,40.42362,10.88,1.66,2024-12-10T00:44:01.736
-124.63721,40.29324,7.1,2.18,2024-12-10T00:50:23.878
-124.9121,40.34697,6.91,1.99,2024-12-10T00:52:35.074
-124.79693,40.36815,6.52,2.24,2024-12-10T00:52:57.182
-124.94269,40.37179,13.66,2.87,2024-12-10T00:56:05.943
-124.80663,40.35187,5.87,2.85,2024-12-10T00:56:19.117
-124.8449,40.36285,8.3,2.71,2024-12-10T00:58:28.502
-124.84549,40.36296,8.3,2.25,2024-12-10T01:05:20.616
-124.64052,40.32589,13.33,2.12,2024-12-10T01:14:45.532
-124.76298,40.30999,4.4,1.9,2024-12-10T01:18:59.435
-124.9068,40.35731,16.76,2.04,2024-12-10T01:19:42.929
-124.49334,40.28406,7.32,1.22,2024-12-10T01:21:26.517
-124.52311,40.2926,8.44,1.49,2024-12-10T01:23:46.050
-124.80176,40.35262,5.75,2.46,2024-12-10T01:31:47.967
-124.55808,40.28319,5.97,1.35,2024-12-10T01:33:20.025
-124.9736,40.3726,14.75,2.35,2024-12-10T01:46:12.261
-124.89688,40.35637,16.68,2.41,2024-12-10T01:47:18.346
-124.81502,40.35586,5.68,2.08,2024-12-10T01:51:29.518
-124.99828,40.38372,11.64,2.42,2024-12-10T01:53:41.675
-124.66604,40.30891,19.72,1.95,2024-12-10T01:53:55.010
-125.04274,40.39167,8.25,2.43,2024-12-10T01:55:45.269
-124.80711,40.35131,5.1,2.04,2024-12-10T01:57:35.308
-125.05133,40.39352,8.06,2.38,2024-12-10T01:57:49.848
-125.04404,40.39697,8.78,2.4,2024-12-10T02:18:35.083
-124.63167,40.2982,18.3,2.08,2024-12-10T02:22:36.287
-124.55612,40.27833,11.97,1.38,2024-12-10T02:23:36.668
-124.91052,40.36753,17.62,2.26,2024-12-10T02:24:07.353
-124.72152,40.44918,11.35,1.71,2024-12-10T02:24:31.514
-124.82019,40.35619,5.67,1.83,2024-12-10T02:25:53.224
-124.48829,40.2921,7.23,0.87,2024-12-10T02:27:27.205
-125.04803,40.39034,10.56,2.44,2024-12-10T02:27:40.191
-124.43116,40.52577,18.55,1.32,2024-12-10T02:29:51.448
-124.49856,40.29337,7.1,1.23,2024-12-10T02:32:11.467
-124.67204,40.30861,19.59,1.96,2024-12-10T02:32:57.345
-124.77926,40.33238,19.46,1.86,2024-12-10T02:36:35.210
-125.04769,40.393,8.23,2.38,2024-12-10T02:37:03.184
-124.99799,40.46083,10.26,2.32,2024-12-10T02:39:45.615
-124.55728,40.29655,14.02,1.76,2024-12-10T02:41:40.232
-124.70538,40.33007,19.59,1.87,2024-12-10T02:44:00.862
-124.69598,40.32396,5.91,2.09,2024-12-10T02:44:39.641
-124.48823,40.29178,7.19,1.37,2024-12-10T02:48:02.744
-124.61405,40.29554,18.07,1.78,2024-12-10T02:53:41.385
-124.80419,40.36311,5.71,2.17,2024-12-10T02:59:12.331
-124.48651,40.2918,7.08,0.79,2024-12-10T03:00:41.368
-124.91278,40.34711,6.91,1.91,2024-12-10T03:01:03.715
-124.49491,40.28125,19.55,1.31,2024-12-10T03:05:35.213
-124.49582,40.29222,6.14,1.09,2024-12-10T03:09:04.523
-124.47818,40.28895,7.96,0.95,2024-12-10T03:16:43.774
-124.3913,40.28238,19.87,0.89,2024-12-10T03:17:13.636
-124.72361,40.45202,8.68,1.56,2024-12-10T03:18:01.280
-124.8016,40.33488,18.94,1.94,2024-12-10T03:20:31.034
-124.47842,40.28856,7.92,0.92,2024-12-10T03:21:03.595
-124.69977,40.32128,6.17,2.24,2024-12-10T03:23:51.107
-124.83191,40.35797,5.56,2.28,2024-12-10T03:27:38.353
-124.92793,40.44148,1.99,2.15,2024-12-10T03:35:09.135
-124.65144,40.21394,9.08,1.39,2024-12-10T03:36:52.100
-124.98804,40.35216,7.4,2.12,2024-12-10T03:39:31.082
-124.39676,40.28716,8.3,0.61,2024-12-10T03:42:15.552
-124.65247,40.25613,7.23,1.84,2024-12-10T03:48:32.795
-124.3933,40.72324,10.75,1.48,2024-12-10T03:51:21.183
-124.83137,40.35849,5.65,1.94,2024-12-10T03:51:31.217
-124.64113,40.29242,7.12,2.13,2024-12-10T03:53:19.111
-124.67257,40.30189,15.66,1.62,2024-12-10T03:54:28.744
-124.63855,40.29267,7.15,2.18,2024-12-10T03:56:37.013
-124.66606,40.30897,19.74,1.95,2024-12-10T03:58:11.931
-124.56618,40.28219,5.89,1.59,2024-12-10T03:59:37.769
-124.39189,40.72324,11.3,1.47,2024-12-10T04:00:39.908
-124.48422,40.28881,7.27,1.73,2024-12-10T04:05:13.987
-124.3911,40.28055,20.45,1.17,2024-12-10T04:12:15.545
-125.04598,40.40003,10.45,2.23,2024-12-10T04:19:14.955
-124.39847,40.2874,8.58,0.6,2024-12-10T04:22:25.852
-124.67535,40.3364,20.89,2.11,2024-12-10T04:22:57.989
-124.69099,40.3097,19.94,2.32,2024-12-10T04:25:31.966
-124.45635,40.47488,19.2,1.64,2024-12-10T04:28:55.122
-124.48508,40.29515,7.18,0.7,2024-12-10T04:40:52.904
-125.05089,40.41426,7.08,2.31,2024-12-10T04:44:18.357
-125.05091,40.41394,7.18,2.29,2024-12-10T04:46:12.495
-124.82528,40.35599,6.41,2.14,2024-12-10T04:53:45.129
-124.47376,40.28792,9.39,0.72,2024-12-10T04:54:56.829
-124.62208,40.22221,4.13,1.5,2024-12-10T04:56:50.619
-125.00395,40.43609,14.63,2.31,2024-12-10T05:04:25.448
-124.78775,40.26498,0.55,1.84,2024-12-10T05:15:43.050
-124.64106,40.29268,7.07,2.16,2024-12-10T05:16:56.412
-124.43034,40.52958,19.1,1.12,2024-12-10T05:19:23.402
-124.46197,40.47122,18.09,1.28,2024-12-10T05:24:59.699
-124.48664,40.28906,7.03,2.43,2024-12-10T05:25:39.853
-124.48258,40.27262,17.78,0.57,2024-12-10T05:27:04.493
-124.48904,40.29043,7.18,0.7,2024-12-10T05:29:35.424
-125.07203,40.38288,6.31,2.64,2024-12-10T05:32:42.521
-125.09318,40.39597,8.45,2.45,2024-12-10T05:35:42.410
-124.46524,40.47169,18.06,1.28,2024-12-10T05:36:56.388
-124.4843,40.28889,7.25,1.86,2024-12-10T05:37:18.384
-124.48929,40.29088,7.25,0.87,2024-12-10T05:39:29.576
-124.46524,40.47173,18.05,1.33,2024-12-10T05:48:46.938
-125.03384,40.38706,10.65,2.62,2024-12-10T05:53:14.657
-124.86039,40.36851,8.32,2.65,2024-12-10T05:56:45.173
-124.6534,40.29196,17.67,1.67,2024-12-10T06:00:07.265
-124.89393,40.3494,6.32,1.8,2024-12-10T06:04:40.779
-125.02416,40.40202,9.28,2.59,2024-12-10T06:04:57.564
-124.84198,40.3621,8.58,2.14,2024-12-10T06:08:12.648
-124.90324,40.35629,16.56,2.25,2024-12-10T06:12:30.158
-124.63336,40.29804,18.27,1.93,2024-12-10T06:16:04.221
-124.50127,40.29522,6.72,1.1,2024-12-10T06:17:00.687
-124.92962,40.3657,16.55,1.92,2024-12-10T06:17:46.213
-124.13029,40.59794,15.14,1.45,2024-12-10T06:19:20.053
-124.84254,40.35959,6.72,1.85,2024-12-10T06:30:58.027
-124.91169,40.36423,17.12,2.63,2024-12-10T06:33:44.466
-125.02437,40.40221,9.32,2.32,2024-12-10T06:36:51.783
-124.68887,40.34168,6.45,1.92,2024-12-10T06:37:31.750
-125.02387,40.40293,9.32,2.35,2024-12-10T06:40:57.314
-124.30779,40.03584,9.31,1.08,2024-12-10T06:41:42.893
-124.65586,40.29628,5.26,1.91,2024-12-10T06:46:14.962
-125.00438,40.41616,15.35,2.14,2024-12-10T06:52:39.581
-124.82842,40.35809,5.78,2.19,2024-12-10T06:59:43.817
-124.82909,40.35789,5.75,2.29,2024-12-10T07:03:12.017
-124.61533,40.25786,13.06,1.2,2024-12-10T07:03:37.898
-124.85327,40.35428,16.61,2.03,2024-12-10T07:04:23.132
-125.0007,40.37752,11.89,2.43,2024-12-10T07:05:36.162
-124.84434,40.36663,9.15,1.85,2024-12-10T07:08:19.893
-124.59208,40.28465,6.95,1.75,2024-12-10T07:09:43.513
-124.68414,40.35054,6.72,1.5,2024-12-10T07:10:53.323
-124.4937,40.29748,7.17,1.12,2024-12-10T07:11:52.700
-124.48614,40.28917,7.02,1.82,2024-12-10T07:18:14.946
-124.82166,40.36057,9.54,2.65,2024-12-10T07:29:15.076
-124.50291,40.28124,19.06,1.94,2024-12-10T07:30:38.691
-124.63642,40.26287,1.13,1.33,2024-12-10T07:33:40.086
-124.73733,40.33023,4.53,1.96,2024-12-10T07:40:43.967
-124.88766,40.35548,16.76,2.3,2024-12-10T07:52:30.129
-124.69463,40.32286,5.62,1.94,2024-12-10T07:54:31.457
-124.54053,40.29125,18.54,1.26,2024-12-10T07:58:23.158
-124.4861,40.29145,6.82,0.93,2024-12-10T07:59:37.940
-124.82191,40.38618,19.15,2.01,2024-12-10T07:59:47.867
-124.75215,40.32971,19.02,1.75,2024-12-10T08:03:00.641
-124.96199,40.35751,7.42,1.83,2024-12-10T08:06:31.383
-124.65692,40.31297,10.92,1.47,2024-12-10T08:09:59.159
-124.59593,40.27958,5.77,1.36,2024-12-10T08:12:38.024
-124.59761,40.23497,0.81,1.66,2024-12-10T08:14:12.433
-124.646,40.26592,2.01,1.31,2024-12-10T08:16:02.368
-124.48415,40.28701,7.96,1.35,2024-12-10T08:24:02.884
-124.80607,40.35368,5.19,2.09,2024-12-10T08:24:31.000
-124.48777,40.28945,7.02,1.73,2024-12-10T08:25:26.104
-124.73517,40.38368,9.29,1.52,2024-12-10T08:27:46.825
-124.56928,40.28208,5.65,1.62,2024-12-10T08:35:57.015
-124.39365,40.72315,10.69,1.44,2024-12-10T08:41:40.771
-124.39303,40.72316,10.87,1.47,2024-12-10T08:48:21.260
-124.81524,40.33908,5.88,1.75,2024-12-10T08:50:18.571
-124.4383,40.28835,6.61,1.5,2024-12-10T08:52:41.594
-124.4383,40.28835,6.61,1.41,2024-12-10T08:53:18.714
-124.95961,40.35598,7.18,1.89,2024-12-10T08:56:27.032
-125.08243,40.39204,9.35,2.44,2024-12-10T08:58:14.984
-124.63431,40.29588,17.95,1.54,2024-12-10T09:01:04.373
-124.78224,40.34158,4.93,2.55,2024-12-10T09:02:28.797
-124.83048,40.34928,5.05,2.03,2024-12-10T09:05:31.079
-124.61533,40.29535,17.81,1.8,2024-12-10T09:08:12.920
-124.54025,40.29101,18.57,1.31,2024-12-10T09:08:23.068
-124.56074,40.29612,20.08,1.45,2024-12-10T09:08:51.163
-124.28019,40.65517,16.35,2.24,2024-12-10T09:12:44.375
-124.48316,40.28699,8.06,1.31,2024-12-10T09:13:34.202
-124.70746,40.32417,4.81,1.94,2024-12-10T09:17:43.225
-124.50997,40.28123,6.1,1.82,2024-12-10T09:20:58.770
-124.65232,40.31273,10.98,1.44,2024-12-10T09:22:18.696
-124.77367,40.34718,5.11,1.86,2024-12-10T09:26:11.666
-124.28017,40.65468,16.38,1.94,2024-12-10T09:26:23.294
-124.81449,40.35421,5.72,1.86,2024-12-10T09:33:22.170
-124.59784,40.23504,0.83,1.63,2024-12-10T09:58:13.663
-124.7732,40.33807,4.44,1.67,2024-12-10T09:59:53.115
-124.82855,40.36297,9.5,2.24,2024-12-10T10:04:50.034
-124.7965,40.30844,2.02,1.59,2024-12-10T10:08:37.351
-124.48517,40.28708,8.13,0.94,2024-12-10T10:14:06.849
-124.51342,40.29691,7.05,1.13,2024-12-10T10:17:59.601
-125.07091,40.38192,6.14,2.44,2024-12-10T10:19:22.068
-124.94028,40.3421,17.68,2.15,2024-12-10T10:19:54.009
-124.51726,40.2975,7.1,2.19,2024-12-10T10:20:17.714
-124.79543,40.35201,7.63,1.93,2024-12-10T10:21:54.991
-124.45422,40.28772,8.06,1.07,2024-12-10T10:22:43.037
-124.95558,40.35524,7.13,2.26,2024-12-10T10:24:48.110
-124.51676,40.29752,7.19,3.59,2024-12-10T10:25:57.182
-124.51295,40.29731,6.89,3.57,2024-12-10T10:27:43.399
-124.51593,40.29759,6.78,2.33,2024-12-10T10:28:27.513
-124.63751,40.29881,18.28,1.65,2024-12-10T10:29:21.989
-124.65371,40.33328,14.46,1.51,2024-12-10T10:29:59.258
-124.52035,40.29851,6.95,1.1,2024-12-10T10:32:07.229
-124.52219,40.29983,7.23,0.88,2024-12-10T10:34:20.035
-124.51934,40.302,7.49,0.85,2024-12-10T10:34:43.333
-124.5132,40.3007,7.21,0.92,2024-12-10T10:35:12.296
-124.51873,40.29774,6.94,1.08,2024-12-10T10:35:25.276
-124.51931,40.29739,7.15,1.55,2024-12-10T10:35:59.249
-124.51609,40.29998,5.61,1.11,2024-12-10T10:36:23.592
-124.51757,40.29757,7.11,1.9,2024-12-10T10:36:51.069
-124.50993,40.29696,7.01,1.31,2024-12-10T10:37:15.242
-124.51212,40.29778,6.89,1.72,2024-12-10T10:37:33.550
-124.66389,40.30149,15.93,1.71,2024-12-10T10:37:51.168
-124.51731,40.30026,7.11,0.91,2024-12-10T10:41:44.544
-125.02294,40.40269,9.32,2.71,2024-12-10T10:41:56.598
-125.02223,40.40326,9.28,2.4,2024-12-10T10:47:08.958
-124.31406,40.04902,7.93,1.44,2024-12-10T10:48:13.776
-124.82259,40.25975,1.43,1.59,2024-12-10T10:51:32.604
-124.51532,40.30141,7.87,0.86,2024-12-10T10:53:30.824
-124.51416,40.30063,7.26,0.96,2024-12-10T10:54:20.731
-124.66509,40.30897,19.76,2.32,2024-12-10T10:57:30.071
-124.5097,40.29598,6.53,1.2,2024-12-10T11:00:44.720
-124.93812,40.34502,17.5,2.22,2024-12-10T11:03:03.001
-124.82324,40.24865,1.91,1.6,2024-12-10T11:03:34.832
-124.51112,40.3008,7.26,0.87,2024-12-10T11:05:50.771
-124.39375,40.72316,10.58,1.44,2024-12-10T11:07:55.728
-124.51379,40.29841,6.92,1.14,2024-12-10T11:08:34.347
-124.51403,40.30066,7.41,0.88,2024-12-10T11:11:20.688
-124.45771,40.29014,7.99,0.88,2024-12-10T11:15:14.482
-124.72276,40.42767,11.19,1.54,2024-12-10T11:19:17.320
-124.50734,40.29622,6.85,2.71,2024-12-10T11:21:42.458
-124.50549,40.29576,6.98,1.13,2024-12-10T11:24:25.397
-124.50784,40.29861,5.8,1.09,2024-12-10T11:24:51.328
-124.51045,40.29754,6.26,1.1,2024-12-10T11:27:28.790
-124.39349,40.72302,10.78,1.54,2024-12-10T11:29:38.157
-124.48603,40.29113,7.17,0.82,2024-12-10T11:37:12.911
-124.51759,40.2969,7.3,1.94,2024-12-10T11:37:27.438
-125.09224,40.39139,9.08,2.27,2024-12-10T11:41:07.638
-124.48522,40.28688,8.08,0.91,2024-12-10T11:46:18.059
-124.55755,40.28219,8.43,1.27,2024-12-10T11:48:45.530
-124.51005,40.2966,6.78,1.25,2024-12-10T11:49:35.721
-124.9053,40.3705,6.24,1.78,2024-12-10T11:53:41.846
-124.51273,40.2982,6.87,1.13,2024-12-10T11:57:57.312
-124.6953,40.2476,0.37,1.89,2024-12-10T11:58:49.489
-124.9053,40.3705,6.24,1.75,2024-12-10T11:59:34.806
-124.70447,40.45647,11.35,1.85,2024-12-10T12:07:23.673
-124.54765,40.28952,19.21,1.26,2024-12-10T12:11:28.440
-124.77696,40.26433,1.18,1.63,2024-12-10T12:12:55.627
-124.81719,40.35737,9.12,2.2,2024-12-10T12:13:11.424
-124.41174,40.72599,13.32,1.26,2024-12-10T12:16:12.250
-124.71866,40.45002,11.51,1.61,2024-12-10T12:21:55.038
-124.51402,40.30051,7.22,0.96,2024-12-10T12:22:21.154
-124.69651,40.32324,5.56,1.97,2024-12-10T12:24:03.957
-124.51978,40.29769,6.8,1.74,2024-12-10T12:25:29.517
-124.80148,40.35319,5.45,2.19,2024-12-10T12:25:40.571
-124.53151,40.48002,17.16,1.31,2024-12-10T12:27:43.440
-124.51322,40.30126,7.52,0.97,2024-12-10T12:30:01.344
-124.51647,40.30019,6.88,0.92,2024-12-10T12:36:19.102
-124.54661,40.28176,18.19,1.15,2024-12-10T12:37:13.561
-124.48317,40.28738,8.12,1.27,2024-12-10T12:38:26.734
-124.65858,40.29436,7.43,1.75,2024-12-10T12:39:18.662
-124.50824,40.29622,6.93,1.34,2024-12-10T12:41:42.672
-124.50934,40.2956,7.0,1.17,2024-12-10T12:43:05.288
-124.48774,40.28727,8.06,0.9,2024-12-10T12:44:33.160
-124.51672,40.29748,6.9,1.11,2024-12-10T12:55:43.588
-124.83448,40.37063,16.09,1.79,2024-12-10T12:57:51.503
-124.70755,40.4185,6.92,1.86,2024-12-10T12:59:26.201
-124.76115,40.33323,5.05,3.99,2024-12-10T13:01:07.323
-124.50528,40.29465,6.56,1.35,2024-12-10T13:06:27.762
-124.75738,40.33335,4.34,1.72,2024-12-10T13:15:03.008
-124.75738,40.33335,4.34,1.7,2024-12-10T13:15:42.228
-124.4862,40.28735,8.2,1.24,2024-12-10T13:16:49.000
-124.93719,40.34493,17.52,2.15,2024-12-10T13:17:03.691
-124.73858,40.33278,4.5,2.05,2024-12-10T13:19:54.803
-125.09422,40.39438,8.69,2.54,2024-12-10T13:23:34.178
-125.07994,40.38413,6.18,2.48,2024-12-10T13:25:07.335
-124.86131,40.37719,9.09,3.14,2024-12-10T13:26:32.759
-124.64444,40.29811,18.11,1.71,2024-12-10T13:28:37.820
-124.51573,40.29867,7.15,1.11,2024-12-10T13:28:55.609
-124.86749,40.33985,11.89,1.93,2024-12-10T13:35:46.614
-124.43499,40.52591,18.38,1.32,2024-12-10T13:36:34.067
-124.74521,40.33811,5.18,1.78,2024-12-10T13:37:20.841
-124.83559,40.37077,16.08,1.79,2024-12-10T13:43:28.237
-124.69577,40.42797,13.6,1.25,2024-12-10T13:45:45.347
-124.72852,40.30689,4.25,1.07,2024-12-10T13:47:02.523
-124.78787,40.26488,0.56,1.9,2024-12-10T13:50:50.654
-124.69985,40.4321,12.15,1.76,2024-12-10T13:56:47.991
-124.78307,40.34108,4.94,2.04,2024-12-10T14:05:02.298
-124.4844,40.29115,6.97,0.96,2024-12-10T14:12:22.975
-125.11393,40.39979,9.32,2.91,2024-12-10T14:14:52.864
-124.58924,40.28143,6.07,1.79,2024-12-10T14:19:38.278
-124.67824,40.33762,20.82,1.91,2024-12-10T14:19:48.014
-124.83156,40.38839,10.03,1.98,2024-12-10T14:29:49.877
-124.84181,40.36604,9.28,1.78,2024-12-10T14:33:24.996
-124.70205,40.43346,12.06,1.79,2024-12-10T14:34:06.623
-124.97394,40.39981,16.29,2.4,2024-12-10T14:37:49.032
-124.00804,40.50761,20.36,1.18,2024-12-10T14:38:45.369
-124.76443,40.3349,5.56,1.89,2024-12-10T14:39:40.089
-124.84023,40.37102,9.7,2.14,2024-12-10T14:40:15.054
-125.08431,40.39214,9.4,2.41,2024-12-10T14:57:57.971
-125.07308,40.38153,5.9,2.44,2024-12-10T15:01:23.122
-124.58707,40.23843,3.08,1.3,2024-12-10T15:06:28.080
-124.75911,40.33702,4.67,1.8,2024-12-10T15:09:19.500
-124.52481,40.29147,6.05,1.27,2024-12-10T15:12:30.141
-124.49952,40.29411,6.59,1.16,2024-12-10T15:13:23.836
-124.90661,40.35699,16.75,2.19,2024-12-10T15:16:16.275
-124.90713,40.36098,16.41,2.9,2024-12-10T15:21:33.141
-124.8151,40.33886,5.84,1.73,2024-12-10T15:26:32.023
-124.81253,40.36097,6.54,2.11,2024-12-10T15:40:29.178
-125.07303,40.38237,6.24,2.45,2024-12-10T15:41:57.878
-124.91178,40.36332,16.89,2.3,2024-12-10T15:44:37.473
-125.07121,40.39473,10.52,2.38,2024-12-10T15:46:09.680
-124.91343,40.3476,7.0,2.05,2024-12-10T15:51:54.516
-124.65752,40.2145,8.96,1.45,2024-12-10T16:01:30.103
-124.00804,40.50761,20.36,1.2,2024-12-10T16:11:43.709
-124.515,40.30055,7.17,0.97,2024-12-10T16:12:45.456
-124.90847,40.35829,16.77,2.13,2024-12-10T16:15:33.160
-124.3929,40.72202,10.92,1.69,2024-12-10T16:16:22.527
-124.9082,40.35819,16.74,2.12,2024-12-10T16:16:55.243
-124.51284,40.47967,25.63,1.51,2024-12-10T16:19:10.939
-124.84452,40.36436,8.81,2.25,2024-12-10T16:27:28.577
-124.51449,40.29656,6.63,1.85,2024-12-10T16:28:00.329
-124.51393,40.30111,7.33,1.0,2024-12-10T16:31:02.486
-124.67082,40.341,20.92,1.93,2024-12-10T16:37:32.210
-125.07308,40.41821,6.61,2.25,2024-12-10T16:39:40.771
-125.07761,40.38443,6.34,2.51,2024-12-10T16:48:49.673
-125.07807,40.38561,6.35,2.53,2024-12-10T16:49:49.259
-124.51455,40.30089,7.13,0.96,2024-12-10T16:56:34.759
-124.90462,40.35501,16.73,2.06,2024-12-10T17:00:00.519
-124.63667,40.30043,18.36,1.92,2024-12-10T17:13:42.022
-124.97688,40.40718,13.64,2.26,2024-12-10T17:17:40.444
-124.83207,40.35799,5.54,2.12,2024-12-10T17:20:05.987
-124.68649,40.32651,20.29,2.6,2024-12-10T17:20:30.565
-124.5128,40.30031,7.26,0.93,2024-12-10T17:22:44.004
-125.04022,40.39034,7.84,1.9,2024-12-10T17:23:58.697
-124.78105,40.34669,19.45,1.92,2024-12-10T17:27:15.959
-124.54726,40.77442,18.78,2.92,2024-12-10T17:28:03.801
-124.54594,40.77278,19.5,2.19,2024-12-10T17:30:08.751
-124.71461,40.45278,11.22,1.46,2024-12-10T17:31:16.037
-124.48192,40.28715,8.69,0.87,2024-12-10T17:34:08.933
-124.90867,40.35845,16.73,2.2,2024-12-10T17:46:30.800
-124.80544,40.35398,5.19,1.98,2024-12-10T17:51:22.727
-124.50383,40.29161,8.11,1.13,2024-12-10T17:55:34.752
-124.50816,40.28587,6.21,1.85,2024-12-10T18:00:03.862
-124.54177,40.48018,16.86,1.39,2024-12-10T18:06:09.059
-124.63762,40.29591,17.82,1.59,2024-12-10T18:13:09.378
-125.08843,40.39862,9.59,2.39,2024-12-10T18:20:39.817
-124.73848,40.33266,4.54,1.99,2024-12-10T18:24:40.561
-125.07177,40.41887,6.61,2.27,2024-12-10T18:25:59.820
-124.82019,40.35619,5.67,1.98,2024-12-10T18:30:05.414
-124.55369,40.29566,8.88,1.3,2024-12-10T18:35:27.241
-124.8298,40.35735,5.45,2.26,2024-12-10T18:40:54.286
-124.90374,40.35678,16.57,2.3,2024-12-10T18:42:29.963
-124.8594,40.36832,8.39,2.54,2024-12-10T18:43:45.829
-124.80552,40.35448,5.07,2.04,2024-12-10T18:44:22.077
-124.94897,40.35427,7.32,2.28,2024-12-10T18:44:59.814
-124.67598,40.30814,17.22,1.51,2024-12-10T18:49:46.479
-124.70298,40.33571,2.57,1.65,2024-12-10T19:07:30.158
-124.91746,40.35551,3.62,2.78,2024-12-10T19:14:21.605
-124.72598,40.43207,10.99,1.33,2024-12-10T19:33:30.484
-124.86604,40.36989,8.05,1.93,2024-12-10T19:36:05.462
-124.80751,40.3549,5.64,1.72,2024-12-10T19:40:08.728
-124.90893,40.35804,16.67,2.04,2024-12-10T19:41:19.975
-124.90957,40.36313,16.96,2.34,2024-12-10T19:48:48.098
-125.07177,40.41887,6.61,2.37,2024-12-10T19:54:57.690
-124.59459,40.27943,5.81,1.36,2024-12-10T20:03:33.059
-124.67864,40.33747,20.81,1.88,2024-12-10T20:15:58.350
-124.39286,40.7224,10.81,1.58,2024-12-10T20:17:21.663
-124.75002,40.39932,14.37,1.99,2024-12-10T20:18:07.583
-125.0016,40.37815,10.51,2.46,2024-12-10T20:26:58.301
-124.49213,40.28019,19.34,1.28,2024-12-10T20:38:47.429
-124.8256,40.36151,9.49,2.18,2024-12-10T20:49:06.337
-124.67789,40.33768,20.89,1.92,2024-12-10T20:52:48.771
-124.64878,40.30278,16.69,1.6,2024-12-10T20:53:55.023
-124.6761,40.34404,20.9,2.24,2024-12-10T20:56:24.064
-124.83164,40.39641,10.39,1.98,2024-12-10T20:58:36.926
-124.56783,40.29118,18.46,1.7,2024-12-10T21:06:57.565
-124.90865,40.35636,16.97,2.14,2024-12-10T21:11:48.285
-124.72801,40.41738,7.36,2.0,2024-12-10T21:14:31.285
-124.66457,40.30141,15.92,1.65,2024-12-10T21:26:15.723
-124.92041,40.36712,16.51,2.22,2024-12-10T21:33:11.770
-124.77208,40.34495,4.98,1.78,2024-12-10T21:35:11.565
-124.51719,40.2841,19.04,1.66,2024-12-10T21:36:04.227
-125.09341,40.39502,8.79,3.23,2024-12-10T21:50:47.773
-125.09427,40.39422,8.69,2.44,2024-12-10T21:52:20.448
-124.57985,40.2609,2.22,1.39,2024-12-10T21:53:54.880
-124.49777,40.29366,6.56,1.11,2024-12-10T21:55:57.475
-124.98791,40.35142,7.47,2.16,2024-12-10T22:01:21.514
-124.75574,40.32877,18.99,1.72,2024-12-10T22:02:28.867
-124.9165,40.36112,16.67,2.22,2024-12-10T22:03:12.855
-124.67087,40.30215,15.84,1.91,2024-12-10T22:05:01.405
-124.68647,40.34614,22.0,1.85,2024-12-10T22:12:39.051
-124.67596,40.33696,20.76,1.94,2024-12-10T22:13:09.622
-124.70799,40.41768,6.91,1.59,2024-12-10T22:15:01.457
-125.04252,40.38954,8.41,2.34,2024-12-10T22:18:40.786
-125.00421,40.37807,10.56,2.42,2024-12-10T22:20:10.999
-124.23842,40.48349,5.0,1.19,2024-12-10T22:31:01.343
-124.2389,40.48196,4.92,1.07,2024-12-10T22:32:15.032
-124.74,40.3324,4.45,2.03,2024-12-10T22:35:15.054
-124.65955,40.27573,12.11,1.66,2024-12-10T22:37:13.578
-124.39237,40.72132,10.76,1.65,2024-12-10T22:41:06.153
-124.83119,40.35819,5.7,2.08,2024-12-10T22:46:59.836
-124.65432,40.30217,16.59,1.57,2024-12-10T22:56:50.287
-125.04707,40.40042,10.54,2.2,2024-12-10T22:58:25.724
-124.5346,40.28745,18.86,0.95,2024-12-10T23:00:25.689
-124.39215,40.72117,10.84,1.72,2024-12-10T23:06:54.351
-124.39212,40.72074,10.68,1.61,2024-12-10T23:07:28.182
-124.86303,40.41121,17.07,1.85,2024-12-10T23:10:30.297
-124.39284,40.72117,10.72,1.65,2024-12-10T23:10:56.050
-124.682,40.30221,15.48,1.78,2024-12-10T23:13:33.649
-124.66972,40.30176,15.89,1.74,2024-12-10T23:14:28.089
-124.9084,40.35811,16.75,2.2,2024-12-10T23:14:35.812
-124.39268,40.72183,10.75,1.67,2024-12-10T23:32:32.251
-124.70545,40.33003,19.58,2.46,2024-12-10T23:36:21.432
-124.74972,40.39734,14.28,1.99,2024-12-10T23:38:28.297
-124.38631,40.69249,21.86,2.33,2024-12-10T23:44:39.249
-124.67129,40.30372,16.19,1.56,2024-12-11T00:00:44.326
-124.62815,40.29595,17.62,2.14,2024-12-11T00:06:16.377
-124.78927,40.35524,5.07,2.44,2024-12-11T00:08:10.036
-124.80362,40.35578,5.94,2.49,2024-12-11T00:11:10.690
-124.84626,40.36435,8.68,2.22,2024-12-11T00:14:34.186
-124.90542,40.35586,16.64,2.09,2024-12-11T00:20:35.851
-124.96284,40.35628,27.84,2.21,2024-12-11T00:34:32.237
-124.90848,40.35826,16.76,2.19,2024-12-11T00:35:54.967
-124.70974,40.37949,6.98,1.65,2024-12-11T00:37:31.449
-124.90738,40.35762,16.73,2.23,2024-12-11T00:40:17.522
-124.49492,40.29308,7.13,1.28,2024-12-11T00:48:11.570
-124.52029,40.29445,6.22,1.26,2024-12-11T00:51:33.348
-124.91856,40.44167,1.43,1.75,2024-12-11T00:52:02.158
-124.52166,40.28297,6.68,1.4,2024-12-11T00:56:37.521
-124.83369,40.36451,9.39,1.81,2024-12-11T01:25:25.468
-124.87227,40.35915,17.01,2.13,2024-12-11T01:27:06.972
-125.02355,40.47123,7.2,2.19,2024-12-11T01:30:13.167
-124.93527,40.38309,7.98,1.87,2024-12-11T01:31:22.376
-125.03188,40.46556,7.1,2.04,2024-12-11T01:34:52.150
-125.02485,40.47102,7.05,2.25,2024-12-11T01:42:20.639
-124.96481,40.35732,28.08,2.22,2024-12-11T01:48:54.180
-124.70074,40.32289,6.33,2.33,2024-12-11T01:55:28.731
-124.70242,40.32317,6.28,2.24,2024-12-11T01:56:45.493
-124.50819,40.28571,19.43,1.57,2024-12-11T01:58:32.004
-124.77842,40.26586,1.37,1.8,2024-12-11T02:01:36.082
-124.72034,40.45383,10.46,1.2,2024-12-11T02:22:22.570
-125.02956,40.47145,7.15,2.43,2024-12-11T02:31:03.563
-125.02971,40.47219,7.19,2.28,2024-12-11T02:31:30.610
-125.03019,40.47291,7.11,2.38,2024-12-11T02:32:28.160
-125.03271,40.47153,7.43,2.36,2024-12-11T02:32:42.335
-125.03096,40.47492,7.26,2.41,2024-12-11T02:38:43.502
-125.02962,40.47479,7.29,2.26,2024-12-11T02:40:24.209
-124.88915,40.35805,16.54,2.09,2024-12-11T02:44:21.843
-124.47986,40.28773,8.43,0.93,2024-12-11T02:49:01.305
-124.99734,40.37882,5.87,2.48,2024-12-11T02:54:28.439
-124.53009,40.28572,18.93,1.31,2024-12-11T02:58:12.692
-124.50786,40.28655,19.5,1.53,2024-12-11T03:07:51.334
-125.0395,40.38819,8.39,1.91,2024-12-11T03:10:12.474
-124.48239,40.28908,7.26,0.95,2024-12-11T03:12:37.734
-124.48408,40.28867,7.17,0.99,2024-12-11T03:14:37.394
-124.70736,40.45465,11.34,1.98,2024-12-11T03:36:05.906
-124.8257,40.36144,9.49,2.08,2024-12-11T03:43:19.425
-124.81853,40.35666,5.63,2.06,2024-12-11T03:58:11.389
-124.69172,40.30456,15.48,1.63,2024-12-11T04:00:53.690
-125.02044,40.47064,7.29,2.28,2024-12-11T04:07:17.136
-124.75791,40.3319,19.29,2.42,2024-12-11T04:10:41.129
-124.75889,40.33209,19.29,2.3,2024-12-11T04:11:49.467
-124.82746,40.35699,5.6,2.16,2024-12-11T04:12:26.321
-124.91639,40.36449,16.42,2.47,2024-12-11T04:13:33.170
-125.04093,40.44836,10.04,3.63,2024-12-11T04:21:00.263
-125.04009,40.44798,9.82,2.75,2024-12-11T04:23:39.505
-124.94073,40.49182,2.76,2.3,2024-12-11T04:23:55.516
-124.59593,40.28053,5.99,1.33,2024-12-11T04:28:29.997
-124.93609,40.49154,3.08,2.44,2024-12-11T04:37:58.609
-125.03234,40.44108,10.07,3.51,2024-12-11T04:40:42.271
-125.01473,40.4692,7.28,3.02,2024-12-11T04:41:44.960
-124.93728,40.49184,2.73,2.61,2024-12-11T04:42:45.181
-124.93866,40.49044,2.92,2.34,2024-12-11T04:46:41.145
-124.9393,40.49043,3.08,2.4,2024-12-11T04:46:50.637
-124.93728,40.49184,2.73,2.35,2024-12-11T04:47:16.161
-124.93875,40.4912,3.0,2.35,2024-12-11T04:49:48.457
-125.01739,40.47812,8.67,2.23,2024-12-11T04:54:32.739
-124.7954,40.24508,0.13,1.82,2024-12-11T05:04:13.974
-124.92251,40.35729,13.52,2.61,2024-12-11T05:05:33.305
-124.60401,40.2255,4.48,1.74,2024-12-11T05:07:11.607
-125.08076,40.41698,11.1,2.57,2024-12-11T05:08:48.413
-124.91806,40.36418,16.54,2.41,2024-12-11T05:13:01.715
-125.02653,40.46916,7.71,2.11,2024-12-11T05:26:05.820
-124.82674,40.36195,9.49,2.34,2024-12-11T05:33:04.621
-124.75931,40.30078,5.62,1.78,2024-12-11T05:35:50.024
-124.82623,40.37734,4.15,2.03,2024-12-11T05:42:44.865
-125.02745,40.44564,9.21,3.66,2024-12-11T05:49:12.991
-125.02576,40.47066,7.09,2.47,2024-12-11T05:51:13.779
-124.94569,40.36684,15.71,1.89,2024-12-11T05:51:43.163
-125.02546,40.47288,7.25,2.22,2024-12-11T05:51:54.684
-124.79274,40.35148,7.79,1.93,2024-12-11T05:53:05.875
-125.02572,40.47183,7.24,2.35,2024-12-11T05:56:30.864
-124.82772,40.37505,9.39,1.96,2024-12-11T05:59:41.500
-124.78061,40.35097,5.26,1.75,2024-12-11T06:12:41.101
-124.50314,40.29195,7.07,1.17,2024-12-11T06:14:44.679
-125.01247,40.46983,7.26,2.28,2024-12-11T06:16:15.525
-124.88991,40.36322,15.58,2.14,2024-12-11T06:32:21.427
-124.48467,40.28859,7.08,1.59,2024-12-11T06:36:25.141
-125.10523,40.3793,10.97,2.42,2024-12-11T06:41:01.146
-124.62031,40.29451,17.82,1.71,2024-12-11T06:49:43.144
-125.00043,40.37762,10.52,2.44,2024-12-11T06:51:42.831
-124.0014,40.77699,21.22,1.16,2024-12-11T07:00:21.708
-125.01436,40.47019,7.3,2.77,2024-12-11T07:09:02.053
-124.50771,40.28098,16.84,2.43,2024-12-11T07:13:34.317
-125.00005,40.3901,7.35,2.21,2024-12-11T07:25:06.790
-124.72094,40.45166,13.0,1.92,2024-12-11T07:35:24.669
-124.6967,40.43152,10.67,1.66,2024-12-11T07:43:43.006
-124.84481,40.36397,8.8,2.37,2024-12-11T07:51:25.475
-125.02452,40.47157,7.28,2.21,2024-12-11T07:52:16.902
-124.75128,40.33528,4.84,1.61,2024-12-11T08:01:03.810
-124.71225,40.43344,10.65,1.69,2024-12-11T08:03:02.882
-124.94289,40.36597,15.65,1.82,2024-12-11T08:07:55.306
-124.80096,40.25093,0.62,1.94,2024-12-11T08:10:16.138
-124.62366,40.26044,6.86,1.62,2024-12-11T08:16:21.862
-124.72228,40.33299,20.79,1.95,2024-12-11T08:24:29.219
-125.03053,40.47519,7.24,2.42,2024-12-11T08:34:18.223
-125.14674,40.39101,9.9,2.31,2024-12-11T08:38:34.842
-124.71176,40.43387,10.62,1.74,2024-12-11T08:41:45.355
-124.79834,40.36853,6.49,2.15,2024-12-11T08:45:38.173
-124.62188,40.21515,2.63,1.64,2024-12-11T08:46:47.801
-124.50243,40.2815,19.15,2.24,2024-12-11T08:50:56.607
-124.80346,40.34553,8.57,1.69,2024-12-11T08:59:10.208
-124.73958,40.33489,3.39,1.19,2024-12-11T09:02:20.621
-124.84513,40.36342,8.37,1.85,2024-12-11T09:03:32.508
-124.59319,40.29779,9.73,1.78,2024-12-11T09:04:25.326
-124.85964,40.36842,8.38,2.27,2024-12-11T09:17:08.221
-124.64257,40.29295,7.71,1.49,2024-12-11T09:21:02.616
-125.0172,40.47078,7.26,2.35,2024-12-11T09:22:24.267
-124.50246,40.28138,19.14,2.02,2024-12-11T09:32:10.707
-124.39465,40.71459,10.99,1.46,2024-12-11T09:32:52.051
-124.39421,40.7143,10.95,1.42,2024-12-11T09:36:36.559
-124.39307,40.7142,10.88,1.32,2024-12-11T09:37:04.246
-124.71294,40.46745,13.66,1.81,2024-12-11T09:46:11.478
-124.39453,40.71432,10.89,1.36,2024-12-11T09:52:38.351
-124.39406,40.71468,10.97,1.5,2024-12-11T09:52:45.950
-124.3953,40.71467,10.93,1.41,2024-12-11T09:53:09.883
-124.39437,40.71414,10.97,1.34,2024-12-11T09:53:33.536
-124.39459,40.71511,10.94,1.39,2024-12-11T09:54:34.818
-124.71108,40.43363,10.63,1.69,2024-12-11T09:56:16.854
-124.9205,40.36508,16.91,2.54,2024-12-11T09:57:59.083
-124.81446,40.35635,5.82,1.92,2024-12-11T09:59:49.570
-124.91187,40.358,16.59,2.22,2024-12-11T10:00:25.989
-124.39521,40.71413,10.9,1.27,2024-12-11T10:06:08.371
-124.711,40.43388,10.68,1.79,2024-12-11T10:09:46.836
-124.39579,40.71448,10.83,1.32,2024-12-11T10:16:15.702
-124.67337,40.35258,7.06,1.58,2024-12-11T10:21:44.048
-124.3936,40.71383,11.42,1.38,2024-12-11T10:28:25.729
-124.64252,40.29202,7.58,1.52,2024-12-11T10:42:15.813
-124.64086,40.29267,7.07,2.37,2024-12-11T10:56:40.287
-124.61345,40.25443,13.98,1.22,2024-12-11T11:00:17.127
-124.48717,40.29322,7.16,1.2,2024-12-11T11:04:54.869
-124.48804,40.29042,7.09,1.56,2024-12-11T11:07:32.166
-124.68026,40.30645,18.38,2.18,2024-12-11T11:19:07.827
-124.62329,40.25901,6.68,1.36,2024-12-11T11:33:07.908
-124.67443,40.33657,20.74,2.06,2024-12-11T11:40:59.941
-124.66182,40.33599,7.19,1.66,2024-12-11T11:49:37.196
-125.02276,40.47234,7.26,2.12,2024-12-11T11:51:51.554
-125.01312,40.46974,7.69,2.59,2024-12-11T11:52:41.954
-124.79712,40.37037,6.6,2.11,2024-12-11T11:54:44.132
-124.55816,40.47071,17.2,1.07,2024-12-11T12:00:44.000
-125.02436,40.46883,7.22,2.21,2024-12-11T12:11:57.188
-125.04212,40.44892,10.17,2.68,2024-12-11T12:15:27.915
-124.90643,40.35691,16.75,2.35,2024-12-11T12:22:19.648
-124.50988,40.29804,7.46,1.47,2024-12-11T12:24:33.147
-124.90802,40.36332,16.94,1.97,2024-12-11T12:31:00.235
-124.99293,40.37526,10.99,2.52,2024-12-11T12:31:07.631
-124.52887,40.28767,20.63,1.55,2024-12-11T12:31:36.556
-125.03765,40.38747,8.15,1.85,2024-12-11T12:42:35.316
-124.70858,40.45425,11.3,1.91,2024-12-11T12:51:52.274
-124.70862,40.45349,11.36,2.01,2024-12-11T12:54:01.036
-124.23605,40.57487,17.54,1.2,2024-12-11T13:09:19.902
-124.39544,40.71412,11.05,1.4,2024-12-11T13:21:39.198
-124.23605,40.57487,17.54,1.19,2024-12-11T13:23:15.192
-125.07544,40.39674,7.36,3.03,2024-12-11T13:30:42.265
-124.90356,40.35567,16.66,2.23,2024-12-11T13:33:45.055
-124.79946,40.24979,0.36,1.89,2024-12-11T13:34:06.822
-124.90361,40.35543,16.69,2.22,2024-12-11T13:34:22.193
-124.88572,40.35754,13.49,1.74,2024-12-11T13:40:12.585
-124.77792,40.3389,4.37,2.03,2024-12-11T13:41:51.166
-124.90503,40.35594,16.69,2.17,2024-12-11T13:52:16.160
-124.59612,40.37269,18.34,1.78,2024-12-11T14:01:34.044
-124.74778,40.4088,9.51,2.01,2024-12-11T14:12:28.443
-124.61901,40.24236,12.8,1.31,2024-12-11T14:14:08.732
-124.81919,40.35666,5.64,1.81,2024-12-11T14:33:13.133
-124.55838,40.27412,11.54,1.5,2024-12-11T14:44:37.462
-125.13935,40.38935,10.01,2.22,2024-12-11T14:47:15.281
-124.67467,40.35003,6.92,1.57,2024-12-11T14:50:05.875
-124.51262,40.2793,17.75,1.32,2024-12-11T14:51:52.551
-124.8077,40.37121,6.3,2.16,2024-12-11T14:57:35.599
-124.85289,40.36483,15.81,2.26,2024-12-11T15:06:15.619
-124.49815,40.29051,8.04,0.91,2024-12-11T15:21:00.238
-124.96733,40.37656,14.13,2.16,2024-12-11T15:30:00.192
-124.75481,40.32995,19.45,1.75,2024-12-11T15:50:28.716
-124.90622,40.35704,16.71,2.22,2024-12-11T16:01:21.355
-124.69235,40.43245,9.34,1.39,2024-12-11T16:14:19.970
-124.87316,40.37678,8.19,1.84,2024-12-11T16:15:51.667
-124.77735,40.26434,1.16,1.82,2024-12-11T16:27:12.709
-124.84689,40.3639,8.43,2.56,2024-12-11T16:31:54.248
-124.50901,40.28458,19.2,1.58,2024-12-11T16:58:32.434
-124.77242,40.57366,11.91,2.01,2024-12-11T16:59:11.144
-125.00171,40.38219,11.07,2.43,2024-12-11T17:00:57.666
-125.04173,40.38373,5.45,2.54,2024-12-11T17:22:02.975
-124.48479,40.28856,7.03,1.43,2024-12-11T17:26:39.894
-125.04268,40.38379,5.42,2.61,2024-12-11T17:31:25.017
-124.91319,40.30733,2.89,2.41,2024-12-11T17:34:38.043
-124.79543,40.35201,7.62,1.95,2024-12-11T17:35:21.261
-124.56026,40.29329,20.85,2.53,2024-12-11T17:44:19.484
-125.04138,40.38365,5.4,2.42,2024-12-11T17:48:47.466
-124.6933,40.30345,15.28,1.68,2024-12-11T17:49:37.522
-124.60246,40.22607,12.38,1.17,2024-12-11T18:00:08.081
-124.67653,40.2989,16.4,1.75,2024-12-11T18:42:46.335
-125.03137,40.47735,7.43,2.25,2024-12-11T18:46:33.682
-124.70905,40.33799,19.71,2.15,2024-12-11T19:03:21.684
-125.01519,40.47087,7.28,2.56,2024-12-11T19:05:21.394
-124.62485,40.3061,7.51,2.26,2024-12-11T19:06:08.019
-125.00118,40.37756,10.56,2.65,2024-12-11T19:07:37.058
-125.0067,40.37953,10.51,2.53,2024-12-11T19:18:30.211
-124.81519,40.35366,5.78,1.84,2024-12-11T19:25:33.514
-124.50564,40.28216,16.9,2.04,2024-12-11T19:35:01.854
-125.03223,40.47549,7.28,2.54,2024-12-11T19:37:50.290
-125.03003,40.47488,7.21,2.3,2024-12-11T19:38:43.297
-125.02959,40.47349,7.13,2.29,2024-12-11T19:39:41.693
-124.51752,40.29463,7.0,1.19,2024-12-11T19:40:56.301
-125.02943,40.47202,7.11,2.67,2024-12-11T19:41:22.843
-125.00516,40.37893,10.49,2.68,2024-12-11T19:48:08.158
-125.00733,40.37912,10.46,2.5,2024-12-11T20:10:27.609
-124.31682,40.04579,7.59,1.38,2024-12-11T20:39:08.570
-124.62964,40.27104,7.7,1.2,2024-12-11T21:44:48.076
-124.46738,40.28196,18.46,1.64,2024-12-11T21:57:23.231
-124.5117,40.28074,16.94,2.03,2024-12-11T22:14:51.448
-124.43297,40.28648,6.74,1.32,2024-12-11T22:18:19.350
-124.80141,40.35318,5.44,2.55,2024-12-11T22:47:50.467
-125.05843,40.39181,10.52,1.98,2024-12-11T22:58:18.000
-124.90105,40.38912,1.32,1.55,2024-12-11T23:08:20.011
-124.90155,40.38962,1.33,1.6,2024-12-11T23:08:44.146
-124.90104,40.38972,1.36,1.6,2024-12-11T23:09:15.346
-124.90195,40.38994,1.33,1.44,2024-12-11T23:09:56.281
-125.06725,40.37997,8.41,2.34,2024-12-11T23:10:21.596
-124.7198,40.44858,10.93,1.54,2024-12-11T23:22:41.744
-124.50872,40.28491,20.05,2.38,2024-12-11T23:27:57.560
-124.43856,40.28722,6.77,1.35,2024-12-11T23:29:16.736
-124.57241,40.28251,5.91,2.28,2024-12-11T23:33:39.155
-124.57204,40.28117,5.61,1.83,2024-12-11T23:39:00.120
-124.57126,40.28259,5.89,2.23,2024-12-11T23:39:37.985
-124.56496,40.27874,5.02,1.05,2024-12-11T23:48:53.411
-125.3248,40.40983,7.28,2.35,2024-12-11T23:49:40.151
-124.643,40.23598,12.11,1.73,2024-12-11T23:53:06.787
-124.50377,40.29311,7.05,1.5,2024-12-12T00:08:46.147
-124.64074,40.2929,7.05,2.26,2024-12-12T00:42:03.220
-124.8077,40.35069,8.88,2.13,2024-12-12T00:55:07.341
-124.67782,40.33744,20.92,3.11,2024-12-12T01:22:07.908
-124.81871,40.34931,8.94,2.53,2024-12-12T01:30:09.480
-124.93804,40.31906,3.17,2.02,2024-12-12T01:36:48.944
-124.69406,40.32537,6.04,1.94,2024-12-12T01:38:06.120
-124.39203,40.28168,19.52,0.75,2024-12-12T01:40:20.400
-124.90443,40.35626,16.53,2.49,2024-12-12T01:43:18.479
-124.82321,40.34059,18.79,1.72,2024-12-12T01:45:46.427
-124.64292,40.29262,7.64,1.59,2024-12-12T02:25:13.998
-124.64261,40.29218,7.59,1.71,2024-12-12T02:27:55.289
-124.71077,40.34821,6.86,1.62,2024-12-12T02:53:38.184
-124.31691,40.04575,7.59,1.69,2024-12-12T02:59:29.478
-125.04738,40.39033,10.62,2.45,2024-12-12T03:00:09.435
-124.78176,40.36138,6.12,1.74,2024-12-12T03:14:44.263
-124.61835,40.22566,3.81,1.31,2024-12-12T03:19:54.818
-124.61522,40.27907,4.15,3.54,2024-12-12T03:24:51.229
-124.7963,40.36794,6.53,2.35,2024-12-12T03:38:12.021
-124.6953,40.2476,0.37,1.91,2024-12-12T03:45:07.899
-124.89709,40.34997,6.16,1.79,2024-12-12T03:46:41.826
-124.43884,40.2871,6.74,1.4,2024-12-12T03:52:02.012
-124.56627,40.28157,5.03,1.46,2024-12-12T04:10:34.733
-124.82901,40.3563,5.71,2.03,2024-12-12T04:40:33.998
-124.61402,40.27781,4.11,2.23,2024-12-12T04:52:11.663
-124.39109,40.2814,20.24,1.42,2024-12-12T04:55:45.069
-124.79783,40.36889,6.55,2.08,2024-12-12T04:57:24.780
-124.71841,40.45241,10.82,1.38,2024-12-12T04:58:26.256
-124.51277,40.28216,17.06,1.67,2024-12-12T05:19:35.949
-124.74045,40.33415,3.27,1.17,2024-12-12T05:23:01.407
-124.90615,40.35625,16.65,2.31,2024-12-12T05:28:28.457
-124.82302,40.35447,6.2,2.24,2024-12-12T05:29:22.472
-124.64261,40.29218,7.59,1.64,2024-12-12T05:39:18.519
-124.7965,40.3078,2.01,1.69,2024-12-12T05:54:13.251
-124.63786,40.29685,17.68,1.68,2024-12-12T06:01:38.571
-124.74045,40.33415,3.27,1.17,2024-12-12T06:04:45.787
-124.56797,40.28247,5.99,1.52,2024-12-12T06:05:26.535
-124.67871,40.33903,20.62,1.96,2024-12-12T06:10:38.686
-124.614,40.27853,4.05,2.34,2024-12-12T06:19:06.009
-124.61386,40.27845,4.11,2.27,2024-12-12T06:22:47.816
-124.61384,40.27848,4.13,2.26,2024-12-12T06:29:08.899
-125.07455,40.3834,6.33,2.91,2024-12-12T06:30:26.977
-125.08276,40.3927,7.11,2.57,2024-12-12T06:38:27.120
-124.6125,40.2578,4.13,1.42,2024-12-12T06:44:04.666
-124.65965,40.30114,15.98,1.75,2024-12-12T06:49:39.609
-124.8938,40.34945,6.32,1.81,2024-12-12T06:49:57.553
-124.62555,40.22115,3.96,1.47,2024-12-12T07:04:35.189
-124.99139,40.36507,3.0,2.5,2024-12-12T07:10:40.779
-124.90504,40.37056,6.25,1.86,2024-12-12T07:12:49.953
-124.94424,40.28891,1.27,1.25,2024-12-12T07:15:49.684
-124.61509,40.27963,4.35,2.33,2024-12-12T07:17:13.715
-124.90466,40.37535,6.78,1.89,2024-12-12T07:23:39.165
-124.9444,40.36835,30.56,2.27,2024-12-12T07:24:59.628
-124.83159,40.35808,5.68,2.23,2024-12-12T07:30:10.903
-124.97378,40.3769,5.93,2.27,2024-12-12T07:55:38.294
-124.64297,40.29171,7.61,1.61,2024-12-12T07:58:54.478
-124.43946,40.28705,6.74,1.33,2024-12-12T08:08:33.772
-125.11878,40.39092,9.52,2.94,2024-12-12T08:23:36.909
-124.93936,40.31889,2.9,1.98,2024-12-12T08:31:19.273
-124.81536,40.33883,5.96,1.96,2024-12-12T08:40:33.554
-124.95453,40.33047,4.74,2.16,2024-12-12T08:57:08.443
-124.81532,40.35632,8.26,2.03,2024-12-12T08:59:04.298
-124.7794,40.33988,4.41,1.99,2024-12-12T09:06:36.505
-124.64097,40.29268,7.07,2.28,2024-12-12T09:11:34.245
-124.56963,40.35357,15.57,1.86,2024-12-12T09:12:39.576
-124.95407,40.32873,4.86,2.07,2024-12-12T09:26:18.559
-124.48174,40.28918,8.65,1.17,2024-12-12T09:45:36.767
-124.48174,40.28918,8.65,1.16,2024-12-12T09:46:40.017
-124.99449,40.36448,2.66,2.41,2024-12-12T09:50:44.476
-124.31659,40.04542,7.53,1.58,2024-12-12T09:54:37.020
-124.7033,40.31284,5.16,2.04,2024-12-12T09:57:44.662
-124.8054,40.35393,5.25,2.26,2024-12-12T10:08:48.596
-124.7225,40.33324,20.72,2.0,2024-12-12T10:11:14.759
-124.63642,40.26287,1.13,1.46,2024-12-12T10:20:11.456
-124.85853,40.38198,9.94,1.93,2024-12-12T10:30:49.847
-124.60141,40.29043,8.63,3.16,2024-12-12T10:31:27.687
-124.63697,40.29298,7.08,2.27,2024-12-12T10:36:57.554
-124.90101,40.38929,1.36,1.57,2024-12-12T10:37:26.370
-125.07543,40.38189,8.81,1.72,2024-12-12T10:51:47.971
-124.59214,40.28573,20.58,1.43,2024-12-12T10:56:42.852
-124.65603,40.28902,11.51,1.71,2024-12-12T10:58:50.094
-124.73835,40.41769,10.15,1.93,2024-12-12T11:01:17.036
-124.82561,40.36133,9.51,1.96,2024-12-12T11:20:08.499
-124.48416,40.28789,10.61,1.5,2024-12-12T11:21:47.798
-124.7867,40.34193,19.25,2.05,2024-12-12T11:31:22.559
-124.68613,40.28226,5.67,2.01,2024-12-12T11:56:18.118
-124.68594,40.28172,5.56,2.01,2024-12-12T11:58:50.666
-124.41829,40.29755,10.36,0.99,2024-12-12T12:15:18.980
-124.86558,40.36106,8.01,2.54,2024-12-12T12:18:27.429
-124.9276,40.44141,2.08,2.46,2024-12-12T12:21:29.927
-124.41798,40.29793,10.36,1.0,2024-12-12T12:27:19.224
-124.91317,40.34699,6.89,1.99,2024-12-12T12:28:54.493
-124.6006,40.3124,12.34,2.15,2024-12-12T12:32:44.635
-124.70221,40.297,18.71,1.82,2024-12-12T12:42:07.495
-124.41823,40.29756,10.3,0.97,2024-12-12T12:48:15.845
-124.6159,40.22467,3.8,1.3,2024-12-12T12:53:41.774
-124.83231,40.35828,5.58,2.13,2024-12-12T13:05:55.465
-124.57589,40.2884,7.1,1.34,2024-12-12T13:06:48.810
-124.58032,40.29163,7.79,1.51,2024-12-12T13:07:17.417
-124.84198,40.36258,8.38,2.09,2024-12-12T13:14:23.317
-124.90563,40.35599,16.58,2.72,2024-12-12T13:20:42.445
-124.60936,40.22611,4.56,1.35,2024-12-12T13:24:21.061
-124.57029,40.35383,15.59,1.57,2024-12-12T13:25:02.959
-124.72439,40.43134,12.92,0.89,2024-12-12T13:29:58.596
-124.56967,40.28259,6.0,1.63,2024-12-12T13:34:26.278
-124.68648,40.28195,5.44,1.97,2024-12-12T13:35:21.207
-124.64233,40.29239,7.7,1.61,2024-12-12T13:42:54.265
-124.65057,40.28837,12.24,1.7,2024-12-12T13:43:26.708
-124.41756,40.29759,10.3,0.94,2024-12-12T13:49:06.594
-124.41763,40.29757,10.3,1.0,2024-12-12T13:49:45.163
-124.48174,40.28918,8.65,1.17,2024-12-12T13:58:41.707
-124.48706,40.29122,7.09,0.89,2024-12-12T14:00:02.397
-124.6855,40.28216,5.31,1.98,2024-12-12T14:01:20.223
-125.02906,40.38601,10.67,3.27,2024-12-12T14:02:17.203
-124.66526,40.30171,16.08,1.81,2024-12-12T14:03:26.292
-124.67496,40.28291,6.63,1.87,2024-12-12T14:07:29.992
-124.73629,40.24263,13.43,1.79,2024-12-12T14:08:31.039
-124.67942,40.33792,20.4,2.07,2024-12-12T14:12:24.406
-124.65016,40.31897,17.89,1.73,2024-12-12T14:23:58.058
-124.91047,40.38036,17.85,2.54,2024-12-12T14:36:08.741
-125.02697,40.39903,9.34,2.58,2024-12-12T14:36:28.085
-124.91152,40.38145,17.93,2.86,2024-12-12T14:44:04.958
-125.02472,40.39983,9.4,2.47,2024-12-12T14:45:29.543
-124.95957,40.34529,4.49,3.97,2024-12-12T14:50:15.408
-124.91197,40.35813,16.52,2.23,2024-12-12T14:52:24.977
-124.81918,40.35699,5.7,2.22,2024-12-12T14:53:39.837
-124.81979,40.34938,8.99,2.29,2024-12-12T14:55:51.947
-125.02631,40.39794,10.09,2.47,2024-12-12T15:00:33.102
-124.88391,40.35823,13.88,2.09,2024-12-12T15:01:05.158
-124.54411,40.29042,18.88,1.52,2024-12-12T15:14:43.941
-124.61649,40.29417,17.8,1.68,2024-12-12T15:29:29.384
-124.90014,40.37245,6.52,2.98,2024-12-12T15:43:32.566
-124.90014,40.37245,6.52,2.54,2024-12-12T15:55:21.516
-124.65561,40.29688,5.58,1.93,2024-12-12T16:07:28.775
-124.69413,40.32912,6.42,2.0,2024-12-12T16:35:44.338
-124.8868,40.35257,12.19,2.15,2024-12-12T16:40:42.915
-124.69413,40.32912,6.42,2.13,2024-12-12T16:43:14.398
-124.64919,40.32535,13.05,2.07,2024-12-12T16:49:14.638
-124.66683,40.28753,11.83,1.98,2024-12-12T16:53:22.094
-124.90929,40.36402,17.18,2.77,2024-12-12T16:58:57.734
-124.67251,40.30171,15.69,1.77,2024-12-12T17:04:45.095
-125.03111,40.38334,10.14,2.54,2024-12-12T17:13:24.687
-125.04179,40.39206,8.2,2.59,2024-12-12T17:19:02.416
-124.64437,40.23524,11.94,1.69,2024-12-12T17:19:58.435
-124.56302,40.29392,19.85,2.05,2024-12-12T17:21:31.217
-124.71943,40.44592,15.58,2.06,2024-12-12T17:40:07.103
-124.90586,40.35684,16.73,2.25,2024-12-12T17:55:32.577
-124.7251,40.33098,9.05,1.77,2024-12-12T18:09:58.228
-125.03674,40.33295,6.6,2.33,2024-12-12T18:27:28.669
-124.82438,40.35661,5.72,2.35,2024-12-12T18:37:40.909
-124.67049,40.23373,10.93,1.65,2024-12-12T19:11:49.095
-124.81567,40.33888,5.7,1.99,2024-12-12T19:25:53.576
-124.48174,40.28918,8.65,1.18,2024-12-12T19:44:01.587
-124.87707,40.36836,8.99,2.16,2024-12-12T19:46:36.060
-124.56184,40.28624,11.72,1.91,2024-12-12T20:08:42.608
-124.56064,40.28646,11.82,1.89,2024-12-12T20:17:21.641
-124.55759,40.29257,14.96,2.76,2024-12-12T20:18:48.456
-124.42887,40.52945,18.57,1.6,2024-12-12T20:19:22.881
-124.56152,40.29512,20.65,1.84,2024-12-12T20:50:58.035
-124.63549,40.29754,18.04,1.76,2024-12-12T21:04:52.383
-124.69353,40.34346,9.3,1.86,2024-12-12T21:15:28.243
-124.38833,40.28116,21.03,1.65,2024-12-12T21:16:55.283
-125.11808,40.40315,4.03,2.91,2024-12-12T21:28:20.028
-125.11892,40.40265,4.03,2.85,2024-12-12T21:37:42.576
-124.48171,40.27845,19.16,1.74,2024-12-12T21:46:45.951
-124.56093,40.28641,11.72,2.04,2024-12-12T22:50:02.122
-124.53115,40.28783,19.37,2.4,2024-12-12T22:53:57.259
-125.07455,40.38249,9.19,1.99,2024-12-12T23:02:56.704
-124.82961,40.35743,5.43,2.27,2024-12-12T23:06:35.135
-124.5209,40.29769,6.99,2.16,2024-12-12T23:37:16.295
-124.9922,40.41009,15.98,2.41,2024-12-12T23:52:02.759
-124.65999,40.30355,16.53,1.25,2024-12-13T00:37:47.086
-125.0965,40.39492,9.7,2.77,2024-12-13T01:05:22.071
-124.57247,40.35621,15.74,2.16,2024-12-13T01:07:54.844
-124.58169,40.27126,2.9,0.97,2024-12-13T01:11:18.404
-124.84863,40.36159,14.49,2.13,2024-12-13T01:58:05.505
-124.67618,40.23087,1.3,2.09,2024-12-13T02:12:36.546
-124.43687,40.28207,25.93,2.05,2024-12-13T02:20:55.456
-124.82843,40.35809,5.77,2.31,2024-12-13T02:25:41.266
-124.56511,40.27369,4.47,1.79,2024-12-13T02:29:38.492
-124.43626,40.28168,26.0,2.36,2024-12-13T02:32:01.139
-124.79755,40.34402,8.21,2.36,2024-12-13T02:58:51.022
-125.1286,40.38539,8.79,2.8,2024-12-13T03:04:26.938
-124.57436,40.35264,15.49,2.1,2024-12-13T03:07:34.161
-125.04233,40.39153,8.27,2.61,2024-12-13T03:08:30.892
-125.1653,40.39263,8.56,2.59,2024-12-13T03:28:32.110
-124.80416,40.33003,18.52,2.55,2024-12-13T03:28:41.758
-124.69318,40.32412,5.79,2.17,2024-12-13T03:32:07.287
-124.59559,40.31067,12.28,1.82,2024-12-13T04:01:04.983
-124.98151,40.37856,10.97,2.6,2024-12-13T04:02:55.983
-124.43572,40.28115,25.98,1.39,2024-12-13T04:38:25.925
-124.99364,40.3946,6.74,2.25,2024-12-13T04:48:59.988
-124.81398,40.35647,8.34,3.14,2024-12-13T04:57:27.391
-124.43698,40.28175,25.98,1.79,2024-12-13T04:59:02.925
-124.46778,40.2802,19.98,1.44,2024-12-13T05:03:01.695
-124.82909,40.35789,5.75,2.35,2024-12-13T05:17:55.357
-124.84136,40.36599,9.17,2.32,2024-12-13T05:19:11.669
-124.84201,40.36655,9.22,2.04,2024-12-13T05:19:21.031
-124.58193,40.28422,6.25,2.07,2024-12-13T05:22:57.694
-124.67717,40.33739,20.82,2.36,2024-12-13T05:30:02.876
-124.83869,40.36666,9.67,2.3,2024-12-13T05:31:42.891
-124.82433,40.35424,6.08,2.22,2024-12-13T05:55:10.377
-124.67436,40.33612,20.91,2.53,2024-12-13T05:55:20.801
-124.8267,40.35702,5.68,2.26,2024-12-13T05:56:51.045
-124.83448,40.36414,9.43,2.33,2024-12-13T06:01:04.180
-124.93956,40.28969,1.86,1.29,2024-12-13T06:02:01.368
-124.54984,40.24293,7.2,1.62,2024-12-13T06:05:33.881
-124.95859,40.29035,1.86,2.16,2024-12-13T06:13:01.820
-124.72542,40.43974,13.7,1.82,2024-12-13T06:15:20.219
-124.45061,40.32474,7.42,1.14,2024-12-13T06:22:48.109
-125.05102,40.39643,10.88,2.79,2024-12-13T06:23:55.464
-124.59435,40.2328,0.58,1.82,2024-12-13T06:28:06.960
-124.67692,40.33768,20.77,2.24,2024-12-13T06:52:44.744
-124.51194,40.28578,7.53,1.96,2024-12-13T07:23:45.475
-124.75743,40.33298,4.34,1.97,2024-12-13T07:36:17.880
-124.78725,40.26522,0.52,2.1,2024-12-13T07:36:46.425
-124.44866,40.32317,7.17,0.97,2024-12-13T07:45:04.911
-124.44866,40.32317,7.17,1.17,2024-12-13T07:45:46.911
-124.85946,40.36839,8.36,2.57,2024-12-13T07:47:04.551
-124.78073,40.35378,5.57,1.74,2024-12-13T07:49:14.833
-124.50963,40.28254,20.11,2.23,2024-12-13T08:05:04.158
-124.90528,40.35683,16.55,2.28,2024-12-13T08:21:04.211
-125.02421,40.3189,0.77,2.5,2024-12-13T08:29:07.471
-124.72054,40.25829,11.8,2.07,2024-12-13T08:46:46.863
-124.41417,40.28087,16.12,1.45,2024-12-13T09:01:26.756
-124.58563,40.28063,15.74,1.44,2024-12-13T09:04:34.525
-124.56354,40.2834,18.7,1.3,2024-12-13T09:23:31.650
-124.84556,40.36617,9.01,1.97,2024-12-13T09:36:59.648
-124.49714,40.28959,7.92,1.36,2024-12-13T09:39:12.196
-124.80771,40.35253,5.79,2.3,2024-12-13T10:09:16.230
-124.57637,40.28097,16.6,1.38,2024-12-13T10:27:22.877
-124.68156,40.29642,16.41,1.74,2024-12-13T10:31:14.022
-125.02685,40.41373,10.59,2.51,2024-12-13T10:34:57.244
-124.62178,40.21968,5.67,1.6,2024-12-13T10:47:52.376
-124.96257,40.36742,7.79,2.89,2024-12-13T10:49:10.039
-124.52756,40.28639,20.19,1.9,2024-12-13T11:11:46.771
-124.92861,40.36501,16.59,2.09,2024-12-13T11:28:55.979
-125.05091,40.39778,10.71,2.68,2024-12-13T11:41:59.703
-124.49235,40.29207,6.97,0.88,2024-12-13T12:05:02.994
-124.85926,40.36846,8.36,2.59,2024-12-13T12:31:09.888
-124.60889,40.29008,8.16,1.61,2024-12-13T12:50:15.158
-124.94923,40.37901,10.19,2.91,2024-12-13T12:52:03.864
-124.47715,40.34081,8.12,1.17,2024-12-13T12:59:49.017
-124.75618,40.31598,20.72,1.47,2024-12-13T13:00:07.969
-124.87537,40.35845,13.78,2.02,2024-12-13T13:01:22.441
-124.83191,40.35797,5.56,2.4,2024-12-13T13:02:32.313
-123.99738,40.35791,26.4,1.01,2024-12-13T13:07:17.635
-124.42847,40.52893,18.96,1.74,2024-12-13T13:11:52.308
-124.62225,40.28752,17.04,1.67,2024-12-13T13:18:37.536
-124.67698,40.33775,20.83,2.27,2024-12-13T13:20:01.752
-124.52085,40.46723,18.77,1.39,2024-12-13T13:25:41.823
-124.79607,40.36776,6.53,2.4,2024-12-13T13:29:27.297
-124.88351,40.34634,12.54,2.34,2024-12-13T13:55:14.998
-124.85652,40.39662,13.75,2.07,2024-12-13T13:57:27.801
-124.47715,40.34081,8.12,1.18,2024-12-13T14:06:59.257
-124.79674,40.36802,6.5,2.47,2024-12-13T14:37:48.376
-124.72617,40.33121,20.83,2.09,2024-12-13T15:33:44.517
-124.81959,40.35382,6.31,2.21,2024-12-13T15:39:08.829
-124.81122,40.3537,4.88,2.18,2024-12-13T16:09:53.620
-124.49679,40.29479,11.74,1.58,2024-12-13T16:14:03.136
-124.43617,40.28106,26.0,2.32,2024-12-13T16:16:52.258
-124.55162,40.28553,8.07,2.54,2024-12-13T16:50:48.069
-124.5526,40.28558,8.03,2.58,2024-12-13T16:51:21.275
-124.82412,40.34072,18.77,1.5,2024-12-13T17:11:39.027
-124.66417,40.29533,4.46,2.1,2024-12-13T17:24:08.526
-124.59844,40.23529,0.87,1.71,2024-12-13T17:30:51.243
-124.80142,40.35313,5.4,2.27,2024-12-13T17:44:49.575
-124.49738,40.29248,7.19,1.07,2024-12-13T18:10:17.337
-124.84502,40.36598,9.12,1.82,2024-12-13T18:12:46.476
-124.55116,40.24147,6.96,1.87,2024-12-13T18:22:57.621
-124.82915,40.36315,9.53,2.15,2024-12-13T19:07:29.620
-124.83135,40.35898,5.64,2.24,2024-12-13T20:12:12.824
-124.63972,40.29596,17.34,2.1,2024-12-13T20:35:48.757
-124.55294,40.28584,8.06,2.55,2024-12-13T20:49:20.591
-124.95959,40.39111,15.94,2.67,2024-12-13T20:57:30.366
-124.58803,40.28274,5.99,1.68,2024-12-13T21:42:10.161
-124.4194,40.28302,6.63,1.32,2024-12-13T21:43:51.473
-124.58865,40.28346,6.1,2.34,2024-12-13T21:46:53.804
-124.8142,40.35649,9.11,2.49,2024-12-13T22:07:08.967
-124.61303,40.29799,18.11,1.97,2024-12-13T22:25:37.037
-124.62056,40.29792,7.22,1.59,2024-12-13T23:11:31.264
-124.55752,40.28644,8.07,2.4,2024-12-13T23:38:41.933
-124.55873,40.46991,17.2,1.91,2024-12-14T00:10:55.561
-124.9696,40.38346,3.73,2.55,2024-12-14T01:24:17.201
-124.50043,40.28465,7.36,1.48,2024-12-14T01:32:54.908
-124.65158,40.30053,20.36,2.35,2024-12-14T01:46:25.021
-124.87502,40.35789,14.0,2.73,2024-12-14T01:50:13.991
-125.05579,40.39247,9.91,2.88,2024-12-14T02:11:23.770
-124.83176,40.35876,5.34,2.37,2024-12-14T02:48:32.849
-124.8938,40.34978,6.25,1.82,2024-12-14T03:07:48.653
-124.94507,40.39236,5.59,2.45,2024-12-14T03:09:46.528
-124.52198,40.29188,8.48,1.61,2024-12-14T03:38:49.195
-124.80049,40.35304,4.64,2.91,2024-12-14T03:42:03.837
-124.82548,40.36152,9.48,2.47,2024-12-14T04:00:25.458
-124.72182,40.45019,11.86,2.05,2024-12-14T04:04:09.420
-124.82689,40.36191,9.51,2.54,2024-12-14T04:05:50.482
-124.89663,40.35019,6.13,1.83,2024-12-14T04:14:53.277
-124.83893,40.37056,10.06,2.3,2024-12-14T04:25:19.640
-124.48973,40.2907,7.77,1.08,2024-12-14T04:43:21.665
-125.05235,40.3967,10.74,2.91,2024-12-14T04:49:28.857
-124.39185,40.28257,20.33,1.56,2024-12-14T04:50:51.495
-124.81912,40.35657,5.68,2.29,2024-12-14T05:13:41.997
-124.67249,40.30296,15.73,2.74,2024-12-14T05:27:53.760
-124.92747,40.44154,2.05,2.3,2024-12-14T05:33:47.796
-124.80569,40.35369,5.59,2.3,2024-12-14T05:48:11.076
-124.9416,40.40214,7.05,2.36,2024-12-14T05:55:26.406
-124.88078,40.3643,14.32,2.47,2024-12-14T06:00:20.707
-124.90465,40.37353,6.35,2.0,2024-12-14T06:22:19.946
-125.07498,40.38703,9.01,2.78,2024-12-14T06:45:49.745
-124.80821,40.35534,5.22,2.62,2024-12-14T06:48:49.570
-125.069,40.39393,10.24,2.68,2024-12-14T07:04:59.349
-125.05178,40.3942,9.34,2.57,2024-12-14T07:09:13.290
-125.0228,40.40122,9.36,2.77,2024-12-14T07:31:54.411
-124.58805,40.28722,20.61,1.06,2024-12-14T07:37:51.373
-124.98067,40.37844,11.0,2.69,2024-12-14T08:04:33.316
-124.61665,40.29244,8.56,2.7,2024-12-14T08:15:55.927
-124.84529,40.36302,8.31,2.46,2024-12-14T08:22:15.259
-124.52198,40.29188,8.48,1.44,2024-12-14T08:39:06.705
-124.31644,40.62681,18.02,1.85,2024-12-14T08:45:27.484
-124.79817,40.3683,6.41,2.42,2024-12-14T08:51:46.886
-125.079,40.38324,6.21,2.78,2024-12-14T08:55:19.786
-124.82447,40.35699,5.86,2.37,2024-12-14T09:35:41.664
-124.62783,40.29527,17.68,1.95,2024-12-14T09:47:43.889
-124.67231,40.30687,19.68,2.95,2024-12-14T09:48:02.494
-125.05072,40.39414,10.9,2.75,2024-12-14T09:56:48.588
-124.81983,40.3598,5.93,2.24,2024-12-14T10:01:34.793
-125.08227,40.38225,5.51,2.54,2024-12-14T10:32:07.346
-124.96912,40.39409,15.32,2.41,2024-12-14T10:32:44.603
-124.63817,40.28878,11.77,1.67,2024-12-14T10:43:11.058
-124.91454,40.3551,13.7,2.53,2024-12-14T11:16:45.711
-124.66681,40.33549,20.8,2.39,2024-12-14T11:24:12.523
-124.59593,40.27958,5.77,1.94,2024-12-14T11:33:45.804
-124.66138,40.27788,16.87,2.02,2024-12-14T11:45:48.902
-124.39396,40.7158,10.87,2.15,2024-12-14T11:52:44.604
-124.39454,40.71571,10.86,2.19,2024-12-14T12:19:35.360
-124.70135,40.29934,18.45,1.01,2024-12-14T12:30:26.572
-124.91923,40.35138,7.15,3.57,2024-12-14T12:42:35.490
-124.96657,40.39449,15.15,2.25,2024-12-14T13:16:35.472
-124.63778,40.28671,11.62,1.84,2024-12-14T13:22:43.062
-124.67501,40.34504,21.2,2.7,2024-12-14T13:25:29.178
-124.49857,40.33328,7.3,1.83,2024-12-14T13:39:36.374
-124.67607,40.34419,20.89,2.09,2024-12-14T13:44:09.038
-124.65833,40.30103,16.07,2.31,2024-12-14T13:48:37.805
-125.07668,40.38422,6.51,2.69,2024-12-14T14:23:48.429
-124.74664,40.20178,0.09,2.07,2024-12-14T14:32:00.558
-124.92959,40.36501,16.52,2.92,2024-12-14T14:35:30.878
-124.67315,40.34367,20.88,2.69,2024-12-14T14:39:19.269
-124.90929,40.35929,16.73,2.14,2024-12-14T14:40:21.629
-124.39372,40.71505,10.88,2.22,2024-12-14T14:43:15.758
-124.49707,40.2916,7.33,1.43,2024-12-14T15:56:45.380
-124.7685,40.33587,2.18,2.3,2024-12-14T16:18:18.126
-124.66236,40.30135,15.96,2.54,2024-12-14T16:40:00.765
-124.85872,40.38221,10.05,2.09,2024-12-14T16:44:21.662
-124.39464,40.71515,10.83,2.11,2024-12-14T17:10:19.527
-124.9053,40.3705,6.24,1.97,2024-12-14T17:15:38.046
-124.63634,40.29888,18.27,2.37,2024-12-14T17:34:29.993
-124.65978,40.30155,16.16,2.3,2024-12-14T17:48:52.364
-124.87596,40.35617,14.16,2.17,2024-12-14T17:53:48.424
-124.72466,40.4332,13.16,1.02,2024-12-14T18:01:21.335
-124.49581,40.29093,7.63,1.34,2024-12-14T18:16:07.146
-124.67381,40.33658,20.96,2.34,2024-12-14T18:31:33.977
-125.00149,40.373,9.73,2.61,2024-12-14T18:34:37.247
-125.0946,40.3855,17.56,2.63,2024-12-14T18:47:32.213
-124.48024,40.28772,20.11,1.35,2024-12-14T19:19:40.463
-125.16473,40.40982,11.38,2.92,2024-12-14T19:20:16.579
-124.7923,40.32876,18.72,2.59,2024-12-14T19:20:26.158
-124.89651,40.35179,12.27,2.32,2024-12-14T19:33:31.802
-124.84617,40.36281,8.35,2.35,2024-12-14T20:08:46.925
-125.01482,40.47099,7.28,2.69,2024-12-14T20:27:38.019
-124.79935,40.33144,18.97,3.02,2024-12-14T21:03:21.948
-124.38902,40.69092,21.78,2.03,2024-12-14T21:11:33.617
-124.94433,40.38203,9.69,2.45,2024-12-14T21:48:23.177
-124.74635,40.20178,0.11,2.08,2024-12-14T22:02:04.996
-125.07046,40.38715,6.05,2.73,2024-12-14T22:16:16.309
-124.4717,40.29835,20.84,1.4,2024-12-14T22:17:24.624
-124.69542,40.29679,17.07,1.92,2024-12-14T22:28:32.801
-124.81199,40.35449,5.08,2.45,2024-12-14T23:21:45.982
-125.04735,40.39081,10.63,2.5,2024-12-14T23:24:22.992
-124.66184,40.30145,15.95,2.13,2024-12-14T23:51:50.009
-124.73753,40.40892,11.92,2.04,2024-12-15T00:01:46.866
-124.72187,40.4332,12.85,2.36,2024-12-15T00:07:35.883
-124.56168,40.2946,20.67,1.91,2024-12-15T00:09:09.580
-124.67183,40.29852,18.01,2.05,2024-12-15T00:22:54.558
-124.15445,40.715,23.82,1.97,2024-12-15T00:35:14.654
-124.50474,40.29264,8.82,1.85,2024-12-15T00:56:02.443
-124.67261,40.23081,1.42,2.09,2024-12-15T01:02:55.644
-124.67261,40.2308,1.42,2.06,2024-12-15T01:03:46.653
-124.95694,40.39771,2.84,2.5,2024-12-15T01:31:08.938
-124.7221,40.2587,11.83,2.15,2024-12-15T01:50:00.225
-125.04097,40.3837,5.45,2.62,2024-12-15T02:19:22.332
-125.04097,40.3837,5.45,2.61,2024-12-15T02:20:58.422
-124.69616,40.31316,11.82,1.65,2024-12-15T02:22:09.702
-124.828,40.3633,5.67,2.19,2024-12-15T02:43:39.626
-124.82683,40.36389,5.7,2.31,2024-12-15T03:06:42.335
-125.055,40.39703,10.76,2.73,2024-12-15T03:23:55.044
-124.64696,40.29862,20.21,2.46,2024-12-15T03:30:26.878
-124.85939,40.36846,8.35,2.66,2024-12-15T03:39:11.624
-124.92636,40.36585,16.72,2.13,2024-12-15T04:03:44.955
-124.72814,40.25729,11.18,2.09,2024-12-15T04:05:04.397
-124.6835,40.31988,8.85,1.97,2024-12-15T04:10:07.558
-124.83272,40.36252,9.12,2.34,2024-12-15T04:10:41.884
-124.79018,40.3316,18.94,2.41,2024-12-15T04:13:29.571
-124.89861,40.34948,5.92,1.83,2024-12-15T04:15:36.568
-124.4285,40.52911,18.67,1.77,2024-12-15T04:17:14.670
-124.52191,40.29777,7.18,1.47,2024-12-15T04:18:23.560
-124.78116,40.35293,5.45,1.76,2024-12-15T04:36:57.971
-125.05124,40.39462,10.96,2.73,2024-12-15T04:58:27.363
-125.14808,40.39091,9.85,2.56,2024-12-15T05:02:47.722
-124.6379,40.29381,7.13,2.24,2024-12-15T05:04:25.283
-124.59711,40.23498,0.78,1.81,2024-12-15T05:06:12.734
-124.68116,40.30068,15.31,1.68,2024-12-15T05:24:33.123
-124.76633,40.3313,19.76,2.0,2024-12-15T05:41:55.716
-124.87688,40.36844,8.94,1.94,2024-12-15T05:44:01.318
-125.07203,40.38288,6.31,2.68,2024-12-15T05:57:03.681
-125.02589,40.40262,4.15,2.56,2024-12-15T06:07:39.659
-124.7965,40.3078,2.01,1.8,2024-12-15T06:11:35.301
-125.06812,40.39378,10.26,2.89,2024-12-15T06:33:14.932
-124.82843,40.35809,5.77,2.19,2024-12-15T06:38:48.116
-124.82869,40.35786,5.74,2.19,2024-12-15T06:49:42.949
-125.04601,40.40637,10.06,5.28,2024-12-15T07:22:00.403
-125.04953,40.39697,10.81,3.46,2024-12-15T07:25:06.895
-125.05198,40.39632,10.59,3.09,2024-12-15T07:27:28.898
-124.84003,40.36581,4.62,2.23,2024-12-15T07:32:02.598
-125.03312,40.41312,8.92,2.96,2024-12-15T07:35:26.786
-124.64262,40.29177,7.5,1.68,2024-12-15T07:37:36.417
-125.06705,40.42546,7.16,2.67,2024-12-15T07:43:11.019
-125.04886,40.37704,6.0,2.57,2024-12-15T07:45:06.995
-125.03897,40.41852,11.18,2.46,2024-12-15T08:02:13.075
-124.48942,40.29262,9.68,2.29,2024-12-15T08:02:42.385
-125.02176,40.41409,10.92,2.54,2024-12-15T08:03:42.911
-125.02364,40.3992,6.82,3.39,2024-12-15T08:11:17.066
-125.01777,40.40174,9.58,2.45,2024-12-15T08:13:25.228
-125.03811,40.41338,9.23,2.83,2024-12-15T08:14:10.251
-124.53962,40.29182,18.63,1.32,2024-12-15T08:17:05.051
-124.92923,40.36537,16.53,2.3,2024-12-15T08:18:19.536
-125.04635,40.39472,8.7,2.53,2024-12-15T08:24:10.219
-124.81978,40.35658,5.65,2.24,2024-12-15T08:27:50.738
-125.02455,40.41898,10.42,2.52,2024-12-15T08:46:00.976
-125.08661,40.4206,9.46,2.65,2024-12-15T08:48:07.177
-124.96023,40.28942,1.79,2.17,2024-12-15T08:50:06.136
-125.01794,40.39982,9.41,2.53,2024-12-15T08:51:41.845
-124.9437,40.44214,4.12,2.63,2024-12-15T08:57:48.267
-125.02277,40.42667,11.94,2.51,2024-12-15T09:09:12.171
-124.70969,40.37365,6.84,1.86,2024-12-15T09:09:35.087
-125.02937,40.41896,11.2,2.79,2024-12-15T09:14:22.121
-125.08584,40.42099,9.13,2.79,2024-12-15T09:16:19.793
-125.02653,40.40836,6.59,2.86,2024-12-15T09:18:09.464
-124.42613,40.28176,6.95,1.58,2024-12-15T09:20:07.601
-125.03013,40.41507,9.16,2.58,2024-12-15T09:24:15.328
-125.05064,40.39338,11.07,2.73,2024-12-15T09:25:33.679
-124.53165,40.2874,19.32,1.79,2024-12-15T09:28:45.947
-124.9039,40.36601,16.42,2.25,2024-12-15T09:44:43.102
-125.05047,40.39301,11.1,2.5,2024-12-15T09:46:11.790
-124.96261,40.29806,0.41,2.2,2024-12-15T09:48:01.583
-124.96137,40.29764,0.39,2.19,2024-12-15T09:52:27.012
-124.67403,40.33474,20.98,2.23,2024-12-15T09:57:27.042
-124.53218,40.31375,9.08,1.71,2024-12-15T10:02:38.531
-125.04895,40.39803,8.54,2.58,2024-12-15T10:09:18.453
-124.65666,40.34284,14.23,2.46,2024-12-15T10:12:11.669
-124.80271,40.34347,8.29,2.0,2024-12-15T10:13:29.925
-124.80264,40.34334,8.32,2.18,2024-12-15T10:16:24.198
-125.05175,40.39302,8.07,2.55,2024-12-15T10:29:34.395
-124.48847,40.29134,7.2,0.68,2024-12-15T10:34:24.864
-124.80257,40.34331,8.32,2.77,2024-12-15T10:36:41.439
-124.80195,40.34353,8.49,2.27,2024-12-15T10:37:57.418
-124.66151,40.31396,10.84,1.59,2024-12-15T10:38:45.210
-124.66596,40.309,19.75,2.22,2024-12-15T10:45:02.263
-124.95859,40.29082,1.97,2.34,2024-12-15T10:56:44.748
-124.48413,40.28789,10.61,1.5,2024-12-15T11:00:05.468
-124.94186,40.44353,4.09,2.74,2024-12-15T11:02:42.928
-125.04858,40.40364,6.71,3.6,2024-12-15T11:03:58.025
-124.72107,40.4519,11.48,1.76,2024-12-15T11:16:29.468
-124.61765,40.30612,8.84,1.77,2024-12-15T11:29:01.904
-125.12272,40.39336,5.08,2.6,2024-12-15T11:40:04.189
-124.6836,40.32172,8.96,1.9,2024-12-15T11:40:47.401
-125.08242,40.43459,11.2,2.45,2024-12-15T11:46:57.060
-124.5984,40.28425,5.4,1.56,2024-12-15T11:49:38.420
-124.93042,40.45905,1.59,2.6,2024-12-15T11:51:15.588
-125.00727,40.37968,10.38,2.86,2024-12-15T11:57:32.654
-124.9158,40.30719,2.77,2.27,2024-12-15T12:15:16.318
-124.72356,40.45343,11.04,2.05,2024-12-15T12:22:29.965
-124.6315,40.29624,17.6,1.78,2024-12-15T12:23:55.409
-124.66392,40.28407,4.37,1.96,2024-12-15T12:41:00.530
-124.70726,40.37039,6.73,1.84,2024-12-15T12:42:10.328
-124.69408,40.31196,5.61,2.1,2024-12-15T12:52:19.902
-125.02613,40.41698,10.66,2.52,2024-12-15T13:04:30.375
-124.61686,40.30599,8.87,1.79,2024-12-15T13:08:04.806
-125.05662,40.38974,10.77,2.57,2024-12-15T13:14:58.837
-124.4884,40.29083,7.12,1.05,2024-12-15T13:16:48.104
-125.0146,40.41742,10.37,2.47,2024-12-15T13:24:00.420
-124.56479,40.28642,6.34,1.65,2024-12-15T13:43:15.961
-125.02569,40.42494,11.43,2.57,2024-12-15T14:01:33.940
-125.05283,40.3855,10.0,2.56,2024-12-15T14:07:05.840
-124.69226,40.23748,0.04,1.86,2024-12-15T14:14:01.813
-124.67386,40.2985,17.98,2.03,2024-12-15T14:19:05.913
-124.83195,40.36484,9.27,2.05,2024-12-15T14:28:06.217
-124.46427,40.47141,18.02,1.43,2024-12-15T14:28:24.032
-125.05481,40.38607,10.17,2.47,2024-12-15T14:28:46.612
-124.69884,40.31384,10.82,1.67,2024-12-15T14:33:22.500
-125.04648,40.39284,8.26,2.62,2024-12-15T14:38:25.582
-125.08041,40.42278,8.56,2.89,2024-12-15T14:41:05.863
-125.08147,40.42064,8.94,3.57,2024-12-15T14:44:43.754
-124.92235,40.36612,16.69,2.4,2024-12-15T14:49:08.988
-124.92706,40.45772,1.71,2.43,2024-12-15T14:50:58.850
-124.89597,40.35163,12.28,2.27,2024-12-15T15:00:31.890
-124.72725,40.25865,11.58,2.16,2024-12-15T15:14:30.124
-124.80981,40.36922,5.87,2.39,2024-12-15T15:23:40.982
-125.04923,40.39839,8.57,2.55,2024-12-15T15:25:50.341
-124.82443,40.35623,6.36,2.2,2024-12-15T15:46:24.876
-124.7976,40.34378,8.19,2.18,2024-12-15T16:09:32.980
-124.9551,40.37579,15.4,2.16,2024-12-15T16:17:35.570
-125.04962,40.39285,11.09,2.54,2024-12-15T16:31:16.027
-125.03803,40.40668,6.1,3.49,2024-12-15T16:55:55.824
-124.90663,40.35653,16.68,2.42,2024-12-15T16:57:37.357
-124.94246,40.39065,5.66,2.08,2024-12-15T17:06:09.178
-125.06839,40.38297,6.19,2.6,2024-12-15T17:22:41.088
-124.67546,40.3035,16.87,1.75,2024-12-15T17:27:30.074
-124.91312,40.307,2.87,2.51,2024-12-15T17:43:29.421
-124.94157,40.39312,5.97,2.04,2024-12-15T17:51:36.408
-125.02702,40.41056,6.61,2.68,2024-12-15T17:54:27.601
-125.02564,40.41098,6.51,2.59,2024-12-15T17:55:45.920
-124.66015,40.33106,20.49,2.16,2024-12-15T18:25:38.580
-124.66473,40.24588,12.77,1.74,2024-12-15T18:30:53.662
-125.01659,40.31806,1.14,2.41,2024-12-15T18:46:50.427
-124.71503,40.35485,8.42,1.67,2024-12-15T18:54:43.913
-124.66415,40.32649,19.96,2.12,2024-12-15T18:58:31.512
-124.67491,40.23006,1.23,1.88,2024-12-15T19:07:01.092
-124.5593,40.47054,17.36,1.54,2024-12-15T19:14:38.633
-124.72327,40.45409,11.07,1.91,2024-12-15T19:25:35.865
-125.02797,40.41992,10.14,2.36,2024-12-15T19:34:19.324
-124.6953,40.2476,0.37,1.94,2024-12-15T19:34:48.929
-124.80103,40.3529,5.45,2.29,2024-12-15T19:57:28.570
-124.5665,40.28279,5.95,1.86,2024-12-15T20:09:57.290
-124.96232,40.298,0.43,2.16,2024-12-15T20:12:25.109
-125.08333,40.43448,11.21,2.48,2024-12-15T20:37:29.528
-124.74635,40.20178,0.11,1.98,2024-12-15T20:44:04.746
-125.08398,40.43411,11.26,2.41,2024-12-15T20:45:11.929
-124.90751,40.3579,16.85,2.14,2024-12-15T20:53:30.576
-124.90925,40.35778,16.69,2.25,2024-12-15T20:57:16.448
-124.82364,40.35412,6.11,2.14,2024-12-15T21:21:58.838
-125.0206,40.31561,0.57,2.36,2024-12-15T21:26:58.591
-124.43946,40.53061,19.4,1.34,2024-12-15T21:34:53.701
-124.73034,40.39278,10.79,1.62,2024-12-15T21:46:36.294
-124.73034,40.39278,10.79,1.63,2024-12-15T21:54:09.544
-125.13746,40.38993,10.2,2.69,2024-12-15T22:15:57.126
-124.58861,40.28296,5.96,1.59,2024-12-15T22:47:30.820
-124.56671,40.28239,5.91,1.1,2024-12-15T22:55:51.850
-124.89968,40.35657,17.03,2.29,2024-12-15T23:19:25.632
-124.40952,40.26456,21.46,1.27,2024-12-15T23:22:30.890
-124.90302,40.35563,16.68,2.56,2024-12-15T23:28:08.221
-124.64634,40.29702,19.74,2.09,2024-12-15T23:58:40.613
-124.70705,40.29443,18.28,1.79,2024-12-16T00:00:14.605
-124.96141,40.29853,0.41,2.19,2024-12-16T01:05:49.422
-124.96279,40.29727,0.41,2.63,2024-12-16T01:08:25.228
-124.90407,40.36591,16.64,2.22,2024-12-16T02:30:51.948
-125.07382,40.43105,11.36,2.56,2024-12-16T02:36:01.486
-124.46434,40.28966,5.89,2.42,2024-12-16T03:21:17.902
-124.83292,40.36376,9.4,2.39,2024-12-16T04:06:24.466
-124.57288,40.35533,15.74,1.98,2024-12-16T04:19:01.900
-125.04881,40.42851,6.77,2.34,2024-12-16T04:19:17.012
-124.91746,40.35529,3.54,2.71,2024-12-16T04:28:45.122
-124.55725,40.28686,7.9,2.16,2024-12-16T04:29:03.369
-125.048,40.42905,6.67,2.37,2024-12-16T04:34:37.322
-125.04877,40.42729,6.88,2.39,2024-12-16T04:35:58.857
-124.84379,40.36478,8.66,2.13,2024-12-16T04:40:52.362
-125.04869,40.42758,6.87,2.42,2024-12-16T05:22:24.747
-124.52145,40.46629,18.83,1.22,2024-12-16T05:29:40.880
-125.09445,40.42884,9.22,2.58,2024-12-16T05:44:43.871
-124.36431,40.06334,9.4,1.53,2024-12-16T05:46:13.837
-125.03767,40.41253,9.14,3.29,2024-12-16T05:59:58.942
-124.42744,40.52364,19.26,1.49,2024-12-16T06:13:37.880
-125.04274,40.39167,8.25,2.79,2024-12-16T06:43:57.670
-124.98358,40.45644,3.48,2.21,2024-12-16T06:51:49.055
-124.49719,40.28933,6.83,1.33,2024-12-16T07:03:43.000
-124.89695,40.36986,15.8,3.15,2024-12-16T07:05:33.142
-124.70571,40.37376,6.89,1.99,2024-12-16T07:14:22.591
-124.64615,40.29923,20.28,2.3,2024-12-16T07:17:21.574
-124.80412,40.35318,5.16,2.96,2024-12-16T07:24:58.518
-124.808,40.3527,5.74,2.27,2024-12-16T07:33:26.145
-124.98627,40.45617,3.68,2.23,2024-12-16T07:34:29.946
-124.70153,40.37349,6.56,2.07,2024-12-16T07:37:11.696
-124.87489,40.35717,13.96,3.12,2024-12-16T07:45:39.227
-124.90768,40.358,16.73,2.28,2024-12-16T07:46:47.057
-124.10339,40.60437,14.11,1.52,2024-12-16T07:51:08.048
-124.50319,40.29268,7.27,1.99,2024-12-16T08:16:24.123
-124.50244,40.29283,7.25,1.32,2024-12-16T08:24:39.644
-124.44055,40.28806,6.71,1.37,2024-12-16T09:02:49.643
-124.84463,40.36713,8.92,2.18,2024-12-16T09:11:43.161
-124.71963,40.43376,11.67,2.09,2024-12-16T09:25:57.454
-124.71976,40.33183,7.44,2.13,2024-12-16T09:27:57.463
-125.07731,40.43112,11.35,2.65,2024-12-16T09:28:46.985
-124.65014,40.30127,17.2,1.67,2024-12-16T09:45:41.652
-124.91167,40.35799,16.57,2.8,2024-12-16T10:04:05.073
-125.0438,40.39232,6.13,2.69,2024-12-16T10:40:37.955
-125.14261,40.39078,10.79,2.72,2024-12-16T11:06:39.079
-124.82134,40.36396,8.51,1.97,2024-12-16T11:11:58.929
-124.64272,40.29266,7.67,1.75,2024-12-16T11:58:01.234
-124.86538,40.35111,16.76,2.6,2024-12-16T12:06:49.122
-124.72096,40.45097,11.35,1.72,2024-12-16T12:12:15.410
-124.81563,40.34909,9.15,2.33,2024-12-16T12:21:02.014
-124.68212,40.30135,15.76,1.83,2024-12-16T12:31:18.764
-124.99641,40.41163,15.25,2.69,2024-12-16T12:37:42.153
-124.85041,40.35692,7.14,2.12,2024-12-16T13:20:13.417
-124.5119,40.2809,17.0,2.09,2024-12-16T13:20:52.804
-124.57345,40.35555,15.83,1.63,2024-12-16T13:31:38.678
-124.67286,40.33938,21.43,2.21,2024-12-16T13:51:47.007
-124.72304,40.33311,20.61,1.95,2024-12-16T14:32:17.384
-124.99726,40.3789,5.9,2.45,2024-12-16T14:34:50.244
-125.10409,40.39902,9.65,2.84,2024-12-16T15:01:43.320
-124.44121,40.28821,6.7,1.88,2024-12-16T15:47:06.914
-124.90135,40.35873,5.21,1.86,2024-12-16T15:50:40.212
-124.44099,40.28796,6.73,1.09,2024-12-16T15:59:37.775
-124.44181,40.28791,6.76,1.72,2024-12-16T16:02:38.061
-124.89405,40.34936,6.22,1.78,2024-12-16T17:07:16.458
-124.98594,40.45584,3.69,2.12,2024-12-16T17:08:24.469
-125.05069,40.42919,6.88,2.34,2024-12-16T17:12:02.765
-124.86026,40.36843,8.36,2.48,2024-12-16T17:14:26.695
-124.53829,40.28796,19.3,1.73,2024-12-16T17:23:46.575
-124.98457,40.45556,3.66,2.18,2024-12-16T17:24:14.022
-125.05045,40.42627,7.11,2.37,2024-12-16T17:25:12.728
-124.96313,40.33881,5.25,2.2,2024-12-16T17:33:00.806
-124.60738,40.29238,7.61,1.75,2024-12-16T17:35:28.357
-124.98444,40.4538,3.82,2.5,2024-12-16T17:36:41.113
-124.8776,40.36831,9.03,2.09,2024-12-16T18:53:31.270
-125.05323,40.39887,10.92,2.59,2024-12-16T19:09:51.378
-124.72298,40.43345,12.51,2.12,2024-12-16T19:11:01.133
-124.7258,40.43493,12.73,2.24,2024-12-16T19:17:36.149
-125.03462,40.38687,10.75,2.65,2024-12-16T19:37:17.687
-124.66294,40.22464,0.74,2.03,2024-12-16T19:47:43.008
-124.86447,40.35,16.75,2.51,2024-12-16T19:49:48.399
-125.02047,40.40294,4.51,2.42,2024-12-16T19:56:31.970
-124.46243,40.26591,7.6,1.14,2024-12-16T20:06:19.617
-124.87319,40.35692,14.01,2.53,2024-12-16T20:40:01.182
-124.80754,40.35261,5.73,2.3,2024-12-16T20:45:19.431
-125.02345,40.40268,4.29,2.43,2024-12-16T21:00:28.939
-124.96368,40.33909,5.28,2.18,2024-12-16T21:08:27.449
-124.92996,40.3651,16.53,2.01,2024-12-16T21:10:23.779
-124.66022,40.27692,16.79,1.93,2024-12-16T21:22:28.051
-124.72346,40.44836,11.43,1.82,2024-12-16T22:13:08.577
-124.83141,40.35848,5.64,2.19,2024-12-16T22:14:24.466
-124.92637,40.34067,27.26,2.87,2024-12-16T22:21:24.667
-124.67857,40.30171,16.46,1.85,2024-12-16T22:26:55.986
-125.047,40.38061,6.26,2.27,2024-12-16T22:36:25.702
-124.93802,40.34482,17.59,2.32,2024-12-16T22:53:50.337
-124.90046,40.35429,16.6,2.3,2024-12-16T23:00:12.058
-125.07358,40.38185,6.2,2.57,2024-12-16T23:20:02.527
-124.90585,40.35716,16.73,2.29,2024-12-16T23:21:21.061
-124.77065,40.33354,19.51,1.91,2024-12-16T23:42:25.194
-124.83191,40.35797,5.56,2.38,2024-12-16T23:49:35.524
-124.6709,40.23524,11.18,1.67,2024-12-17T00:03:28.686
-124.5588,40.27508,11.53,1.51,2024-12-17T00:08:17.168
-124.84512,40.36328,8.44,2.26,2024-12-17T00:14:38.893
-124.55663,40.28027,12.39,1.47,2024-12-17T00:27:44.660
-124.84496,40.363,8.33,2.7,2024-12-17T00:37:50.118
-124.84463,40.36321,8.45,2.3,2024-12-17T00:48:16.606
-124.7202,40.45085,11.16,1.72,2024-12-17T00:49:26.843
-124.64259,40.29194,7.55,1.54,2024-12-17T01:25:33.778
-124.84884,40.3618,8.48,3.76,2024-12-17T01:28:16.914
-124.64472,40.29952,18.2,1.9,2024-12-17T01:44:56.740
-124.8822,40.3457,12.53,2.31,2024-12-17T01:50:31.909
-124.40163,40.28387,6.76,1.21,2024-12-17T02:17:46.380
-124.66313,40.37932,7.29,2.62,2024-12-17T02:45:36.082
-124.63383,40.28139,10.6,1.59,2024-12-17T03:38:49.221
-125.05567,40.40376,12.9,1.9,2024-12-17T03:56:15.901
-124.82347,40.35401,6.22,2.19,2024-12-17T04:05:34.481
-124.9066,40.35671,16.77,2.3,2024-12-17T04:13:29.812
-124.90507,40.37433,6.56,1.96,2024-12-17T04:29:39.619
-124.65147,40.26073,7.83,1.69,2024-12-17T04:43:06.284
-125.13938,40.39064,10.11,2.12,2024-12-17T04:43:44.634
-124.82166,40.36042,9.54,2.84,2024-12-17T04:54:20.646
-125.03295,40.41098,11.31,2.33,2024-12-17T04:57:46.523
-124.90591,40.35677,16.74,2.4,2024-12-17T05:06:58.956
-124.79973,40.24976,0.38,1.88,2024-12-17T05:30:14.674
-125.04908,40.39065,10.53,2.95,2024-12-17T05:33:40.481
-124.72298,40.44871,11.52,1.78,2024-12-17T05:57:55.442
-124.7965,40.30716,2.0,1.76,2024-12-17T06:28:36.351
-125.3068,40.40937,7.5,2.35,2024-12-17T06:56:28.302
-124.70057,40.32311,6.27,2.13,2024-12-17T07:27:31.355
-124.84885,40.36193,14.63,2.09,2024-12-17T07:30:44.119
-124.42706,40.52751,18.01,1.58,2024-12-17T07:47:36.550
-124.90702,40.35678,16.74,2.3,2024-12-17T08:10:50.869
-124.6733,40.33597,20.95,2.04,2024-12-17T08:21:11.873
-124.68373,40.35096,6.64,1.64,2024-12-17T08:35:21.137
-124.65612,40.25689,7.26,1.63,2024-12-17T08:43:36.160
-124.50619,40.29212,7.91,2.02,2024-12-17T08:45:16.983
-124.81927,40.35669,5.7,2.3,2024-12-17T08:51:46.886
-124.84539,40.36332,8.35,2.26,2024-12-17T09:15:33.720
-124.90846,40.35908,16.76,2.21,2024-12-17T09:32:44.769
-124.66224,40.24977,7.13,1.68,2024-12-17T10:12:56.662
-124.65072,40.25914,7.61,1.6,2024-12-17T10:21:15.115
-124.55732,40.28337,6.04,1.55,2024-12-17T10:42:33.599
-124.13092,40.59818,15.18,1.56,2024-12-17T10:45:58.453
-124.71456,40.44109,12.46,1.77,2024-12-17T11:42:54.435
-124.68479,40.32024,8.86,2.06,2024-12-17T11:48:41.463
-124.7937,40.35433,18.36,2.27,2024-12-17T12:16:29.735
-124.62997,40.27284,16.26,1.84,2024-12-17T12:21:52.068
-124.89753,40.34961,6.21,1.81,2024-12-17T12:55:05.253
-124.80096,40.25093,0.62,2.02,2024-12-17T13:24:24.698
-124.79817,40.36851,6.52,2.43,2024-12-17T13:24:50.578
-124.82461,40.35671,5.91,1.91,2024-12-17T13:27:25.518
-124.72031,40.44918,11.42,1.8,2024-12-17T14:02:22.930
-124.90641,40.35691,16.8,2.32,2024-12-17T14:17:51.607
-124.85908,40.36835,8.38,2.53,2024-12-17T15:06:29.006
-124.85942,40.36837,8.33,2.53,2024-12-17T15:08:12.778
-125.07191,40.39507,7.43,3.06,2024-12-17T15:27:00.195
-124.90672,40.35685,16.73,2.29,2024-12-17T16:17:28.992
-124.9771,40.37185,8.3,1.9,2024-12-17T16:26:10.500
-124.80449,40.37058,6.39,2.4,2024-12-17T16:28:06.810
-124.67134,40.34104,20.91,1.51,2024-12-17T17:10:29.710
-124.73632,40.33023,19.38,2.42,2024-12-17T17:31:20.112
-124.9771,40.37255,8.24,2.33,2024-12-17T17:48:16.202
-124.65829,40.30113,16.09,2.18,2024-12-17T18:15:55.116
-124.62747,40.22081,5.49,1.64,2024-12-17T18:42:11.766
-124.66873,40.23316,11.16,1.9,2024-12-17T20:00:14.908
-124.67439,40.27236,16.39,1.85,2024-12-17T20:14:56.119
-124.80687,40.36326,5.76,2.04,2024-12-17T20:29:57.770
-124.59351,40.29834,9.85,2.46,2024-12-17T21:03:09.320
-124.66199,40.24108,12.03,1.58,2024-12-17T21:09:37.328
-124.66121,40.30092,16.09,2.3,2024-12-17T21:14:02.848
-124.64307,40.29154,7.49,1.58,2024-12-17T21:42:22.991
-124.78597,40.33196,19.24,1.99,2024-12-17T21:47:08.320
-124.80141,40.35194,6.19,2.27,2024-12-17T22:11:35.874
-124.66166,40.30136,16.08,2.34,2024-12-17T22:37:08.450
-124.67347,40.30108,15.91,2.12,2024-12-17T23:01:03.140
-124.43091,40.52492,18.94,1.85,2024-12-17T23:23:04.772
-124.72066,40.44961,11.41,1.77,2024-12-17T23:40:08.830
-125.14739,40.39101,9.86,2.55,2024-12-17T23:55:54.512
-124.99809,40.377,10.49,2.7,2024-12-18T00:32:43.780
-124.64261,40.29265,7.65,1.7,2024-12-18T01:03:18.104
-124.48281,40.2797,20.35,1.44,2024-12-18T01:07:46.541
-124.97915,40.4126,13.99,2.57,2024-12-18T01:28:58.346
-124.89584,40.36808,16.78,2.5,2024-12-18T02:36:44.461
-124.56178,40.29749,4.85,1.58,2024-12-18T02:38:16.217
-124.66314,40.3014,15.93,1.89,2024-12-18T02:40:22.657
-124.90038,40.36972,16.67,2.46,2024-12-18T02:47:56.868
-124.93046,40.43889,2.75,2.13,2024-12-18T02:57:30.092
-124.68351,40.32051,8.79,1.89,2024-12-18T03:38:06.025
-125.04653,40.39368,8.61,2.06,2024-12-18T03:39:22.638
-125.05981,40.38684,9.21,2.02,2024-12-18T03:43:46.865
-124.81959,40.35382,6.31,2.12,2024-12-18T03:52:17.039
-124.70689,40.32285,4.77,3.27,2024-12-18T03:52:44.145
-124.74635,40.20178,0.11,2.07,2024-12-18T04:10:04.655
-124.31665,40.62746,18.05,1.67,2024-12-18T04:41:07.226
-124.83298,40.36373,9.42,2.48,2024-12-18T04:55:25.358
-124.50725,40.2802,16.94,1.66,2024-12-18T05:20:08.710
-124.90615,40.35684,16.72,2.06,2024-12-18T05:27:56.208
-124.69826,40.32252,6.88,2.27,2024-12-18T05:28:30.699
-124.86558,40.36106,8.01,2.52,2024-12-18T06:14:22.579
-124.64573,40.29687,18.04,1.7,2024-12-18T06:19:02.713
-124.55684,40.29131,20.58,1.74,2024-12-18T06:21:31.553
-124.80143,40.35165,6.21,2.12,2024-12-18T07:01:10.515
-124.90634,40.357,16.74,2.2,2024-12-18T07:01:32.746
-124.84488,40.36398,10.32,2.02,2024-12-18T07:03:29.412
-124.52425,40.29031,20.53,1.97,2024-12-18T07:12:05.135
-124.52458,40.29064,20.56,1.73,2024-12-18T07:28:48.835
-124.62455,40.2206,3.88,1.51,2024-12-18T07:40:31.045
-124.68626,40.25837,3.28,1.9,2024-12-18T07:43:57.979
-124.63374,40.29556,17.6,1.79,2024-12-18T07:47:38.195
-125.0244,40.3943,5.37,2.28,2024-12-18T07:57:26.036
-124.68291,40.29778,16.52,1.62,2024-12-18T08:00:14.638
-124.91715,40.36177,16.57,1.83,2024-12-18T08:06:55.553
-124.65564,40.30224,16.66,1.67,2024-12-18T08:42:19.701
-124.67298,40.33576,21.05,2.03,2024-12-18T09:13:55.721
-124.86989,40.34345,11.85,1.98,2024-12-18T09:24:57.331
-125.04274,40.39167,8.25,2.53,2024-12-18T09:29:33.770
-124.62648,40.26881,0.27,1.65,2024-12-18T10:02:06.857
-124.90407,40.36591,16.64,2.25,2024-12-18T10:07:07.178
-124.65586,40.29628,5.26,1.9,2024-12-18T10:35:48.692
-124.85847,40.35035,16.88,1.66,2024-12-18T10:56:55.054
-124.79837,40.34393,8.16,2.06,2024-12-18T11:05:44.206
-124.51351,40.30001,6.09,1.07,2024-12-18T11:27:35.277
-124.57217,40.29453,20.44,2.02,2024-12-18T11:28:38.046
-124.67043,40.30184,15.79,1.55,2024-12-18T11:35:37.666
-124.62942,40.27075,7.71,1.82,2024-12-18T11:52:02.351
-124.67349,40.33621,20.89,1.84,2024-12-18T12:13:50.374
-124.56624,40.28213,19.57,1.42,2024-12-18T12:16:02.061
-124.92902,40.36574,16.54,2.0,2024-12-18T12:19:31.124
-124.90819,40.3589,16.76,2.19,2024-12-18T12:44:49.236
-125.00147,40.37779,10.52,2.82,2024-12-18T12:49:53.377
-124.58014,40.2609,2.31,1.61,2024-12-18T12:58:48.232
-125.02996,40.41311,10.79,2.45,2024-12-18T13:06:24.928
-124.80937,40.3689,5.96,2.34,2024-12-18T13:07:54.896
-124.92688,40.44101,2.38,2.14,2024-12-18T13:12:49.639
-124.89327,40.35983,16.98,1.87,2024-12-18T13:18:42.890
-124.80801,40.35517,5.29,2.54,2024-12-18T13:40:15.199
-124.80896,40.35497,5.2,1.61,2024-12-18T13:41:43.514
-124.83197,40.35802,5.56,2.26,2024-12-18T14:01:34.281
-124.84356,40.3611,8.43,2.66,2024-12-18T14:44:48.610
-124.84056,40.36209,8.34,3.43,2024-12-18T14:45:02.434
-124.64646,40.37648,7.72,1.65,2024-12-18T15:20:49.432
-124.81735,40.35767,5.19,2.01,2024-12-18T15:38:25.878
-124.13261,40.59578,15.66,1.63,2024-12-18T16:15:59.326
-124.13215,40.59522,15.77,1.63,2024-12-18T16:18:11.068
-124.49985,40.29265,8.67,1.67,2024-12-18T16:18:55.347
-124.05571,40.62431,16.32,1.68,2024-12-18T17:02:22.833
-124.90807,40.35892,16.76,2.18,2024-12-18T17:09:09.588
-124.90776,40.35921,16.68,2.17,2024-12-18T17:09:21.345
-124.90851,40.35902,16.78,2.08,2024-12-18T17:09:29.790
-124.42809,40.2836,6.99,1.27,2024-12-18T17:15:55.823
-124.81518,40.34928,9.19,2.03,2024-12-18T17:31:34.876
-124.57241,40.28807,7.76,2.91,2024-12-18T17:37:35.533
-124.56213,40.26053,3.2,1.6,2024-12-18T17:38:36.659
-124.51124,40.29952,6.89,1.1,2024-12-18T17:41:07.543
-124.374,40.2766,14.45,1.91,2024-12-18T17:41:57.118
-124.57308,40.28866,8.0,2.05,2024-12-18T17:45:05.913
-124.57356,40.28845,7.83,1.86,2024-12-18T17:45:42.889
-124.51838,40.2699,16.92,1.33,2024-12-18T18:06:57.734
-125.06795,40.37986,9.17,2.41,2024-12-18T18:07:54.484
-124.90605,40.35706,16.77,2.22,2024-12-18T18:09:14.094
-124.90603,40.35868,16.92,2.12,2024-12-18T18:10:27.877
-124.94188,40.40182,7.1,2.05,2024-12-18T18:28:28.819
-124.6953,40.2476,0.37,1.99,2024-12-18T18:31:11.149
-124.57118,40.28832,7.93,1.98,2024-12-18T18:37:32.157
-124.55098,40.27542,4.53,1.33,2024-12-18T18:58:07.919
-124.41534,40.28027,16.07,1.48,2024-12-18T19:35:35.353
-125.0178,40.43234,13.88,2.25,2024-12-18T19:48:34.475
-124.54247,40.29021,20.98,2.18,2024-12-18T19:50:28.703
-125.05801,40.39246,10.26,2.4,2024-12-18T19:52:56.319
-124.51116,40.29803,6.65,1.16,2024-12-18T20:24:11.159
-124.67339,40.33606,20.91,2.14,2024-12-18T20:34:56.608
-124.67392,40.33589,20.93,2.12,2024-12-18T20:53:08.072
-125.03127,40.41432,10.92,2.46,2024-12-18T21:04:58.168
-125.0244,40.3943,5.37,2.37,2024-12-18T21:05:35.047
-124.32155,40.04506,7.62,1.86,2024-12-18T21:13:21.630
-124.99875,40.37723,10.54,2.48,2024-12-18T21:14:00.676
-124.65732,40.30045,16.14,2.21,2024-12-18T21:16:35.546
-124.92879,40.44165,2.28,2.13,2024-12-18T21:35:38.111
-124.5597,40.46892,17.18,1.6,2024-12-18T21:37:06.201
-124.63003,40.27068,7.66,2.1,2024-12-18T21:38:27.674
-124.89812,40.34884,6.04,1.72,2024-12-18T21:45:49.464
-124.90654,40.35663,16.74,2.17,2024-12-18T21:51:59.023
-124.60261,40.29222,7.51,1.66,2024-12-18T21:55:42.350
-124.63008,40.27062,7.65,1.83,2024-12-18T22:05:07.602
-124.50593,40.29545,21.02,1.32,2024-12-18T22:09:56.448
-124.81658,40.34876,9.15,2.53,2024-12-18T22:10:23.860
-124.80413,40.34385,8.3,1.85,2024-12-18T22:13:05.905
-124.33451,40.61991,3.24,1.57,2024-12-18T22:21:59.685
-124.7383,40.42489,6.77,1.32,2024-12-18T22:23:57.394
-124.42814,40.28282,6.96,1.14,2024-12-18T22:32:31.367
-124.84782,40.36184,8.27,2.16,2024-12-18T22:36:45.029
-124.7386,40.42388,6.7,1.4,2024-12-18T22:42:27.242
-124.94172,40.39057,5.41,2.05,2024-12-18T23:11:50.953
-125.1585,40.40041,2.26,2.52,2024-12-18T23:19:49.029
-125.07496,40.38094,6.03,2.52,2024-12-18T23:37:57.562
-125.03562,40.41689,11.13,2.33,2024-12-18T23:43:00.460
-124.9053,40.3705,6.24,1.76,2024-12-18T23:50:29.787
-124.90586,40.35688,16.74,2.42,2024-12-19T00:17:15.797
-124.48161,40.27804,19.19,2.41,2024-12-19T00:30:10.343
-124.82047,40.36365,8.53,1.77,2024-12-19T01:08:32.602
-124.82144,40.33487,18.96,2.05,2024-12-19T01:24:28.012
-124.99574,40.37555,5.5,2.32,2024-12-19T01:37:11.927
-124.92906,40.34463,17.65,2.1,2024-12-19T01:48:14.552
-124.38942,40.28092,20.49,1.61,2024-12-19T01:52:18.381
-125.02041,40.31648,0.6,2.28,2024-12-19T01:53:34.644
-124.71975,40.43371,11.68,1.76,2024-12-19T02:02:24.454
-124.99994,40.3776,10.52,2.4,2024-12-19T02:19:40.788
-124.52074,40.29164,8.53,1.49,2024-12-19T02:22:37.463
-124.85875,40.38174,9.96,1.78,2024-12-19T02:28:57.155
-124.82358,40.36071,3.9,2.12,2024-12-19T02:32:42.526
-124.54658,40.28843,18.86,2.52,2024-12-19T02:38:55.953
-124.68821,40.33074,7.36,1.95,2024-12-19T02:47:22.639
-124.68823,40.33093,7.4,2.17,2024-12-19T02:50:47.500
-124.68816,40.33126,7.46,1.71,2024-12-19T02:55:12.846
-124.48341,40.28755,6.78,1.13,2024-12-19T03:05:03.303
-124.38358,40.27913,6.96,1.11,2024-12-19T03:06:23.931
-124.66414,40.30858,19.73,1.66,2024-12-19T03:13:37.072
-124.68741,40.33086,7.39,2.39,2024-12-19T03:25:51.052
-124.69279,40.3304,8.92,2.01,2024-12-19T03:29:55.648
-124.71517,40.35435,8.22,1.59,2024-12-19T03:42:35.439
-124.3259,40.3867,30.18,1.86,2024-12-19T03:50:04.067
-124.63993,40.2796,2.93,1.57,2024-12-19T03:53:56.523
-124.82428,40.35402,6.05,2.16,2024-12-19T04:03:44.285
-124.49378,40.28759,6.91,1.13,2024-12-19T04:13:45.769
-124.68854,40.33097,7.45,2.3,2024-12-19T04:17:35.435
-124.68873,40.33059,7.4,2.21,2024-12-19T04:20:20.251
-124.70918,40.37209,6.79,1.77,2024-12-19T04:37:03.060
-124.57085,40.28823,7.82,2.04,2024-12-19T04:37:30.426
-124.57054,40.28807,7.78,1.93,2024-12-19T04:49:36.882
-124.41297,40.69726,18.23,1.64,2024-12-19T05:13:10.337
-124.73521,40.24027,13.01,1.64,2024-12-19T05:22:56.163
-125.0777,40.43206,11.15,2.36,2024-12-19T05:24:07.599
-124.83158,40.35797,5.7,2.21,2024-12-19T05:48:27.097
-124.39995,40.28434,6.73,1.43,2024-12-19T06:05:21.933
-124.68897,40.33019,7.33,2.04,2024-12-19T06:05:33.180
-124.68815,40.33069,7.4,1.92,2024-12-19T06:15:41.423
-124.8599,40.36846,8.36,2.58,2024-12-19T06:26:54.452
-125.05608,40.39146,10.14,2.33,2024-12-19T06:38:33.716
-124.8151,40.33886,5.84,1.83,2024-12-19T06:40:59.303
-124.67244,40.23535,1.34,1.82,2024-12-19T06:47:10.869
-124.83246,40.36711,9.52,1.96,2024-12-19T07:06:03.812
-124.56275,40.2907,20.67,1.57,2024-12-19T07:16:56.760
-125.03521,40.38743,6.49,2.4,2024-12-19T07:20:08.152
-124.64247,40.29207,7.62,1.86,2024-12-19T07:25:14.498
-124.8072,40.3528,5.76,2.28,2024-12-19T07:35:37.436
-124.64268,40.29262,7.67,1.68,2024-12-19T07:38:57.835
-125.04355,40.39109,8.26,2.49,2024-12-19T07:42:15.298
-124.84421,40.36756,8.99,2.09,2024-12-19T07:46:36.137
-124.59829,40.23514,0.85,1.72,2024-12-19T07:51:21.842
-124.84428,40.36447,8.62,2.28,2024-12-19T08:27:01.837
-124.90738,40.35922,16.75,2.23,2024-12-19T08:51:18.082
-125.03679,40.3328,6.57,2.16,2024-12-19T09:52:54.763
-124.89397,40.3494,6.32,1.82,2024-12-19T09:56:21.028
-124.42762,40.52757,18.48,1.83,2024-12-19T10:19:48.350
-124.82331,40.35376,6.19,2.06,2024-12-19T10:21:59.582
-124.59403,40.29857,9.91,1.68,2024-12-19T10:24:43.269
-125.0175,40.38536,5.61,2.4,2024-12-19T10:25:40.353
-125.01538,40.39224,6.57,2.53,2024-12-19T11:00:21.236
-124.80049,40.35304,4.64,2.69,2024-12-19T11:55:41.217
-124.77959,40.33353,19.37,1.95,2024-12-19T12:52:22.761
-124.69234,40.23766,-0.01,1.79,2024-12-19T13:16:46.837
-124.75169,40.33633,4.86,2.37,2024-12-19T13:22:37.021
-124.71748,40.25858,11.96,1.95,2024-12-19T13:24:00.695
-124.48358,40.28754,6.78,1.16,2024-12-19T13:57:28.618
-124.05649,40.6249,16.24,1.59,2024-12-19T13:59:41.946
-124.82855,40.35785,5.78,2.17,2024-12-19T14:23:26.302
-125.1469,40.40299,1.94,2.91,2024-12-19T14:30:30.574
-124.37342,40.28549,9.18,0.91,2024-12-19T14:31:59.483
-125.0446,40.38436,6.64,2.49,2024-12-19T14:38:14.508
-124.57069,40.28813,7.7,1.85,2024-12-19T14:52:59.589
-125.09554,40.42691,9.19,2.55,2024-12-19T15:16:32.203
-124.38705,40.28414,6.97,1.36,2024-12-19T15:44:23.423
-124.4943,40.2813,19.51,1.44,2024-12-19T15:45:05.609
-125.09554,40.42691,9.19,2.52,2024-12-19T15:50:54.133
-125.09785,40.42719,9.36,2.41,2024-12-19T15:52:24.305
-125.00845,40.37102,12.78,2.1,2024-12-19T16:12:20.706
-124.00841,40.36233,25.81,1.64,2024-12-19T16:25:38.646
-124.91733,40.3556,3.5,2.15,2024-12-19T16:46:07.099
-124.84549,40.36302,8.38,2.21,2024-12-19T17:15:24.608
-124.4133,40.28046,15.83,1.55,2024-12-19T17:21:24.096
-125.09586,40.42762,8.82,2.41,2024-12-19T17:42:05.894
-125.09721,40.42288,8.5,2.41,2024-12-19T17:42:30.281
-124.94229,40.3941,6.17,2.05,2024-12-19T17:54:25.530
-125.04505,40.36344,11.0,2.27,2024-12-19T17:56:57.553
-124.67261,40.23081,1.42,2.03,2024-12-19T17:57:33.245
-124.62917,40.27053,7.64,1.79,2024-12-19T19:15:03.408
-124.87734,40.36777,8.98,1.98,2024-12-19T19:44:25.673
-124.80556,40.35406,5.22,2.03,2024-12-19T19:53:17.150
-125.09599,40.42646,9.14,2.49,2024-12-19T20:01:17.466
-124.43141,40.28232,7.06,1.17,2024-12-19T20:45:25.204
-124.69387,40.34194,9.08,1.41,2024-12-19T20:58:43.611
-124.68647,40.30161,15.55,1.76,2024-12-19T21:08:20.134
-124.8111,40.33214,18.8,2.14,2024-12-19T21:28:53.023
-124.82703,40.36188,9.49,2.47,2024-12-19T21:52:35.189
-124.70826,40.45389,11.51,1.98,2024-12-19T22:01:12.198
-124.72947,40.40685,11.16,1.72,2024-12-19T22:13:37.680
-124.47472,40.27936,17.02,1.22,2024-12-19T22:14:49.325
-125.01903,40.41351,17.11,2.44,2024-12-19T22:52:38.571
-124.63383,40.28139,10.6,1.8,2024-12-19T23:35:59.712
-124.22719,40.57753,17.69,1.63,2024-12-19T23:37:32.567
-124.22623,40.57761,17.71,1.54,2024-12-19T23:51:42.420
-124.93912,40.34268,9.04,2.21,2024-12-20T00:11:31.568
-124.22554,40.57725,17.81,1.52,2024-12-20T00:16:50.062
-125.01978,40.41314,17.1,2.39,2024-12-20T00:33:31.150
-124.83379,40.36422,9.4,1.81,2024-12-20T00:36:12.813
-124.22795,40.57749,17.57,1.55,2024-12-20T00:36:38.613
-125.0193,40.41343,16.99,2.35,2024-12-20T00:39:30.751
-125.14316,40.39087,9.9,2.77,2024-12-20T00:43:46.491
-124.64732,40.30427,20.23,1.95,2024-12-20T00:58:38.995
-125.01971,40.41366,17.01,2.4,2024-12-20T01:33:18.413
-124.82358,40.36071,3.9,2.09,2024-12-20T01:55:21.295
-124.38662,40.28478,6.99,1.39,2024-12-20T02:13:15.794
-125.04357,40.38956,8.36,2.42,2024-12-20T03:08:38.084
-124.67558,40.33687,20.84,2.26,2024-12-20T03:09:35.403
-124.67554,40.33647,20.8,2.01,2024-12-20T03:17:59.713
-125.02136,40.39662,4.52,2.29,2024-12-20T03:31:48.960
-124.41109,40.28248,12.96,2.17,2024-12-20T03:37:56.324
-124.52112,40.46654,18.82,1.28,2024-12-20T03:55:29.363
-124.88883,40.35438,12.12,1.88,2024-12-20T04:50:23.664
-124.8893,40.35931,13.71,2.06,2024-12-20T05:21:05.365
-124.41203,40.28271,12.99,1.82,2024-12-20T05:37:11.212
-124.34271,40.27806,7.75,1.23,2024-12-20T05:44:00.476
-125.02852,40.37751,13.39,2.21,2024-12-20T05:55:33.943
-124.70738,40.29934,18.76,2.16,2024-12-20T06:09:20.746
-124.79845,40.34911,6.39,2.7,2024-12-20T06:27:52.435
-124.90622,40.35623,16.61,2.34,2024-12-20T06:38:37.194
-125.03807,40.33295,6.5,2.13,2024-12-20T06:44:01.571
-124.75345,40.33627,4.72,2.81,2024-12-20T06:57:44.881
-124.81483,40.3546,5.71,2.0,2024-12-20T08:00:21.720
-124.95717,40.34361,4.28,2.86,2024-12-20T08:07:55.079
-124.90571,40.35652,16.66,2.22,2024-12-20T08:10:59.992
-124.90541,40.3566,16.71,2.1,2024-12-20T08:28:19.908
-125.02035,40.41367,17.07,2.35,2024-12-20T08:37:11.748
-124.68973,40.34516,21.76,2.03,2024-12-20T09:08:16.952
-124.63264,40.28229,5.28,1.68,2024-12-20T09:29:48.184
-124.82973,40.35435,9.59,1.94,2024-12-20T09:45:21.536
-124.62165,40.28183,10.88,1.34,2024-12-20T09:58:15.521
-124.65591,40.33176,11.98,1.61,2024-12-20T10:08:10.450
-124.10362,40.60462,14.16,1.46,2024-12-20T10:14:47.835
-124.51248,40.29887,6.89,0.99,2024-12-20T10:50:46.871
-124.84186,40.36296,10.39,2.01,2024-12-20T11:07:18.594
-125.02063,40.4148,17.0,2.47,2024-12-20T11:13:20.921
-124.73658,40.4096,11.88,1.92,2024-12-20T11:31:45.766
-124.67319,40.33625,20.89,2.1,2024-12-20T13:03:39.365
-124.6672,40.34103,20.93,2.53,2024-12-20T13:09:23.288
-124.63795,40.29252,7.16,2.29,2024-12-20T13:30:23.130
-124.55556,40.47144,16.99,1.89,2024-12-20T14:04:35.728
-125.06906,40.39215,9.17,2.76,2024-12-20T14:28:41.464
-125.06844,40.39116,9.12,2.94,2024-12-20T14:31:29.570
-125.06938,40.39148,9.11,2.52,2024-12-20T14:34:43.175
-125.03489,40.40386,8.68,2.26,2024-12-20T14:35:51.212
-124.83191,40.35797,5.56,2.37,2024-12-20T14:43:56.433
-124.38415,40.27927,6.93,1.81,2024-12-20T14:54:51.571
-124.81604,40.356,5.92,2.11,2024-12-20T15:21:09.756
-124.59737,40.23512,0.8,1.83,2024-12-20T16:08:59.364
-124.59666,40.23493,0.76,1.9,2024-12-20T16:39:59.368
-124.62074,40.29232,17.77,1.63,2024-12-20T16:50:23.681
-125.13506,40.38874,10.14,2.86,2024-12-20T16:55:17.747
-124.59409,40.28373,5.99,1.89,2024-12-20T17:29:29.895
-124.83003,40.35759,5.45,2.34,2024-12-20T17:56:01.618
-124.72303,40.33618,7.97,2.04,2024-12-20T18:07:40.833
-124.53904,40.28804,19.3,2.81,2024-12-20T18:24:09.166
-125.07738,40.38471,6.33,2.61,2024-12-20T19:15:02.973
-125.06813,40.39019,9.06,2.53,2024-12-20T19:48:21.071
-124.72281,40.32659,9.47,1.89,2024-12-20T20:08:48.883
-124.81389,40.35596,8.31,1.9,2024-12-20T20:27:35.032
-124.74604,40.40508,11.65,1.88,2024-12-20T20:30:37.303
-124.66938,40.33957,21.06,1.81,2024-12-20T20:54:21.215
-124.71347,40.34051,19.22,2.02,2024-12-20T21:03:16.679
-125.01903,40.39971,4.32,2.43,2024-12-20T21:12:45.592
-124.80103,40.3529,5.45,2.28,2024-12-20T21:36:48.581
-124.82593,40.36154,9.54,1.9,2024-12-20T21:40:30.548
-124.84862,40.3567,7.24,2.05,2024-12-20T21:45:10.626
-124.64731,40.29816,20.2,2.49,2024-12-20T21:57:49.698
-124.67353,40.33947,21.33,2.04,2024-12-20T22:35:45.106
-124.66623,40.31072,19.98,2.21,2024-12-20T23:14:42.411
-124.66409,40.3094,19.76,3.18,2024-12-20T23:18:55.495
-124.70745,40.2952,18.63,1.72,2024-12-20T23:43:33.763
-124.67707,40.33763,20.67,2.0,2024-12-21T00:07:44.292
-125.06754,40.39013,9.01,2.72,2024-12-21T00:09:08.889
-124.66104,40.28427,11.73,2.15,2024-12-21T00:24:01.105
-125.03326,40.40317,8.7,2.31,2024-12-21T00:24:48.204
-124.59004,40.27589,6.68,1.7,2024-12-21T00:39:24.545
-124.66056,40.28353,11.79,2.08,2024-12-21T00:40:52.795
-124.94255,40.36149,25.74,2.32,2024-12-21T01:48:00.968
-124.76218,40.33452,20.89,2.28,2024-12-21T01:58:01.527
-124.84397,40.37168,17.93,2.27,2024-12-21T02:14:24.711
-124.4685,40.29825,20.7,1.29,2024-12-21T02:21:41.979
-124.80308,40.3447,8.46,2.49,2024-12-21T02:28:30.055
-124.31605,40.62783,18.02,1.68,2024-12-21T02:31:10.161
-124.39754,40.28088,19.98,1.12,2024-12-21T03:03:31.287
-124.67807,40.3026,17.77,1.91,2024-12-21T03:23:56.204
-124.53818,40.28771,19.25,2.16,2024-12-21T03:31:42.403
-124.94963,40.34604,17.61,2.27,2024-12-21T03:35:58.693
-124.78064,40.35121,5.16,1.81,2024-12-21T03:41:59.495
-125.0836,40.3879,21.52,2.54,2024-12-21T04:14:39.939
-124.91942,40.35344,4.66,2.48,2024-12-21T04:27:46.922
-124.80197,40.34344,8.36,1.98,2024-12-21T04:49:56.432
-124.66322,40.3084,19.64,2.31,2024-12-21T05:54:02.467
-124.95979,40.28941,1.82,2.17,2024-12-21T06:01:51.599
-125.01024,40.41977,15.57,2.41,2024-12-21T06:04:20.759
-124.95103,40.34441,17.28,2.37,2024-12-21T06:11:37.265
-124.65533,40.25032,7.42,1.71,2024-12-21T06:22:02.079
-125.03187,40.47677,7.33,2.5,2024-12-21T06:22:48.741
-125.04234,40.3838,5.45,2.61,2024-12-21T06:23:45.599
-125.03179,40.47542,7.31,2.63,2024-12-21T06:38:22.558
-124.55276,40.29264,20.68,1.73,2024-12-21T07:41:06.609
-124.6944,40.23886,0.16,1.86,2024-12-21T07:41:36.203
-124.63436,40.29537,17.65,1.8,2024-12-21T07:48:20.286
-124.95221,40.3441,17.27,2.39,2024-12-21T08:06:33.108
-124.67253,40.24005,11.75,1.64,2024-12-21T08:07:27.890
-124.71494,40.33513,21.08,1.97,2024-12-21T08:11:18.224
-124.36046,40.06548,9.13,0.69,2024-12-21T08:21:52.619
-124.46602,40.27729,19.75,1.53,2024-12-21T09:50:45.860
-124.75119,40.33624,4.93,2.21,2024-12-21T10:25:14.649
-124.64075,40.29281,7.02,2.35,2024-12-21T10:54:35.261
-124.6695,40.23604,11.15,1.64,2024-12-21T11:28:06.911
-124.49403,40.29215,7.15,1.09,2024-12-21T11:47:57.360
-124.66834,40.30375,18.48,0.94,2024-12-21T12:30:53.506
-124.49477,40.27837,15.13,2.02,2024-12-21T12:37:10.556
-124.56269,40.28785,19.83,1.84,2024-12-21T12:41:58.724
-125.02871,40.48361,7.16,1.87,2024-12-21T12:49:12.475
-125.03275,40.40424,8.65,2.4,2024-12-21T13:08:15.293
-124.69278,40.34405,20.95,2.3,2024-12-21T13:46:55.505
-124.83218,40.358,5.58,2.39,2024-12-21T14:14:00.480
-124.68176,40.32003,8.9,2.28,2024-12-21T14:17:34.026
-125.0357,40.33345,2.17,2.65,2024-12-21T14:39:32.220
-125.02176,40.39396,6.79,2.8,2024-12-21T15:01:55.008
-124.71868,40.4516,11.08,2.05,2024-12-21T15:20:25.793
-124.55939,40.29453,20.36,2.48,2024-12-21T15:21:52.338
-124.79842,40.36802,6.37,2.39,2024-12-21T15:32:52.367
-124.83615,40.36259,9.1,2.24,2024-12-21T15:40:05.359
-124.67641,40.3367,20.76,2.21,2024-12-21T16:05:50.056
-124.66098,40.30441,18.41,1.85,2024-12-21T16:09:21.004
-125.04351,40.39163,8.17,2.57,2024-12-21T17:22:13.290
-124.51481,40.28594,18.27,1.74,2024-12-21T17:24:51.197
-125.0793,40.38728,6.18,2.55,2024-12-21T17:48:02.207
-124.63074,40.27111,7.85,1.97,2024-12-21T18:00:57.667
-124.85891,40.36846,8.39,2.59,2024-12-21T18:06:43.641
-125.03778,40.40654,5.89,2.76,2024-12-21T19:09:27.542
-124.67754,40.28648,17.51,2.01,2024-12-21T20:01:47.298
-124.70866,40.45005,10.77,2.1,2024-12-21T20:33:58.731
-124.70588,40.45533,11.18,1.96,2024-12-21T20:35:12.822
-125.01142,40.4204,15.63,2.51,2024-12-21T20:36:24.735
-124.52147,40.28524,18.71,1.77,2024-12-21T20:58:16.397
-125.03801,40.38777,11.75,2.57,2024-12-21T21:52:39.677
-124.00001,40.35476,25.02,1.16,2024-12-21T23:33:39.272
-125.04052,40.38369,5.35,2.65,2024-12-22T00:00:19.438
-124.84443,40.36426,8.65,2.41,2024-12-22T00:05:27.460
-124.94039,40.399,5.69,2.16,2024-12-22T00:19:46.367
-124.87695,40.36841,8.98,2.08,2024-12-22T00:54:57.061
-124.94039,40.399,5.69,2.28,2024-12-22T01:07:16.037
-124.64422,40.29921,18.08,1.86,2024-12-22T02:44:51.778
-124.81467,40.35652,8.31,2.39,2024-12-22T03:43:54.880
-124.67356,40.33559,20.91,2.54,2024-12-22T03:50:16.570
-124.53035,40.28775,20.69,1.66,2024-12-22T03:55:06.763
-124.64288,40.29269,7.63,1.99,2024-12-22T04:57:20.338
-124.65732,40.3446,20.93,1.93,2024-12-22T05:13:39.509
-124.6727,40.23164,1.48,1.94,2024-12-22T05:43:31.904
-124.69659,40.32894,6.74,2.14,2024-12-22T05:43:57.283
-124.81212,40.34956,9.63,2.65,2024-12-22T06:04:10.195
-124.82755,40.34873,5.56,2.29,2024-12-22T07:17:42.539
-124.68316,40.29699,17.6,2.3,2024-12-22T07:40:49.577
-125.1406,40.39248,9.85,2.57,2024-12-22T07:52:07.769
-125.04329,40.39169,7.83,2.62,2024-12-22T09:35:41.926
-124.61713,40.30625,8.81,1.83,2024-12-22T09:36:41.930
-124.64795,40.23925,12.46,1.09,2024-12-22T09:57:40.703
-124.84437,40.36316,8.38,2.3,2024-12-22T10:31:57.600
-124.52139,40.29394,19.94,1.68,2024-12-22T11:24:42.604
-124.80775,40.33678,7.77,2.11,2024-12-22T12:15:30.843
-124.8415,40.36045,8.16,2.11,2024-12-22T12:22:45.053
-124.67316,40.35094,21.83,2.64,2024-12-22T12:26:26.797
-125.04528,40.38758,8.09,2.66,2024-12-22T12:32:12.411
-124.56718,40.28207,5.81,1.77,2024-12-22T12:53:32.875
-125.0302,40.38636,10.72,2.71,2024-12-22T13:08:54.192
-124.4584,40.28994,6.03,1.64,2024-12-22T13:16:12.388
-124.83441,40.36422,9.42,2.33,2024-12-22T14:18:26.870
-124.59646,40.23189,0.69,1.8,2024-12-22T15:48:51.953
-124.86232,40.36672,7.88,2.36,2024-12-22T15:57:14.204
-124.7639,40.33645,19.53,2.46,2024-12-22T16:51:08.649
-124.48104,40.28958,8.68,0.97,2024-12-22T17:30:01.786
-125.00506,40.43763,14.82,2.65,2024-12-22T18:01:11.923
-124.8284,40.35466,6.07,2.24,2024-12-22T18:55:44.509
-124.64103,40.29265,7.06,2.34,2024-12-22T19:35:01.262
-124.64096,40.2927,7.05,2.06,2024-12-22T19:42:16.173
-124.8189,40.34933,8.89,2.42,2024-12-22T20:04:57.873
-124.89781,40.34991,6.24,1.76,2024-12-22T20:10:39.928
-124.48287,40.27986,19.23,2.21,2024-12-22T21:53:08.476
-124.80816,40.3525,5.73,2.33,2024-12-22T21:55:54.111
-124.33774,40.09358,9.16,1.45,2024-12-22T22:10:43.731
-124.61179,40.28598,7.38,1.84,2024-12-22T22:20:26.735
-125.17013,40.39238,8.37,2.99,2024-12-22T22:51:52.307
-124.80894,40.33092,18.34,3.07,2024-12-22T22:52:01.988
-124.78814,40.26565,0.59,1.95,2024-12-22T22:56:37.456
-124.51696,40.29754,7.1,2.5,2024-12-22T22:59:27.834
-125.00462,40.43716,14.79,2.83,2024-12-23T00:15:45.912
-124.52,40.28599,18.92,1.62,2024-12-23T00:46:03.166
-124.83468,40.36263,6.05,2.43,2024-12-23T00:57:50.614
-125.14005,40.38951,10.03,3.02,2024-12-23T01:17:12.378
-124.96973,40.37282,11.26,2.63,2024-12-23T03:36:01.703
-124.92596,40.34059,27.05,2.83,2024-12-23T03:58:48.471
-124.67271,40.33567,20.94,2.45,2024-12-23T05:38:56.760
-124.92784,40.34269,27.81,2.82,2024-12-23T05:54:49.446
-124.82239,40.45328,4.16,2.65,2024-12-23T06:07:26.333
-124.4901,40.28135,20.22,1.93,2024-12-23T06:48:48.149
-124.90956,40.3725,16.74,2.63,2024-12-23T07:18:56.343
-124.80975,40.36924,5.86,2.47,2024-12-23T07:56:19.291
-124.68003,40.33794,21.05,2.37,2024-12-23T09:12:48.330
-124.96937,40.33958,4.78,2.7,2024-12-23T09:18:04.014
-124.70648,40.29932,18.79,2.28,2024-12-23T09:42:30.527
-124.67238,40.34519,20.89,2.62,2024-12-23T10:29:39.653
-124.72789,40.43356,12.65,2.3,2024-12-23T10:47:29.975
-124.82308,40.4538,4.2,2.77,2024-12-23T10:48:57.754
-124.673,40.3429,20.91,2.84,2024-12-23T10:52:25.203
-124.6734,40.33612,20.9,2.21,2024-12-23T11:04:43.655
-124.37865,40.283,8.44,1.38,2024-12-23T11:29:35.775
-124.37795,40.28301,8.45,1.78,2024-12-23T11:34:24.172
-124.37897,40.2833,8.41,1.47,2024-12-23T12:18:01.304
-124.82833,40.35833,5.71,2.6,2024-12-23T13:44:03.602
-124.67328,40.33611,20.93,2.27,2024-12-23T14:34:46.441
-124.87607,40.35195,18.44,2.55,2024-12-23T15:49:52.592
-124.93193,40.33058,24.29,2.87,2024-12-23T16:16:39.678
-124.81883,40.35682,5.54,2.56,2024-12-23T18:17:43.528
-124.8548,40.36567,8.64,2.52,2024-12-23T19:57:46.665
-124.84837,40.36247,8.47,3.34,2024-12-24T00:21:00.727
-125.00565,40.37877,10.48,2.86,2024-12-24T00:55:50.573
-124.81887,40.35766,6.47,2.77,2024-12-24T01:36:03.234
-124.63143,40.27163,7.99,2.16,2024-12-24T03:48:17.599
-124.86471,40.35181,16.7,3.47,2024-12-24T04:04:40.840
-124.92632,40.34034,26.88,2.89,2024-12-24T04:31:36.317
-125.13798,40.39016,10.29,3.0,2024-12-24T04:52:55.152
-124.84471,40.36349,8.33,2.53,2024-12-24T05:37:23.252
-124.84549,40.36306,8.33,2.58,2024-12-24T05:38:04.295
-124.92303,40.44148,1.76,2.78,2024-12-24T08:08:06.454
-124.56579,40.28213,5.71,2.46,2024-12-24T09:09:45.001
-124.66083,40.30187,16.44,2.1,2024-12-24T10:04:27.333
-124.84518,40.36292,8.34,2.65,2024-12-24T10:19:50.775
-124.73146,40.43405,12.73,2.38,2024-12-24T11:56:55.036
-124.63963,40.29289,7.03,2.11,2024-12-24T12:00:35.203
-124.57085,40.28201,5.67,2.46,2024-12-24T13:15:33.735
-124.68416,40.30259,15.58,2.18,2024-12-24T13:19:35.559
-124.64684,40.29861,20.21,2.4,2024-12-24T15:14:13.961
-124.64663,40.29822,20.28,2.48,2024-12-24T15:15:04.331
-124.54861,40.29418,20.24,2.02,2024-12-24T15:24:36.073
-125.00462,40.43716,14.79,2.67,2024-12-24T15:30:36.663
-125.00462,40.43716,14.79,2.76,2024-12-24T15:31:12.753
-124.66755,40.30172,15.87,2.22,2024-12-24T16:00:49.857
-124.83216,40.35807,5.54,2.5,2024-12-24T16:27:26.363
-124.80631,40.35299,5.84,2.49,2024-12-24T18:12:48.094
-124.39311,40.28075,19.55,1.68,2024-12-24T18:55:10.613
-124.68165,40.30279,15.81,1.96,2024-12-24T20:03:37.983
-124.39252,40.28165,19.94,1.76,2024-12-24T20:09:31.783
-124.88796,40.39058,7.67,2.73,2024-12-24T20:17:36.020
-124.77112,40.34494,4.69,2.26,2024-12-24T20:37:32.589
-124.90056,40.35441,16.57,2.47,2024-12-24T21:12:00.843
-124.93962,40.40123,7.07,2.14,2024-12-24T21:49:49.730
-124.6658,40.30149,15.88,2.08,2024-12-24T22:18:14.850
-124.65586,40.28582,8.32,1.9,2024-12-24T23:00:43.677
-124.67136,40.34145,21.32,2.52,2024-12-24T23:57:07.047
-124.13292,40.59562,15.66,1.74,2024-12-25T01:00:08.581
-124.59635,40.29479,9.42,2.05,2024-12-25T02:51:27.431
-124.59698,40.29472,9.43,1.94,2024-12-25T03:08:55.566
-124.4963,40.29339,9.64,1.65,2024-12-25T03:15:21.928
-124.59641,40.29464,9.43,1.98,2024-12-25T03:29:01.430
-124.41506,40.28088,16.03,1.6,2024-12-25T04:32:07.789
-124.5114,40.28273,18.61,1.79,2024-12-25T05:07:22.137
-124.67373,40.33614,20.86,1.9,2024-12-25T05:52:45.711
-124.63983,40.23588,12.36,2.34,2024-12-25T06:13:22.968
-124.67733,40.33651,20.9,2.35,2024-12-25T06:14:05.677
-124.90652,40.35654,16.79,2.3,2024-12-25T06:21:23.049
-124.92567,40.34029,27.05,2.62,2024-12-25T06:24:36.543
-124.83298,40.36395,9.4,2.67,2024-12-25T06:43:46.634
-125.05553,40.414,5.68,2.55,2024-12-25T07:03:05.217
-124.60225,40.29086,6.74,1.89,2024-12-25T07:48:35.508
-125.03973,40.3852,6.94,2.98,2024-12-25T07:51:48.014
-124.79761,40.34367,8.19,2.27,2024-12-25T08:16:57.029
-124.83173,40.35804,5.63,2.34,2024-12-25T08:45:26.779
-124.40787,40.53789,16.7,1.99,2024-12-25T08:45:40.669
-124.39574,40.5312,17.39,1.99,2024-12-25T08:47:12.022
-125.04238,40.39722,8.08,2.45,2024-12-25T09:00:49.681
-124.67592,40.34648,20.45,2.03,2024-12-25T09:38:33.031
-124.89446,40.36799,16.68,2.53,2024-12-25T09:45:58.437
-124.81384,40.35638,9.08,2.54,2024-12-25T12:25:34.209
-124.63671,40.29313,6.96,1.92,2024-12-25T12:30:13.120
-124.57265,40.35427,15.68,2.38,2024-12-25T13:43:47.605
-124.59804,40.23471,0.83,1.82,2024-12-25T13:48:20.823
-124.51219,40.28106,17.01,2.0,2024-12-25T13:55:35.759
-124.92999,40.36562,16.51,2.63,2024-12-25T14:58:33.876
-124.84249,40.36624,9.08,2.44,2024-12-25T15:04:21.060
-124.84175,40.36639,9.01,2.34,2024-12-25T15:06:09.852
-124.41414,40.28135,16.23,1.5,2024-12-25T15:10:46.548
-125.03415,40.40532,12.59,2.41,2024-12-25T15:36:55.725
-124.64503,40.29938,17.98,1.94,2024-12-25T16:13:23.088
-124.70614,40.33195,20.41,3.02,2024-12-25T16:43:51.667
-124.50884,40.28549,19.33,1.76,2024-12-25T16:53:15.666
-124.57473,40.35271,15.67,2.13,2024-12-25T18:03:47.929
-125.14832,40.39118,9.92,2.55,2024-12-25T18:32:10.228
-124.9612,40.36732,7.73,3.01,2024-12-25T18:37:00.892
-124.42689,40.52282,19.36,1.85,2024-12-25T18:49:57.804
-125.06955,40.38303,6.31,3.06,2024-12-25T19:49:42.929
-125.02994,40.4339,13.5,2.73,2024-12-25T20:01:52.908
-125.07359,40.38176,6.21,2.86,2024-12-25T20:06:32.600
-124.67311,40.33577,20.9,2.34,2024-12-25T20:36:26.919
-124.43205,40.53009,19.32,1.59,2024-12-25T21:35:26.863
-125.07221,40.38218,5.74,2.8,2024-12-25T22:21:53.280
-124.4342,40.52825,19.25,1.85,2024-12-25T22:37:40.052
-124.14993,40.42086,25.51,1.98,2024-12-25T22:56:58.106
-125.07377,40.38197,6.06,2.78,2024-12-25T23:04:03.056
-124.50287,40.2817,19.2,2.14,2024-12-26T01:09:18.403
-124.85962,40.36829,8.33,2.53,2024-12-26T01:13:45.594
-124.70862,40.3337,20.41,2.33,2024-12-26T01:41:05.758
-124.52549,40.28651,20.8,1.8,2024-12-26T02:28:55.255
-124.64245,40.29266,7.67,2.09,2024-12-26T03:36:11.700
-124.86763,40.35303,16.8,2.57,2024-12-26T06:00:11.287
-124.90558,40.35693,16.73,2.53,2024-12-26T06:10:16.820
-124.66648,40.3063,19.38,2.16,2024-12-26T06:21:07.846
-124.70757,40.33378,20.49,2.67,2024-12-26T08:23:55.666
-124.64507,40.29946,18.24,2.33,2024-12-26T11:02:59.554
-124.50485,40.29255,8.53,2.12,2024-12-26T12:21:02.022
-124.53677,40.28447,8.07,2.49,2024-12-26T13:17:02.844
-124.53677,40.28447,8.07,2.34,2024-12-26T13:19:20.194
-124.83598,40.36553,7.63,2.39,2024-12-26T14:21:23.448
-124.50918,40.28281,18.99,2.08,2024-12-26T14:53:36.318
-124.93756,40.34509,17.52,2.7,2024-12-26T15:29:22.018
-124.66194,40.30159,15.93,2.34,2024-12-26T17:13:25.487
-124.81877,40.34415,17.18,2.52,2024-12-26T17:28:40.574
-124.69606,40.28975,12.54,2.17,2024-12-26T20:33:12.254
-124.689,40.30976,19.91,2.41,2024-12-26T20:35:08.326
-124.81961,40.35688,5.67,2.45,2024-12-26T20:57:23.061
-124.30016,40.64242,18.48,1.58,2024-12-26T23:49:13.595
-124.87263,40.35145,18.47,2.51,2024-12-27T00:10:28.759
-124.86594,40.37153,7.78,2.45,2024-12-27T00:56:40.498
-124.69073,40.2649,5.0,2.39,2024-12-27T03:45:23.923
-124.64122,40.29152,6.89,2.26,2024-12-27T04:03:48.650
-124.64277,40.29302,7.59,2.18,2024-12-27T04:06:34.665
-125.04041,40.39908,10.64,2.89,2024-12-27T04:44:00.371
-124.68562,40.25815,3.22,2.18,2024-12-27T04:49:15.344
-124.68624,40.30308,15.54,2.11,2024-12-27T04:59:54.785
-124.86512,40.36131,8.02,2.73,2024-12-27T07:05:43.040
-124.83185,40.3578,5.6,2.49,2024-12-27T09:03:18.669
-124.91642,40.36254,16.39,2.7,2024-12-27T09:04:41.218
-124.84509,40.36351,8.43,3.51,2024-12-27T10:08:23.717
-124.98256,40.32822,4.96,2.47,2024-12-27T10:25:46.528
-124.16151,40.59514,16.51,1.84,2024-12-27T10:55:19.232
-124.16151,40.59514,16.51,1.84,2024-12-27T10:59:46.322
-124.83285,40.36706,6.85,2.62,2024-12-27T13:05:22.963
-124.72078,40.44694,11.07,2.36,2024-12-27T14:49:58.139
-124.72133,40.44762,11.16,2.36,2024-12-27T14:50:28.574
-124.52614,40.29342,19.66,2.07,2024-12-27T15:50:30.868
-125.28606,40.40998,7.94,2.91,2024-12-27T17:12:30.039
-124.81535,40.35703,8.4,4.05,2024-12-27T19:39:33.861
-124.82162,40.36425,8.49,2.1,2024-12-27T19:46:33.841
-124.85995,40.36846,8.36,2.71,2024-12-27T19:56:09.101
-124.904,40.35535,16.6,3.41,2024-12-27T19:58:51.894
-124.90151,40.35495,16.6,2.53,2024-12-27T20:23:25.321
-124.43146,40.5294,19.2,1.93,2024-12-27T21:43:35.874
-124.68983,40.32673,8.36,2.26,2024-12-27T22:26:21.841
-124.82934,40.35725,5.29,2.64,2024-12-27T23:06:01.167
-124.43389,40.52644,19.14,1.88,2024-12-28T00:57:56.825
-124.54882,40.29351,8.3,2.08,2024-12-28T02:15:43.080
-124.97021,40.37257,11.28,2.65,2024-12-28T04:09:35.412
-124.69012,40.30934,19.96,2.56,2024-12-28T04:30:14.338
-125.1528,40.39132,9.99,2.58,2024-12-28T04:34:30.182
-124.43335,40.52725,19.23,1.81,2024-12-28T05:28:14.814
-124.88483,40.3558,13.24,2.36,2024-12-28T05:52:35.441
-124.69379,40.28892,12.57,2.24,2024-12-28T06:25:05.871
-124.6592,40.28177,10.83,2.41,2024-12-28T06:26:13.661
-124.43381,40.28301,13.5,2.03,2024-12-28T07:12:34.631
-125.14046,40.39168,10.57,2.84,2024-12-28T07:35:12.304
-124.96748,40.34158,6.66,2.69,2024-12-28T10:29:56.886
-124.92994,40.36537,16.48,3.36,2024-12-28T10:31:22.858
-124.68709,40.32654,18.18,2.49,2024-12-28T10:36:46.824
-124.6914,40.3009,18.1,1.81,2024-12-28T11:05:43.522
-124.92564,40.36371,16.45,2.76,2024-12-28T13:03:33.360
-124.50705,40.28377,19.2,2.42,2024-12-28T13:57:30.443
-124.89103,40.36257,16.63,2.52,2024-12-28T14:07:07.204
-124.64913,40.34551,12.95,2.2,2024-12-28T14:08:36.049
-124.94511,40.37674,16.64,2.81,2024-12-28T17:05:43.387
-124.83192,40.35815,5.49,2.47,2024-12-28T19:40:48.946
-124.82717,40.36163,9.46,2.57,2024-12-28T22:10:38.612
-124.66203,40.29992,18.23,2.18,2024-12-29T00:00:44.469
-124.63954,40.28708,11.56,2.23,2024-12-29T00:32:19.192
-124.6604,40.332,20.51,2.44,2024-12-29T02:29:22.160
-124.64946,40.2981,20.09,2.67,2024-12-29T03:36:03.720
-124.67336,40.33604,20.9,2.15,2024-12-29T03:47:04.605
-124.36131,40.28163,6.77,1.52,2024-12-29T04:11:28.746
-124.55629,40.46977,16.76,1.9,2024-12-29T04:44:13.394
-125.00793,40.3796,10.44,2.77,2024-12-29T05:26:16.063
-124.66368,40.3015,15.91,2.37,2024-12-29T07:14:01.861
-124.3721,40.27837,7.15,2.44,2024-12-29T07:14:26.379
-125.06498,40.38261,9.32,2.97,2024-12-29T08:35:24.392
-124.37191,40.2786,7.11,1.66,2024-12-29T11:11:08.064
-124.75364,40.4148,11.1,1.98,2024-12-29T11:32:44.477
-124.36741,40.43791,29.04,2.06,2024-12-29T11:33:34.605
-124.81578,40.35935,6.17,2.36,2024-12-29T11:59:22.721
-124.80049,40.35301,4.63,2.88,2024-12-29T14:22:17.067
-124.83146,40.35984,7.81,2.54,2024-12-29T14:23:10.939
-124.80185,40.35214,6.09,2.45,2024-12-29T14:30:42.681
-124.77702,40.33686,19.41,2.38,2024-12-29T16:52:45.693
-124.49773,40.29777,12.2,1.88,2024-12-29T17:18:27.289
-124.58089,40.28921,7.07,2.13,2024-12-29T17:31:25.955
-124.86232,40.35233,16.74,2.64,2024-12-29T18:22:22.774
-124.59142,40.29015,7.58,2.09,2024-12-29T19:55:39.020
-124.62829,40.29652,16.95,2.39,2024-12-29T20:14:05.099
-124.59211,40.29015,7.55,2.01,2024-12-29T20:19:58.669
-125.28968,40.40933,10.88,2.97,2024-12-29T21:06:15.667
-124.82172,40.45312,4.18,2.67,2024-12-29T21:34:07.965
-125.0747,40.38304,6.3,2.9,2024-12-29T22:40:10.679
-124.1826,40.22904,11.77,1.74,2024-12-29T23:55:36.297
-124.50696,40.28383,19.12,1.9,2024-12-30T00:19:15.858
-124.88745,40.35895,13.5,2.22,2024-12-30T01:06:05.344
-124.54195,40.28821,20.29,3.1,2024-12-30T02:09:20.487
-124.54489,40.28947,20.34,2.0,2024-12-30T02:42:55.523
-124.81898,40.35662,5.64,2.41,2024-12-30T02:51:59.963
-124.86847,40.34638,12.85,2.06,2024-12-30T03:45:24.430
-124.96559,40.33909,5.81,3.06,2024-12-30T04:27:12.276
-124.54064,40.28877,20.46,1.85,2024-12-30T05:14:07.570
-124.12257,40.40574,26.82,1.69,2024-12-30T06:06:23.095
-124.57671,40.46598,17.52,1.67,2024-12-30T06:31:33.303
-125.06578,40.38305,6.27,2.56,2024-12-30T08:06:09.384
-124.63129,40.2721,7.94,1.93,2024-12-30T09:48:20.486
-124.998,40.4197,15.79,2.28,2024-12-30T11:47:47.801
-125.04951,40.39057,10.5,2.91,2024-12-30T11:48:09.168
-124.998,40.4197,15.79,2.33,2024-12-30T12:15:45.701
-124.34208,40.39749,25.88,2.01,2024-12-30T12:36:34.981
-124.86438,40.35686,6.01,2.61,2024-12-30T12:45:00.767
-124.86438,40.35686,6.01,2.43,2024-12-30T12:53:46.507
-124.5058,40.29264,8.49,1.64,2024-12-30T14:13:33.716
-125.28797,40.40949,10.9,2.76,2024-12-30T14:22:59.247
-124.66623,40.30132,15.85,2.13,2024-12-30T16:44:32.272
-124.63743,40.2917,6.88,1.89,2024-12-30T17:24:46.843
-124.64293,40.29223,7.72,1.78,2024-12-30T18:53:28.318
-124.59756,40.23477,0.77,1.79,2024-12-30T18:53:41.602
-124.6434,40.29254,7.64,1.9,2024-12-30T18:57:39.405
-124.59691,40.23511,0.77,1.72,2024-12-30T19:04:52.273
-124.29418,40.19525,32.48,1.61,2024-12-30T21:40:03.344
-124.29342,40.19595,32.56,1.61,2024-12-30T21:40:13.108
-124.56434,40.28635,7.12,1.74,2024-12-30T21:41:02.467
-124.63688,40.26924,7.08,1.9,2024-12-30T22:08:24.164
-124.65774,40.28598,8.24,1.88,2024-12-30T23:13:40.125
-124.49632,40.29851,12.07,1.77,2024-12-30T23:16:48.682
-124.50524,40.28164,16.21,1.76,2024-12-30T23:40:43.936
-124.67409,40.33589,20.91,2.61,2024-12-31T00:48:09.747
-125.03129,40.39089,6.86,2.82,2024-12-31T01:10:24.929
-124.93031,40.36671,16.4,2.42,2024-12-31T01:12:50.525
-124.867,40.35125,16.82,2.27,2024-12-31T01:16:09.729
-124.64988,40.30038,16.15,2.31,2024-12-31T02:20:37.776
-124.64631,40.29834,20.21,2.24,2024-12-31T04:41:50.094
-125.04675,40.36436,10.56,2.27,2024-12-31T04:52:42.198
-124.56199,40.28712,7.36,1.62,2024-12-31T05:55:22.840
-124.7983,40.34357,8.14,2.06,2024-12-31T05:58:19.796
-124.81979,40.35835,8.22,2.24,2024-12-31T06:30:16.782
-124.72754,40.44129,12.19,1.91,2024-12-31T07:06:54.310
-124.65023,40.29851,20.13,2.39,2024-12-31T07:32:01.512
-124.72078,40.45169,13.16,1.73,2024-12-31T08:46:00.075
-124.3715,40.27893,7.04,0.92,2024-12-31T09:46:25.339
-124.37258,40.27794,7.23,0.91,2024-12-31T09:49:40.999
-124.59097,40.28221,5.4,1.49,2024-12-31T10:15:18.497
-124.68698,40.31903,7.51,1.78,2024-12-31T12:50:38.973
-124.70286,40.31238,5.11,2.14,2024-12-31T13:14:14.441
-124.70288,40.37375,6.88,1.9,2024-12-31T13:43:02.426
-124.41888,40.28151,16.03,1.38,2024-12-31T13:47:18.112
-124.41461,40.28071,15.95,1.33,2024-12-31T13:48:41.570
-124.54124,40.28843,18.98,1.48,2024-12-31T14:06:27.675
-124.37064,40.27891,7.0,0.95,2024-12-31T14:09:08.699
-124.73135,40.40639,11.11,1.71,2024-12-31T14:19:30.991
-124.82941,40.3661,8.35,2.23,2024-12-31T15:08:35.009
-124.195,40.22927,2.97,0.91,2024-12-31T15:53:37.797
-124.80412,40.35318,5.16,2.8,2024-12-31T16:35:20.128
-124.80737,40.35259,5.82,2.01,2024-12-31T16:58:41.639
-124.64494,40.23522,12.11,1.97,2024-12-31T17:29:17.436
-125.13916,40.38913,9.92,2.53,2024-12-31T17:31:32.773
-124.9736,40.3726,14.75,2.33,2024-12-31T17:36:36.141
-125.03151,40.43496,13.65,2.48,2024-12-31T18:17:32.575
-124.195,40.22913,2.99,0.97,2024-12-31T19:05:09.605
-124.31844,40.62693,18.05,1.53,2024-12-31T19:18:56.921
-124.60135,40.291,6.78,1.68,2024-12-31T19:24:01.765
-124.47099,40.27766,19.75,1.62,2024-12-31T19:26:16.808
-124.92555,40.34008,26.74,2.48,2024-12-31T20:00:59.870
-124.9259,40.3398,25.06,2.37,2024-12-31T20:01:26.992
-124.54084,40.28965,20.68,1.78,2024-12-31T20:38:21.548
-124.56356,40.47126,17.9,1.55,2024-12-31T21:00:49.506
-124.7218,40.32868,21.12,1.95,2024-12-31T23:28:22.136
-124.0436,40.62339,20.13,1.29,2024-12-31T23:29:09.724
-124.64413,40.27751,7.44,1.86,2024-12-31T23:45:49.188
-124.68914,40.31869,20.5,1.98,2025-01-01T00:20:50.886
-124.41353,40.28062,16.1,1.11,2025-01-01T02:20:32.989
-124.86453,40.35249,16.78,2.51,2025-01-01T02:23:53.984
-125.14164,40.39153,9.86,2.69,2025-01-01T02:33:12.459
-124.85335,40.36586,8.26,2.2,2025-01-01T03:02:08.988
-124.67357,40.30383,15.89,1.68,2025-01-01T04:33:13.089
-124.99741,40.37787,10.55,2.41,2025-01-01T05:27:55.324
-124.50836,40.28102,16.86,1.29,2025-01-01T05:31:45.271
-124.86827,40.36926,7.97,2.04,2025-01-01T07:22:09.353
-124.40296,40.28181,21.37,1.32,2025-01-01T07:52:38.290
-124.64599,40.29233,7.52,1.78,2025-01-01T08:27:17.399
-124.82885,40.35798,5.78,2.25,2025-01-01T10:24:30.245
-124.32724,40.61918,2.47,1.52,2025-01-01T12:36:08.814
-125.04011,40.38369,5.4,2.49,2025-01-01T13:06:59.356
-124.32795,40.61941,2.45,1.52,2025-01-01T13:34:27.854
-124.56646,40.29539,13.9,2.06,2025-01-01T13:36:02.067
-124.67776,40.33633,20.87,2.25,2025-01-01T14:38:15.553
-124.86527,40.35438,18.43,2.06,2025-01-01T15:32:13.112
-124.55446,40.28633,17.28,1.72,2025-01-01T15:56:46.828
-124.66191,40.30144,15.96,2.27,2025-01-01T16:23:21.275
-124.48678,40.29036,7.0,2.37,2025-01-01T19:14:54.403
-124.82951,40.35753,5.35,2.4,2025-01-01T20:14:50.656
-124.92283,40.35193,4.59,2.89,2025-01-01T20:57:06.120
-124.48766,40.29123,7.12,1.72,2025-01-01T21:30:09.580
-124.48922,40.29137,6.65,2.1,2025-01-01T21:41:27.508
-124.48728,40.29084,6.98,2.09,2025-01-01T21:44:11.561
-124.48687,40.29096,7.04,2.04,2025-01-01T21:44:42.757
-124.48785,40.29113,6.93,1.62,2025-01-01T21:45:01.871
-124.64827,40.28053,6.59,2.04,2025-01-01T21:53:05.221
-124.48542,40.28953,6.99,1.97,2025-01-01T22:27:40.528
-124.91411,40.35655,16.83,2.43,2025-01-02T01:52:20.988
-124.98777,40.34223,6.05,2.54,2025-01-02T04:25:50.796
-124.6908,40.3228,20.94,1.87,2025-01-02T04:29:47.190
-124.49013,40.29188,6.92,1.21,2025-01-02T05:11:21.359
-124.49154,40.29159,6.87,1.64,2025-01-02T05:42:22.607
-124.83401,40.35557,8.12,2.26,2025-01-02T06:56:43.166
-124.91847,40.35867,16.85,2.35,2025-01-02T09:05:44.611
-124.48933,40.29174,6.93,1.99,2025-01-02T09:41:11.052
-124.49104,40.29188,6.93,1.68,2025-01-02T13:08:58.566
-125.02296,40.32284,1.24,2.41,2025-01-02T15:49:16.755
-125.02296,40.32284,1.24,2.37,2025-01-02T15:50:15.215
-124.8387,40.36367,8.41,2.24,2025-01-02T17:18:24.318
-124.66797,40.28788,12.39,2.02,2025-01-03T01:43:43.260
-124.929,40.3402,26.28,2.73,2025-01-03T02:08:43.900
-124.929,40.3402,26.28,2.64,2025-01-03T02:13:14.600
-124.4162,40.2874,8.02,1.6,2025-01-03T05:22:44.910
-124.83806,40.36211,8.73,2.02,2025-01-03T05:52:58.043
-125.17414,40.39108,7.4,3.07,2025-01-03T09:24:01.027
-125.16573,40.38899,7.86,3.69,2025-01-03T14:03:26.382
-124.90768,40.37289,17.25,2.99,2025-01-03T20:26:07.079
-124.64156,40.28668,12.84,2.53,2025-01-04T03:41:34.096
-125.00162,40.42229,15.85,2.41,2025-01-04T05:51:52.110
-124.54916,40.28091,7.68,1.98,2025-01-04T06:43:28.867
-124.86515,40.36956,6.41,2.49,2025-01-04T07:07:41.806
-124.86646,40.36966,6.37,2.48,2025-01-04T07:23:48.766
-124.65796,40.28808,12.69,2.17,2025-01-04T10:06:51.011
-125.00133,40.36567,10.03,2.63,2025-01-04T13:40:59.505
-124.4162,40.2874,8.02,1.74,2025-01-04T14:33:44.841
-124.42326,40.52783,18.59,1.87,2025-01-04T14:53:56.366
-124.88744,40.35989,16.7,2.41,2025-01-04T19:18:23.175
-124.6908,40.3228,20.94,1.89,2025-01-04T20:18:37.611
-125.00708,40.31802,2.25,2.67,2025-01-04T21:36:19.834
-125.17443,40.3917,7.41,2.97,2025-01-04T22:26:56.002
-124.42973,40.52472,19.01,1.96,2025-01-04T23:13:02.847
-124.42996,40.52472,18.97,1.83,2025-01-05T00:53:31.340
-124.99009,40.41429,15.65,2.38,2025-01-05T01:17:11.742
-125.17193,40.3916,7.33,2.71,2025-01-05T01:19:18.084
-124.42836,40.52265,18.86,1.76,2025-01-05T02:46:55.392
-124.39011,40.2243,5.36,1.56,2025-01-05T02:52:50.212
-125.00228,40.42252,15.87,2.49,2025-01-05T03:03:10.548
-124.38993,40.22415,5.43,1.74,2025-01-05T03:07:42.449
-124.85816,40.37226,7.51,2.25,2025-01-05T04:12:57.638
-124.31614,40.20539,31.6,1.78,2025-01-05T05:25:28.770
-124.31626,40.20501,31.63,1.79,2025-01-05T05:26:46.430
-124.42979,40.52439,19.01,1.68,2025-01-05T06:08:29.459
-124.66431,40.28806,12.57,1.93,2025-01-05T06:12:55.084
-124.85287,40.36556,6.5,2.45,2025-01-05T06:23:06.664
-125.12948,40.38932,8.4,2.65,2025-01-05T06:54:22.859
-124.38983,40.22415,5.33,1.93,2025-01-05T09:57:56.042
-124.38983,40.224,5.38,1.88,2025-01-05T10:08:03.150
-124.83455,40.35974,4.45,2.32,2025-01-05T11:09:59.109
-124.66656,40.34384,21.43,2.55,2025-01-05T11:44:11.054
-124.66716,40.3414,21.91,2.32,2025-01-05T15:39:26.670
-124.64843,40.23982,12.44,1.95,2025-01-05T16:04:01.378
-124.66588,40.34288,21.4,2.63,2025-01-05T16:15:44.569
-124.63257,40.23498,12.08,1.97,2025-01-05T16:45:28.024
-124.83199,40.36057,4.86,2.36,2025-01-05T18:33:26.616
-124.66563,40.34202,21.39,2.24,2025-01-05T18:48:47.003
-124.66685,40.3438,21.43,2.21,2025-01-05T22:28:20.978
-124.88241,40.35307,13.27,2.18,2025-01-06T01:11:34.385
-124.64642,40.29297,8.03,1.76,2025-01-06T05:32:44.466
-124.64688,40.29263,8.05,1.9,2025-01-06T07:09:27.034
-125.1696,40.39116,7.06,2.65,2025-01-06T08:49:49.657
-125.1688,40.39004,6.86,2.62,2025-01-06T08:53:39.993
-124.82553,40.34629,7.41,2.25,2025-01-06T09:25:52.657
-124.82383,40.3444,7.0,2.32,2025-01-06T11:01:44.376
-124.8931,40.35307,16.81,2.38,2025-01-06T12:36:44.411
-124.81493,40.36381,8.33,1.94,2025-01-06T13:22:45.674
-124.82027,40.36059,7.85,1.88,2025-01-06T13:24:09.378
-124.85774,40.37106,8.24,2.36,2025-01-06T13:47:30.317
-124.69754,40.32009,21.78,1.8,2025-01-06T14:44:51.205
-124.84926,40.36854,8.21,2.33,2025-01-06T16:15:51.001
-124.87079,40.34346,16.76,2.36,2025-01-06T16:19:32.856
-124.84691,40.3687,8.39,2.3,2025-01-06T18:54:00.682
-124.70807,40.31645,21.76,2.2,2025-01-06T21:15:53.079
-124.43521,40.2807,25.92,1.65,2025-01-06T23:50:52.209
-124.43459,40.2807,25.87,1.73,2025-01-07T00:25:29.292
-124.6597,40.28712,12.75,1.76,2025-01-07T00:51:27.245
-124.43299,40.52627,18.94,1.82,2025-01-07T02:56:05.618
-124.84608,40.36721,8.61,2.39,2025-01-07T03:04:03.243
-124.82953,40.35252,6.34,2.28,2025-01-07T03:36:28.007
-124.94325,40.39833,6.55,2.01,2025-01-07T04:46:30.263
-124.82809,40.35174,6.33,2.21,2025-01-07T05:41:59.782
-125.02894,40.3778,12.76,2.49,2025-01-07T06:28:02.896
-125.04828,40.40477,12.89,2.65,2025-01-07T12:22:55.609
-124.65772,40.28631,12.82,1.83,2025-01-07T15:03:59.865
-124.70975,40.44459,12.93,2.0,2025-01-07T15:30:22.900
-124.94015,40.39447,5.73,2.0,2025-01-07T17:30:08.688
-124.66495,40.3091,20.3,2.73,2025-01-07T18:00:15.927
-124.66657,40.30972,20.24,1.98,2025-01-07T18:01:24.278
-124.43167,40.52788,18.93,1.68,2025-01-07T18:54:03.354
-124.84492,40.36679,8.59,2.57,2025-01-07T20:15:52.158
-124.42928,40.52831,19.03,1.44,2025-01-07T20:40:44.074
-125.12712,40.3911,9.3,2.41,2025-01-07T21:38:39.209
-124.3197,40.61245,3.16,1.52,2025-01-07T22:03:09.432
-124.3161,40.60985,3.08,1.69,2025-01-07T22:45:46.371
-124.66999,40.31037,18.69,1.98,2025-01-08T01:58:15.038
-125.02894,40.3778,12.76,2.62,2025-01-08T03:41:03.226
-124.64923,40.28602,13.0,1.98,2025-01-08T07:33:18.616
-124.42979,40.52905,19.11,1.5,2025-01-08T08:54:47.521
-125.05094,40.38692,9.68,2.29,2025-01-08T10:30:25.721
-125.14098,40.3929,9.45,2.5,2025-01-08T18:21:19.393
-124.42457,40.52529,19.0,1.79,2025-01-08T18:23:54.587
-124.67653,40.28779,12.64,1.82,2025-01-08T18:55:51.118
-124.34498,40.51706,19.8,1.64,2025-01-08T19:39:27.906
-124.34542,40.51734,19.74,1.6,2025-01-08T19:40:20.646
-124.66782,40.28652,12.54,2.21,2025-01-08T22:57:36.206
-124.83698,40.35484,6.18,1.94,2025-01-09T01:40:43.561
-124.78523,40.38498,5.57,2.34,2025-01-09T02:07:44.061
-124.78577,40.38522,5.59,2.32,2025-01-09T02:55:48.589
-124.6531,40.28703,12.89,1.7,2025-01-09T03:02:04.804
-124.75252,40.42197,10.4,1.97,2025-01-09T03:35:32.538
-124.75269,40.42179,10.34,2.21,2025-01-09T03:45:49.474
-124.75282,40.42197,10.37,2.18,2025-01-09T03:50:31.377
-124.75319,40.42166,10.32,2.25,2025-01-09T04:27:42.690
-124.75449,40.42102,10.37,2.3,2025-01-09T04:31:11.403
-124.7516,40.4217,10.52,1.95,2025-01-09T04:34:36.969
-124.68619,40.31412,20.67,2.03,2025-01-09T05:26:55.909
-124.75527,40.42205,10.23,2.32,2025-01-09T05:32:53.481
-124.75371,40.42073,10.38,2.33,2025-01-09T05:33:02.574
-124.75291,40.42217,10.41,2.61,2025-01-09T05:45:54.792
-124.75257,40.42277,10.28,2.28,2025-01-09T05:46:18.475
-124.75265,40.42197,10.38,1.99,2025-01-09T05:47:16.165
-124.75246,40.42167,10.38,2.02,2025-01-09T05:49:28.823
-124.75308,40.42168,10.32,1.99,2025-01-09T05:50:33.553
-124.75238,40.42177,10.31,2.34,2025-01-09T05:57:13.045
-124.7528,40.42207,10.34,2.11,2025-01-09T05:58:35.491
-124.75331,40.421,10.41,2.0,2025-01-09T05:59:31.122
-124.75519,40.42152,10.18,2.32,2025-01-09T05:59:58.616
-124.75241,40.42224,10.46,2.34,2025-01-09T06:00:20.229
-124.74561,40.34192,5.22,2.02,2025-01-09T06:06:16.316
-124.75241,40.4211,10.3,2.22,2025-01-09T06:08:21.088
-124.75269,40.42068,10.39,1.97,2025-01-09T06:10:07.764
-124.75357,40.42044,10.41,2.35,2025-01-09T06:12:00.353
-124.75234,40.42048,10.41,1.99,2025-01-09T06:16:39.622
-124.75239,40.42015,10.33,1.99,2025-01-09T06:21:45.042
-124.75307,40.42185,10.45,2.29,2025-01-09T06:21:57.671
-124.7525,40.41971,10.35,2.02,2025-01-09T06:28:42.245
-124.75221,40.4218,10.4,2.66,2025-01-09T06:48:59.020
-124.74904,40.42087,10.58,1.9,2025-01-09T07:02:40.070
-124.75255,40.42106,10.38,2.27,2025-01-09T07:03:17.388
-124.75224,40.421,10.4,2.48,2025-01-09T07:04:36.164
-124.75227,40.42066,10.48,1.97,2025-01-09T07:20:47.436
-125.02364,40.37408,12.07,2.95,2025-01-09T07:29:00.649
-124.75227,40.42232,10.44,2.81,2025-01-09T07:37:08.126
-124.75305,40.4222,10.42,2.31,2025-01-09T07:40:46.549
-124.7527,40.42325,10.45,2.33,2025-01-09T07:44:05.134
-124.74747,40.34371,5.23,1.99,2025-01-09T07:56:50.187
-124.62003,40.29605,8.78,2.59,2025-01-09T07:58:39.569
-124.74672,40.34397,5.21,1.91,2025-01-09T08:04:27.397
-124.75339,40.42423,10.24,2.25,2025-01-09T08:05:24.157
-125.02482,40.37432,12.0,2.54,2025-01-09T08:24:32.642
-124.75217,40.42033,10.3,1.97,2025-01-09T08:27:33.585
-124.75212,40.42011,10.35,2.0,2025-01-09T08:58:38.749
-124.75196,40.41994,10.36,1.98,2025-01-09T12:11:39.967
-124.70139,40.32505,20.99,2.08,2025-01-09T12:30:02.314
-124.75214,40.42028,10.42,2.08,2025-01-09T12:34:03.463
-124.75208,40.42037,10.4,2.32,2025-01-09T16:41:25.503
-124.74408,40.42138,10.87,2.35,2025-01-09T17:07:34.765
-124.75455,40.42054,10.58,2.32,2025-01-09T17:12:13.262
-124.53884,40.31438,20.04,1.58,2025-01-10T00:17:48.163
-125.02152,40.39788,9.96,2.58,2025-01-10T03:10:55.517
-124.55645,40.70907,18.42,2.28,2025-01-10T03:29:14.551
-124.56765,40.71083,18.83,2.29,2025-01-10T03:49:00.749
-124.61773,40.29578,8.6,1.78,2025-01-10T06:22:01.066
-124.51516,40.29142,19.26,1.37,2025-01-10T06:32:38.687
-124.64308,40.29604,7.1,1.76,2025-01-10T11:07:48.518
-124.87111,40.37372,8.79,2.13,2025-01-10T11:23:50.209
-124.56193,40.29084,6.93,1.55,2025-01-10T13:12:47.464
-125.13885,40.3909,9.96,2.67,2025-01-10T15:11:20.845
-124.64533,40.295,9.32,1.86,2025-01-10T16:10:31.119
-124.84059,40.35616,5.92,2.1,2025-01-10T18:46:29.994
-124.84205,40.35655,6.0,2.29,2025-01-10T20:09:00.901
-125.28987,40.40949,9.99,2.64,2025-01-10T21:04:30.530
-124.638,40.29005,6.86,1.87,2025-01-10T22:14:55.270
-124.83381,40.35575,6.52,1.99,2025-01-11T02:21:28.239
-124.67528,40.35212,21.98,2.8,2025-01-11T03:07:13.072
-124.66273,40.28462,11.05,1.79,2025-01-11T05:28:23.830
-125.01961,40.39811,10.25,2.69,2025-01-11T06:40:20.693
-124.86391,40.37217,9.09,2.51,2025-01-11T16:13:15.610
-124.64584,40.2952,7.84,1.92,2025-01-12T07:08:24.165
-124.82928,40.36096,9.9,3.01,2025-01-12T09:12:28.064
-124.85701,40.36571,18.72,2.68,2025-01-12T09:36:16.232
-124.85287,40.36374,9.02,2.33,2025-01-12T11:17:41.354
-124.86061,40.36757,8.84,2.26,2025-01-12T11:35:05.654
-124.86019,40.36429,18.8,2.46,2025-01-12T14:04:59.670
-124.67605,40.34716,21.97,2.22,2025-01-12T14:24:04.270
-124.70979,40.45259,11.75,2.03,2025-01-12T14:38:13.309
-124.67828,40.34747,21.91,2.19,2025-01-12T14:43:21.847
-124.82925,40.35584,6.07,2.16,2025-01-12T14:58:57.858
-124.44069,40.28209,25.68,2.03,2025-01-12T19:57:23.657
-125.28593,40.40971,9.83,2.77,2025-01-12T20:34:32.522
-124.43971,40.28191,25.67,2.0,2025-01-12T21:02:31.445
-124.84182,40.35677,6.3,2.05,2025-01-12T21:30:25.171
-124.83648,40.35627,5.94,2.34,2025-01-13T04:31:46.953
-124.68397,40.28948,14.38,1.93,2025-01-13T04:39:31.220
-125.14595,40.3915,9.8,2.84,2025-01-13T05:51:33.306
-124.11251,40.22397,14.18,1.23,2025-01-13T06:06:27.749
-124.11449,40.22343,14.2,1.65,2025-01-13T06:08:22.201
-124.59825,40.29405,9.88,1.86,2025-01-13T07:22:35.634
-124.7003,40.45909,10.99,1.8,2025-01-13T10:05:59.860
-124.65585,40.29106,15.39,2.2,2025-01-13T11:31:00.137
-124.81036,40.35176,4.64,2.5,2025-01-13T13:35:41.872
-124.43086,40.52803,19.37,1.76,2025-01-13T16:30:36.198
-124.74386,40.44295,11.69,1.72,2025-01-13T16:34:57.384
-124.66687,40.28734,13.98,1.84,2025-01-13T17:29:03.322
-124.80754,40.34854,6.31,2.27,2025-01-13T17:33:24.280
-124.42962,40.52781,18.72,1.52,2025-01-13T18:17:41.068
-124.74702,40.42204,10.96,1.88,2025-01-13T18:30:19.394
-124.38298,40.28104,18.98,1.47,2025-01-13T20:58:14.355
-124.38922,40.27976,19.18,1.35,2025-01-13T20:58:43.397
-124.81404,40.33549,5.12,2.18,2025-01-13T21:38:28.704
-124.68103,40.34683,22.16,1.88,2025-01-14T00:07:07.579
-124.83609,40.35042,8.2,2.53,2025-01-14T00:33:06.516
-124.85587,40.35667,8.06,2.31,2025-01-14T02:27:53.703
-124.89264,40.35392,17.75,2.01,2025-01-14T02:43:44.107
-124.84272,40.3514,6.2,2.54,2025-01-14T03:43:00.385
-124.67861,40.35112,22.17,2.09,2025-01-14T05:15:48.326
-124.68408,40.2933,14.49,1.85,2025-01-14T05:23:10.743
-124.43055,40.53017,18.92,1.5,2025-01-14T07:41:24.796
-124.67985,40.3519,22.17,2.16,2025-01-14T08:46:41.073
-124.83749,40.35082,8.21,2.52,2025-01-14T09:52:59.793
-125.17945,40.39625,7.95,2.03,2025-01-14T10:41:24.677
-124.71406,40.39673,9.35,1.73,2025-01-14T13:17:29.865
-124.86851,40.35238,17.9,2.18,2025-01-14T14:46:15.879
-124.91076,40.35407,16.95,2.35,2025-01-14T15:12:43.012
-124.90006,40.36197,17.08,2.71,2025-01-14T15:55:23.297
-124.74624,40.42256,11.16,1.85,2025-01-14T16:05:39.331
-124.74347,40.44295,11.79,1.64,2025-01-14T16:12:45.433
-124.42987,40.52948,18.62,1.53,2025-01-14T17:15:37.642
-124.53905,40.2914,23.11,1.66,2025-01-14T18:42:37.039
-125.17392,40.39567,8.13,2.35,2025-01-14T18:52:05.005
-124.74675,40.42256,11.15,1.87,2025-01-14T18:59:03.448
-124.68377,40.3482,22.15,2.61,2025-01-14T19:18:02.810
-124.86863,40.35207,18.02,2.37,2025-01-14T19:49:19.660
-125.12803,40.39869,9.71,2.77,2025-01-14T23:00:14.172
-124.67964,40.35069,22.12,2.1,2025-01-14T23:16:14.677
-124.68434,40.34837,22.14,1.96,2025-01-15T00:53:02.626
-124.5088,40.28694,19.05,2.01,2025-01-15T04:40:36.360
-124.513,40.2833,7.47,1.65,2025-01-15T05:10:12.801
-124.5088,40.28686,19.09,1.96,2025-01-15T08:10:13.592
-124.68295,40.34779,22.14,2.08,2025-01-15T10:58:31.876
-124.68312,40.34789,22.14,1.98,2025-01-15T11:16:56.739
-124.53935,40.2914,23.11,1.95,2025-01-15T12:28:42.213
-124.513,40.2833,7.47,1.58,2025-01-16T03:02:41.651
-124.50988,40.29283,6.95,1.33,2025-01-16T04:27:25.980
-125.05757,40.3815,7.24,2.43,2025-01-16T05:08:16.031
-125.05683,40.3817,7.26,2.55,2025-01-16T05:29:00.821
-124.50902,40.29267,6.95,1.49,2025-01-16T05:43:48.822
-124.54144,40.2957,22.25,2.9,2025-01-16T08:06:10.172
-124.54146,40.29545,22.25,2.4,2025-01-16T08:06:57.886
-124.85123,40.36999,7.52,2.56,2025-01-16T11:42:38.347
-124.80895,40.35985,8.22,2.89,2025-01-16T15:57:46.007
-124.80693,40.35911,8.22,2.25,2025-01-16T16:08:49.685
-124.69379,40.32346,21.11,2.16,2025-01-16T17:17:55.250
-124.89647,40.35828,17.18,2.19,2025-01-16T18:07:22.412
-124.54019,40.29529,22.25,2.5,2025-01-16T18:33:11.705
-124.42622,40.52996,18.99,1.7,2025-01-16T18:50:24.996
-124.84342,40.35662,7.57,1.97,2025-01-17T00:38:49.138
-124.72073,40.34428,21.2,2.0,2025-01-17T03:21:30.046
-125.30082,40.40972,11.0,2.58,2025-01-17T03:33:00.523
-124.48385,40.28035,21.16,2.84,2025-01-17T04:07:29.748
-124.67494,40.28575,13.57,2.49,2025-01-17T06:50:27.126
-124.44227,40.28172,25.67,1.64,2025-01-17T07:26:43.552
-124.90438,40.35187,17.08,2.03,2025-01-17T10:11:38.682
-124.42728,40.52864,18.87,1.43,2025-01-17T10:31:35.656
-124.6489,40.2876,13.37,2.03,2025-01-17T11:30:59.442
-124.51855,40.28882,8.31,1.63,2025-01-17T12:35:37.070
-124.67343,40.28667,12.67,1.93,2025-01-17T13:20:11.957
-124.71539,40.34541,21.45,2.28,2025-01-17T14:52:21.954
-124.90725,40.36085,17.27,2.23,2025-01-17T19:56:15.859
-124.14975,40.11163,4.75,1.39,2025-01-17T20:30:27.599
-124.85218,40.35835,7.56,2.04,2025-01-17T20:37:15.750
-124.66616,40.28532,12.49,1.81,2025-01-17T22:59:50.063
-124.14974,40.11164,4.75,1.66,2025-01-17T23:57:25.529
-125.27498,40.40948,8.82,3.02,2025-01-18T00:00:04.927
-124.14931,40.11153,4.78,1.41,2025-01-18T00:26:43.223
-124.83813,40.36629,7.52,2.75,2025-01-18T00:38:50.506
-124.73199,40.34258,21.87,1.9,2025-01-18T01:05:10.448
-124.56425,40.28703,7.62,1.41,2025-01-18T01:58:19.771
-124.6709,40.28625,12.71,2.34,2025-01-18T02:57:45.772
-124.64828,40.28701,13.31,1.82,2025-01-18T03:27:48.042
-124.68608,40.34773,21.72,1.62,2025-01-18T04:33:36.859
-124.68604,40.34771,21.71,1.62,2025-01-18T04:53:22.429
-124.59189,40.29726,9.53,1.86,2025-01-18T06:03:43.420
-124.59656,40.29697,9.54,1.74,2025-01-18T06:07:41.711
-124.59585,40.29574,8.45,2.59,2025-01-18T07:50:40.282
-124.59193,40.29727,9.53,1.78,2025-01-18T08:06:34.800
-124.44103,40.28168,25.48,1.99,2025-01-18T10:38:38.899
-124.53192,40.28991,7.92,1.71,2025-01-18T11:03:02.741
-124.59435,40.29649,9.5,2.1,2025-01-18T11:43:14.062
-124.82184,40.35531,8.34,2.28,2025-01-18T11:59:13.787
-124.70577,40.33603,20.93,1.93,2025-01-18T12:09:08.117
-124.48428,40.28011,21.09,1.87,2025-01-18T12:45:16.894
-124.85051,40.37658,6.75,2.06,2025-01-18T13:02:14.185
-124.73323,40.44479,14.52,1.69,2025-01-18T13:20:54.655
-124.70671,40.326,21.23,2.32,2025-01-18T16:30:07.047
-124.28935,40.27563,21.52,1.46,2025-01-18T16:44:01.838
-124.4288,40.52908,18.68,1.48,2025-01-18T18:36:33.559
-124.42909,40.52872,18.62,1.49,2025-01-18T18:41:17.546
-124.60002,40.23317,0.85,1.67,2025-01-18T23:11:18.922
-124.66433,40.28817,12.79,1.97,2025-01-18T23:18:25.421
-124.64829,40.29275,4.71,1.66,2025-01-19T02:03:44.985
-124.46305,40.28107,9.6,1.53,2025-01-19T03:32:54.624
-124.71001,40.45462,11.72,1.98,2025-01-19T03:44:29.670
-124.71033,40.45495,11.84,1.92,2025-01-19T03:45:07.304
-124.43785,40.28084,25.81,1.54,2025-01-19T05:01:11.644
-124.43785,40.28109,25.82,1.66,2025-01-19T05:01:39.393
-124.43759,40.28038,25.71,1.59,2025-01-19T05:10:28.189
-124.43652,40.28072,25.71,1.69,2025-01-19T05:48:14.286
-124.6642,40.28822,12.77,1.99,2025-01-19T06:01:38.720
-124.65568,40.29361,4.94,1.73,2025-01-19T06:44:04.456
-124.90765,40.37194,16.37,2.4,2025-01-19T07:05:46.939
-124.64452,40.29327,8.49,1.73,2025-01-19T07:33:20.707
-124.84576,40.35503,7.05,2.36,2025-01-19T08:53:13.945
-124.64564,40.29344,8.49,1.8,2025-01-19T09:39:12.110
-124.60016,40.23345,0.87,1.68,2025-01-19T09:39:40.702
-124.59953,40.23207,0.89,1.68,2025-01-19T09:39:48.729
-124.50654,40.2847,19.9,3.84,2025-01-19T12:36:54.037
-124.50251,40.28486,19.25,1.97,2025-01-19T12:55:06.491
-124.54557,40.28761,19.75,1.47,2025-01-19T13:06:13.972
-124.50347,40.28592,19.38,2.43,2025-01-19T13:12:11.998
-124.8557,40.36966,7.72,2.58,2025-01-19T14:34:49.683
-124.5171,40.29011,21.06,1.64,2025-01-19T15:17:42.869
-124.66448,40.29133,7.88,1.82,2025-01-19T16:11:25.394
-124.45805,40.28343,10.81,1.69,2025-01-19T16:45:17.527
-124.51476,40.28966,19.48,1.41,2025-01-19T17:08:36.320
-124.49421,40.28474,19.69,1.32,2025-01-19T17:30:10.761
-124.43693,40.28046,25.81,1.69,2025-01-19T17:37:54.484
-124.85444,40.35595,6.77,1.9,2025-01-19T17:42:46.949
-124.67821,40.28518,13.7,1.68,2025-01-19T18:10:42.783
-124.47141,40.88207,18.61,2.0,2025-01-19T20:19:57.359
-124.47189,40.88233,18.51,1.76,2025-01-19T20:22:01.193
-124.43695,40.28042,25.8,1.73,2025-01-20T00:46:47.506
-124.32929,40.38878,31.02,1.61,2025-01-20T05:00:50.957
-124.04854,40.38,30.15,2.08,2025-01-20T05:17:36.094
-124.72214,40.44424,11.61,1.96,2025-01-20T05:58:59.271
-124.04811,40.38,30.09,1.54,2025-01-20T06:24:41.177
-124.04884,40.38039,30.08,1.52,2025-01-20T06:25:01.861
-124.59134,40.3031,10.56,2.07,2025-01-20T07:44:28.462
-124.59004,40.30341,10.53,1.71,2025-01-20T07:47:54.758
-124.59112,40.30288,10.53,2.01,2025-01-20T08:00:46.236
-124.84053,40.35441,7.34,2.0,2025-01-20T08:06:35.024
-124.59086,40.30278,10.48,1.92,2025-01-20T08:16:31.563
-124.85116,40.36235,7.59,2.04,2025-01-20T08:33:09.953
-124.7106,40.45329,11.82,1.81,2025-01-20T09:10:40.402
-124.29105,40.27337,21.78,1.28,2025-01-20T10:00:44.014
-124.5059,40.28829,19.82,1.64,2025-01-20T11:39:24.551
-124.32951,40.38902,30.98,1.57,2025-01-20T12:59:05.994
-124.43141,40.52841,18.77,1.72,2025-01-20T13:00:30.698
-124.0481,40.38,30.08,1.54,2025-01-20T13:39:25.719
-124.59044,40.30292,10.46,1.73,2025-01-20T14:53:46.686
-124.66276,40.28793,12.81,2.06,2025-01-20T16:00:47.829
-124.91585,40.35586,17.42,2.07,2025-01-21T04:53:07.012
-124.67879,40.3459,21.75,1.89,2025-01-21T05:37:22.955
-124.52734,40.29281,21.29,1.71,2025-01-21T09:16:56.810
-124.96413,40.37143,13.79,2.42,2025-01-21T09:47:10.653
-124.90699,40.35216,17.29,2.81,2025-01-21T11:29:31.577
-124.51297,40.29066,8.16,1.66,2025-01-21T12:47:00.699
-124.89563,40.36122,17.47,2.23,2025-01-21T14:17:12.335
-124.68085,40.34974,21.74,2.17,2025-01-21T15:58:31.834
-124.70876,40.33706,21.87,1.7,2025-01-22T00:44:20.665
-124.63888,40.28772,10.02,1.7,2025-01-22T03:52:37.984
-124.85678,40.36166,7.3,2.3,2025-01-22T05:11:33.521
-124.91584,40.37343,16.32,2.07,2025-01-22T06:07:00.759
-124.6392,40.28259,16.51,1.52,2025-01-22T06:27:09.096
-124.71489,40.45295,12.52,1.84,2025-01-22T09:26:16.996
-124.71864,40.45351,12.57,1.9,2025-01-22T10:37:46.843
-124.45301,40.27923,26.14,1.56,2025-01-22T15:13:20.454
-124.4544,40.28006,8.02,1.66,2025-01-22T15:31:49.353
-124.4544,40.28006,8.02,1.65,2025-01-22T16:34:22.153
-124.4544,40.28006,8.02,1.6,2025-01-22T16:39:51.693
-124.6819,40.35281,21.74,1.86,2025-01-22T19:14:37.831
-124.68253,40.34586,21.64,2.33,2025-01-22T19:18:00.502
-124.83735,40.35677,6.61,1.92,2025-01-22T23:32:59.874
-124.64951,40.28533,12.68,1.85,2025-01-23T00:04:05.943
-124.49652,40.28624,17.53,1.75,2025-01-23T00:17:02.428
-125.08379,40.38402,5.28,2.46,2025-01-23T03:04:40.825
-125.08422,40.38424,5.1,2.52,2025-01-23T03:09:01.024
-124.68127,40.35687,21.51,2.06,2025-01-23T03:33:59.149
-124.7884,40.33033,6.35,1.8,2025-01-23T05:35:09.007
-124.69022,40.33754,10.15,2.09,2025-01-23T06:43:41.743
-124.5224,40.29174,8.1,1.68,2025-01-23T07:18:03.149
-124.59859,40.35247,13.95,1.53,2025-01-23T07:19:25.893
-124.59827,40.35354,13.79,1.5,2025-01-23T07:20:25.154
-124.98137,40.41697,14.91,2.17,2025-01-23T07:52:56.449
-124.83024,40.356,6.87,2.23,2025-01-23T08:14:03.468
-124.14101,40.23756,13.73,0.72,2025-01-23T08:32:12.273
-124.43687,40.28087,25.33,1.56,2025-01-23T08:37:14.779
-124.4377,40.28042,25.34,1.84,2025-01-23T08:49:11.620
-124.14078,40.23737,13.71,2.57,2025-01-23T08:53:52.117
-124.14061,40.23744,13.64,0.69,2025-01-23T08:55:23.593
-124.14061,40.23721,13.65,1.06,2025-01-23T08:58:04.546
-124.14097,40.23732,13.78,1.34,2025-01-23T09:00:09.322
-124.70583,40.34779,6.35,2.19,2025-01-23T11:59:49.708
-124.70885,40.35187,6.6,1.84,2025-01-23T12:01:11.801
-124.71132,40.32207,21.02,1.72,2025-01-23T12:09:54.882
-124.59827,40.35354,13.79,1.53,2025-01-23T12:48:17.915
-124.59927,40.35366,13.79,1.53,2025-01-23T13:31:55.391
-124.96743,40.32976,4.4,2.44,2025-01-23T14:23:45.902
-124.42678,40.52208,18.4,1.36,2025-01-23T14:26:37.816
-124.84278,40.35819,6.59,2.25,2025-01-23T14:31:09.582
-124.13269,40.59124,14.84,1.3,2025-01-23T16:39:04.680
-124.13269,40.59136,14.8,1.31,2025-01-23T16:39:15.393
-125.07348,40.38403,5.76,2.64,2025-01-23T16:44:33.402
-124.42768,40.52212,18.36,1.52,2025-01-23T16:55:06.386
-124.91143,40.37308,16.41,2.31,2025-01-23T17:09:03.435
-124.63092,40.28859,11.28,1.8,2025-01-23T17:47:28.748
-124.42757,40.52273,18.36,1.52,2025-01-23T18:15:49.323
-124.6809,40.34882,21.77,2.0,2025-01-23T18:17:36.378
-124.15455,40.22574,13.7,0.8,2025-01-23T18:50:45.039
-124.42701,40.52183,18.35,1.47,2025-01-23T19:41:29.701
-124.53108,40.28656,19.98,1.37,2025-01-23T20:46:33.223
-124.8783,40.35532,17.5,2.06,2025-01-23T21:03:55.798
-124.15202,40.22727,13.6,0.77,2025-01-23T21:38:53.581
-124.15204,40.22749,13.85,0.83,2025-01-23T21:47:02.441
-124.3617,40.4694,25.16,1.38,2025-01-23T21:50:56.141
-124.42642,40.52838,19.38,1.38,2025-01-23T22:14:54.643
-124.75076,40.34227,22.93,2.1,2025-01-23T22:27:27.366
-124.14131,40.23799,14.31,1.44,2025-01-23T22:46:07.748
-124.43094,40.52396,19.36,1.57,2025-01-23T23:15:57.686
-124.13222,40.5928,14.84,1.36,2025-01-24T01:23:52.228
-124.64548,40.2897,13.61,1.63,2025-01-24T01:31:37.310
-124.66799,40.28857,12.88,1.82,2025-01-24T01:56:32.957
-124.6822,40.28761,17.06,1.45,2025-01-24T02:34:15.404
-124.85651,40.36549,7.59,2.13,2025-01-24T04:22:11.022
-124.65302,40.2845,12.69,1.85,2025-01-24T04:50:50.240
-124.41256,40.28611,16.79,1.25,2025-01-24T05:06:38.388
-124.71345,40.45412,12.49,1.96,2025-01-24T05:31:49.028
-124.7143,40.45469,12.49,1.66,2025-01-24T05:32:15.513
-124.85981,40.36245,7.3,1.73,2025-01-24T06:00:25.258
-124.71429,40.45456,12.46,1.89,2025-01-24T08:23:51.552
-124.71542,40.45417,12.49,1.69,2025-01-24T08:24:17.221
-124.81363,40.35111,7.41,2.13,2025-01-24T08:52:23.722
-124.98067,40.33364,4.89,2.35,2025-01-24T08:59:50.899
-124.5896,40.28889,6.62,2.03,2025-01-24T09:45:05.220
-124.43762,40.28098,25.39,1.55,2025-01-24T10:11:23.201
-124.3617,40.4694,25.16,1.44,2025-01-24T10:43:46.911
-124.39894,40.27859,19.91,1.8,2025-01-24T11:40:20.963
-124.48872,40.29031,9.26,1.51,2025-01-24T12:29:39.358
-124.54101,40.28792,20.68,1.57,2025-01-24T14:16:13.317
-124.65351,40.28865,12.08,1.64,2025-01-24T19:07:55.510
-124.80577,40.35282,7.56,2.3,2025-01-24T21:55:42.268
-124.65444,40.27863,15.71,2.11,2025-01-25T08:59:40.233
-124.82816,40.35229,7.11,2.01,2025-01-25T09:52:24.431
-124.93234,40.4445,2.61,2.11,2025-01-25T12:19:47.309
-124.82502,40.35171,7.17,2.08,2025-01-25T13:06:45.763
-124.93146,40.4445,2.41,2.14,2025-01-25T13:08:09.993
-124.85915,40.36502,7.52,2.11,2025-01-25T14:15:13.822
-124.68288,40.35517,22.14,2.33,2025-01-25T17:08:39.261
-124.68269,40.35517,22.14,2.43,2025-01-25T17:14:58.982
-125.12557,40.39775,6.71,2.52,2025-01-25T17:29:32.315
-124.84144,40.35249,7.37,2.21,2025-01-25T17:38:42.855
-124.13321,40.5924,15.13,1.2,2025-01-25T23:01:34.886
-125.12296,40.39655,6.75,2.52,2025-01-25T23:57:24.518
-124.8482,40.36581,8.05,2.28,2025-01-26T02:26:47.842
-124.50603,40.29231,19.76,1.98,2025-01-26T04:28:51.669
-124.86881,40.37282,7.7,2.16,2025-01-26T04:30:00.437
-124.64689,40.29275,8.0,1.8,2025-01-26T05:15:49.379
-124.58963,40.3023,10.17,1.7,2025-01-26T09:02:33.836
-124.59357,40.3023,10.15,1.62,2025-01-26T09:03:03.666
-124.67585,40.35418,22.14,3.1,2025-01-26T10:21:54.941
-124.50381,40.28587,7.94,1.53,2025-01-26T10:50:48.293
-124.751,40.3574,5.4,2.19,2025-01-26T10:55:58.251
-124.751,40.3574,5.4,2.17,2025-01-26T10:58:24.251
-124.84097,40.35285,7.16,2.29,2025-01-26T13:31:32.620
-124.84319,40.36419,8.13,4.08,2025-01-26T14:03:02.288
-124.80417,40.37463,4.47,2.25,2025-01-26T14:27:17.335
-124.80446,40.37463,4.12,2.27,2025-01-26T15:04:54.278
-124.67995,40.28461,12.72,1.88,2025-01-26T15:40:52.780
-124.5999,40.2329,0.87,1.69,2025-01-26T15:43:43.351
-124.64641,40.29285,8.08,1.76,2025-01-26T15:44:13.822
-124.5999,40.2329,0.87,1.7,2025-01-26T15:47:58.251
-124.11287,40.22386,14.42,1.55,2025-01-26T17:27:22.327
-124.11267,40.22384,14.41,1.9,2025-01-26T17:27:58.570
-124.13279,40.5929,15.19,1.02,2025-01-26T17:56:39.517
-124.11136,40.22356,14.4,1.63,2025-01-26T18:51:04.946
-124.11168,40.22344,14.47,1.51,2025-01-26T18:55:06.879
-124.39404,40.27868,19.23,1.45,2025-01-26T19:13:31.747
-124.98334,40.33014,5.63,2.63,2025-01-26T19:24:32.201
-124.64118,40.29218,11.43,1.81,2025-01-26T22:29:27.903
-124.98506,40.33506,4.53,2.77,2025-01-27T00:05:00.600
-124.70578,40.33548,22.17,1.61,2025-01-27T01:01:11.469
-124.11162,40.22425,14.49,1.35,2025-01-27T02:07:19.516
-124.66391,40.29133,11.81,1.57,2025-01-27T02:56:50.479
-124.84895,40.3656,7.97,2.09,2025-01-27T03:10:18.407
-124.84844,40.36562,8.01,2.06,2025-01-27T03:11:09.663
-124.72459,40.43743,12.51,2.36,2025-01-27T03:17:05.152
-124.42931,40.52393,19.96,1.18,2025-01-27T05:34:07.107
-124.1133,40.22355,14.55,1.49,2025-01-27T05:38:48.318
-124.42769,40.52879,19.45,1.26,2025-01-27T07:44:25.470
-124.37205,40.28482,19.02,1.14,2025-01-27T09:50:54.562
-124.71656,40.45295,12.46,1.82,2025-01-27T10:42:22.848
-124.70502,40.45398,12.67,1.42,2025-01-27T10:45:45.189
-124.48215,40.28528,10.56,1.18,2025-01-27T11:07:47.815
-125.1097,40.39953,7.22,2.32,2025-01-27T11:23:49.427
-124.8394,40.35232,7.07,2.14,2025-01-27T14:18:57.639
-124.42668,40.52682,17.73,1.45,2025-01-27T14:30:19.343
-124.83682,40.35108,7.38,2.08,2025-01-27T14:40:19.607
-124.41061,40.2876,16.16,1.29,2025-01-27T14:46:31.694
-124.47104,40.28405,9.16,1.64,2025-01-27T14:57:53.645
-124.42875,40.52585,17.88,1.39,2025-01-27T15:02:34.505
-124.83262,40.36812,8.9,2.26,2025-01-27T16:10:42.303
-124.70961,40.45252,12.47,1.44,2025-01-27T16:30:11.335
-124.70432,40.45252,12.79,1.44,2025-01-27T16:49:52.931
-124.43132,40.52264,18.29,1.93,2025-01-27T18:32:41.452
-124.4318,40.52164,18.24,1.34,2025-01-27T18:32:56.517
-124.42828,40.52067,18.16,1.46,2025-01-27T18:50:43.231
-124.83222,40.34029,6.24,2.06,2025-01-27T19:23:41.055
-124.43054,40.52184,18.21,1.46,2025-01-27T19:36:56.172
-124.55466,40.29017,20.38,1.21,2025-01-27T19:49:31.516
-124.43263,40.52321,18.39,1.43,2025-01-27T20:13:03.912
-125.09227,40.41948,7.19,2.26,2025-01-27T20:42:29.197
-124.42312,40.52522,19.44,1.45,2025-01-27T21:27:53.709
-124.71651,40.32642,20.48,1.58,2025-01-27T21:30:11.800
-124.6912,40.30712,4.9,2.15,2025-01-27T21:54:51.362
-125.12735,40.40893,9.63,2.71,2025-01-27T22:33:12.611
-124.42978,40.52309,18.37,1.16,2025-01-27T23:02:01.680
-124.4295,40.52327,18.4,1.59,2025-01-27T23:07:02.293
-124.67786,40.34704,21.93,2.03,2025-01-27T23:47:09.551
-124.42876,40.52237,18.47,1.3,2025-01-28T00:57:03.425
-124.42971,40.52347,18.5,1.34,2025-01-28T01:17:49.434
-124.64391,40.28577,9.83,1.32,2025-01-28T01:35:14.243
-124.42958,40.52338,18.4,1.3,2025-01-28T01:51:53.228
-124.69907,40.33502,21.93,2.08,2025-01-28T02:11:52.231
-124.45751,40.50764,18.54,1.36,2025-01-28T02:14:32.630
-124.43014,40.52289,18.32,1.41,2025-01-28T03:33:58.866
-124.66089,40.29012,12.67,2.01,2025-01-28T04:33:22.154
-124.44392,40.28233,25.52,1.7,2025-01-28T05:04:59.400
-124.43141,40.52337,18.41,1.47,2025-01-28T06:23:05.095
-124.42459,40.52745,19.64,1.37,2025-01-28T06:23:12.838
-124.66033,40.28458,12.5,1.61,2025-01-28T07:01:29.728
-124.5694,40.284,4.78,1.12,2025-01-28T07:48:41.415
-124.5694,40.284,4.78,1.12,2025-01-28T07:49:02.095
-124.43062,40.52403,18.37,1.48,2025-01-28T08:04:30.097
-124.90206,40.36116,17.28,1.98,2025-01-28T09:07:58.007
-124.6182,40.29658,8.12,1.69,2025-01-28T09:48:57.667
-124.6189,40.29674,8.12,1.8,2025-01-28T09:49:05.968
-124.56736,40.28429,4.87,1.3,2025-01-28T10:01:41.749
-124.57423,40.28371,4.48,1.37,2025-01-28T10:02:21.746
-124.431,40.52412,18.31,1.21,2025-01-28T10:44:52.540
-124.42188,40.52849,19.26,1.21,2025-01-28T10:57:57.648
-124.60839,40.29493,7.76,1.49,2025-01-28T11:19:25.532
-124.90422,40.35635,17.05,1.92,2025-01-28T11:28:33.225
-124.83924,40.35617,7.15,2.29,2025-01-28T12:07:53.534
-125.12822,40.39207,8.65,2.31,2025-01-28T12:35:01.162
-124.69938,40.33212,21.67,1.44,2025-01-28T13:18:07.435
-124.6877,40.32478,7.66,1.59,2025-01-28T13:37:26.141
-124.43184,40.52414,18.52,1.3,2025-01-28T13:44:02.736
-124.53718,40.28627,20.74,1.47,2025-01-28T13:51:55.496
-124.42992,40.52332,18.34,1.49,2025-01-28T14:33:29.264
-124.42962,40.52329,18.26,1.46,2025-01-28T14:38:08.050
-124.65149,40.2848,12.42,1.95,2025-01-28T15:02:48.081
-124.8538,40.37605,8.33,2.27,2025-01-28T16:22:06.295
-124.81919,40.35294,7.51,1.96,2025-01-28T21:46:06.625
-124.85473,40.37186,8.13,2.04,2025-01-28T21:58:43.461
-124.44228,40.28127,25.56,1.57,2025-01-29T00:12:21.201
-124.43066,40.52335,18.28,1.45,2025-01-29T01:43:07.423
-124.82543,40.35001,3.72,1.78,2025-01-29T02:31:15.221
-124.647,40.27842,9.17,1.27,2025-01-29T03:34:19.760
-124.64881,40.28354,12.71,1.89,2025-01-29T03:44:23.971
-124.66611,40.28479,12.3,1.94,2025-01-29T03:51:59.452
-124.69833,40.33508,21.93,1.83,2025-01-29T04:14:09.841
-124.22504,40.57483,17.82,1.0,2025-01-29T04:16:18.945
-124.22356,40.57497,18.02,1.01,2025-01-29T05:25:03.105
-124.90509,40.35626,17.02,1.93,2025-01-29T06:39:16.815
-124.42982,40.52318,18.33,1.45,2025-01-29T08:35:09.846
-124.65381,40.29531,19.2,1.49,2025-01-29T09:10:17.648
-124.43021,40.52288,18.34,1.43,2025-01-29T10:38:29.652
-124.71427,40.4522,12.92,1.81,2025-01-29T11:02:33.356
-124.41587,40.2852,16.84,1.19,2025-01-29T12:25:22.367
-124.52572,40.28743,20.55,1.63,2025-01-29T12:28:28.006
-124.69941,40.33472,21.93,1.86,2025-01-29T14:38:53.256
-124.26379,40.7495,7.11,1.28,2025-01-29T15:53:29.973
-124.64494,40.29547,6.44,1.76,2025-01-29T16:02:00.748
-124.85567,40.37114,7.99,2.07,2025-01-29T16:17:41.541
-124.42411,40.52585,19.09,1.34,2025-01-29T16:40:17.816
-124.8563,40.36895,7.4,2.2,2025-01-29T18:33:16.607
-124.77531,40.32965,20.82,2.69,2025-01-29T18:38:18.528
-124.90293,40.35384,16.98,1.99,2025-01-29T18:43:39.506
-124.26201,40.7483,7.08,1.27,2025-01-29T19:07:51.045
-124.66686,40.34444,21.86,2.14,2025-01-29T19:27:17.954
-124.67661,40.34927,21.91,2.1,2025-01-29T21:44:49.009
-124.69109,40.30299,18.14,1.96,2025-01-29T22:02:24.604
-124.67655,40.28517,11.55,1.66,2025-01-29T23:03:54.195
-125.13134,40.39111,8.65,2.1,2025-01-30T00:24:49.431
-124.72673,40.4455,12.16,1.43,2025-01-30T00:41:09.295
-124.80974,40.35908,7.82,2.16,2025-01-30T00:49:44.872
-124.41733,40.2856,16.88,1.2,2025-01-30T02:09:54.134
-124.41195,40.53441,18.4,1.36,2025-01-30T09:38:45.698
-124.96741,40.364,7.81,1.55,2025-01-30T09:53:28.728
-124.96719,40.3654,7.99,1.51,2025-01-30T10:18:00.324
-124.26201,40.7483,7.08,1.25,2025-01-30T10:41:36.835
-124.61516,40.29518,7.51,1.41,2025-01-30T10:48:51.360
-124.69913,40.33269,21.63,1.44,2025-01-30T11:08:41.330
-124.70055,40.33196,21.62,1.42,2025-01-30T11:58:13.278
-124.43088,40.52322,19.02,1.22,2025-01-30T12:00:52.747
-124.57524,40.28776,7.81,1.29,2025-01-30T13:06:49.283
-124.66066,40.2924,11.9,1.56,2025-01-30T17:54:19.212
-124.81045,40.33936,5.75,2.43,2025-01-30T18:15:26.556
-124.6937,40.3427,9.19,1.5,2025-01-30T20:25:18.101
-124.6937,40.3427,9.19,1.42,2025-01-30T20:38:49.552
-124.53236,40.28394,6.78,1.49,2025-01-30T21:25:19.670
-124.43142,40.52018,19.1,1.34,2025-01-30T21:32:13.506
-124.83195,40.35464,8.14,2.34,2025-01-30T23:40:12.246
-124.64702,40.29452,15.52,1.47,2025-01-30T23:53:13.882
-124.66792,40.28818,12.48,1.75,2025-01-31T01:13:41.409
-124.64083,40.29773,7.06,1.99,2025-01-31T11:04:21.425
-124.64047,40.2978,7.03,2.24,2025-01-31T14:21:23.074
-124.6408,40.29787,7.04,2.21,2025-01-31T14:28:42.154
