lon,lat,depth_km,mag,time_utc
94.9174,29.89292,9.31,1.41,2023-03-13T19:40:39.043
94.9174,29.89328,9.41,1.58,2023-03-14T06:07:53.308
96.24337,30.78919,5.65,1.75,2023-03-18T00:02:21.910
96.23883,30.78644,4.46,1.69,2023-03-18T00:23:58.003
96.24493,30.79355,10.62,1.8,2023-03-18T00:31:47.227
96.23548,30.78162,1.81,1.59,2023-03-18T00:54:00.731
96.24588,30.80462,3.04,2.35,2023-03-18T01:32:54.305
96.24422,30.79282,10.37,2.03,2023-03-18T02:46:59.153
96.2425,30.79595,4.22,1.76,2023-03-18T04:54:38.513
96.2377,30.78616,4.13,1.85,2023-03-18T06:08:49.986
96.24395,30.80151,4.89,2.61,2023-03-18T06:42:23.985
96.23123,30.78262,12.11,1.76,2023-03-18T07:00:19.972
96.24319,30.79169,3.22,1.64,2023-03-18T07:09:51.122
96.24598,30.80035,8.12,1.93,2023-03-18T09:36:46.255
96.24124,30.7982,3.91,1.9,2023-03-18T10:26:15.839
96.24427,30.80136,4.11,1.7,2023-03-18T12:24:43.104
96.22278,30.78038,5.07,1.49,2023-03-18T12:39:13.880
96.24317,30.79845,10.44,1.71,2023-03-18T13:55:09.888
96.24358,30.79828,2.36,1.67,2023-03-18T14:20:10.390
96.23826,30.7881,3.04,2.66,2023-03-18T15:14:03.611
96.23875,30.78337,5.29,1.77,2023-03-18T15:33:24.803
96.24698,30.80779,3.51,1.74,2023-03-18T15:52:49.390
96.23633,30.77933,3.58,1.66,2023-03-18T15:55:57.658
96.23779,30.78378,3.55,2.83,2023-03-18T16:04:08.524
96.24458,30.80335,3.2,1.41,2023-03-18T17:07:19.234
96.24532,30.7958,3.85,2.75,2023-03-18T17:37:13.307
96.25061,30.81193,7.71,1.65,2023-03-18T18:23:30.711
96.24423,30.80258,3.36,2.54,2023-03-18T18:28:38.975
96.24469,30.80419,3.75,1.59,2023-03-18T18:29:51.111
96.24625,30.79633,4.58,1.67,2023-03-18T18:46:45.904
96.24201,30.79,5.51,1.56,2023-03-18T18:49:23.314
96.24919,30.81086,5.4,1.84,2023-03-18T19:04:37.551
96.24832,30.80819,9.54,1.38,2023-03-18T19:07:04.847
95.11539,29.79562,10.92,1.02,2023-03-18T19:12:10.621
96.2446,30.79611,4.85,1.43,2023-03-18T21:21:36.964
96.23469,30.78091,2.15,1.7,2023-03-19T03:41:08.812
96.24518,30.80239,3.38,1.75,2023-03-19T09:38:45.825
96.2482,30.80025,3.52,2.2,2023-03-19T09:44:41.866
96.2531,30.81862,13.13,2.02,2023-03-19T10:10:19.927
96.22656,30.77879,11.05,1.49,2023-03-19T11:55:59.517
96.24017,30.78275,9.59,2.1,2023-03-19T14:25:50.056
96.25346,30.8186,12.72,1.25,2023-03-19T15:07:35.940
94.91743,29.89287,9.1,0.64,2023-03-19T15:59:25.558
96.24399,30.80103,5.22,2.59,2023-03-19T16:57:59.489
96.24175,30.79599,2.84,1.44,2023-03-19T18:18:47.429
96.24452,30.79512,3.88,2.47,2023-03-19T19:00:13.273
96.24314,30.79023,10.32,1.65,2023-03-19T19:03:10.883
96.23715,30.78206,3.6,1.51,2023-03-19T19:48:50.783
96.25338,30.81853,12.85,1.69,2023-03-19T20:47:41.574
96.25318,30.8193,12.68,1.33,2023-03-19T21:02:02.047
96.24571,30.80118,3.06,2.19,2023-03-19T21:19:41.745
96.23954,30.78671,8.65,2.41,2023-03-19T21:20:51.704
96.24571,30.80118,3.06,1.97,2023-03-19T21:22:01.365
96.23745,30.77972,3.9,1.67,2023-03-19T21:43:08.023
96.24924,30.80874,5.64,1.42,2023-03-19T22:51:26.535
96.24308,30.79012,10.45,1.92,2023-03-19T23:44:40.489
96.23769,30.78289,3.63,1.93,2023-03-19T23:54:14.659
96.24576,30.80127,3.53,1.83,2023-03-20T00:39:25.123
96.23798,30.78346,3.47,1.89,2023-03-20T01:37:40.505
96.24281,30.79784,5.24,2.48,2023-03-20T02:56:20.571
96.23838,30.78134,3.79,1.73,2023-03-20T05:25:28.936
96.2377,30.78616,4.13,1.8,2023-03-20T06:11:18.366
96.23848,30.78202,7.73,2.03,2023-03-20T06:46:06.057
96.23533,30.7811,1.94,1.63,2023-03-20T12:52:21.467
96.23533,30.7811,2.38,1.55,2023-03-20T13:57:35.233
96.23481,30.77805,3.95,1.7,2023-03-20T13:58:09.238
94.92888,29.89471,9.34,2.13,2023-03-20T14:46:42.121
96.23481,30.77805,3.95,1.65,2023-03-20T14:53:40.538
96.23904,30.78558,4.52,1.48,2023-03-20T15:56:40.837
96.2448,30.80355,3.3,1.5,2023-03-20T17:42:07.940
96.23245,30.78383,12.05,1.63,2023-03-20T18:35:52.864
94.33728,28.45801,13.34,1.54,2023-03-20T18:53:13.046
94.33608,28.45764,13.38,1.36,2023-03-20T19:08:55.803
94.92893,29.89456,9.44,0.67,2023-03-20T19:31:22.362
94.33642,28.45804,13.94,1.58,2023-03-20T20:00:58.240
94.33608,28.45764,13.38,1.92,2023-03-20T20:07:07.053
94.33608,28.45764,13.38,1.54,2023-03-20T20:19:26.283
94.33611,28.45768,13.39,1.34,2023-03-20T20:22:08.804
94.33507,28.45743,13.8,1.57,2023-03-20T23:02:49.430
96.24271,30.78936,8.68,1.92,2023-03-21T00:43:54.722
96.25352,30.81979,12.31,1.8,2023-03-21T05:04:16.757
96.24578,30.80051,11.84,2.04,2023-03-21T07:03:37.472
96.24492,30.79666,3.84,2.22,2023-03-21T12:25:00.157
94.97234,29.82533,7.79,1.1,2023-03-21T16:39:59.613
96.22556,30.77876,12.31,1.91,2023-03-21T17:16:17.451
96.24284,30.80058,2.43,1.63,2023-03-21T20:08:41.548
93.67486,30.23539,6.83,1.53,2023-03-21T20:35:40.623
94.9307,29.89461,9.62,0.63,2023-03-21T20:42:09.958
96.24929,30.81125,4.94,3.4,2023-03-21T21:15:17.444
96.24757,30.80665,2.28,1.58,2023-03-21T21:27:11.352
96.24608,30.80739,2.38,1.5,2023-03-21T21:55:49.347
96.25289,30.81879,13.71,1.45,2023-03-21T23:20:15.870
96.24785,30.80726,3.28,1.66,2023-03-21T23:29:42.682
96.25253,30.81781,13.08,1.91,2023-03-22T00:47:24.716
96.96203,29.99632,11.96,3.25,2023-03-22T03:19:43.298
96.96218,29.9971,11.85,1.7,2023-03-22T07:40:32.558
96.25258,30.81755,12.82,1.53,2023-03-22T10:59:05.313
95.19871,30.26455,9.16,1.57,2023-03-22T11:14:36.914
95.19852,30.26472,9.24,1.12,2023-03-22T11:37:47.911
96.9615,29.99802,11.75,1.6,2023-03-22T14:44:14.354
96.96362,29.99888,12.12,1.72,2023-03-22T14:49:02.751
96.96366,29.99813,12.1,1.62,2023-03-22T14:52:18.932
96.96468,29.99799,12.28,1.46,2023-03-22T16:48:17.789
96.96306,29.9979,11.79,1.51,2023-03-22T17:34:01.796
96.96113,29.99636,12.79,1.44,2023-03-22T19:16:10.208
96.24443,30.79411,3.73,1.65,2023-03-22T19:19:51.490
96.23759,30.77996,3.71,3.03,2023-03-22T19:59:47.559
96.23846,30.7803,4.1,1.55,2023-03-22T20:01:12.931
94.97191,29.82475,7.79,1.17,2023-03-22T20:29:52.982
96.24863,30.81156,5.03,1.78,2023-03-22T21:05:13.542
96.23824,30.78498,4.96,1.64,2023-03-22T21:08:48.474
96.24454,30.79511,4.21,1.71,2023-03-22T21:17:58.346
95.19793,30.26569,9.24,1.04,2023-03-22T21:24:56.787
96.25345,30.82005,12.77,1.76,2023-03-22T23:55:58.392
94.90664,29.14809,8.1,1.1,2023-03-23T01:26:01.260
94.90611,29.14723,8.06,1.06,2023-03-23T01:29:44.257
96.96349,29.99879,12.05,2.03,2023-03-23T02:06:21.901
96.23709,30.78038,3.34,1.99,2023-03-23T02:46:53.173
94.90611,29.14848,8.01,1.32,2023-03-23T03:04:18.603
94.90629,29.14763,8.03,1.24,2023-03-23T03:24:02.638
96.24905,30.81108,5.01,2.08,2023-03-23T07:53:00.179
96.24508,30.80837,3.41,2.06,2023-03-23T07:56:43.420
95.65126,29.11654,2.78,4.11,2023-03-23T08:44:31.297
96.25276,30.81908,13.11,1.8,2023-03-23T13:29:11.129
96.24437,30.79543,3.14,1.52,2023-03-23T13:46:09.759
95.65404,29.11826,2.43,1.48,2023-03-23T14:13:57.325
96.23676,30.78193,4.28,2.1,2023-03-23T14:34:59.933
96.96226,29.99601,12.32,1.44,2023-03-23T15:32:22.785
96.23836,30.78469,5.01,1.68,2023-03-23T16:12:01.505
96.2521,30.81875,12.36,1.62,2023-03-23T16:15:14.072
94.90665,29.14821,8.07,0.64,2023-03-23T17:23:51.504
96.24929,30.81125,4.94,1.89,2023-03-23T17:40:06.414
96.24298,30.79019,2.75,1.48,2023-03-23T17:42:51.367
96.22272,30.78074,5.2,2.17,2023-03-23T18:27:02.456
96.223,30.78187,7.11,1.63,2023-03-23T18:27:40.607
96.22251,30.78033,5.67,1.47,2023-03-23T18:29:03.325
96.24054,30.79041,8.71,2.07,2023-03-23T18:42:21.699
96.22289,30.78058,5.22,1.83,2023-03-23T18:43:41.887
96.2367,30.78082,7.65,1.93,2023-03-23T18:54:55.190
94.92421,29.89348,9.19,1.23,2023-03-23T19:18:47.434
96.23481,30.77939,2.75,1.72,2023-03-24T00:35:40.788
95.55238,29.39183,16.6,1.48,2023-03-24T12:28:20.477
96.2387,30.78506,5.16,1.74,2023-03-24T13:58:19.659
96.24929,30.81125,4.94,2.36,2023-03-24T13:59:01.214
95.5519,29.39174,16.6,1.62,2023-03-24T14:02:50.156
96.23684,30.78218,3.9,1.74,2023-03-24T14:03:24.944
95.55222,29.39162,16.61,1.58,2023-03-24T14:07:39.870
96.23729,30.78307,4.89,1.53,2023-03-24T18:36:35.147
96.23757,30.78492,4.7,1.58,2023-03-24T19:39:22.171
96.24308,30.79944,6.06,1.69,2023-03-25T03:08:11.478
96.96404,29.99828,12.58,1.83,2023-03-25T09:02:08.884
96.24898,30.80992,5.26,1.79,2023-03-25T12:33:07.824
96.9646,29.99844,12.14,1.48,2023-03-25T17:08:00.903
93.67572,30.23554,6.59,1.53,2023-03-25T17:44:34.814
93.6749,30.23564,7.04,1.37,2023-03-25T18:18:03.198
96.24105,30.79569,10.97,2.83,2023-03-25T22:32:33.263
96.24085,30.79422,10.98,2.27,2023-03-25T23:17:26.079
96.2419,30.79438,4.16,1.69,2023-03-26T01:49:24.869
96.24421,30.80371,7.38,1.83,2023-03-26T03:42:21.949
96.24905,30.81091,5.06,3.05,2023-03-26T07:19:25.674
96.24963,30.8133,5.31,2.45,2023-03-26T07:22:21.125
96.24819,30.80824,9.07,1.66,2023-03-26T11:29:16.565
96.25219,30.81617,12.85,1.61,2023-03-26T14:12:26.720
96.25315,30.81986,13.29,1.81,2023-03-26T15:10:02.804
96.24699,30.80542,9.13,1.27,2023-03-26T16:37:19.158
93.67507,30.23512,6.77,1.18,2023-03-26T18:36:50.689
94.93343,29.92212,9.7,0.89,2023-03-26T21:14:21.595
95.04726,29.85975,9.88,1.06,2023-03-26T21:32:18.647
94.90676,29.14722,8.03,0.71,2023-03-26T21:45:02.736
96.2436,30.78813,4.84,1.96,2023-03-26T22:30:32.800
96.25045,30.81391,6.31,1.69,2023-03-27T00:32:20.756
96.24777,30.80895,2.72,1.55,2023-03-27T05:09:12.318
94.91035,29.89144,9.43,1.12,2023-03-27T10:18:01.589
94.90649,29.14782,7.86,0.76,2023-03-27T14:57:43.846
96.23676,30.78208,3.87,2.18,2023-03-27T20:49:52.023
96.23887,30.78147,3.92,1.38,2023-03-27T21:48:03.891
96.00669,29.10662,7.92,1.86,2023-03-28T09:53:08.267
96.00723,29.10627,9.39,2.45,2023-03-28T10:17:18.754
96.24929,30.81125,4.94,2.2,2023-03-28T13:28:13.344
96.24904,30.81107,5.35,1.93,2023-03-28T14:16:58.972
96.24734,30.80565,2.29,1.44,2023-03-28T19:15:42.387
96.24312,30.79885,5.2,1.43,2023-03-28T21:43:47.303
96.00418,29.10611,9.84,2.32,2023-03-28T21:52:19.582
96.24654,30.80071,2.2,1.7,2023-03-28T22:38:39.291
96.25172,30.80813,8.92,1.21,2023-03-29T09:26:41.950
96.24918,30.81242,6.17,1.48,2023-03-29T13:29:10.166
96.24201,30.79855,2.72,1.69,2023-03-29T14:07:42.254
94.90911,29.89096,9.28,0.8,2023-03-29T15:28:13.840
96.24295,30.79221,1.38,1.64,2023-03-29T17:08:32.545
94.79421,29.87733,7.96,2.13,2023-03-29T17:16:15.843
94.79411,29.8775,7.89,0.59,2023-03-29T20:34:41.765
94.79363,29.87726,7.92,1.84,2023-03-29T20:49:39.908
94.79328,29.8766,7.78,0.91,2023-03-29T20:50:24.432
95.6548,29.11659,2.44,1.13,2023-03-29T22:26:26.179
96.25469,30.80414,9.45,0.59,2023-03-30T00:04:09.826
94.79331,29.87659,7.93,1.92,2023-03-30T00:14:40.691
94.79278,29.87628,7.73,1.07,2023-03-30T00:24:18.710
96.25012,30.81507,10.16,0.6,2023-03-30T01:22:02.878
96.26042,30.816,6.53,0.42,2023-03-30T01:26:16.219
96.24195,30.79788,9.69,0.22,2023-03-30T01:42:10.991
96.21759,30.71658,9.31,0.33,2023-03-30T02:10:21.608
96.23765,30.78936,10.44,0.38,2023-03-30T04:09:39.424
96.23805,30.78875,10.38,0.29,2023-03-30T04:21:11.892
96.25356,30.80358,9.44,0.39,2023-03-30T04:24:36.703
96.23713,30.786,12.3,0.4,2023-03-30T04:30:11.944
96.21584,30.71346,9.54,0.37,2023-03-30T04:51:50.417
94.79367,29.87614,7.92,0.78,2023-03-30T05:08:25.363
94.93343,29.92212,9.7,1.17,2023-03-30T05:48:54.374
96.25114,30.81734,10.25,0.55,2023-03-30T06:51:46.404
96.23732,30.78555,12.37,0.25,2023-03-30T08:32:19.367
96.24093,30.80022,9.56,0.97,2023-03-30T09:55:21.041
96.24923,30.81459,10.54,0.4,2023-03-30T10:00:59.894
96.24991,30.81658,10.12,1.39,2023-03-30T10:26:51.884
96.25463,30.80445,9.38,0.6,2023-03-30T10:44:04.796
96.23561,30.7821,11.05,-0.27,2023-03-30T11:20:10.409
96.2604,30.81266,8.55,0.06,2023-03-30T11:55:36.368
94.9207,29.89235,9.47,1.34,2023-03-30T12:52:40.026
96.24101,30.79738,10.11,0.71,2023-03-30T14:01:25.347
96.23817,30.79177,10.27,0.27,2023-03-30T15:36:22.430
96.23621,30.7826,10.94,0.92,2023-03-30T15:44:39.768
96.25371,30.8186,6.9,0.26,2023-03-30T16:00:36.758
96.2452,30.80644,9.3,0.34,2023-03-30T16:22:36.330
94.93358,29.92241,9.65,1.05,2023-03-30T16:47:32.689
96.24542,30.80625,9.23,2.18,2023-03-30T17:20:13.087
96.24825,30.81572,6.55,-0.08,2023-03-30T17:41:26.797
96.24846,30.81165,10.01,-0.2,2023-03-30T17:48:45.920
96.21694,30.71827,9.23,0.54,2023-03-30T17:58:04.198
96.25143,30.81305,6.96,-0.09,2023-03-30T18:11:47.040
96.23635,30.7845,10.91,-0.19,2023-03-30T18:17:16.325
96.23552,30.7814,10.93,0.49,2023-03-30T18:19:06.477
96.25066,30.81229,6.88,-0.38,2023-03-30T18:41:46.104
96.21508,30.71324,9.4,0.06,2023-03-30T18:42:45.794
96.25085,30.815,9.33,0.11,2023-03-30T19:12:21.651
96.23653,30.78446,11.04,0.31,2023-03-30T19:27:50.343
96.21939,30.72065,9.46,0.19,2023-03-30T19:28:38.299
96.21807,30.71402,9.65,-0.07,2023-03-30T19:33:40.108
95.126,29.9927,9.12,0.91,2023-03-30T19:40:21.374
96.2465,30.8153,10.14,-0.14,2023-03-30T19:51:16.351
96.25011,30.81358,9.34,-0.11,2023-03-30T19:51:59.924
96.24895,30.81346,10.13,0.5,2023-03-30T19:55:11.317
96.24843,30.81133,9.91,-0.2,2023-03-30T20:16:09.484
96.24741,30.80824,10.27,0.19,2023-03-30T20:22:06.220
96.25636,30.82269,7.39,0.35,2023-03-30T20:23:12.409
96.21485,30.71233,9.42,0.08,2023-03-30T20:24:18.112
96.23684,30.78491,11.0,0.08,2023-03-30T20:49:39.687
96.24972,30.81478,10.17,0.48,2023-03-30T21:16:14.471
95.12533,29.99327,9.28,0.28,2023-03-30T21:25:44.987
95.12535,29.99312,9.18,0.81,2023-03-30T21:48:00.721
95.12593,29.99319,9.22,0.93,2023-03-30T21:49:27.262
95.14962,29.84195,8.46,1.64,2023-03-30T22:35:25.510
96.24599,30.80714,9.15,0.03,2023-03-30T22:42:52.366
96.24075,30.79668,9.81,0.31,2023-03-30T22:44:14.733
95.12596,29.99292,9.27,0.36,2023-03-30T22:46:48.048
96.23708,30.78599,12.3,0.21,2023-03-30T22:54:38.076
95.12558,29.99292,9.2,0.8,2023-03-31T00:08:10.687
95.12528,29.99351,9.27,1.06,2023-03-31T00:12:16.462
96.24991,30.81537,10.3,0.15,2023-03-31T00:51:42.967
96.23514,30.78072,2.04,1.85,2023-03-31T00:55:58.351
96.2465,30.8153,10.14,-0.11,2023-03-31T01:11:36.400
96.23622,30.78419,11.0,0.39,2023-03-31T02:22:31.155
96.23855,30.78658,12.52,0.26,2023-03-31T02:25:09.495
96.23596,30.78312,11.16,0.25,2023-03-31T02:26:28.101
96.24435,30.80473,9.36,0.19,2023-03-31T03:44:31.914
96.23732,30.78713,10.48,0.26,2023-03-31T04:55:47.788
93.67531,30.23551,6.92,1.35,2023-03-31T07:27:29.328
96.25359,30.81884,7.06,0.49,2023-03-31T07:31:19.764
96.25292,30.81858,6.98,0.74,2023-03-31T08:44:00.626
96.26152,30.81261,8.88,0.48,2023-03-31T14:46:34.403
96.23392,30.78009,11.26,0.35,2023-03-31T14:47:29.560
96.25553,30.80459,9.67,0.25,2023-03-31T14:51:09.151
96.25288,30.8024,9.56,0.48,2023-03-31T14:57:17.465
94.94863,30.05413,8.75,0.95,2023-03-31T15:20:37.433
94.94863,30.05413,8.75,0.79,2023-03-31T15:29:00.603
96.25943,30.8163,6.45,0.26,2023-03-31T15:40:03.033
96.23678,30.78234,11.09,-0.16,2023-03-31T15:56:28.564
96.23439,30.77999,11.17,-0.15,2023-03-31T15:59:56.621
96.24189,30.79382,11.17,0.47,2023-03-31T16:04:11.989
96.23626,30.78433,11.1,-0.33,2023-03-31T16:06:51.237
96.23537,30.78094,11.05,0.24,2023-03-31T16:21:14.539
94.9087,29.8909,9.37,0.47,2023-03-31T17:04:28.994
96.24493,30.80557,9.16,0.21,2023-03-31T17:08:42.894
96.26408,30.859,13.2,0.05,2023-03-31T17:14:38.055
96.23604,30.78102,11.34,0.53,2023-03-31T17:19:19.497
96.23617,30.78125,11.25,-0.07,2023-03-31T17:33:24.510
96.24929,30.81428,10.11,0.85,2023-03-31T17:43:25.685
96.2342,30.77913,11.36,-0.19,2023-03-31T19:03:46.748
96.25267,30.81907,6.88,0.85,2023-03-31T20:44:17.967
96.24943,30.8142,10.21,0.1,2023-03-31T21:06:38.872
96.2496,30.81596,10.1,0.0,2023-03-31T21:27:59.556
96.24015,30.79453,10.12,0.21,2023-03-31T22:29:41.643
96.24954,30.81614,10.12,1.38,2023-03-31T23:01:46.410
96.25711,30.81318,7.24,0.62,2023-04-01T00:07:24.097
96.24655,30.80404,9.18,0.99,2023-04-01T01:09:26.128
96.32922,30.36081,8.03,0.42,2023-04-01T02:53:20.543
96.24728,30.80479,9.2,0.72,2023-04-01T02:56:29.218
94.56407,31.15008,4.83,1.41,2023-04-01T06:18:41.256
96.32978,30.36059,8.09,0.41,2023-04-01T10:17:02.508
96.21484,30.71346,9.54,1.24,2023-04-01T10:41:42.978
96.25549,30.82274,8.71,0.49,2023-04-01T13:23:19.134
96.24948,30.81381,8.38,1.08,2023-04-01T14:04:32.242
96.2123,30.70827,9.53,0.5,2023-04-01T14:25:51.947
96.24944,30.81403,8.35,-0.03,2023-04-01T15:03:16.664
96.25215,30.8174,7.94,-0.08,2023-04-01T15:11:50.839
96.25503,30.82194,8.94,-0.15,2023-04-01T15:28:57.079
96.25632,30.82478,8.67,-0.04,2023-04-01T15:51:17.797
94.56313,31.14952,4.57,1.04,2023-04-01T16:19:07.895
96.24491,30.80315,8.69,0.24,2023-04-01T16:25:21.492
96.25602,30.82456,8.88,0.48,2023-04-01T17:13:32.133
96.22428,30.72435,9.17,-0.19,2023-04-01T17:26:16.639
96.21548,30.71582,9.78,0.23,2023-04-01T17:58:52.940
96.25433,30.82189,8.69,-0.14,2023-04-01T18:20:23.713
96.24308,30.79155,9.87,0.2,2023-04-01T18:24:18.926
96.25565,30.81242,7.39,0.33,2023-04-01T18:29:32.426
96.24753,30.80407,9.0,-0.16,2023-04-01T18:34:57.333
96.24551,30.8025,8.88,0.44,2023-04-01T19:28:29.740
96.24644,30.80621,8.61,0.69,2023-04-01T19:46:02.274
96.25756,30.81371,7.22,-0.03,2023-04-01T21:48:04.392
96.24833,30.81217,8.2,0.25,2023-04-01T22:19:53.947
96.24918,30.81348,8.07,0.28,2023-04-01T22:24:00.395
96.24933,30.81359,8.05,0.25,2023-04-01T22:43:12.931
96.24922,30.81345,8.07,0.41,2023-04-01T22:45:22.245
96.25832,30.81622,7.12,0.16,2023-04-01T23:10:07.370
96.24614,30.80074,9.19,0.77,2023-04-01T23:48:33.256
96.24965,30.80981,9.27,0.94,2023-04-02T00:45:12.427
96.23944,30.80224,9.14,0.88,2023-04-02T03:48:53.430
96.25156,30.8161,9.46,0.72,2023-04-02T05:52:44.009
95.86601,29.49527,11.89,1.41,2023-04-02T10:44:32.390
95.8662,29.49501,11.85,1.04,2023-04-02T10:45:34.645
95.8668,29.49544,11.8,1.73,2023-04-02T10:51:20.199
95.86557,29.49652,11.77,1.55,2023-04-02T11:02:04.173
95.86598,29.4952,11.82,1.18,2023-04-02T11:02:48.174
96.25949,30.81397,8.11,0.46,2023-04-02T11:07:16.975
95.86652,29.49518,11.83,1.18,2023-04-02T12:07:11.812
96.25991,30.81447,7.95,0.47,2023-04-02T12:47:01.979
96.26024,30.8151,8.15,0.33,2023-04-02T13:57:34.360
95.86653,29.49517,11.82,0.94,2023-04-02T14:00:29.013
96.2408,30.79757,8.83,0.28,2023-04-02T14:23:35.890
96.23571,30.7834,11.3,0.75,2023-04-02T14:40:30.369
96.23549,30.78002,12.22,0.23,2023-04-02T14:47:24.374
96.23704,30.78368,11.91,-0.28,2023-04-02T15:51:53.006
94.91047,29.89,9.27,0.68,2023-04-02T15:55:52.890
94.91103,29.89,8.95,0.65,2023-04-02T15:57:10.512
96.2601,30.81397,8.21,0.44,2023-04-02T16:18:31.383
96.23585,30.7833,11.48,0.35,2023-04-02T16:38:05.055
96.25363,30.81378,9.34,0.18,2023-04-02T17:06:30.405
96.2599,30.81487,8.19,0.64,2023-04-02T17:12:49.952
96.26047,30.81482,8.19,0.28,2023-04-02T17:41:56.557
95.06061,31.89692,6.22,0.59,2023-04-02T20:51:36.570
96.25156,30.8161,9.46,0.64,2023-04-02T20:54:11.360
96.24308,30.79937,9.22,0.31,2023-04-02T21:16:12.955
95.05919,31.89708,6.22,0.51,2023-04-02T21:47:31.332
96.24099,30.79992,8.8,0.16,2023-04-02T22:20:18.328
96.25376,30.80887,11.97,0.31,2023-04-03T00:04:33.765
96.24815,30.81049,9.25,-0.24,2023-04-03T02:21:17.083
96.2508,30.81385,9.14,0.97,2023-04-03T02:35:07.153
96.36224,30.08985,8.91,0.92,2023-04-03T04:18:38.051
96.36276,30.08975,8.77,0.8,2023-04-03T04:46:32.699
96.22414,30.79533,10.96,0.62,2023-04-03T05:22:44.421
96.23859,30.78607,11.15,1.43,2023-04-03T05:32:33.160
96.24458,30.79762,11.45,0.75,2023-04-03T06:21:38.810
96.25033,30.80135,9.16,0.31,2023-04-03T08:14:02.128
96.24753,30.80779,11.45,0.32,2023-04-03T10:03:29.243
96.2536,30.80213,9.18,2.01,2023-04-03T11:53:37.582
96.25333,30.80229,9.14,0.58,2023-04-03T11:57:40.996
96.25339,30.80247,9.07,0.23,2023-04-03T12:00:26.310
96.24163,30.80461,10.7,0.44,2023-04-03T12:18:16.593
96.25385,30.80266,9.02,0.64,2023-04-03T12:46:41.646
96.25254,30.80201,9.06,-0.04,2023-04-03T12:49:10.316
96.24141,30.80426,10.87,0.63,2023-04-03T12:54:41.717
96.25291,30.80218,9.06,0.02,2023-04-03T13:34:37.774
96.25244,30.8024,8.99,0.12,2023-04-03T13:42:03.534
96.23845,30.7859,11.11,0.63,2023-04-03T13:43:59.894
96.25237,30.80184,9.18,0.01,2023-04-03T13:44:55.243
96.25376,30.80272,9.01,0.45,2023-04-03T13:57:39.526
96.25389,30.8027,9.0,0.28,2023-04-03T14:01:26.286
96.23785,30.78519,11.04,0.13,2023-04-03T14:06:08.977
96.25298,30.80248,9.15,0.06,2023-04-03T14:09:38.365
96.23798,30.78522,11.03,0.16,2023-04-03T14:33:40.316
96.23035,30.8003,11.08,0.3,2023-04-03T14:41:25.872
96.251,30.80118,9.36,0.15,2023-04-03T16:13:02.843
96.24839,30.80863,11.69,-0.02,2023-04-03T16:13:32.289
96.25102,30.80165,9.18,-0.01,2023-04-03T16:13:59.688
96.2371,30.78542,12.99,0.44,2023-04-03T16:16:47.105
96.23072,30.80032,11.16,0.1,2023-04-03T16:58:43.834
96.23063,30.80033,11.26,0.15,2023-04-03T16:59:06.464
96.23063,30.80035,11.18,0.38,2023-04-03T16:59:19.896
96.2306,30.79979,11.3,0.31,2023-04-03T16:59:41.017
96.24461,30.79927,8.98,0.22,2023-04-03T17:00:57.283
96.23044,30.80022,11.19,0.25,2023-04-03T17:05:45.732
96.24461,30.79893,8.92,-0.09,2023-04-03T17:07:52.971
96.23089,30.8002,11.22,0.31,2023-04-03T17:09:55.539
96.25174,30.80153,9.17,0.1,2023-04-03T17:18:40.180
96.24268,30.80297,8.99,0.19,2023-04-03T17:53:20.751
96.25249,30.8017,9.21,0.2,2023-04-03T18:10:26.551
96.25343,30.80247,9.16,0.42,2023-04-03T18:16:19.387
96.2306,30.80046,11.07,0.25,2023-04-03T18:25:28.267
96.24285,30.80338,8.91,-0.32,2023-04-03T18:35:19.639
96.2302,30.80034,11.21,0.29,2023-04-03T18:49:13.996
96.25259,30.80222,9.1,0.05,2023-04-03T18:50:10.972
96.25336,30.80255,9.15,0.17,2023-04-03T18:51:47.401
96.25337,30.80235,9.08,0.08,2023-04-03T18:58:29.891
96.25321,30.80211,8.96,-0.05,2023-04-03T19:08:34.495
96.23828,30.78564,11.14,-0.27,2023-04-03T19:13:33.426
96.23756,30.78595,10.78,0.22,2023-04-03T19:27:01.814
96.22973,30.79165,10.99,-0.23,2023-04-03T19:51:58.037
96.23063,30.80022,11.18,0.27,2023-04-03T20:01:14.553
96.23041,30.79987,11.24,0.86,2023-04-03T20:18:01.099
96.23725,30.78523,10.84,-0.39,2023-04-03T21:06:25.523
96.24344,30.78862,9.94,-0.13,2023-04-03T21:10:05.062
96.23021,30.79979,11.16,-0.36,2023-04-03T21:56:02.189
96.23067,30.80016,11.11,-0.21,2023-04-03T21:57:31.276
96.24041,30.79768,13.13,-0.05,2023-04-03T21:57:55.600
96.24069,30.79882,12.71,0.46,2023-04-03T21:58:15.902
96.23086,30.80032,11.22,0.92,2023-04-03T22:20:25.341
96.23084,30.80042,11.16,0.29,2023-04-03T22:43:30.128
96.23079,30.80041,11.17,0.34,2023-04-03T22:46:57.728
96.24715,30.80689,11.38,0.13,2023-04-03T23:01:11.431
96.23053,30.80051,11.28,0.25,2023-04-03T23:13:36.229
96.25339,30.80281,8.95,0.08,2023-04-03T23:46:11.369
96.23004,30.79897,11.1,0.9,2023-04-04T00:01:59.720
96.23018,30.79917,11.06,0.55,2023-04-04T01:56:27.760
96.24857,30.80991,11.12,0.52,2023-04-04T03:09:58.544
96.2536,30.8038,9.4,-0.04,2023-04-04T03:15:18.891
96.2364,30.78447,10.96,0.52,2023-04-04T03:30:18.978
96.32973,30.36146,8.1,0.45,2023-04-04T03:39:55.869
96.23781,30.78574,11.14,-0.1,2023-04-04T03:40:34.450
96.22992,30.79907,11.06,-0.08,2023-04-04T03:52:03.924
95.42214,32.09518,5.97,1.15,2023-04-04T04:28:42.058
96.23764,30.78552,11.27,0.1,2023-04-04T05:31:53.470
96.23726,30.78595,10.76,0.17,2023-04-04T05:50:17.658
96.2376,30.78518,10.11,0.29,2023-04-04T05:52:00.012
95.04467,29.84617,7.68,2.33,2023-04-04T06:01:12.698
96.22998,30.79913,11.05,0.2,2023-04-04T06:45:35.678
96.23651,30.78465,10.94,0.73,2023-04-04T07:59:03.571
96.22999,30.7987,11.16,0.43,2023-04-04T09:03:03.846
96.23666,30.78486,10.98,0.93,2023-04-04T09:42:45.927
96.23912,30.79157,10.33,0.24,2023-04-04T11:00:30.240
96.23653,30.7846,10.97,0.64,2023-04-04T11:07:51.650
96.23351,30.78748,10.65,0.38,2023-04-04T11:28:39.292
96.23597,30.78583,13.51,0.2,2023-04-04T11:33:53.273
96.23578,30.78544,13.64,0.3,2023-04-04T11:59:11.176
96.23619,30.78521,13.68,0.34,2023-04-04T12:00:11.438
96.24836,30.81377,10.3,0.03,2023-04-04T12:03:36.660
96.23661,30.78621,12.23,0.19,2023-04-04T12:45:35.540
96.22293,30.79548,10.96,0.49,2023-04-04T13:55:05.374
96.98064,30.2568,8.61,1.29,2023-04-04T14:07:50.920
94.8974,30.47536,7.62,0.08,2023-04-04T14:48:30.329
96.22293,30.79548,10.96,0.24,2023-04-04T15:00:36.144
96.23675,30.7803,11.7,0.37,2023-04-04T15:05:10.859
96.25437,30.80412,9.44,0.91,2023-04-04T15:09:43.769
96.23665,30.7804,11.62,0.34,2023-04-04T15:10:02.902
96.24987,30.81531,10.26,-0.09,2023-04-04T15:57:21.874
96.23676,30.78561,10.73,0.27,2023-04-04T16:11:26.082
96.23658,30.78043,11.65,0.3,2023-04-04T16:22:14.098
96.22943,30.7989,11.09,-0.22,2023-04-04T16:22:49.389
94.85855,31.09175,13.99,0.96,2023-04-04T16:43:31.253
96.24959,30.81502,10.22,0.19,2023-04-04T16:55:53.215
96.23678,30.78029,11.71,-0.35,2023-04-04T16:56:19.284
96.22992,30.79895,11.04,0.16,2023-04-04T17:08:23.853
96.23021,30.79926,11.02,-0.18,2023-04-04T17:19:40.166
96.23021,30.79912,11.11,0.1,2023-04-04T17:20:53.456
96.21675,30.71556,9.59,0.12,2023-04-04T17:37:14.269
96.23684,30.77961,11.92,0.35,2023-04-04T17:45:04.997
96.23641,30.78467,11.03,-0.17,2023-04-04T17:46:50.907
96.23832,30.79436,9.5,0.06,2023-04-04T18:12:30.502
96.23811,30.79468,9.57,0.14,2023-04-04T18:13:17.340
96.24405,30.79887,11.55,0.22,2023-04-04T18:38:25.314
96.23022,30.79921,11.06,0.17,2023-04-04T18:44:35.090
96.23021,30.79938,10.88,-0.01,2023-04-04T19:23:34.968
96.22837,30.79054,12.38,0.42,2023-04-04T19:30:35.179
96.23205,30.78552,12.3,-0.27,2023-04-04T19:46:12.761
96.23006,30.7991,11.09,-0.38,2023-04-04T19:47:52.380
94.89747,30.4753,7.58,0.19,2023-04-04T20:00:34.159
96.23972,30.79358,10.18,0.02,2023-04-04T20:21:18.277
96.24003,30.79578,10.14,0.31,2023-04-04T20:26:21.100
96.22994,30.79921,11.07,-0.19,2023-04-04T20:27:32.980
96.25332,30.82067,9.96,0.38,2023-04-04T20:28:29.246
96.24006,30.79541,10.36,-0.25,2023-04-04T20:37:14.378
96.22984,30.79908,11.15,-0.24,2023-04-04T21:19:26.332
96.25314,30.80392,9.37,0.11,2023-04-04T21:32:02.366
96.22998,30.79902,11.09,0.01,2023-04-04T21:39:42.521
96.23793,30.78331,11.37,0.35,2023-04-04T21:43:52.620
96.21389,30.71399,9.41,0.08,2023-04-04T21:59:37.020
96.23022,30.79923,11.05,-0.16,2023-04-04T22:06:09.592
96.2486,30.81056,9.68,0.03,2023-04-04T22:13:22.022
96.21743,30.71669,9.37,0.67,2023-04-04T22:23:16.076
96.21558,30.71389,9.58,0.41,2023-04-04T22:24:29.340
96.22995,30.79893,11.04,-0.22,2023-04-04T22:26:14.870
96.23732,30.78055,11.51,0.26,2023-04-04T22:59:52.882
96.23004,30.79896,11.12,0.09,2023-04-04T23:02:48.466
96.24663,30.80713,9.81,0.28,2023-04-04T23:14:11.942
96.24127,30.79574,10.64,0.36,2023-04-04T23:28:58.748
96.2469,30.80601,11.28,0.13,2023-04-04T23:43:31.229
96.23011,30.79944,10.97,0.0,2023-04-04T23:50:53.970
96.24806,30.8108,9.73,0.14,2023-04-05T00:00:57.358
96.24863,30.81455,10.6,0.3,2023-04-05T00:36:07.091
96.241,30.79587,10.59,0.11,2023-04-05T00:43:08.601
96.24574,30.80342,11.46,0.26,2023-04-05T01:55:39.519
96.23004,30.79897,11.1,1.12,2023-04-05T02:24:26.659
94.55409,31.15149,3.99,0.98,2023-04-05T04:14:13.660
94.98832,31.92505,6.02,1.84,2023-04-05T04:41:51.669
96.24098,30.79571,10.74,0.38,2023-04-05T05:10:16.611
96.22429,30.78764,12.17,-0.17,2023-04-05T06:59:09.771
96.22971,30.7979,11.63,0.4,2023-04-05T07:17:38.991
96.2507,30.81342,12.15,0.51,2023-04-05T08:04:21.193
96.24788,30.80666,11.62,0.42,2023-04-05T08:07:49.984
96.25486,30.80411,9.24,0.15,2023-04-05T08:12:24.036
96.23681,30.78566,10.61,0.61,2023-04-05T08:57:31.085
96.25326,30.80385,9.37,0.17,2023-04-05T09:25:45.017
96.22992,30.79897,11.08,-0.11,2023-04-05T11:01:55.259
96.253,30.80369,9.36,0.15,2023-04-05T11:40:51.035
96.23801,30.79419,9.8,-0.17,2023-04-05T12:10:31.831
96.21828,30.71711,9.47,0.13,2023-04-05T12:51:13.459
96.83233,31.15536,6.62,1.01,2023-04-05T13:03:58.254
96.2507,30.81342,12.15,0.26,2023-04-05T13:25:38.494
96.24361,30.79408,11.58,-0.21,2023-04-05T14:21:52.324
96.23681,30.78101,11.63,0.31,2023-04-05T14:30:10.661
96.23675,30.78109,11.64,-0.24,2023-04-05T14:40:05.883
96.21696,30.71738,9.15,0.33,2023-04-05T15:12:28.682
96.21617,30.7161,9.78,-0.07,2023-04-05T15:33:28.855
96.22987,30.79876,11.04,0.33,2023-04-05T15:36:50.166
96.21486,30.71234,9.44,-0.13,2023-04-05T15:48:17.896
95.73186,32.08468,10.16,1.37,2023-04-05T15:54:02.342
95.73222,32.08474,9.7,0.85,2023-04-05T16:12:36.355
96.2516,30.80441,9.04,-0.01,2023-04-05T16:46:35.280
96.23967,30.79452,9.98,-0.26,2023-04-05T17:45:51.736
94.98817,31.9248,5.81,0.88,2023-04-05T18:18:19.671
96.2328,30.78662,12.1,-0.29,2023-04-05T18:24:16.537
95.08015,31.82892,4.43,0.56,2023-04-05T18:34:10.534
96.23558,30.7858,10.78,-0.09,2023-04-05T18:44:02.616
96.21718,30.718,9.18,0.18,2023-04-05T18:45:30.670
96.23118,30.78732,11.94,-0.25,2023-04-05T18:55:04.898
96.23118,30.78732,11.94,-0.24,2023-04-05T19:02:34.048
95.08045,31.82977,4.41,0.43,2023-04-05T19:26:18.656
95.08074,31.82948,4.32,0.61,2023-04-05T19:26:46.335
96.23118,30.78732,11.94,-0.24,2023-04-05T19:46:28.678
96.24872,30.81059,9.62,-0.36,2023-04-05T20:09:51.052
94.90949,29.89193,9.27,1.12,2023-04-05T20:21:49.225
94.90902,29.89191,9.13,0.7,2023-04-05T20:36:17.455
95.03913,31.92424,6.11,0.72,2023-04-05T21:41:56.489
96.24956,30.80974,11.23,0.66,2023-04-05T21:43:33.668
96.24939,30.81009,11.27,0.72,2023-04-05T21:44:07.113
96.24948,30.80921,11.36,-0.04,2023-04-05T23:13:10.008
96.62953,30.87013,9.23,0.6,2023-04-06T00:12:19.142
96.25358,30.80444,9.19,0.16,2023-04-06T00:22:45.158
96.25544,30.8043,9.21,0.45,2023-04-06T00:51:51.154
96.23952,30.79387,10.18,0.21,2023-04-06T01:23:30.033
96.23507,30.7844,10.92,0.32,2023-04-06T01:24:32.106
96.23892,30.79527,9.55,0.96,2023-04-06T02:13:03.624
96.24894,30.81383,10.5,0.34,2023-04-06T02:32:11.918
96.24523,30.79833,11.34,0.16,2023-04-06T03:16:11.656
96.23004,30.79919,11.04,-0.02,2023-04-06T04:27:51.404
95.08089,31.82988,4.38,0.71,2023-04-06T04:39:35.075
96.25972,30.82181,10.88,0.56,2023-04-06T04:43:29.809
96.26491,30.86186,12.92,0.42,2023-04-06T05:23:16.148
96.21807,30.71738,9.46,-0.06,2023-04-06T05:56:54.509
96.25959,30.82191,10.83,0.23,2023-04-06T06:03:21.494
96.25191,30.80368,9.34,0.43,2023-04-06T06:19:13.237
96.24877,30.81194,9.73,0.5,2023-04-06T06:50:54.404
96.23619,30.78571,12.32,0.61,2023-04-06T06:52:29.745
96.23619,30.78582,12.39,0.9,2023-04-06T06:53:40.089
96.25323,30.8036,9.46,0.05,2023-04-06T07:04:02.798
96.24599,30.80783,9.56,0.34,2023-04-06T07:20:54.946
96.25424,30.80776,8.0,0.34,2023-04-06T07:42:00.756
96.24585,30.80733,9.63,0.18,2023-04-06T07:47:38.962
96.24634,30.80804,9.43,1.01,2023-04-06T08:14:14.444
96.25245,30.8185,6.92,0.76,2023-04-06T08:14:26.084
96.22997,30.79905,11.04,0.81,2023-04-06T09:07:16.237
96.33004,30.3605,8.19,0.36,2023-04-06T09:39:44.207
96.37861,30.3055,6.4,0.44,2023-04-06T09:43:24.381
96.24754,30.80806,10.0,0.29,2023-04-06T10:17:12.812
96.24673,30.80521,11.64,1.17,2023-04-06T12:04:18.969
96.22985,30.79884,10.92,0.46,2023-04-06T12:25:29.165
96.23798,30.7839,11.38,1.03,2023-04-06T12:26:01.786
96.24646,30.8064,9.97,0.06,2023-04-06T12:27:42.762
96.24895,30.81373,10.18,0.85,2023-04-06T12:48:56.677
96.23755,30.78675,10.7,0.17,2023-04-06T12:55:20.641
96.24942,30.81429,10.31,0.14,2023-04-06T13:21:54.607
96.23003,30.79907,11.02,-0.14,2023-04-06T13:47:18.926
96.24732,30.80498,11.7,-0.42,2023-04-06T14:43:36.096
96.21631,30.71501,9.7,-0.36,2023-04-06T14:51:12.488
96.25352,30.80479,9.11,0.04,2023-04-06T15:13:38.874
96.24115,30.79797,9.98,0.13,2023-04-06T15:39:38.169
96.25316,30.80514,9.19,-0.1,2023-04-06T15:53:40.476
96.23945,30.79382,10.05,0.38,2023-04-06T16:06:22.025
96.94538,30.30254,6.31,0.92,2023-04-06T16:18:21.043
94.90987,29.89272,9.55,0.9,2023-04-06T16:45:26.794
96.24992,30.81534,10.29,-0.23,2023-04-06T17:02:30.003
94.90985,29.89302,9.5,0.76,2023-04-06T17:25:23.281
96.23945,30.7942,9.92,-0.26,2023-04-06T17:31:56.205
96.25003,30.80471,8.93,0.07,2023-04-06T18:10:17.991
96.21581,30.71438,9.53,0.39,2023-04-06T18:25:36.368
96.243,30.79647,11.3,-0.23,2023-04-06T18:32:58.522
96.21523,30.71286,9.55,-0.2,2023-04-06T19:00:17.504
96.2408,30.79761,10.01,0.28,2023-04-06T19:09:02.560
96.25309,30.80397,9.26,0.07,2023-04-06T19:12:03.490
95.0587,31.9684,8.05,0.4,2023-04-06T19:13:07.181
96.25478,30.80424,9.23,0.51,2023-04-06T19:19:07.306
96.24079,30.78968,11.84,-0.53,2023-04-06T19:21:50.617
96.23656,30.78549,12.46,0.45,2023-04-06T20:15:37.207
96.22973,30.79857,11.14,-0.45,2023-04-06T20:17:09.166
96.24212,30.80007,9.65,-0.32,2023-04-06T21:13:03.684
96.23665,30.78636,10.57,-0.35,2023-04-06T21:22:20.141
96.24814,30.80818,10.87,-0.34,2023-04-06T21:33:26.059
96.22989,30.79864,11.04,-0.1,2023-04-06T21:38:00.622
96.2355,30.78525,10.77,0.33,2023-04-06T22:03:50.106
96.22969,30.79872,11.06,-0.25,2023-04-06T22:21:57.579
96.25429,30.80411,9.21,-0.01,2023-04-07T00:24:43.748
94.87935,30.66515,8.19,0.75,2023-04-07T02:04:42.809
94.88045,30.66485,8.08,0.78,2023-04-07T02:09:21.291
94.90842,29.8924,9.36,1.13,2023-04-07T02:28:51.312
96.23664,30.78469,10.99,0.74,2023-04-07T02:30:16.922
96.23053,30.78696,13.74,0.67,2023-04-07T02:31:59.922
96.24853,30.81188,9.77,-0.16,2023-04-07T03:37:06.265
96.23724,30.79226,9.21,0.31,2023-04-07T03:45:27.330
96.23904,30.79313,9.98,0.1,2023-04-07T04:16:06.393
96.23724,30.78657,10.61,0.39,2023-04-07T04:22:24.636
96.36298,30.09552,8.58,1.06,2023-04-07T05:28:49.112
96.24592,30.803,9.96,-0.15,2023-04-07T05:42:46.572
96.23671,30.78584,10.87,0.25,2023-04-07T07:18:08.853
96.24172,30.79876,10.05,0.59,2023-04-07T07:23:12.585
96.33018,30.36124,8.21,0.49,2023-04-07T09:06:42.105
96.23761,30.79306,9.13,0.53,2023-04-07T09:46:51.163
96.23576,30.78451,10.87,0.14,2023-04-07T11:24:35.835
94.90644,29.14311,8.72,1.04,2023-04-07T12:10:11.010
96.24453,30.80166,10.63,0.13,2023-04-07T13:25:20.611
95.04324,31.91323,2.38,1.02,2023-04-07T14:07:13.215
95.04321,31.9265,5.12,0.99,2023-04-07T14:07:30.320
95.0432,31.91326,2.38,0.79,2023-04-07T14:10:25.834
96.45786,31.24908,12.98,0.2,2023-04-07T14:15:28.465
96.23273,30.78517,12.39,0.32,2023-04-07T15:16:38.300
95.0623,31.74971,8.34,0.27,2023-04-07T15:59:32.294
95.06764,31.75628,7.89,0.17,2023-04-07T16:11:17.472
96.25157,30.80282,9.52,-0.11,2023-04-07T16:12:53.363
96.25209,30.80215,9.77,-0.12,2023-04-07T16:16:56.638
96.25115,30.80263,9.64,-0.21,2023-04-07T16:19:52.924
95.06239,31.74921,8.49,0.18,2023-04-07T16:21:45.309
95.06212,31.7505,8.41,0.38,2023-04-07T16:30:37.768
95.05866,31.74529,9.67,0.06,2023-04-07T16:32:47.049
95.06228,31.75038,8.39,0.18,2023-04-07T16:34:16.889
95.06317,31.75473,8.48,0.25,2023-04-07T16:35:37.220
95.06247,31.75076,8.34,0.36,2023-04-07T16:37:17.744
95.05902,31.74502,8.18,0.32,2023-04-07T16:40:05.012
95.06233,31.75092,8.42,0.34,2023-04-07T16:40:27.614
95.06248,31.75104,8.47,0.34,2023-04-07T16:40:50.807
95.06224,31.75016,8.47,0.29,2023-04-07T16:42:42.132
95.06104,31.7519,8.62,0.1,2023-04-07T16:48:25.550
95.06237,31.7497,8.34,0.26,2023-04-07T16:50:13.197
95.06281,31.75086,8.44,0.16,2023-04-07T16:50:46.040
96.2532,30.804,9.32,0.15,2023-04-07T16:52:22.132
95.0611,31.74884,8.2,0.27,2023-04-07T16:52:55.013
95.06228,31.75168,8.49,0.27,2023-04-07T16:57:54.988
95.06176,31.75027,8.43,0.44,2023-04-07T16:59:30.591
95.06196,31.74948,8.45,0.3,2023-04-07T17:02:35.022
95.0621,31.74846,9.07,0.1,2023-04-07T17:02:57.482
95.06231,31.75081,8.39,0.11,2023-04-07T17:11:55.205
95.06459,31.7573,8.28,0.25,2023-04-07T17:13:20.280
94.90884,29.89233,9.38,1.66,2023-04-07T17:14:25.709
96.24998,30.80414,9.07,0.15,2023-04-07T17:16:24.369
95.05905,31.74836,8.74,0.31,2023-04-07T17:19:26.812
95.06094,31.7455,8.58,0.28,2023-04-07T17:19:38.942
95.06233,31.75317,7.79,0.15,2023-04-07T17:21:48.804
95.06221,31.75148,8.52,0.1,2023-04-07T17:23:38.186
95.06257,31.75224,8.56,0.34,2023-04-07T17:31:06.561
95.06228,31.75152,8.54,0.33,2023-04-07T17:37:31.533
95.06215,31.75109,8.44,0.43,2023-04-07T17:38:58.642
95.06246,31.75092,8.46,0.12,2023-04-07T17:45:13.717
95.06211,31.7509,8.51,0.2,2023-04-07T17:45:49.532
95.06238,31.75092,8.45,0.17,2023-04-07T17:46:45.837
95.06203,31.7518,8.47,0.45,2023-04-07T17:48:36.075
95.06253,31.75004,8.39,0.22,2023-04-07T17:50:16.960
95.06249,31.75127,8.44,0.42,2023-04-07T17:51:49.194
95.0622,31.75001,8.42,0.4,2023-04-07T17:54:51.904
95.06239,31.749,8.41,0.42,2023-04-07T17:57:59.722
95.06211,31.75058,8.51,0.17,2023-04-07T18:01:50.637
96.24579,30.8052,10.2,-0.1,2023-04-07T18:03:56.265
95.06217,31.74727,8.46,0.28,2023-04-07T18:05:48.219
95.06186,31.75093,8.54,0.26,2023-04-07T18:10:47.657
95.06252,31.75061,8.31,0.29,2023-04-07T18:14:33.913
95.06251,31.75173,8.5,0.09,2023-04-07T18:19:32.383
95.06224,31.75147,8.47,0.4,2023-04-07T18:20:51.787
95.06236,31.75116,8.47,0.35,2023-04-07T18:23:22.783
96.23838,30.79005,10.39,0.34,2023-04-07T18:27:17.763
95.06094,31.74599,8.53,0.17,2023-04-07T18:29:50.620
95.0622,31.75098,8.42,0.25,2023-04-07T18:30:07.655
95.06236,31.75027,8.4,0.41,2023-04-07T18:30:29.621
95.062,31.74992,8.38,0.19,2023-04-07T18:31:17.045
95.06226,31.74999,8.36,0.36,2023-04-07T18:31:31.889
95.06169,31.74971,8.42,0.4,2023-04-07T18:31:41.615
95.06216,31.75107,8.44,0.35,2023-04-07T18:34:44.172
95.06226,31.74993,8.43,0.42,2023-04-07T18:38:06.505
95.06222,31.75104,8.5,0.37,2023-04-07T18:39:50.918
95.06227,31.75074,8.56,0.25,2023-04-07T18:41:57.466
95.06224,31.75018,8.49,0.28,2023-04-07T18:43:25.278
95.06253,31.75119,8.44,0.25,2023-04-07T18:44:54.015
96.2791,30.80719,8.44,-0.18,2023-04-07T18:46:06.810
95.06253,31.75154,8.44,0.2,2023-04-07T18:50:18.919
95.06232,31.75079,8.44,0.18,2023-04-07T18:50:47.233
95.06189,31.74954,8.39,0.28,2023-04-07T18:51:10.642
95.06241,31.75141,8.33,0.39,2023-04-07T18:53:13.208
95.06243,31.75208,8.47,0.36,2023-04-07T18:55:41.375
95.06267,31.75107,8.48,0.35,2023-04-07T18:56:44.296
95.06233,31.74945,8.94,0.34,2023-04-07T19:00:20.088
95.06222,31.75223,8.53,0.29,2023-04-07T19:02:45.372
95.06215,31.74921,8.36,0.26,2023-04-07T19:04:15.151
95.06246,31.75103,8.39,0.29,2023-04-07T19:04:33.281
96.24373,30.79779,11.3,0.35,2023-04-07T19:09:29.174
95.06284,31.75183,8.44,0.35,2023-04-07T19:13:11.747
95.06221,31.75079,8.48,0.33,2023-04-07T19:16:05.871
95.06186,31.74973,8.44,0.4,2023-04-07T19:17:21.667
95.06229,31.75059,8.53,0.19,2023-04-07T19:17:52.422
95.06231,31.75141,8.54,0.38,2023-04-07T19:22:20.755
95.06208,31.75014,8.5,0.1,2023-04-07T19:24:43.240
95.06398,31.754,8.4,0.12,2023-04-07T19:29:06.354
95.06256,31.75084,8.5,0.12,2023-04-07T19:31:49.693
95.06289,31.75171,8.5,0.25,2023-04-07T19:33:33.776
95.06298,31.7515,8.41,0.32,2023-04-07T19:38:24.291
96.24972,30.80423,9.0,0.14,2023-04-07T19:39:20.378
95.06271,31.75014,8.4,0.3,2023-04-07T19:42:39.724
95.06251,31.74958,8.39,0.16,2023-04-07T19:43:10.566
95.05915,31.74511,8.08,0.29,2023-04-07T19:44:44.381
96.24624,30.80317,10.96,0.44,2023-04-07T19:47:05.569
96.24893,30.81246,9.77,0.0,2023-04-07T19:53:50.234
95.06213,31.7505,8.37,0.2,2023-04-07T19:55:05.987
95.06175,31.75034,8.42,0.37,2023-04-07T19:57:43.853
95.06189,31.75134,8.36,0.27,2023-04-07T20:15:01.852
95.06182,31.75137,8.3,0.27,2023-04-07T20:16:02.845
95.0625,31.75129,8.4,0.35,2023-04-07T20:28:02.703
95.06131,31.74758,8.47,0.34,2023-04-07T20:48:13.429
96.24241,30.80198,9.76,-0.16,2023-04-07T20:50:43.833
94.98952,31.92807,5.12,1.02,2023-04-07T20:53:37.929
95.06214,31.75147,8.48,0.3,2023-04-07T20:56:06.986
95.06234,31.75164,8.52,0.42,2023-04-07T20:56:33.552
95.05985,31.74663,8.32,0.15,2023-04-07T20:57:58.896
95.0652,31.75529,9.27,0.07,2023-04-07T21:02:01.274
96.23966,30.79504,10.07,-0.18,2023-04-07T21:08:53.573
95.06226,31.75051,8.42,0.35,2023-04-07T21:32:52.266
94.5377,31.14517,13.31,0.73,2023-04-07T21:57:13.038
96.23636,30.79075,9.61,-0.32,2023-04-07T21:57:55.790
95.06237,31.75179,8.47,0.27,2023-04-07T22:16:02.939
96.22763,30.78923,12.16,0.44,2023-04-07T22:38:40.868
95.06252,31.75176,8.56,0.19,2023-04-07T22:42:00.370
96.23596,30.78496,10.99,0.28,2023-04-07T22:56:29.539
96.23817,30.78477,10.43,-0.14,2023-04-07T23:05:40.921
96.24994,30.80407,8.99,-0.05,2023-04-07T23:06:34.932
96.24047,30.79625,10.29,0.47,2023-04-07T23:14:20.908
96.24433,30.79902,11.29,0.31,2023-04-07T23:18:00.677
96.24799,30.80887,11.56,0.17,2023-04-07T23:36:14.259
95.06212,31.75099,8.48,0.45,2023-04-08T00:42:57.102
96.62983,30.8701,9.11,0.42,2023-04-08T01:17:05.114
96.25439,30.80524,8.62,0.07,2023-04-08T01:20:55.183
94.90901,29.89079,9.36,1.36,2023-04-08T02:13:46.104
94.90947,29.89108,9.33,0.92,2023-04-08T02:14:24.430
96.22772,30.78932,12.17,0.36,2023-04-08T03:17:32.473
95.06081,31.7585,7.66,0.34,2023-04-08T03:35:19.292
95.06252,31.75114,8.44,0.34,2023-04-08T03:42:26.885
95.0624,31.75094,8.42,0.33,2023-04-08T04:38:07.580
95.06281,31.74954,8.37,0.33,2023-04-08T04:57:50.085
95.06258,31.73819,8.72,0.15,2023-04-08T05:06:16.935
95.16081,31.69915,4.1,0.69,2023-04-08T05:38:17.847
96.21563,30.7134,9.46,0.1,2023-04-08T06:04:30.273
96.32879,30.35998,8.0,0.4,2023-04-08T07:38:36.085
96.23572,30.78322,11.11,0.46,2023-04-08T08:55:29.008
96.25425,30.80481,9.27,0.55,2023-04-08T10:46:58.372
94.90811,29.89022,9.1,0.92,2023-04-08T11:54:25.325
94.90832,29.89038,9.4,0.82,2023-04-08T11:59:28.134
96.25342,30.80459,9.35,0.12,2023-04-08T12:49:32.794
96.21616,30.71401,9.61,0.27,2023-04-08T13:18:54.024
96.23832,30.79411,9.56,0.24,2023-04-08T13:21:51.511
96.24174,30.79664,10.54,0.87,2023-04-08T13:32:16.589
96.23319,30.79283,11.27,0.32,2023-04-08T14:17:49.446
96.23707,30.7833,11.07,0.09,2023-04-08T14:32:51.331
96.36323,30.09514,8.77,1.04,2023-04-08T14:46:23.593
96.21573,30.71295,9.51,-0.16,2023-04-08T15:31:04.555
96.25399,30.8043,9.24,-0.04,2023-04-08T15:58:58.712
96.23689,30.78351,11.07,0.05,2023-04-08T15:59:59.885
95.06167,31.74992,8.23,0.23,2023-04-08T16:16:20.960
95.06155,31.7499,8.14,0.09,2023-04-08T16:17:12.637
96.24953,30.80221,9.54,0.96,2023-04-08T16:24:00.070
96.25357,30.80512,9.09,0.05,2023-04-08T16:51:55.903
96.25381,30.80478,9.17,-0.2,2023-04-08T17:14:26.996
96.25461,30.80477,9.24,-0.23,2023-04-08T17:46:47.880
95.06155,31.74993,8.4,0.23,2023-04-08T17:47:04.270
96.21519,30.71334,9.76,0.06,2023-04-08T17:58:45.613
94.85959,31.09403,13.78,1.23,2023-04-08T18:00:26.939
96.251,30.80397,9.16,-0.27,2023-04-08T18:02:28.990
96.2377,30.78577,11.28,-0.18,2023-04-08T18:27:50.872
96.25153,30.80432,9.07,-0.25,2023-04-08T18:37:47.624
96.2372,30.78347,10.98,0.01,2023-04-08T18:42:01.378
94.99025,31.92332,6.07,0.8,2023-04-08T18:59:40.880
96.24812,30.80694,11.62,-0.02,2023-04-08T19:24:10.493
96.94588,30.30271,6.38,0.59,2023-04-08T19:25:26.154
96.23687,30.7935,9.03,0.04,2023-04-08T19:28:42.622
94.86141,31.09928,8.93,-0.07,2023-04-08T19:50:56.830
95.1604,31.69952,4.1,0.34,2023-04-08T20:07:45.153
96.22761,30.7891,12.1,0.32,2023-04-08T20:10:53.342
96.94544,30.30275,6.22,0.89,2023-04-08T20:11:09.936
96.94518,30.30299,6.1,1.19,2023-04-08T20:28:05.957
96.94482,30.30285,6.03,0.7,2023-04-08T20:33:03.884
96.94438,30.30277,6.29,1.03,2023-04-08T20:41:54.248
95.03585,31.92526,5.94,0.85,2023-04-08T21:02:54.697
96.23712,30.78598,10.66,0.41,2023-04-08T21:04:44.652
94.79462,29.87827,8.02,0.56,2023-04-08T21:05:06.374
96.23671,30.78339,11.09,0.47,2023-04-08T21:17:19.051
96.23979,30.79729,9.65,0.07,2023-04-08T21:42:26.239
96.62966,30.8704,9.27,0.41,2023-04-08T21:44:21.195
96.94487,30.30279,5.98,0.88,2023-04-08T22:21:56.620
96.24746,30.80901,9.9,0.12,2023-04-08T22:42:39.058
96.94533,30.30346,6.25,0.81,2023-04-08T22:46:44.092
96.23918,30.788,11.76,0.41,2023-04-09T00:49:36.904
96.23963,30.78777,11.81,1.6,2023-04-09T01:01:12.574
96.24542,30.8055,9.62,1.59,2023-04-09T02:39:14.094
96.24944,30.81384,10.05,0.43,2023-04-09T02:42:36.011
96.94427,30.30275,6.19,1.48,2023-04-09T02:50:15.461
96.25148,30.80388,9.04,0.07,2023-04-09T02:52:57.905
96.24932,30.81737,6.47,-0.06,2023-04-09T03:07:27.125
96.24157,30.80021,9.9,-0.08,2023-04-09T03:43:28.201
96.23729,30.78623,10.62,0.23,2023-04-09T03:45:42.204
96.23329,30.78637,12.25,0.51,2023-04-09T04:39:30.819
96.23962,30.79434,10.28,0.01,2023-04-09T04:47:49.625
96.23959,30.79437,10.32,0.26,2023-04-09T04:47:59.717
96.24724,30.80776,9.63,0.34,2023-04-09T05:45:27.194
96.23325,30.7929,11.23,0.39,2023-04-09T06:07:23.848
95.08071,31.82949,4.34,2.15,2023-04-09T07:10:21.985
96.94358,30.30251,6.23,1.46,2023-04-09T07:32:09.595
95.08071,31.82949,4.33,1.44,2023-04-09T07:33:28.004
96.32978,30.36083,8.16,0.47,2023-04-09T08:01:45.267
96.24877,30.80235,9.29,-0.05,2023-04-09T08:36:38.062
96.23971,30.79459,10.11,0.19,2023-04-09T08:56:54.567
95.05962,31.9033,8.01,0.92,2023-04-09T09:05:20.049
96.23994,30.79472,10.03,0.52,2023-04-09T09:42:30.269
96.7397,30.29906,13.75,0.89,2023-04-09T10:10:32.488
96.22442,30.78764,12.17,0.42,2023-04-09T12:36:29.877
96.23821,30.79229,9.44,0.04,2023-04-09T13:08:01.988
95.08078,31.83056,4.37,0.4,2023-04-09T13:13:19.902
95.03013,31.9435,7.4,0.83,2023-04-09T13:38:31.295
96.24474,30.79885,11.58,0.45,2023-04-09T14:37:04.688
96.7391,30.29834,13.77,0.36,2023-04-09T14:43:08.564
96.24912,30.81247,10.15,0.32,2023-04-09T14:43:56.660
96.2242,30.71843,8.83,0.11,2023-04-09T15:49:07.624
96.71879,31.31348,8.4,2.77,2023-04-09T16:01:42.777
96.71968,31.3147,8.5,0.71,2023-04-09T16:07:30.020
96.71929,31.31415,8.2,0.02,2023-04-09T16:11:13.931
96.71884,31.31309,8.33,0.23,2023-04-09T16:14:03.083
96.71904,31.31365,8.57,0.6,2023-04-09T16:31:08.180
95.08007,31.82904,4.41,0.28,2023-04-09T17:16:42.380
94.55079,31.14934,6.32,0.87,2023-04-09T17:25:00.793
96.24583,30.80362,11.55,0.63,2023-04-09T17:34:28.673
96.3631,30.09505,8.81,0.83,2023-04-09T18:12:04.354
96.23972,30.79105,10.27,-0.51,2023-04-09T18:37:28.219
96.71914,31.31268,8.81,0.55,2023-04-09T19:09:06.974
95.10215,31.23913,9.99,-0.37,2023-04-09T19:38:36.259
95.06143,31.74792,8.38,0.33,2023-04-09T19:47:07.953
96.23729,30.78404,11.83,0.53,2023-04-09T19:55:01.159
96.9449,30.30276,6.25,0.62,2023-04-09T19:56:54.839
95.10273,31.23906,10.03,0.32,2023-04-09T20:01:47.630
94.54628,31.14629,8.52,0.7,2023-04-09T20:28:22.295
94.86066,31.09912,8.85,-0.11,2023-04-09T20:46:25.559
96.23848,30.78606,10.66,0.05,2023-04-09T21:56:02.059
94.63905,31.89944,5.24,1.19,2023-04-09T22:30:15.707
96.23319,30.79283,11.27,0.33,2023-04-09T22:52:32.016
96.23776,30.78582,10.62,-0.16,2023-04-09T23:58:40.632
96.23908,30.78749,11.12,0.11,2023-04-10T00:56:52.373
94.90078,29.11675,10.55,1.1,2023-04-10T01:03:16.647
96.2419,30.79974,9.8,0.36,2023-04-10T01:38:37.360
96.2478,30.80822,11.95,0.11,2023-04-10T02:29:34.035
96.24825,30.808,11.89,0.52,2023-04-10T02:35:28.678
96.24912,30.81049,10.88,-0.2,2023-04-10T02:41:59.559
96.23444,30.78194,10.82,0.17,2023-04-10T04:59:14.782
95.16043,31.69957,4.09,1.14,2023-04-10T06:14:06.121
96.22994,30.79858,11.08,-0.12,2023-04-10T06:40:24.941
96.23682,30.78453,10.99,0.44,2023-04-10T07:12:46.833
96.25017,30.80391,9.34,0.44,2023-04-10T07:21:17.056
96.96385,29.99693,11.86,1.59,2023-04-10T07:36:08.105
96.25013,30.80362,9.23,0.21,2023-04-10T08:03:46.265
96.24755,30.80518,8.88,-0.16,2023-04-10T08:23:30.686
96.25012,30.81562,10.32,-0.49,2023-04-10T08:48:19.983
96.23904,30.78962,10.24,0.13,2023-04-10T09:16:36.902
96.24859,30.81471,10.38,0.31,2023-04-10T09:29:49.149
96.23732,30.79223,9.27,1.61,2023-04-10T09:37:37.402
96.24973,30.80189,9.46,0.23,2023-04-10T09:52:05.715
96.23735,30.78685,10.75,0.75,2023-04-10T10:03:09.242
96.23752,30.79194,9.32,0.28,2023-04-10T10:09:45.800
96.23685,30.78444,10.96,0.11,2023-04-10T10:17:51.867
96.23737,30.79288,9.23,1.08,2023-04-10T10:50:17.701
96.23778,30.79315,9.24,0.14,2023-04-10T10:53:51.060
96.71955,31.31487,8.44,0.93,2023-04-10T11:26:50.919
96.94516,30.30303,6.31,0.95,2023-04-10T12:16:54.504
96.25695,30.81886,13.41,0.1,2023-04-10T15:37:16.235
96.25721,30.81876,13.33,0.51,2023-04-10T15:46:40.236
96.24249,30.79468,11.91,0.35,2023-04-10T15:59:48.639
96.23029,30.79976,11.1,0.18,2023-04-10T17:00:53.226
96.24602,30.80697,9.43,-0.26,2023-04-10T17:29:31.934
96.25196,30.81731,6.89,0.28,2023-04-10T17:46:06.754
96.23971,30.79379,10.04,0.15,2023-04-10T18:24:40.124
96.2482,30.80466,9.04,-0.29,2023-04-10T18:27:47.870
96.23901,30.79284,1.76,1.45,2023-04-10T18:38:04.681
96.23945,30.80278,9.24,0.03,2023-04-10T18:41:16.070
96.24271,30.79873,10.79,-0.35,2023-04-10T18:51:00.516
94.54694,31.14637,8.4,1.39,2023-04-10T18:58:06.387
96.23834,30.79507,9.48,1.19,2023-04-10T19:04:30.841
96.24414,30.80737,11.67,0.41,2023-04-10T19:16:39.162
96.24798,30.80424,9.14,-0.06,2023-04-10T19:41:37.945
96.23857,30.79528,9.6,-0.11,2023-04-10T19:58:55.695
96.23847,30.79564,9.46,-0.24,2023-04-10T20:19:28.075
96.24801,30.80454,9.03,-0.03,2023-04-10T20:30:21.752
96.24845,30.80424,9.13,-0.24,2023-04-10T20:30:50.964
95.05922,31.9032,8.13,0.76,2023-04-10T21:48:45.743
96.23972,30.79338,10.52,0.07,2023-04-10T21:59:22.576
96.23635,30.78367,10.92,-0.16,2023-04-10T22:14:42.207
96.23889,30.79513,9.36,0.08,2023-04-10T22:14:53.181
95.06325,31.75116,8.36,0.2,2023-04-10T22:23:53.462
96.23638,30.78509,10.86,0.48,2023-04-10T22:42:29.797
94.84977,30.31295,7.62,0.67,2023-04-10T23:15:45.765
96.23658,30.78505,10.78,0.41,2023-04-11T00:00:27.522
96.24772,30.80925,9.89,-0.21,2023-04-11T00:10:44.934
96.24966,30.81031,11.28,0.03,2023-04-11T00:15:33.657
96.94454,30.30343,6.29,0.9,2023-04-11T00:24:05.524
95.15197,29.83871,8.44,0.79,2023-04-11T01:03:41.719
96.23736,30.79204,9.25,0.52,2023-04-11T01:06:34.338
96.24786,30.80913,9.89,0.33,2023-04-11T01:43:37.972
95.55734,30.38117,8.8,2.14,2023-04-11T02:34:44.738
96.21386,30.71179,9.77,-0.02,2023-04-11T03:47:49.898
96.2463,30.80652,9.58,0.26,2023-04-11T03:49:07.672
96.23952,30.79365,10.53,-0.14,2023-04-11T04:45:06.205
94.84977,30.31305,7.56,1.01,2023-04-11T05:24:08.990
96.23951,30.79336,10.28,0.47,2023-04-11T05:40:36.994
95.55768,30.38195,8.74,0.8,2023-04-11T06:33:44.365
95.15101,29.83884,8.54,1.27,2023-04-11T06:35:20.872
96.23705,30.79225,9.32,0.27,2023-04-11T06:36:29.506
96.25209,30.80422,9.04,0.54,2023-04-11T07:54:43.887
96.37785,30.30412,6.04,0.38,2023-04-11T08:01:16.246
96.32943,30.36057,7.91,0.41,2023-04-11T08:46:11.530
96.23869,30.80202,9.2,0.52,2023-04-11T08:51:01.661
95.55828,30.38157,8.94,0.77,2023-04-11T09:40:17.297
96.23716,30.79158,9.25,0.29,2023-04-11T10:09:08.639
94.85006,30.313,7.63,0.63,2023-04-11T10:32:17.397
96.23986,30.78937,11.91,0.28,2023-04-11T12:05:51.725
96.23926,30.79326,10.22,0.57,2023-04-11T13:14:17.156
96.23925,30.79292,10.38,0.2,2023-04-11T13:24:57.222
96.23897,30.7927,10.36,-0.07,2023-04-11T13:45:23.834
96.23686,30.78746,10.62,0.25,2023-04-11T13:52:06.686
96.23688,30.78532,10.83,0.15,2023-04-11T13:53:19.361
96.71979,31.31463,8.37,0.57,2023-04-11T14:00:26.825
96.24529,30.80509,9.68,0.31,2023-04-11T14:10:23.921
96.25401,30.80493,9.18,-0.05,2023-04-11T15:34:00.675
96.25414,30.80545,9.0,-0.19,2023-04-11T15:35:00.002
94.90054,29.11544,10.71,0.97,2023-04-11T15:35:28.300
95.06284,31.75054,8.18,0.22,2023-04-11T15:45:29.464
96.23854,30.79236,9.43,-0.1,2023-04-11T16:16:24.543
96.23338,30.79305,11.31,-0.52,2023-04-11T17:06:16.542
94.85913,31.09436,13.99,0.91,2023-04-11T17:26:37.232
96.25172,30.80381,9.31,-0.21,2023-04-11T17:39:34.363
96.23647,30.78412,10.99,0.39,2023-04-11T17:41:00.144
96.23963,30.79426,10.26,-0.15,2023-04-11T18:06:46.370
96.93029,31.07409,12.1,0.14,2023-04-11T18:25:24.836
96.25195,30.80345,9.26,0.14,2023-04-11T18:47:09.543
96.22802,30.78928,12.2,0.37,2023-04-11T19:04:04.272
96.23667,30.78426,10.92,-0.09,2023-04-11T19:33:59.942
96.25217,30.80445,9.01,-0.23,2023-04-11T19:47:37.967
96.23887,30.7868,12.3,-0.01,2023-04-11T19:51:56.442
96.24031,30.78378,10.99,-0.39,2023-04-11T20:19:17.701
96.22794,30.78932,12.01,0.25,2023-04-11T20:37:46.883
96.24547,30.80622,9.54,-0.28,2023-04-11T20:38:14.204
96.25182,30.80407,9.39,-0.02,2023-04-11T20:39:02.872
96.22802,30.78911,12.18,-0.22,2023-04-11T20:40:59.907
96.2487,30.80943,10.16,1.83,2023-04-11T20:49:02.310
96.21595,30.71301,9.49,0.07,2023-04-11T20:54:54.402
96.2487,30.80904,10.11,-0.29,2023-04-11T20:55:30.186
96.25271,30.80535,8.98,0.04,2023-04-11T20:59:41.213
96.2524,30.80494,9.04,1.38,2023-04-11T21:03:22.954
96.24871,30.8061,6.81,2.04,2023-04-11T21:03:36.429
96.23667,30.78492,10.83,0.07,2023-04-11T21:49:22.401
96.24163,30.79964,9.95,0.52,2023-04-11T21:52:04.310
96.25282,30.80531,9.03,-0.46,2023-04-11T22:15:20.300
95.73186,32.08468,10.16,1.64,2023-04-11T22:22:12.472
95.73228,32.08454,9.72,1.03,2023-04-11T22:28:36.240
96.23729,30.78577,10.82,0.09,2023-04-11T22:38:17.597
96.25556,30.80547,9.24,-0.02,2023-04-11T22:45:11.982
96.25312,30.80506,9.1,-0.22,2023-04-11T22:50:01.135
96.25235,30.80512,9.07,0.05,2023-04-11T22:53:37.132
95.73124,32.08421,9.82,1.44,2023-04-11T23:27:46.366
96.24161,30.79969,9.9,0.21,2023-04-12T00:21:31.916
96.22791,30.78923,12.2,0.46,2023-04-12T00:43:33.586
96.25242,30.80487,9.11,0.28,2023-04-12T00:44:36.286
96.25308,30.80518,9.11,0.1,2023-04-12T00:48:38.737
96.24206,30.79985,9.76,-0.03,2023-04-12T00:54:50.667
95.73298,32.08355,11.71,0.92,2023-04-12T01:04:20.965
96.23625,30.78593,13.55,0.17,2023-04-12T01:19:01.800
96.25344,30.80484,9.09,0.06,2023-04-12T02:31:25.674
94.90211,29.1178,10.27,0.84,2023-04-12T02:33:25.629
96.22808,30.78934,12.13,0.29,2023-04-12T03:04:58.397
96.24914,30.80987,11.12,0.37,2023-04-12T03:40:47.696
96.23957,30.80259,9.15,0.64,2023-04-12T04:44:20.964
96.2377,30.78768,10.99,0.45,2023-04-12T05:54:21.459
96.25306,30.80478,9.1,0.46,2023-04-12T07:40:07.291
96.22798,30.78934,12.2,0.82,2023-04-12T08:04:08.001
96.2489,30.80983,10.16,1.38,2023-04-12T09:08:51.527
96.25348,30.80465,9.21,0.06,2023-04-12T10:36:17.421
96.23656,30.78455,10.72,0.46,2023-04-12T10:50:17.975
96.23709,30.7914,9.35,0.17,2023-04-12T12:59:01.265
96.23663,30.7845,11.09,0.55,2023-04-12T13:45:03.782
96.2413,30.79905,9.9,-0.13,2023-04-12T13:56:17.733
96.21643,30.71562,9.72,-0.3,2023-04-12T14:43:15.531
96.24149,30.79984,9.76,0.31,2023-04-12T14:54:07.686
96.25326,30.80467,8.98,0.76,2023-04-12T15:08:45.092
96.22804,30.78944,12.22,0.76,2023-04-12T15:21:48.168
96.22934,30.78969,12.04,-0.21,2023-04-12T15:23:07.758
96.24908,30.80989,11.19,-0.24,2023-04-12T15:52:59.642
96.24783,30.80762,11.58,-0.09,2023-04-12T16:08:37.587
96.25346,30.80412,9.44,-0.05,2023-04-12T16:33:56.694
95.10096,29.94177,8.53,0.16,2023-04-12T18:20:07.585
95.09974,29.94173,8.65,0.29,2023-04-12T18:25:31.117
95.05726,31.80054,3.96,0.74,2023-04-12T18:28:13.542
96.25546,30.80295,9.72,-0.09,2023-04-12T19:27:35.463
96.24312,30.79737,12.17,0.23,2023-04-12T19:33:22.416
96.25151,30.8041,8.8,-0.02,2023-04-12T19:50:50.892
96.25189,30.80439,9.18,-0.04,2023-04-12T20:21:51.405
96.25223,30.8044,9.12,0.24,2023-04-12T20:25:35.723
96.22809,30.78975,12.15,-0.39,2023-04-12T20:26:41.521
96.25192,30.80402,9.18,-0.02,2023-04-12T20:31:53.248
94.54834,31.14543,7.79,0.19,2023-04-12T20:50:25.706
96.24911,30.80973,11.11,-0.05,2023-04-12T21:11:14.005
96.24398,30.80016,10.55,0.71,2023-04-12T21:15:45.070
96.97886,30.2569,8.39,0.86,2023-04-12T21:17:25.682
96.22785,30.78956,12.14,0.34,2023-04-12T21:19:35.362
94.54926,31.14567,7.47,0.08,2023-04-12T21:23:54.843
96.27896,30.80714,8.53,-0.42,2023-04-12T21:25:38.091
96.25364,30.8045,9.17,-0.59,2023-04-12T21:37:18.915
96.22778,30.7892,12.2,0.54,2023-04-12T22:00:40.170
96.25413,30.8047,9.12,-0.53,2023-04-12T22:19:50.141
96.25044,30.81358,11.04,-0.43,2023-04-12T22:56:38.744
96.23998,30.79499,9.92,-0.13,2023-04-12T23:14:34.662
96.23648,30.7854,10.8,-0.06,2023-04-12T23:15:43.708
96.23693,30.78439,10.85,0.12,2023-04-13T00:34:13.671
96.25392,30.80517,9.09,0.5,2023-04-13T00:43:23.542
96.25443,30.80491,9.18,-0.2,2023-04-13T00:47:18.233
96.25301,30.80354,9.32,0.89,2023-04-13T00:56:31.272
96.22867,30.79,12.06,0.43,2023-04-13T01:31:25.272
96.83232,31.15631,6.62,0.6,2023-04-13T01:38:05.135
96.2533,30.80505,9.01,0.19,2023-04-13T01:40:07.756
96.22793,30.78937,12.28,0.27,2023-04-13T03:56:42.039
96.25367,30.80467,9.31,0.05,2023-04-13T04:03:18.098
96.25269,30.80436,9.36,0.0,2023-04-13T04:11:31.636
96.22828,30.78922,12.27,0.25,2023-04-13T04:42:14.690
96.25316,30.80464,9.14,0.2,2023-04-13T05:27:15.015
96.22798,30.78909,12.21,0.44,2023-04-13T06:15:54.966
96.24136,30.78792,9.71,0.33,2023-04-13T07:02:11.565
96.25427,30.80455,9.19,0.07,2023-04-13T07:09:46.684
96.24609,30.80752,10.48,0.13,2023-04-13T09:03:43.092
96.22801,30.78956,12.14,0.43,2023-04-13T09:49:42.778
96.2383,30.78515,12.29,-0.12,2023-04-13T10:50:39.703
96.22796,30.78938,12.2,0.42,2023-04-13T11:06:48.004
96.24597,30.805,9.81,0.47,2023-04-13T11:10:41.230
96.2365,30.78417,11.02,1.23,2023-04-13T11:20:54.394
94.94433,29.92596,9.94,1.1,2023-04-13T11:34:51.971
96.23734,30.7839,10.36,0.08,2023-04-13T11:39:03.539
96.25344,30.80451,9.26,0.0,2023-04-13T11:49:16.585
96.2529,30.80427,9.45,-0.11,2023-04-13T11:53:54.584
96.24306,30.79584,11.19,0.52,2023-04-13T12:23:06.060
96.23878,30.79453,9.62,-0.09,2023-04-13T12:55:56.341
96.25407,30.80502,9.15,0.18,2023-04-13T12:56:12.494
96.22787,30.78909,12.22,0.28,2023-04-13T12:57:37.776
96.23802,30.79475,8.96,0.17,2023-04-13T13:04:53.585
96.22818,30.78972,12.09,-0.3,2023-04-13T13:19:30.680
96.2537,30.8049,9.21,-0.22,2023-04-13T13:24:03.551
96.2518,30.80538,8.74,0.19,2023-04-13T13:40:06.643
96.2535,30.80489,9.14,0.12,2023-04-13T13:44:49.756
96.23723,30.78038,11.62,0.35,2023-04-13T14:22:54.484
96.24357,30.79729,11.27,-0.24,2023-04-13T14:45:21.681
96.22816,30.78933,12.19,0.17,2023-04-13T14:46:07.338
96.25214,30.80449,9.12,-0.04,2023-04-13T14:46:21.555
96.252,30.80407,9.18,0.22,2023-04-13T15:52:46.598
94.53934,31.14086,13.24,0.66,2023-04-13T16:55:59.540
96.24783,30.81164,10.27,0.4,2023-04-13T17:11:57.113
96.23685,30.78667,10.66,0.27,2023-04-13T17:29:23.968
96.23632,30.78024,11.6,0.36,2023-04-13T18:07:55.461
96.21498,30.71431,9.18,0.06,2023-04-13T18:39:23.535
96.94518,30.30271,6.28,0.73,2023-04-13T18:47:48.046
94.53921,31.14137,12.95,0.63,2023-04-13T19:14:14.284
96.25053,30.81395,11.21,-0.15,2023-04-13T19:20:42.314
96.25344,30.80279,9.67,0.25,2023-04-13T19:23:00.510
95.19953,30.26424,9.27,0.27,2023-04-13T19:39:12.443
96.22793,30.78918,12.13,0.91,2023-04-13T19:45:53.641
96.23702,30.78068,11.47,-0.23,2023-04-13T20:11:53.331
96.26073,30.81482,6.97,-0.31,2023-04-13T20:41:02.613
96.23904,30.78723,12.23,-0.18,2023-04-13T20:45:13.333
94.89751,30.47526,7.58,0.21,2023-04-13T20:45:44.239
94.89751,30.47526,7.58,0.24,2023-04-13T20:46:01.009
96.25296,30.80492,9.34,0.03,2023-04-13T20:58:25.386
96.24458,30.80589,9.22,-0.44,2023-04-13T21:08:42.001
96.23632,30.78388,10.98,0.29,2023-04-13T21:09:41.866
96.25232,30.8045,9.17,-0.37,2023-04-13T21:12:38.482
96.25116,30.82363,10.45,-0.44,2023-04-13T21:14:36.212
95.0587,31.9684,8.05,0.33,2023-04-13T21:23:17.021
96.23445,30.78043,12.43,-0.25,2023-04-13T21:44:33.763
96.25289,30.82312,11.01,-0.44,2023-04-13T22:55:39.797
96.23954,30.79008,12.11,0.22,2023-04-13T22:58:08.423
96.25305,30.80454,9.04,-0.2,2023-04-13T23:14:24.520
96.24843,30.80876,11.03,1.05,2023-04-13T23:26:34.118
96.25372,30.8051,9.17,0.0,2023-04-13T23:48:01.375
96.23636,30.78309,10.94,0.36,2023-04-14T01:51:58.038
96.32939,30.36028,7.96,0.35,2023-04-14T02:20:13.330
96.2487,30.8098,10.63,0.56,2023-04-14T04:37:14.233
96.22839,30.78818,12.41,0.31,2023-04-14T04:55:19.036
96.23655,30.78307,10.9,-0.04,2023-04-14T05:02:53.058
96.22241,30.7878,13.25,0.22,2023-04-14T05:11:48.422
96.71994,31.31335,8.39,0.81,2023-04-14T05:18:46.274
94.54746,31.14517,8.33,1.77,2023-04-14T05:38:22.367
96.24959,30.81353,10.32,0.58,2023-04-14T07:11:17.296
96.2366,30.78347,10.93,0.37,2023-04-14T07:34:29.911
96.9312,31.07082,11.88,0.45,2023-04-14T08:08:31.341
96.25211,30.80456,9.11,0.81,2023-04-14T08:22:36.254
96.25168,30.80454,9.2,0.01,2023-04-14T08:28:37.852
96.2493,30.8105,11.24,0.7,2023-04-14T08:37:24.230
96.38787,30.31293,11.76,0.69,2023-04-14T08:38:04.068
94.89703,30.47601,7.29,0.24,2023-04-14T08:38:24.861
96.23622,30.78321,10.82,0.31,2023-04-14T09:52:34.786
94.90161,29.11665,10.51,1.68,2023-04-14T10:24:39.976
96.25222,30.80425,9.26,0.04,2023-04-14T11:16:16.931
96.2329,30.78378,11.29,0.06,2023-04-14T12:15:07.681
96.25231,30.81838,6.89,-0.28,2023-04-14T12:56:08.533
96.23125,30.78951,11.8,0.34,2023-04-14T13:23:59.199
96.23002,30.79016,11.26,0.3,2023-04-14T13:43:15.674
94.53964,31.1409,12.92,0.88,2023-04-14T13:51:35.992
96.25218,30.80502,8.99,0.18,2023-04-14T14:49:56.216
96.24905,30.81394,10.28,0.15,2023-04-14T15:59:06.389
96.22764,30.78895,12.2,0.32,2023-04-14T16:07:42.674
96.23814,30.79178,9.28,-0.28,2023-04-14T16:14:46.266
94.53636,30.46911,6.19,-0.08,2023-04-14T16:20:06.030
94.53748,31.13946,14.22,0.67,2023-04-14T16:34:21.832
96.24979,30.81042,11.22,0.25,2023-04-14T16:37:49.328
94.89747,30.4753,7.58,0.18,2023-04-14T16:39:04.409
94.53948,31.14014,12.83,0.11,2023-04-14T16:45:25.258
96.22798,30.78928,12.23,0.6,2023-04-14T16:49:10.337
96.25312,30.80432,9.27,-0.07,2023-04-14T17:09:30.817
96.25152,30.80422,9.07,0.26,2023-04-14T17:17:54.598
96.25182,30.80424,9.1,0.04,2023-04-14T17:21:03.944
96.25174,30.80443,9.04,0.05,2023-04-14T17:45:38.627
95.09934,31.07402,9.99,1.18,2023-04-14T18:12:23.676
96.22839,30.78943,12.27,-0.26,2023-04-14T18:18:16.019
96.25487,30.8055,9.12,0.04,2023-04-14T19:48:39.764
94.54755,31.14434,8.3,1.07,2023-04-14T20:00:50.923
96.25112,30.81365,11.14,-0.12,2023-04-14T20:09:17.474
96.25301,30.80354,9.5,0.23,2023-04-14T20:19:03.173
96.25287,30.80342,9.56,-0.25,2023-04-14T20:32:06.405
96.23698,30.78567,10.7,0.04,2023-04-14T20:39:32.997
96.22785,30.78968,12.13,-0.29,2023-04-14T20:45:22.170
96.22792,30.78936,12.19,0.29,2023-04-14T21:15:53.952
96.24015,30.79446,9.64,-0.17,2023-04-14T21:22:48.747
96.25265,30.80344,9.38,0.26,2023-04-14T21:23:29.272
96.22781,30.78975,12.13,-0.26,2023-04-14T21:25:19.321
96.25226,30.80528,9.19,-0.09,2023-04-14T21:45:01.389
96.22826,30.78971,12.24,-0.25,2023-04-14T21:58:41.020
96.25091,30.81386,11.08,-0.12,2023-04-14T22:03:17.825
96.25105,30.81367,11.1,0.22,2023-04-14T22:07:47.241
96.71935,31.31438,8.57,0.48,2023-04-14T22:08:00.227
96.24319,30.79611,11.46,0.07,2023-04-14T22:14:02.523
96.25181,30.8042,9.08,-0.06,2023-04-14T22:31:10.906
96.2242,30.78866,12.64,-0.25,2023-04-14T22:35:01.628
96.9337,30.73235,12.29,-0.01,2023-04-14T22:37:19.506
96.24952,30.81435,10.64,0.09,2023-04-14T22:40:02.019
96.25479,30.80517,9.15,-0.17,2023-04-14T23:13:47.832
96.25209,30.80454,9.14,0.39,2023-04-15T03:05:12.667
96.22779,30.78922,12.36,0.28,2023-04-15T03:22:54.621
93.67486,30.23539,6.83,1.92,2023-04-15T05:18:37.392
96.22631,30.79162,13.1,0.44,2023-04-15T06:01:40.664
96.24967,30.81035,11.24,0.34,2023-04-15T06:38:29.466
96.23948,30.79456,9.8,0.16,2023-04-15T08:00:17.574
96.23712,30.79237,9.37,0.45,2023-04-15T08:02:49.591
96.24848,30.8109,9.73,0.03,2023-04-15T09:03:12.230
96.94496,30.30279,6.14,1.72,2023-04-15T09:36:12.603
96.94503,30.30234,6.12,0.78,2023-04-15T10:07:15.058
94.54836,31.14481,7.76,1.2,2023-04-15T10:19:29.459
96.94492,30.3033,6.33,0.81,2023-04-15T10:26:47.588
96.6303,29.83109,11.78,1.1,2023-04-15T10:56:47.872
96.6303,29.83112,11.81,1.51,2023-04-15T10:57:04.399
96.23869,30.79281,9.83,-0.06,2023-04-15T12:02:41.266
96.24669,30.80717,9.67,1.54,2023-04-15T12:26:09.939
96.24628,30.80686,9.47,0.22,2023-04-15T12:26:44.908
96.24683,30.80798,9.6,0.72,2023-04-15T12:27:29.070
96.24652,30.80762,9.64,0.77,2023-04-15T12:27:53.926
96.24594,30.80723,9.61,0.51,2023-04-15T13:40:23.433
96.21388,30.71463,9.5,0.09,2023-04-15T14:32:49.270
96.24678,30.80724,9.87,0.3,2023-04-15T14:38:26.976
96.21453,30.71495,9.43,0.33,2023-04-15T14:39:22.824
96.63012,29.83147,11.68,1.78,2023-04-15T15:01:58.382
96.62962,29.83081,11.77,1.14,2023-04-15T15:03:32.346
96.63012,29.83147,11.68,1.88,2023-04-15T15:11:28.442
96.23634,30.78394,11.02,0.46,2023-04-15T15:35:26.057
96.62992,29.83173,11.57,0.87,2023-04-15T15:53:26.640
96.25219,30.80294,9.48,-0.07,2023-04-15T16:08:55.005
96.21426,30.71514,9.42,0.34,2023-04-15T16:19:23.086
96.24606,30.80692,9.62,-0.32,2023-04-15T16:21:03.200
96.94529,30.30372,5.9,0.88,2023-04-15T16:25:16.270
96.21396,30.71432,9.52,0.2,2023-04-15T16:28:31.268
96.62835,29.83129,11.48,1.13,2023-04-15T16:32:03.303
96.63062,29.83193,11.69,1.2,2023-04-15T16:38:03.745
96.21435,30.71459,9.47,0.17,2023-04-15T16:39:36.988
96.63111,29.83214,11.68,0.86,2023-04-15T16:40:52.557
96.23627,30.78362,11.06,-0.03,2023-04-15T16:42:51.833
96.6305,29.83189,11.72,1.26,2023-04-15T16:52:16.849
96.96602,29.9981,12.01,0.98,2023-04-15T17:05:44.448
96.96607,29.9981,11.99,1.9,2023-04-15T17:06:39.677
96.23895,30.79405,9.32,-0.04,2023-04-15T17:10:00.769
96.62988,29.83182,11.72,1.29,2023-04-15T17:21:11.599
96.62975,29.83103,11.78,2.08,2023-04-15T17:21:33.690
96.62935,29.83045,11.72,0.46,2023-04-15T17:36:09.399
96.96598,29.99809,12.0,0.93,2023-04-15T17:37:48.919
96.96675,29.99799,11.84,1.05,2023-04-15T17:41:32.725
96.63092,29.83246,10.72,0.86,2023-04-15T17:45:40.217
96.63164,29.83093,11.74,0.45,2023-04-15T17:48:34.620
96.23889,30.79397,9.37,0.02,2023-04-15T18:16:46.195
96.23707,30.78454,10.7,-0.02,2023-04-15T18:20:34.912
96.25084,30.80387,9.13,-0.33,2023-04-15T18:23:16.562
96.23619,30.78419,11.0,0.27,2023-04-15T18:34:43.257
96.94518,30.30327,6.42,1.28,2023-04-15T18:35:30.708
94.58517,30.3282,8.66,0.49,2023-04-15T18:58:05.477
96.25476,30.82407,7.6,-0.14,2023-04-15T18:58:53.214
96.6293,29.83108,11.79,1.03,2023-04-15T19:01:18.345
94.58472,30.32815,8.65,0.77,2023-04-15T19:03:55.012
96.24052,30.79376,9.3,0.43,2023-04-15T19:29:13.687
96.24049,30.79376,9.28,0.4,2023-04-15T19:32:26.938
96.6293,29.83062,11.76,0.29,2023-04-15T19:35:52.471
96.36284,30.09523,8.63,0.17,2023-04-15T19:43:04.306
96.24807,30.80928,9.73,0.01,2023-04-15T19:57:08.397
96.24394,30.79863,11.23,0.2,2023-04-15T20:04:56.820
96.23935,30.79508,9.4,0.02,2023-04-15T20:13:13.225
96.62939,29.83039,11.82,0.36,2023-04-15T20:43:13.486
96.21442,30.71525,9.51,0.16,2023-04-15T20:45:45.311
96.24444,30.80197,10.67,-0.14,2023-04-15T20:53:39.325
96.6288,29.83026,11.74,0.26,2023-04-15T21:06:35.990
96.63042,29.83185,11.71,1.32,2023-04-15T21:16:46.548
96.23683,30.78309,11.12,0.44,2023-04-15T22:30:43.842
96.25098,30.81307,12.23,-0.06,2023-04-15T23:36:01.669
96.23651,30.78303,10.92,-0.3,2023-04-15T23:37:08.045
96.83195,31.15574,6.63,0.66,2023-04-15T23:48:26.814
96.23933,30.79509,9.28,0.44,2023-04-16T00:31:16.774
95.06803,31.85773,6.04,1.04,2023-04-16T01:40:17.068
96.214,30.71487,9.47,0.29,2023-04-16T01:41:48.296
96.63008,29.83086,11.72,1.16,2023-04-16T01:50:30.118
96.21455,30.71504,9.48,1.18,2023-04-16T01:56:00.080
96.22202,30.72014,9.17,-0.13,2023-04-16T04:04:45.629
96.24826,30.80909,11.62,-0.06,2023-04-16T04:20:27.436
96.9334,30.73235,12.32,0.46,2023-04-16T05:46:22.445
96.32961,30.36094,8.17,0.45,2023-04-16T07:12:58.232
94.85912,31.09279,13.83,1.55,2023-04-16T08:48:50.200
95.04227,29.84736,7.32,1.43,2023-04-16T08:55:31.394
96.3869,30.31176,11.67,0.67,2023-04-16T09:03:30.607
96.24968,30.81466,10.61,0.41,2023-04-16T09:05:54.737
96.23754,30.79237,9.26,0.55,2023-04-16T09:08:27.761
96.24025,30.78981,11.96,0.04,2023-04-16T10:00:30.380
96.21411,30.71467,9.45,0.13,2023-04-16T10:05:39.336
96.22923,30.78955,12.04,0.28,2023-04-16T12:21:31.480
96.23768,30.78897,2.64,2.47,2023-04-16T12:45:13.508
95.06803,31.85773,6.04,0.93,2023-04-16T13:02:13.349
94.90099,29.11561,10.46,0.94,2023-04-16T14:35:20.846
96.23728,30.79156,9.46,0.59,2023-04-16T15:59:12.199
96.24805,30.80659,11.94,-0.33,2023-04-16T16:29:13.861
96.2432,30.79687,11.32,0.32,2023-04-16T16:46:16.826
94.58569,30.32771,8.7,0.66,2023-04-16T17:31:09.105
94.58515,30.32787,8.69,0.5,2023-04-16T17:31:39.245
96.23974,30.79446,9.27,-0.25,2023-04-16T17:35:25.734
96.21445,30.71508,9.43,0.01,2023-04-16T17:35:55.084
94.58597,30.32777,8.66,0.46,2023-04-16T17:41:01.066
96.21423,30.71445,9.48,0.01,2023-04-16T17:43:23.063
96.23729,30.79159,9.38,0.33,2023-04-16T18:28:05.103
96.21443,30.71519,9.51,0.0,2023-04-16T18:54:08.392
96.21422,30.71504,9.45,0.23,2023-04-16T18:58:25.150
96.23749,30.78801,9.78,-0.11,2023-04-16T19:32:56.612
96.24392,30.79981,10.69,-0.4,2023-04-16T20:23:45.938
96.23672,30.78403,11.14,-0.43,2023-04-16T20:25:39.166
96.23695,30.79142,9.45,0.41,2023-04-16T20:34:44.524
96.24031,30.79263,7.96,0.09,2023-04-16T20:38:35.630
96.22815,30.7891,12.16,0.3,2023-04-16T20:53:44.366
94.93283,29.92152,9.85,0.89,2023-04-16T21:12:11.820
96.21416,30.71497,9.38,-0.01,2023-04-16T21:19:10.649
94.94472,29.92596,10.11,0.61,2023-04-16T21:20:20.095
96.21449,30.71511,9.46,0.31,2023-04-16T21:48:32.914
96.21432,30.71464,9.45,0.16,2023-04-16T22:26:43.058
96.23647,30.78322,10.99,0.05,2023-04-16T22:30:20.305
96.25533,30.82535,7.72,-0.13,2023-04-16T22:39:41.793
96.23712,30.7917,9.54,0.36,2023-04-16T22:41:48.060
96.23701,30.79145,9.55,0.39,2023-04-16T22:47:27.200
96.23649,30.78321,11.0,1.15,2023-04-16T23:13:44.354
96.21433,30.71555,9.38,0.15,2023-04-16T23:26:40.365
96.21393,30.71516,9.51,0.25,2023-04-17T00:14:13.314
96.24832,30.8092,11.56,0.24,2023-04-17T01:02:34.874
96.23927,30.79518,9.24,2.08,2023-04-17T02:48:59.978
96.23927,30.79392,9.41,0.37,2023-04-17T02:53:31.923
96.24004,30.79376,9.36,0.83,2023-04-17T03:25:55.879
96.23652,30.78326,10.9,-0.15,2023-04-17T03:41:32.711
96.37964,30.30583,6.58,0.38,2023-04-17T04:14:53.379
96.23659,30.78535,10.99,0.49,2023-04-17T04:36:38.829
94.93678,29.95023,9.36,1.11,2023-04-17T06:05:21.494
96.24146,30.79959,10.05,0.27,2023-04-17T06:16:25.615
94.93626,29.95086,9.64,0.89,2023-04-17T06:33:11.421
94.93627,29.95045,9.51,1.31,2023-04-17T06:51:18.207
94.93629,29.95081,9.41,0.9,2023-04-17T07:01:57.595
94.54915,31.1443,7.74,1.54,2023-04-17T07:16:17.442
96.2392,30.79575,9.89,-0.14,2023-04-17T07:22:16.939
96.24376,30.80096,11.18,0.12,2023-04-17T07:24:00.290
96.24987,30.80521,8.93,0.57,2023-04-17T07:50:29.798
96.24797,30.81053,10.36,0.3,2023-04-17T07:51:52.237
96.24795,30.81054,10.34,0.35,2023-04-17T07:56:31.437
96.21455,30.71516,9.53,0.31,2023-04-17T08:13:31.686
96.23915,30.79445,9.24,0.38,2023-04-17T08:54:45.315
96.25808,30.80603,13.26,0.39,2023-04-17T10:58:47.872
96.25817,30.80637,13.26,0.42,2023-04-17T11:01:52.262
96.23709,30.79231,9.44,0.19,2023-04-17T11:56:39.230
96.25778,30.80618,13.33,0.75,2023-04-17T12:31:17.809
96.25778,30.80616,13.33,0.34,2023-04-17T12:32:47.809
95.0718,31.9649,7.2,0.91,2023-04-17T13:25:01.108
96.25778,30.80589,13.38,1.0,2023-04-17T14:00:54.906
96.21585,30.71652,9.17,0.53,2023-04-17T14:02:31.436
96.25771,30.80575,13.27,0.16,2023-04-17T14:11:24.479
96.21402,30.71568,9.44,0.21,2023-04-17T14:50:46.444
96.25867,30.8059,13.23,0.12,2023-04-17T15:05:35.122
94.548,31.1447,8.34,1.51,2023-04-17T15:37:18.102
95.10276,31.23887,10.11,-0.41,2023-04-17T16:04:08.360
96.25808,30.80628,13.43,0.11,2023-04-17T16:07:08.556
96.2142,30.71479,9.48,0.41,2023-04-17T16:25:16.313
96.21435,30.71449,9.47,0.21,2023-04-17T16:30:54.366
96.21429,30.71476,9.45,0.09,2023-04-17T16:36:08.232
96.23684,30.78554,10.73,-0.05,2023-04-17T17:19:04.713
96.21432,30.715,9.37,0.0,2023-04-17T17:23:52.379
96.21464,30.7149,9.41,0.26,2023-04-17T17:31:48.259
96.21426,30.71491,9.44,0.29,2023-04-17T17:44:07.238
95.10193,31.239,10.09,0.47,2023-04-17T17:46:27.862
94.62196,28.84224,10.95,1.19,2023-04-17T17:58:09.242
95.10249,31.23912,10.04,-0.14,2023-04-17T18:14:21.353
94.9349,29.95089,9.56,0.73,2023-04-17T18:55:52.506
96.23927,30.79518,9.24,0.59,2023-04-17T18:56:29.429
96.23666,30.78542,10.81,0.11,2023-04-17T18:57:08.344
96.25788,30.80589,13.25,0.26,2023-04-17T18:58:18.357
95.73125,32.08414,9.9,0.94,2023-04-17T19:19:28.339
96.21461,30.71522,9.38,0.0,2023-04-17T19:32:02.113
96.21443,30.71468,9.48,0.04,2023-04-17T19:37:05.487
94.85896,31.09246,13.84,0.89,2023-04-17T19:49:41.886
96.21452,30.71453,9.43,-0.02,2023-04-17T20:07:05.735
94.93497,29.95084,9.57,1.14,2023-04-17T20:22:50.666
96.24816,30.80855,10.99,0.29,2023-04-17T20:55:43.498
96.24958,30.81373,10.31,0.18,2023-04-17T20:58:52.291
96.23653,30.78017,11.72,0.32,2023-04-17T21:16:19.022
96.24904,30.809,11.36,-0.01,2023-04-17T21:18:06.734
96.94509,30.30197,6.39,0.84,2023-04-17T21:22:19.428
96.23907,30.78608,12.08,0.0,2023-04-17T21:51:06.823
96.25062,30.80357,9.15,-0.07,2023-04-17T21:56:03.779
96.23884,30.79442,9.36,0.33,2023-04-17T22:09:07.799
96.2145,30.71507,9.49,0.36,2023-04-17T22:24:40.877
96.21426,30.71472,9.52,0.7,2023-04-17T23:04:51.703
96.32978,30.36083,8.16,0.44,2023-04-18T01:00:55.597
96.21444,30.71496,9.44,0.73,2023-04-18T01:31:04.990
96.21485,30.71545,9.44,0.1,2023-04-18T02:27:05.994
95.11711,29.7946,10.74,1.9,2023-04-18T04:04:10.677
96.94419,30.30355,6.1,0.95,2023-04-18T04:08:25.757
94.51728,31.88686,6.07,1.19,2023-04-18T04:56:28.770
96.24644,30.80721,11.71,0.85,2023-04-18T06:34:32.124
94.94134,29.90228,9.92,1.04,2023-04-18T08:07:39.221
96.24635,30.80478,11.64,0.39,2023-04-18T08:26:51.077
95.0999,31.23936,10.39,0.41,2023-04-18T08:27:29.092
94.94143,29.90245,9.65,0.95,2023-04-18T08:34:19.736
96.25227,30.8044,9.12,0.28,2023-04-18T10:54:19.322
96.24844,30.81137,9.78,-0.2,2023-04-18T11:00:32.573
96.23654,30.78405,10.95,0.06,2023-04-18T11:06:18.939
96.26385,30.8604,13.08,0.36,2023-04-18T11:34:40.172
96.2521,30.80444,9.03,1.35,2023-04-18T11:59:59.526
96.25217,30.80427,9.09,0.29,2023-04-18T12:22:45.227
96.21426,30.71482,9.44,0.87,2023-04-18T12:33:21.853
96.25177,30.80423,9.06,0.21,2023-04-18T12:44:10.648
96.24638,30.80725,11.69,0.83,2023-04-18T12:57:25.869
96.23711,30.78555,10.86,-0.01,2023-04-18T13:41:42.970
96.24796,30.81189,9.58,0.23,2023-04-18T13:51:51.607
96.24977,30.80462,9.08,0.03,2023-04-18T14:06:06.770
96.24189,30.80461,12.54,0.26,2023-04-18T14:44:34.931
95.09988,31.23942,10.32,0.5,2023-04-18T16:16:42.174
96.25175,30.80452,9.21,-0.13,2023-04-18T16:27:05.752
94.94134,29.90228,9.92,1.1,2023-04-18T16:41:53.842
96.25232,30.80403,9.19,0.05,2023-04-18T17:23:21.051
96.25288,30.80429,9.19,0.07,2023-04-18T17:29:51.757
96.25739,30.80649,13.01,0.04,2023-04-18T17:45:56.032
96.25294,30.80458,9.17,0.19,2023-04-18T17:54:18.425
96.21791,30.71677,9.72,-0.09,2023-04-18T17:59:03.006
96.2145,30.715,9.48,0.23,2023-04-18T18:08:02.080
96.23668,30.78445,10.99,0.24,2023-04-18T18:13:27.509
96.23919,30.79331,10.18,0.37,2023-04-18T18:33:50.968
96.2376,30.78772,10.99,0.32,2023-04-18T18:47:56.996
96.36228,30.09481,8.89,0.79,2023-04-18T18:59:55.401
96.2363,30.78984,10.28,-0.17,2023-04-18T19:04:47.138
96.24067,30.79484,9.75,-0.3,2023-04-18T19:34:09.944
96.23742,30.78631,10.75,0.17,2023-04-18T19:50:30.542
96.23964,30.79457,10.17,-0.36,2023-04-18T20:03:20.861
96.24028,30.79605,11.67,-0.39,2023-04-18T20:09:28.187
96.92937,31.07587,12.08,0.14,2023-04-18T22:07:55.860
96.24806,30.80958,9.99,0.2,2023-04-18T22:31:48.117
96.24305,30.79703,11.14,-0.14,2023-04-18T23:52:40.587
96.25773,30.80605,13.42,0.16,2023-04-18T23:57:30.968
96.24204,30.8054,12.08,0.89,2023-04-19T00:37:05.649
96.2143,30.71596,9.23,0.9,2023-04-19T01:14:46.626
96.21487,30.71675,9.12,1.35,2023-04-19T01:19:58.401
96.22701,30.79012,12.17,0.69,2023-04-19T01:33:06.752
96.21179,30.7128,9.17,0.22,2023-04-19T02:15:50.929
96.21449,30.7164,9.2,0.37,2023-04-19T02:17:15.161
96.21454,30.71623,9.18,0.26,2023-04-19T02:33:40.108
96.21451,30.71631,9.23,0.49,2023-04-19T03:06:18.280
96.23809,30.78534,10.72,0.62,2023-04-19T03:34:43.534
96.25042,30.80463,9.05,0.56,2023-04-19T04:02:06.839
96.23806,30.78561,10.8,0.49,2023-04-19T04:28:12.397
96.25044,30.80448,9.18,-0.15,2023-04-19T05:14:17.965
94.9064,29.88746,9.51,1.06,2023-04-19T05:38:01.192
96.23803,30.78551,10.9,-0.03,2023-04-19T07:33:56.400
96.21437,30.71604,9.12,0.4,2023-04-19T09:12:32.251
96.24928,30.79616,10.89,0.29,2023-04-19T10:04:39.173
95.0485,31.8995,8.01,1.16,2023-04-19T10:34:33.717
94.51399,31.88867,6.72,1.19,2023-04-19T10:44:19.456
94.51591,31.88763,6.57,1.47,2023-04-19T10:50:16.029
94.90652,29.88733,9.42,1.54,2023-04-19T11:21:58.493
96.25122,30.80478,8.95,0.02,2023-04-19T11:37:33.720
94.90564,29.8873,9.31,1.13,2023-04-19T13:11:25.929
96.24365,30.80649,12.45,-0.17,2023-04-19T13:48:03.908
94.51575,31.88751,6.5,1.44,2023-04-19T14:09:47.546
94.51623,31.88737,6.64,1.13,2023-04-19T14:14:24.715
96.2425,30.80537,12.01,0.3,2023-04-19T14:48:19.369
96.23797,30.78556,10.93,0.33,2023-04-19T15:39:25.519
96.25141,30.80524,8.87,-0.39,2023-04-19T16:08:54.513
96.23747,30.78511,10.78,-0.26,2023-04-19T16:22:36.469
96.24721,30.81286,10.54,0.46,2023-04-19T16:58:09.355
96.21434,30.71609,9.24,0.35,2023-04-19T17:01:44.454
96.2404,30.80332,8.49,-0.01,2023-04-19T17:16:57.779
94.90671,29.88756,9.51,0.68,2023-04-19T17:18:52.982
96.23825,30.78856,10.62,-0.09,2023-04-19T17:24:08.687
96.23825,30.78856,10.52,-0.05,2023-04-19T17:26:20.854
96.25151,30.8045,9.14,-0.02,2023-04-19T18:02:45.046
94.90673,29.88765,9.6,0.68,2023-04-19T18:41:19.507
95.04845,31.89947,8.02,0.79,2023-04-19T19:03:15.418
96.23831,30.78374,10.93,0.33,2023-04-19T19:45:45.118
96.23882,30.78722,10.54,0.17,2023-04-19T19:49:05.650
96.2381,30.78403,10.88,-0.28,2023-04-19T19:57:15.535
96.25149,30.80489,8.96,0.65,2023-04-19T20:15:05.183
96.25075,30.80529,8.91,0.26,2023-04-19T20:24:28.734
94.51521,31.88848,6.81,1.08,2023-04-19T21:15:22.468
94.98815,31.91612,7.4,0.63,2023-04-19T21:17:41.220
94.98928,31.92321,6.22,0.69,2023-04-19T21:19:18.396
94.51608,31.88847,6.66,1.42,2023-04-19T21:23:15.383
95.10266,31.24058,9.77,0.72,2023-04-19T21:27:27.262
96.24061,30.79818,9.76,0.16,2023-04-19T21:30:22.420
95.10316,31.24072,9.79,-0.04,2023-04-19T21:35:27.081
96.24028,30.79801,12.85,0.12,2023-04-19T22:28:51.590
96.25134,30.80457,9.01,0.26,2023-04-19T22:30:46.123
94.53951,31.14422,8.31,0.9,2023-04-19T22:54:11.303
96.23786,30.78401,10.89,0.49,2023-04-19T23:11:16.885
96.25063,30.80424,9.18,0.28,2023-04-19T23:24:24.202
96.2182,30.718,9.04,0.08,2023-04-20T02:02:02.236
96.23767,30.7924,9.11,0.28,2023-04-20T02:21:13.494
96.22211,30.71887,8.66,0.28,2023-04-20T02:55:29.942
96.23917,30.7966,8.86,0.38,2023-04-20T05:48:40.710
96.21485,30.71569,9.57,0.56,2023-04-20T06:29:55.620
96.25213,30.80503,9.12,0.11,2023-04-20T07:14:50.771
96.23994,30.80156,8.38,0.22,2023-04-20T07:17:51.182
94.51541,31.88609,6.66,1.17,2023-04-20T12:42:49.693
96.23906,30.7898,10.98,0.08,2023-04-20T12:43:44.482
96.23914,30.78947,11.06,0.19,2023-04-20T13:24:03.984
96.23787,30.78991,11.24,0.18,2023-04-20T13:28:27.801
96.23703,30.78537,10.92,0.22,2023-04-20T13:40:23.117
96.23733,30.78515,10.88,0.19,2023-04-20T13:52:32.502
96.24421,30.79841,11.3,-0.23,2023-04-20T15:07:48.368
96.25063,30.80549,9.19,-0.09,2023-04-20T16:16:36.239
96.25055,30.80453,9.31,0.38,2023-04-20T16:20:08.807
96.23779,30.78518,10.66,0.32,2023-04-20T16:39:18.853
96.24968,30.80446,8.98,-0.24,2023-04-20T16:58:20.193
94.98772,31.92661,6.1,1.09,2023-04-20T17:22:49.693
94.98746,31.92736,6.03,0.87,2023-04-20T17:26:54.994
94.54031,31.14402,8.65,1.32,2023-04-20T17:53:44.517
96.24002,30.79458,9.9,-0.29,2023-04-20T20:09:18.257
94.63713,31.89838,4.84,1.28,2023-04-20T20:11:06.112
94.51541,31.88819,6.38,1.14,2023-04-20T20:23:24.967
96.24246,30.79979,10.29,0.28,2023-04-20T20:51:58.600
95.04817,31.89983,7.86,0.72,2023-04-20T22:16:42.393
95.10255,31.24068,9.92,0.44,2023-04-20T22:38:25.562
95.10273,31.24072,9.83,0.33,2023-04-20T22:46:01.349
96.24689,30.80418,11.45,1.47,2023-04-20T22:51:00.560
94.51626,31.88932,6.92,1.01,2023-04-21T00:19:21.313
96.23856,30.8014,9.24,-0.03,2023-04-21T01:28:35.880
96.24173,30.78578,10.34,0.56,2023-04-21T02:09:58.517
96.23861,30.80143,9.2,0.01,2023-04-21T02:13:12.503
96.23776,30.79056,9.55,0.25,2023-04-21T02:53:36.498
96.23838,30.78468,12.51,0.05,2023-04-21T04:09:54.913
96.25467,30.80206,9.83,-0.13,2023-04-21T07:39:59.722
94.99128,31.92891,4.93,1.37,2023-04-21T08:43:23.173
96.24093,30.79125,11.64,-0.08,2023-04-21T10:09:04.371
96.32827,30.35994,7.87,0.37,2023-04-21T10:11:22.044
94.51631,31.88891,6.18,1.08,2023-04-21T11:45:09.157
96.25392,30.80303,9.51,-0.06,2023-04-21T13:14:06.625
96.25337,30.80371,9.51,0.25,2023-04-21T13:16:53.700
96.25298,30.80324,9.6,0.78,2023-04-21T13:39:50.621
96.26061,30.8149,6.73,-0.02,2023-04-21T13:59:12.877
96.23653,30.78497,10.87,0.4,2023-04-21T14:23:23.295
96.2357,30.78507,10.91,0.36,2023-04-21T14:59:18.834
96.23626,30.78504,10.83,0.18,2023-04-21T15:37:10.717
96.25044,30.80387,9.32,-0.24,2023-04-21T15:48:28.947
96.25423,30.8038,9.34,0.08,2023-04-21T15:52:16.902
96.24085,30.78996,11.89,0.06,2023-04-21T16:43:34.067
96.25301,30.803,9.65,0.08,2023-04-21T16:57:37.790
96.25424,30.81959,6.85,0.26,2023-04-21T17:14:57.959
96.2359,30.78541,10.68,-0.14,2023-04-21T18:15:12.827
94.53875,31.14007,12.57,0.74,2023-04-21T18:31:29.856
96.27565,30.80374,8.8,-0.13,2023-04-21T18:39:12.595
96.24127,30.80473,12.5,0.33,2023-04-21T18:44:40.070
96.27899,30.80789,8.48,-0.09,2023-04-21T18:46:06.831
96.27899,30.80789,8.48,-0.03,2023-04-21T18:48:43.011
96.27872,30.80776,8.4,-0.1,2023-04-21T18:55:41.157
96.27899,30.80789,8.48,0.02,2023-04-21T18:57:15.111
96.23562,30.78492,13.54,0.32,2023-04-21T19:06:16.537
96.23521,30.78852,13.88,0.28,2023-04-21T19:10:06.258
96.41246,31.24087,12.05,0.26,2023-04-21T19:19:47.408
96.23653,30.78511,10.88,0.39,2023-04-21T19:24:21.036
96.23614,30.78518,10.89,0.35,2023-04-21T19:24:52.403
96.25329,30.80346,9.58,0.34,2023-04-21T19:39:44.284
96.23672,30.78505,10.8,0.27,2023-04-21T20:05:11.166
96.23608,30.78466,10.87,0.84,2023-04-21T20:26:11.579
96.41212,31.24067,11.98,-0.09,2023-04-21T20:31:00.896
96.24985,30.81439,10.51,-0.19,2023-04-21T20:35:55.250
96.25092,30.81428,10.54,0.12,2023-04-21T20:36:16.215
96.24959,30.81445,10.52,-0.21,2023-04-21T20:40:14.660
96.23665,30.78664,10.83,-0.24,2023-04-21T20:58:32.053
96.23614,30.78458,10.9,0.29,2023-04-21T21:08:34.976
96.23653,30.78045,11.65,0.87,2023-04-21T21:11:32.200
96.23661,30.78094,11.65,-0.1,2023-04-21T21:12:22.444
96.23658,30.78013,11.7,0.22,2023-04-21T21:13:26.873
96.23636,30.78037,11.5,-0.25,2023-04-21T21:13:46.758
96.21414,30.71465,9.62,0.24,2023-04-21T21:54:21.880
96.21412,30.7144,9.65,0.33,2023-04-21T22:39:14.875
96.24267,30.80483,12.65,0.39,2023-04-22T00:39:04.597
96.23531,30.78513,13.59,0.78,2023-04-22T00:46:55.015
96.25453,30.80506,9.13,-0.41,2023-04-22T01:24:54.021
96.2376,30.78709,10.12,0.58,2023-04-22T01:26:33.142
96.38001,30.3054,6.82,0.47,2023-04-22T02:34:26.097
96.24972,30.80366,9.19,1.63,2023-04-22T03:01:44.048
96.64774,30.51823,8.36,1.69,2023-04-22T05:20:03.413
96.23668,30.78485,10.97,1.54,2023-04-22T06:54:47.026
96.23719,30.79136,9.36,0.46,2023-04-22T08:06:54.057
96.24955,30.81063,11.29,0.69,2023-04-22T09:18:24.993
96.23882,30.79442,9.36,0.7,2023-04-22T11:41:57.950
96.25374,30.80388,9.39,0.13,2023-04-22T12:24:46.626
96.23611,30.78396,11.1,0.77,2023-04-22T12:29:30.904
96.25329,30.80409,9.36,0.17,2023-04-22T13:09:47.833
96.23644,30.78415,10.98,0.51,2023-04-22T13:41:47.346
94.847,30.01906,11.1,1.03,2023-04-22T14:24:10.792
96.23747,30.78997,9.86,-0.15,2023-04-22T14:56:06.205
96.21528,30.71109,9.59,0.45,2023-04-22T15:08:08.217
96.21562,30.71118,9.55,0.1,2023-04-22T15:53:11.802
96.21498,30.71148,9.63,0.09,2023-04-22T15:57:31.376
96.2158,30.71189,9.59,0.19,2023-04-22T16:06:16.877
96.23688,30.78429,11.0,0.43,2023-04-22T16:18:12.581
96.23763,30.78534,11.65,-0.33,2023-04-22T16:21:31.575
96.24896,30.80959,11.06,0.16,2023-04-22T16:32:22.995
96.21545,30.71115,9.6,-0.56,2023-04-22T17:01:36.792
96.25161,30.81116,10.69,0.26,2023-04-22T17:20:06.110
96.23649,30.78439,11.08,0.58,2023-04-22T18:08:59.633
96.21515,30.71087,9.59,-0.47,2023-04-22T18:09:25.399
96.24585,30.80339,10.29,-0.08,2023-04-22T18:39:09.555
96.21608,30.71706,9.7,0.15,2023-04-22T19:09:53.753
96.24974,30.80368,9.21,0.33,2023-04-22T19:15:49.097
96.21677,30.71729,9.64,0.13,2023-04-22T19:30:23.606
96.21407,30.71501,9.46,0.23,2023-04-22T20:05:47.488
95.10443,31.23895,9.43,0.2,2023-04-22T21:22:22.561
96.25201,30.80429,9.12,0.46,2023-04-22T22:23:20.588
96.24286,30.79483,11.92,0.26,2023-04-22T22:24:27.416
96.21449,30.71515,9.45,0.16,2023-04-22T23:07:08.068
96.24297,30.80492,12.55,0.01,2023-04-23T02:22:17.500
94.90134,29.1176,10.49,1.02,2023-04-23T06:03:30.913
94.90173,29.11765,10.58,1.06,2023-04-23T06:52:17.743
96.24741,30.80634,11.64,0.36,2023-04-23T09:13:44.787
96.24785,30.80668,11.55,0.44,2023-04-23T09:26:48.437
96.64206,29.66683,9.68,0.68,2023-04-23T09:51:09.868
96.24783,30.80687,11.58,2.2,2023-04-23T09:58:25.903
96.24808,30.8063,11.43,0.26,2023-04-23T10:09:02.501
96.24313,30.803,10.52,0.46,2023-04-23T10:40:37.188
96.23927,30.79212,10.61,0.37,2023-04-23T11:09:59.506
96.2389,30.7916,10.69,0.46,2023-04-23T11:13:22.002
96.24974,30.80488,8.91,0.63,2023-04-23T11:23:35.605
96.38544,30.31119,11.52,0.65,2023-04-23T11:29:43.261
96.24746,30.80652,11.55,0.1,2023-04-23T11:53:05.379
96.25237,30.80284,9.6,-0.11,2023-04-23T12:20:11.490
96.25158,30.80338,9.35,-0.02,2023-04-23T12:34:12.592
94.62228,28.84429,11.37,1.22,2023-04-23T13:14:54.088
96.23702,30.78502,11.75,0.57,2023-04-23T13:46:48.669
96.24974,30.80363,9.2,0.48,2023-04-23T14:17:31.668
96.24663,30.80483,11.62,0.81,2023-04-23T15:25:26.431
96.23764,30.78369,12.04,-0.04,2023-04-23T15:48:36.948
96.24075,30.79813,9.84,0.3,2023-04-23T15:55:49.337
95.10272,31.23985,10.06,-0.05,2023-04-23T16:04:45.835
96.23745,30.78368,12.02,-0.06,2023-04-23T16:45:23.804
96.94327,30.3058,6.33,0.52,2023-04-23T17:39:12.003
96.64215,29.66683,9.81,0.51,2023-04-23T18:02:15.938
96.2466,30.80455,11.6,-0.13,2023-04-23T18:18:43.674
96.25048,30.80175,9.86,-0.17,2023-04-23T18:36:48.080
96.25048,30.80175,9.66,-0.09,2023-04-23T19:02:13.119
96.24913,30.81097,10.79,-0.35,2023-04-23T19:11:30.088
96.25048,30.80175,9.86,-0.26,2023-04-23T19:12:27.860
96.24717,30.80465,11.39,0.27,2023-04-23T19:24:57.347
96.2495,30.81065,11.17,0.48,2023-04-23T19:42:19.101
96.248,30.80379,8.97,-0.14,2023-04-23T20:02:04.939
96.24026,30.79481,10.09,0.11,2023-04-23T20:06:16.192
95.51669,31.95996,9.48,1.38,2023-04-23T20:33:59.415
95.51707,31.96024,9.94,0.79,2023-04-23T20:35:08.166
95.51656,31.95994,10.05,0.59,2023-04-23T20:36:03.628
95.51716,31.96012,9.78,0.99,2023-04-23T21:00:07.095
95.51718,31.96088,9.59,0.75,2023-04-23T21:01:14.823
95.51714,31.96005,9.38,0.59,2023-04-23T21:09:29.668
96.64159,29.66683,9.65,0.55,2023-04-23T21:38:43.647
96.24494,30.79996,11.54,0.06,2023-04-23T21:51:29.241
96.86631,30.07366,12.22,0.82,2023-04-23T22:21:42.446
96.21517,30.71246,9.7,-0.18,2023-04-23T22:36:59.108
96.63039,30.86965,9.08,0.62,2023-04-23T23:51:19.835
94.51712,31.88724,6.33,1.65,2023-04-24T01:34:19.769
96.23928,30.79455,10.23,1.01,2023-04-24T01:39:15.363
96.94417,30.30282,6.1,1.34,2023-04-24T02:43:14.135
96.24176,30.79717,10.54,0.46,2023-04-24T04:45:07.102
96.23662,30.78438,11.01,0.47,2023-04-24T05:04:07.476
96.23756,30.79086,9.6,0.64,2023-04-24T05:35:44.757
96.24578,30.80365,11.55,0.46,2023-04-24T06:57:43.642
96.2381,30.79072,9.63,0.53,2023-04-24T08:11:34.995
96.21594,30.71689,9.69,0.34,2023-04-24T08:23:15.625
94.62215,28.84167,10.97,1.72,2023-04-24T09:32:04.763
96.21606,30.71703,9.63,0.39,2023-04-24T10:26:32.721
95.1252,29.99419,9.47,1.26,2023-04-24T10:31:12.289
94.89562,29.87131,8.79,1.48,2023-04-24T11:35:05.726
95.12613,29.99438,9.67,0.99,2023-04-24T12:15:45.156
95.12917,29.99844,9.47,0.91,2023-04-24T12:16:21.662
96.41179,31.24181,12.0,0.14,2023-04-24T12:18:51.005
96.41213,31.24134,12.04,0.14,2023-04-24T12:22:11.846
96.23721,30.79191,9.36,0.28,2023-04-24T12:23:19.836
96.2445,30.80006,11.04,0.25,2023-04-24T12:55:56.276
94.8963,29.87211,8.72,1.19,2023-04-24T13:04:23.330
96.23671,30.78012,11.72,0.13,2023-04-24T14:59:35.124
96.23752,30.78415,11.81,0.59,2023-04-24T16:21:28.577
96.2359,30.78497,11.0,0.12,2023-04-24T17:02:44.522
96.24135,30.79847,10.07,0.3,2023-04-24T17:16:15.125
96.23941,30.80338,8.96,0.16,2023-04-24T17:21:59.805
94.62215,28.84171,10.99,1.57,2023-04-24T17:52:54.545
96.23693,30.79189,9.32,0.12,2023-04-24T17:56:47.596
95.08194,31.91278,3.47,0.81,2023-04-24T18:12:16.606
96.80508,30.64132,14.31,0.86,2023-04-24T18:39:18.899
96.80536,30.64148,14.29,0.47,2023-04-24T18:43:28.282
95.51723,31.96008,9.61,1.18,2023-04-24T18:43:56.160
96.25065,30.80354,9.14,0.12,2023-04-24T18:47:55.229
96.80477,30.64138,14.26,0.12,2023-04-24T18:50:07.568
95.5171,31.96022,10.02,0.76,2023-04-24T19:13:15.850
96.80508,30.6416,14.3,0.9,2023-04-24T21:19:35.033
96.23636,30.78317,10.98,0.26,2023-04-24T21:22:38.583
96.2367,30.78312,11.04,1.38,2023-04-24T21:25:34.513
96.24003,30.78984,11.97,0.36,2023-04-24T21:44:36.329
96.23971,30.78887,11.76,-0.26,2023-04-24T22:01:50.355
96.2461,30.79783,11.62,-0.12,2023-04-24T23:22:48.392
96.24193,30.7982,10.53,0.43,2023-04-25T01:19:37.485
96.24625,30.80684,11.83,0.74,2023-04-25T04:05:02.564
96.23743,30.79248,9.32,0.5,2023-04-25T04:37:59.559
96.38658,30.31202,11.58,0.38,2023-04-25T05:28:19.460
94.62266,28.84231,10.74,1.47,2023-04-25T07:06:37.811
96.25221,30.80451,9.01,0.09,2023-04-25T07:51:45.725
96.24559,30.80717,11.85,0.08,2023-04-25T12:31:59.782
94.98845,31.92483,5.95,0.92,2023-04-25T13:39:27.089
94.11128,30.35614,10.87,0.98,2023-04-25T14:20:32.680
95.05139,31.39515,7.66,-0.12,2023-04-25T15:24:57.052
96.2465,30.80725,11.91,0.21,2023-04-25T15:31:01.865
96.243,30.79552,10.5,-0.08,2023-04-25T17:15:13.415
96.6852,29.9878,9.19,0.94,2023-04-25T17:22:19.201
96.24137,30.79559,10.68,-0.06,2023-04-25T17:27:57.354
96.23988,30.79875,9.71,0.1,2023-04-25T17:29:34.627
96.23774,30.79063,9.45,0.38,2023-04-25T18:21:36.004
96.23827,30.79029,10.47,1.26,2023-04-25T18:33:02.965
95.51717,31.96039,10.04,0.84,2023-04-25T18:58:12.897
95.51748,31.96117,9.61,0.84,2023-04-25T19:14:48.476
96.6852,29.9878,9.19,0.97,2023-04-25T19:29:52.601
95.05152,31.39481,7.58,-0.04,2023-04-25T19:47:49.294
95.51782,31.96093,7.65,0.77,2023-04-25T19:56:14.785
96.23895,30.79403,10.05,0.14,2023-04-25T20:26:42.776
96.23932,30.79428,9.9,0.18,2023-04-25T20:36:02.517
95.08074,31.82952,4.32,0.46,2023-04-25T21:03:52.024
96.24907,30.81127,9.81,-0.28,2023-04-25T21:08:59.898
96.2371,30.79822,10.2,0.16,2023-04-25T21:13:21.974
96.23766,30.78635,10.62,-0.21,2023-04-25T21:56:10.638
96.22796,30.78927,12.22,0.47,2023-04-25T22:10:26.902
94.51686,31.88947,6.54,0.87,2023-04-25T22:23:16.850
96.25249,30.8039,9.36,0.21,2023-04-25T22:41:42.292
96.22628,30.78901,12.4,0.43,2023-04-25T22:54:55.425
94.53187,31.61305,10.56,1.12,2023-04-25T23:50:03.773
96.24937,30.81054,11.25,0.43,2023-04-26T00:40:33.922
96.25954,30.82277,10.86,0.09,2023-04-26T02:09:15.000
96.24977,30.80361,9.21,1.32,2023-04-26T02:39:39.286
96.25073,30.80362,9.19,0.28,2023-04-26T03:41:05.639
96.24737,30.80615,11.67,0.4,2023-04-26T05:54:28.983
96.24217,30.80001,9.79,0.25,2023-04-26T10:52:55.442
96.24579,30.80333,11.46,0.09,2023-04-26T13:00:12.217
94.72401,31.82784,7.48,0.44,2023-04-26T14:11:30.380
95.10967,31.88028,4.27,0.38,2023-04-26T14:27:00.573
94.72223,31.83018,7.71,0.28,2023-04-26T15:19:23.932
94.72426,31.82751,7.47,0.41,2023-04-26T15:30:52.035
94.72471,31.82747,7.61,0.28,2023-04-26T15:55:13.678
94.72274,31.82803,7.57,0.28,2023-04-26T15:56:00.742
96.24947,30.81056,11.1,0.26,2023-04-26T16:05:06.902
94.72363,31.82958,7.6,0.3,2023-04-26T16:34:57.177
96.2352,30.78492,11.82,0.35,2023-04-26T16:59:00.834
94.72333,31.829,7.75,0.31,2023-04-26T17:05:26.929
94.72329,31.82898,7.73,0.28,2023-04-26T17:44:00.928
94.72293,31.8287,7.67,0.4,2023-04-26T18:22:15.664
96.944,30.30555,6.21,0.41,2023-04-26T18:45:14.899
95.10812,31.88112,4.32,0.41,2023-04-26T18:51:35.399
96.2372,30.79259,9.53,-0.13,2023-04-26T19:00:43.812
96.24832,30.81169,9.73,-0.2,2023-04-26T19:07:30.802
94.7234,31.82892,7.73,0.29,2023-04-26T19:24:43.331
95.10761,31.88144,4.22,0.34,2023-04-26T19:27:27.397
96.24468,30.79973,11.66,0.15,2023-04-26T20:08:15.932
94.72333,31.82883,7.42,0.41,2023-04-26T20:12:30.629
94.7243,31.8292,7.6,0.29,2023-04-26T20:20:50.309
94.72402,31.82876,7.56,0.37,2023-04-26T20:31:29.028
96.22788,30.78904,12.19,-0.21,2023-04-26T21:28:43.805
96.23752,30.78546,11.63,-0.17,2023-04-26T21:36:28.814
96.24123,30.80526,10.69,-0.3,2023-04-26T22:01:57.788
96.23775,30.7885,10.58,0.43,2023-04-27T02:59:15.023
96.99679,30.86357,8.92,0.84,2023-04-27T04:26:41.800
94.51692,31.88941,6.51,1.49,2023-04-27T04:51:53.769
96.36983,30.30218,8.46,0.81,2023-04-27T08:25:24.694
96.24027,30.79785,10.04,0.36,2023-04-27T08:49:12.449
96.23721,30.78561,10.72,0.49,2023-04-27T09:52:12.465
96.2451,30.78674,9.96,0.18,2023-04-27T09:55:02.711
96.37968,30.30539,6.77,0.48,2023-04-27T09:57:52.521
96.23664,30.78345,10.79,0.5,2023-04-27T11:08:51.235
96.238,30.78541,11.76,0.45,2023-04-27T12:31:53.556
96.26005,30.81115,12.54,0.1,2023-04-27T13:26:17.065
94.51668,31.88962,6.58,1.1,2023-04-27T14:02:49.246
96.26032,30.81152,12.52,0.18,2023-04-27T14:21:41.878
94.90604,29.89158,9.15,0.97,2023-04-27T15:25:47.830
96.24951,30.80474,8.79,0.22,2023-04-27T16:57:56.595
96.24958,30.80546,8.66,-0.16,2023-04-27T17:17:03.478
96.23847,30.78515,12.55,0.0,2023-04-27T17:46:35.664
96.23849,30.79214,9.43,0.15,2023-04-27T18:24:45.065
95.03209,31.94354,4.25,0.92,2023-04-27T18:35:54.921
96.23879,30.79567,9.59,-0.06,2023-04-27T18:41:46.468
96.26032,30.81152,12.52,0.16,2023-04-27T19:10:52.578
96.24333,30.80262,8.99,0.37,2023-04-27T19:53:18.250
96.24934,30.80394,9.19,-0.12,2023-04-27T21:13:35.748
96.25249,30.8054,9.03,-0.09,2023-04-27T21:22:02.608
96.22798,30.78921,12.22,0.19,2023-04-27T21:57:56.730
96.00563,29.60711,10.58,0.71,2023-04-27T22:42:47.175
96.25086,30.80408,9.09,0.5,2023-04-27T23:29:59.906
96.24355,30.79773,11.96,-0.09,2023-04-27T23:53:23.386
96.25107,30.81421,11.03,0.37,2023-04-28T01:35:44.729
96.23984,30.79543,9.65,0.33,2023-04-28T02:01:27.985
96.94343,30.30377,5.95,0.71,2023-04-28T03:16:03.092
96.23767,30.79064,9.61,1.01,2023-04-28T03:21:04.127
96.24755,30.80645,11.79,0.51,2023-04-28T04:02:27.035
96.24322,30.80262,9.12,-0.1,2023-04-28T04:23:41.382
96.24333,30.80262,8.99,-0.12,2023-04-28T05:14:29.849
96.24914,30.80954,11.0,0.41,2023-04-28T05:58:49.367
96.23972,30.79459,10.11,0.28,2023-04-28T06:05:43.566
96.2388,30.79455,9.8,0.32,2023-04-28T08:42:12.627
96.21567,30.71703,9.69,1.03,2023-04-28T10:06:53.171
96.21619,30.71685,9.63,0.38,2023-04-28T10:07:59.376
96.23596,30.78476,10.93,0.44,2023-04-28T10:49:47.778
95.08335,31.82951,4.37,0.16,2023-04-28T11:01:34.700
94.62195,28.84271,10.86,1.46,2023-04-28T12:42:43.325
96.25055,30.80339,9.13,0.43,2023-04-28T13:22:57.104
96.23712,30.79175,9.39,0.85,2023-04-28T14:01:50.473
96.23661,30.79266,9.38,0.19,2023-04-28T14:04:09.769
96.23733,30.79185,9.3,0.59,2023-04-28T14:22:14.519
96.00568,29.60719,10.62,1.33,2023-04-28T14:39:39.074
96.23907,30.80205,9.16,-0.47,2023-04-28T16:20:38.351
96.23958,30.79393,10.07,-0.26,2023-04-28T16:56:11.688
96.24578,30.80355,11.56,0.33,2023-04-28T18:53:36.225
96.23888,30.7882,10.61,0.07,2023-04-28T19:30:58.649
96.24573,30.80327,11.52,0.45,2023-04-28T19:33:27.286
96.25648,30.82217,11.77,-0.1,2023-04-28T19:48:59.195
96.21572,30.71588,9.85,-0.14,2023-04-28T19:50:25.685
96.24491,30.80087,11.87,-0.22,2023-04-28T21:10:50.122
96.24106,30.79971,9.73,-0.16,2023-04-28T21:11:24.073
96.2392,30.78828,10.51,-0.01,2023-04-28T21:20:51.684
96.23492,30.7858,10.86,0.25,2023-04-28T23:06:36.664
94.5174,31.88978,6.44,0.96,2023-04-29T00:34:35.249
96.24745,30.80638,11.7,0.16,2023-04-29T01:39:04.686
96.24718,30.80832,10.01,0.22,2023-04-29T02:42:20.913
95.02874,29.88361,10.41,1.45,2023-04-29T02:57:00.037
96.24911,30.80998,11.06,0.23,2023-04-29T05:07:32.019
96.2534,30.80505,8.94,0.08,2023-04-29T07:54:09.914
94.85874,31.09401,13.84,0.74,2023-04-29T08:17:58.727
94.86031,31.09946,8.98,0.27,2023-04-29T08:25:11.429
96.24016,30.79619,10.34,0.34,2023-04-29T12:51:52.847
96.25076,30.80446,9.0,0.03,2023-04-29T13:07:42.925
96.23776,30.78713,10.17,0.56,2023-04-29T13:12:55.936
94.79138,29.87744,7.54,1.3,2023-04-29T13:33:54.521
94.51692,31.88941,6.51,1.17,2023-04-29T13:54:02.250
94.51733,31.88977,6.41,1.04,2023-04-29T13:54:26.468
96.25244,30.80413,9.26,-0.29,2023-04-29T15:00:44.958
96.23961,30.78971,11.35,-0.44,2023-04-29T15:46:51.435
96.23717,30.78457,11.63,0.21,2023-04-29T16:37:50.571
95.05065,31.901,7.36,0.68,2023-04-29T17:05:55.170
96.23693,30.78581,10.63,-0.1,2023-04-29T17:17:39.809
96.24541,30.80329,11.54,0.06,2023-04-29T17:47:14.955
94.51692,31.88941,6.51,1.22,2023-04-29T18:24:05.440
96.2382,30.79498,9.66,0.52,2023-04-29T19:15:40.768
96.22517,30.79873,10.84,-0.4,2023-04-29T20:48:22.291
96.21449,30.71567,9.96,-0.01,2023-04-29T21:08:30.717
96.24041,30.80354,8.3,-0.2,2023-04-29T21:22:52.578
96.24661,30.80668,9.9,0.04,2023-04-29T21:31:49.485
96.24656,30.80668,9.86,0.14,2023-04-29T21:34:40.949
96.24697,30.80657,9.8,0.0,2023-04-29T21:35:19.100
96.21487,30.71524,9.92,-0.01,2023-04-29T21:44:53.376
96.24706,30.80634,9.82,0.04,2023-04-29T21:51:27.854
96.24687,30.807,9.8,0.25,2023-04-29T21:58:14.444
94.51755,31.88947,6.37,0.55,2023-04-29T21:59:53.764
96.23888,30.78772,10.62,0.04,2023-04-29T22:26:32.594
96.23938,30.79473,9.71,0.16,2023-04-29T22:57:07.208
96.24909,30.80988,11.41,-0.02,2023-04-30T01:36:57.084
96.25234,30.8051,9.09,0.35,2023-04-30T02:06:17.368
96.23741,30.78387,12.25,0.2,2023-04-30T02:31:00.920
95.1007,31.23898,10.31,0.3,2023-04-30T03:16:20.588
96.00661,29.60645,10.7,1.43,2023-04-30T06:21:59.211
96.21573,30.71739,9.24,-0.07,2023-04-30T08:00:01.163
96.24841,30.80171,9.79,0.7,2023-04-30T12:49:20.277
96.24441,30.79887,11.68,0.59,2023-04-30T12:58:37.419
96.24422,30.79883,11.64,0.4,2023-04-30T13:01:59.417
96.21431,30.71442,9.92,0.31,2023-04-30T13:35:34.587
95.05081,31.89921,7.86,0.76,2023-04-30T14:34:31.979
93.6769,30.23559,6.87,1.51,2023-04-30T14:45:22.468
93.67679,30.23551,6.64,1.39,2023-04-30T14:51:00.494
96.23907,30.79431,9.37,0.68,2023-04-30T14:57:25.651
95.05098,31.89978,7.89,0.88,2023-04-30T15:15:33.928
94.87008,30.20716,8.89,1.45,2023-04-30T15:19:05.685
96.23901,30.79346,10.18,-0.23,2023-04-30T15:52:13.813
96.24924,30.81063,11.38,0.97,2023-04-30T16:32:35.326
96.24396,30.7991,11.6,0.08,2023-04-30T16:58:11.643
95.05117,31.9022,7.55,0.73,2023-04-30T18:06:20.008
95.06345,31.75493,8.48,0.51,2023-04-30T18:22:38.400
96.23695,30.78523,10.77,0.69,2023-04-30T19:40:15.998
95.051,31.89972,7.92,1.58,2023-04-30T19:47:17.701
95.04983,31.89883,7.85,0.91,2023-04-30T20:13:21.782
96.2534,30.80566,8.97,-0.35,2023-04-30T20:16:09.591
96.25326,30.80574,9.01,-0.36,2023-04-30T20:28:16.274
96.23664,30.78314,10.98,0.34,2023-04-30T20:44:57.357
94.80496,30.41903,7.28,0.73,2023-04-30T20:49:33.312
96.23659,30.78278,11.16,0.43,2023-04-30T20:50:40.448
96.21506,30.71358,9.87,0.1,2023-04-30T20:53:06.731
96.23679,30.78304,10.98,0.07,2023-04-30T21:07:51.179
95.09951,31.07387,10.04,-0.05,2023-04-30T21:27:22.295
94.8057,30.41913,7.31,0.17,2023-04-30T21:27:46.762
96.23645,30.7829,11.12,0.41,2023-04-30T21:29:28.261
96.23618,30.78442,10.92,-0.21,2023-04-30T21:56:59.691
96.23662,30.78312,11.02,0.25,2023-04-30T22:01:44.812
96.2346,30.78285,11.57,0.31,2023-04-30T22:03:22.799
96.23651,30.78312,11.04,0.15,2023-04-30T23:51:06.917
94.94928,30.05451,8.7,1.41,2023-05-01T03:15:12.717
96.25014,30.80468,8.99,0.83,2023-05-01T04:02:09.280
96.2424,30.79857,10.25,0.53,2023-05-01T04:09:15.198
95.0634,31.76125,8.86,0.7,2023-05-01T04:43:10.826
96.23805,30.78362,11.06,0.17,2023-05-01T05:56:21.873
96.24702,30.80928,10.75,0.45,2023-05-01T06:29:41.986
96.24781,30.80242,11.23,0.31,2023-05-01T07:59:31.217
96.22338,30.78918,12.38,0.72,2023-05-01T09:39:58.626
96.24913,30.80556,8.82,1.32,2023-05-01T09:49:07.960
96.24897,30.81248,10.95,0.44,2023-05-01T10:06:50.844
95.04953,31.90015,8.13,0.77,2023-05-01T10:44:11.525
96.23959,30.79118,10.36,0.39,2023-05-01T12:00:46.880
96.2383,30.7836,11.0,0.54,2023-05-01T12:05:24.346
94.54154,31.14421,8.1,1.44,2023-05-01T12:30:36.482
95.06321,31.76096,8.8,0.63,2023-05-01T12:37:19.338
95.06341,31.76126,8.86,0.52,2023-05-01T12:38:50.746
95.06399,31.76206,8.86,0.19,2023-05-01T12:39:06.744
94.95212,30.05309,8.77,1.05,2023-05-01T13:00:12.884
95.06421,31.76187,8.76,0.62,2023-05-01T13:16:53.425
96.23959,30.79497,9.46,0.52,2023-05-01T13:20:14.511
96.22319,30.78145,12.83,0.36,2023-05-01T13:55:15.544
96.24716,30.80956,9.95,0.66,2023-05-01T14:01:28.323
96.23809,30.78394,10.94,0.49,2023-05-01T14:04:37.103
96.24914,30.80586,8.87,-0.02,2023-05-01T14:35:06.775
96.24276,30.803,9.19,0.22,2023-05-01T14:45:14.813
96.23799,30.7866,10.56,0.58,2023-05-01T15:22:59.290
96.23793,30.78415,10.84,0.37,2023-05-01T15:40:37.803
96.23776,30.78493,10.28,-0.34,2023-05-01T15:50:03.405
95.04896,31.90006,8.4,0.72,2023-05-01T15:56:05.054
96.2399,30.79516,9.61,-0.09,2023-05-01T16:44:22.879
96.24028,30.79513,9.84,0.02,2023-05-01T17:10:54.982
95.0657,31.76366,8.62,0.55,2023-05-01T17:16:05.950
95.06341,31.76126,8.86,0.55,2023-05-01T17:16:51.526
95.06383,31.76116,8.92,0.16,2023-05-01T17:17:25.305
95.06281,31.76019,8.7,0.55,2023-05-01T17:43:06.944
95.06273,31.75993,8.9,0.6,2023-05-01T17:50:39.603
95.059,31.89923,6.58,0.64,2023-05-01T18:50:21.757
95.05089,31.89911,8.44,0.49,2023-05-01T19:45:22.479
95.04945,31.89963,8.53,0.6,2023-05-01T19:47:19.314
95.04894,31.89948,8.18,0.81,2023-05-01T20:13:38.609
95.0485,31.8995,8.01,0.83,2023-05-01T20:19:27.697
96.2412,30.79013,11.6,-0.21,2023-05-01T20:35:33.130
95.04936,31.89966,8.06,0.78,2023-05-01T21:00:52.668
96.24888,30.80526,8.89,-0.24,2023-05-01T21:33:01.124
96.23878,30.79425,8.81,-0.21,2023-05-01T22:37:29.156
96.24827,30.80562,8.84,-0.25,2023-05-01T22:44:35.807
96.37951,30.30521,6.65,0.4,2023-05-02T00:53:08.241
96.25068,30.81457,9.99,0.26,2023-05-02T01:06:39.930
96.2383,30.79498,9.54,0.21,2023-05-02T04:40:53.450
96.25083,30.80441,9.0,0.24,2023-05-02T06:21:23.174
96.22473,30.78766,12.05,0.63,2023-05-02T07:45:09.388
96.24853,30.81002,10.45,1.0,2023-05-02T10:53:55.775
96.23832,30.79028,10.57,0.37,2023-05-02T11:16:46.894
96.23859,30.79491,9.44,-0.05,2023-05-02T11:27:20.425
96.24964,30.80375,8.79,-0.11,2023-05-02T11:40:57.441
96.23744,30.78375,12.01,0.02,2023-05-02T12:30:24.090
96.26082,30.81093,12.81,0.17,2023-05-02T12:33:30.205
96.23716,30.78644,10.65,0.18,2023-05-02T13:07:25.842
96.24585,30.80334,11.26,0.25,2023-05-02T13:19:38.656
95.10407,31.23822,9.45,0.49,2023-05-02T13:29:54.196
96.23761,30.78426,11.78,0.57,2023-05-02T14:15:44.978
96.23838,30.79485,9.5,0.04,2023-05-02T15:12:02.180
95.04831,31.89855,5.24,0.6,2023-05-02T15:47:21.734
94.64017,31.91395,4.19,1.12,2023-05-02T15:47:56.688
94.63824,31.91352,4.65,1.15,2023-05-02T15:48:22.067
94.64097,31.91276,4.16,1.09,2023-05-02T15:51:27.807
94.6405,31.91365,4.36,1.1,2023-05-02T15:54:50.234
94.83455,31.34249,4.72,0.3,2023-05-02T16:19:03.511
96.24878,30.80192,9.69,0.3,2023-05-02T16:53:39.835
96.24954,30.80478,8.75,0.64,2023-05-02T16:55:21.944
95.06224,31.7532,8.59,0.13,2023-05-02T17:00:32.928
96.23835,30.78486,12.46,0.83,2023-05-02T17:12:00.602
96.24954,30.80478,8.71,0.43,2023-05-02T17:50:00.703
96.24432,30.79914,11.48,-0.14,2023-05-02T17:57:03.963
95.06347,31.75444,8.47,0.19,2023-05-02T18:22:27.933
96.25339,30.805,8.92,-0.06,2023-05-02T18:49:02.796
95.06331,31.75408,8.45,0.6,2023-05-02T19:13:55.874
95.06323,31.75385,8.44,0.4,2023-05-02T19:17:02.830
94.83489,31.34264,4.65,0.37,2023-05-02T19:18:40.031
94.55351,31.14609,6.02,0.98,2023-05-02T20:53:18.817
96.24874,30.80477,8.83,0.32,2023-05-02T22:16:56.759
96.24193,30.79944,10.23,0.21,2023-05-02T22:49:28.052
96.00637,29.60657,10.73,1.15,2023-05-02T23:29:14.404
96.24961,30.80487,8.67,0.64,2023-05-03T01:52:04.964
96.23777,30.78995,9.55,0.39,2023-05-03T05:19:30.320
96.23652,30.78514,10.83,0.23,2023-05-03T06:50:20.311
96.2391,30.79255,10.14,0.3,2023-05-03T08:42:39.335
96.37981,30.30507,6.73,0.45,2023-05-03T09:40:23.094
96.24159,30.79126,11.87,0.45,2023-05-03T10:33:11.208
96.24953,30.80416,9.11,0.31,2023-05-03T11:26:39.464
96.23625,30.78513,10.88,0.79,2023-05-03T11:30:06.036
96.24895,30.81029,11.03,0.7,2023-05-03T14:36:22.611
96.23598,30.78502,10.83,0.12,2023-05-03T16:38:19.873
96.25353,30.80546,8.97,-0.37,2023-05-03T17:01:56.312
96.24739,30.80571,11.61,-0.03,2023-05-03T17:35:01.262
96.2487,30.81,11.3,-0.26,2023-05-03T17:54:10.023
96.23676,30.78479,10.83,0.63,2023-05-03T18:33:37.015
96.24509,30.80772,11.69,0.2,2023-05-03T18:40:23.937
96.23739,30.78885,10.64,-0.17,2023-05-03T18:41:52.474
96.23738,30.7854,10.85,0.18,2023-05-03T18:53:42.263
96.24887,30.8098,11.11,-0.03,2023-05-03T19:02:59.333
96.24668,30.8053,11.6,0.45,2023-05-03T19:03:53.463
94.62203,28.84078,9.77,1.1,2023-05-03T19:45:33.152
96.24485,30.78266,11.67,-0.06,2023-05-03T21:44:28.354
96.23649,30.78503,10.86,0.68,2023-05-03T22:31:23.238
95.0503,31.89889,7.85,0.5,2023-05-04T00:40:50.443
96.23546,30.7871,9.77,0.14,2023-05-04T00:42:59.330
96.37345,30.29782,3.66,0.86,2023-05-04T04:02:21.148
95.0718,31.9649,7.2,0.82,2023-05-04T05:51:54.107
96.24899,30.81284,9.94,-0.02,2023-05-04T10:36:17.303
94.63905,31.89944,5.24,1.43,2023-05-04T13:23:59.337
94.54975,31.14449,7.4,1.17,2023-05-04T13:33:21.038
96.23814,30.78502,12.45,0.06,2023-05-04T13:34:08.426
96.22592,30.79088,11.76,0.44,2023-05-04T14:11:13.942
97.00092,30.32093,7.31,0.7,2023-05-04T14:50:13.369
97.00093,30.32068,7.56,0.4,2023-05-04T14:58:52.547
96.94492,30.3028,6.15,1.07,2023-05-04T15:25:43.104
95.04446,31.92333,7.97,1.04,2023-05-04T17:21:08.478
96.24942,30.81455,10.46,0.5,2023-05-04T17:58:37.772
96.80491,30.64122,14.32,0.43,2023-05-04T19:00:38.623
95.04459,31.92325,7.93,1.0,2023-05-04T19:14:10.351
96.26481,30.86125,12.82,0.39,2023-05-04T19:38:30.629
96.24785,30.80176,9.84,0.1,2023-05-04T19:43:41.242
96.24748,30.80637,11.64,0.22,2023-05-04T19:49:15.240
96.247,30.8059,11.69,0.2,2023-05-04T19:52:46.481
95.12941,29.99484,9.25,1.37,2023-05-04T20:37:53.089
95.1293,29.99528,9.19,0.31,2023-05-04T21:08:40.270
96.23826,30.78918,10.96,0.52,2023-05-04T22:55:34.261
95.12894,29.99484,9.26,1.45,2023-05-04T23:38:11.548
95.02647,31.9527,7.2,1.09,2023-05-04T23:43:25.557
95.10416,31.23856,9.37,0.35,2023-05-05T01:01:42.753
95.11776,29.79425,10.51,1.21,2023-05-05T01:06:14.027
96.24313,30.803,10.52,0.6,2023-05-05T01:28:39.557
95.06315,31.75376,8.44,0.74,2023-05-05T01:51:24.184
95.06284,31.75334,8.43,0.25,2023-05-05T02:15:48.796
95.06375,31.75427,8.38,0.82,2023-05-05T04:24:09.377
96.38061,30.30561,6.78,0.41,2023-05-05T05:31:57.057
96.2496,30.80402,9.18,0.45,2023-05-05T07:57:12.740
96.23792,30.78524,11.59,-0.01,2023-05-05T11:13:37.184
94.83446,31.34257,4.72,0.49,2023-05-05T12:18:37.411
96.23745,30.78461,11.68,0.8,2023-05-05T12:30:38.524
96.23743,30.7846,11.99,0.37,2023-05-05T12:53:25.219
96.23836,30.78925,11.0,0.32,2023-05-05T13:46:49.391
94.89152,29.94931,9.67,1.22,2023-05-05T14:19:19.278
95.06276,31.75277,8.44,0.47,2023-05-05T16:22:47.436
95.06259,31.75314,8.4,0.49,2023-05-05T16:23:03.280
96.24964,30.80428,9.16,0.45,2023-05-05T16:29:22.328
96.24516,30.80614,9.36,-0.13,2023-05-05T17:32:44.381
96.23982,30.79482,10.54,0.11,2023-05-05T18:28:35.220
96.24003,30.79497,10.41,0.3,2023-05-05T18:29:01.065
96.23936,30.78675,12.44,0.14,2023-05-05T19:30:03.012
96.25101,30.80842,11.03,-0.53,2023-05-05T19:56:11.128
96.24893,30.80266,9.38,-0.18,2023-05-05T20:22:58.384
96.2416,30.79828,9.99,0.08,2023-05-05T20:25:05.573
96.23768,30.78706,10.09,0.17,2023-05-05T20:26:17.196
96.25337,30.80569,8.89,-0.31,2023-05-05T20:36:45.673
96.2534,30.80497,8.92,0.08,2023-05-05T21:09:51.766
94.51755,31.88823,6.46,1.03,2023-05-05T21:51:37.915
96.24909,30.81379,10.19,0.35,2023-05-05T23:12:16.855
96.26077,30.81159,12.62,0.23,2023-05-05T23:21:33.686
95.49789,29.5793,14.26,1.46,2023-05-06T03:53:13.448
95.05114,31.3947,7.63,1.59,2023-05-06T05:18:51.292
96.2375,30.7867,10.17,0.5,2023-05-06T09:37:02.723
96.23726,30.7866,10.15,0.96,2023-05-06T09:41:10.409
96.23712,30.78612,10.23,0.48,2023-05-06T09:42:39.128
94.90799,29.88968,9.46,1.25,2023-05-06T11:13:51.993
96.23789,30.78524,11.8,-0.28,2023-05-06T11:21:37.526
96.23739,30.78634,10.16,0.14,2023-05-06T13:19:43.731
94.90874,29.89003,9.03,0.98,2023-05-06T13:29:43.621
95.05127,31.39459,7.77,-0.05,2023-05-06T13:37:04.759
95.03313,29.87566,9.91,1.03,2023-05-06T16:41:03.563
94.54732,31.14634,7.8,0.34,2023-05-06T17:17:25.036
94.65701,28.9231,13.34,1.9,2023-05-06T17:25:05.931
95.05097,31.39492,7.49,0.24,2023-05-06T17:37:43.048
96.24576,30.80369,11.55,0.13,2023-05-06T17:40:55.635
96.21624,30.71735,9.65,0.69,2023-05-06T17:47:59.151
96.24962,30.80414,9.23,-0.09,2023-05-06T18:40:43.637
96.99706,30.86391,8.71,0.54,2023-05-06T18:44:20.397
96.21168,30.79653,10.69,-0.07,2023-05-06T18:52:26.165
96.21157,30.79696,10.61,-0.26,2023-05-06T18:54:13.920
96.24982,30.81445,10.67,0.12,2023-05-06T19:18:16.769
94.99563,31.93168,5.41,0.47,2023-05-06T20:03:19.686
96.24242,30.80303,9.4,-0.04,2023-05-06T20:52:03.347
96.95552,30.2917,6.3,0.29,2023-05-06T20:55:09.744
96.23906,30.79369,9.97,0.38,2023-05-06T22:40:42.749
96.23879,30.79359,10.11,0.17,2023-05-06T23:25:27.947
96.25011,30.80561,8.69,0.41,2023-05-07T00:47:04.180
96.24245,30.80359,10.49,0.37,2023-05-07T01:07:24.105
96.3806,30.30578,6.86,0.45,2023-05-07T02:50:26.988
96.25017,30.80615,8.66,0.19,2023-05-07T03:36:05.078
95.45587,31.86174,3.28,1.09,2023-05-07T03:37:43.962
94.8596,31.09949,9.0,0.52,2023-05-07T06:50:59.249
96.23855,30.79058,10.46,0.39,2023-05-07T08:12:42.985
95.10801,31.88301,4.56,0.4,2023-05-07T10:12:38.718
94.90167,29.11401,9.94,1.12,2023-05-07T12:00:50.612
94.86331,31.10212,13.79,-0.18,2023-05-07T13:30:48.214
94.86331,31.10212,13.85,0.2,2023-05-07T13:43:24.468
94.86319,31.10196,13.75,0.12,2023-05-07T13:45:03.870
94.86285,31.10186,13.81,0.13,2023-05-07T13:49:30.066
96.24582,30.80243,11.3,0.14,2023-05-07T13:58:48.428
94.53615,30.46675,6.98,0.49,2023-05-07T14:05:40.245
95.0718,31.9649,7.2,0.79,2023-05-07T14:32:58.488
96.25094,30.80686,8.57,0.38,2023-05-07T14:48:48.828
94.6514,28.91967,13.68,1.43,2023-05-07T15:05:18.678
96.2492,30.80444,8.71,-0.1,2023-05-07T16:55:26.888
96.96757,30.00097,11.64,1.64,2023-05-07T17:33:46.135
96.24453,30.79948,11.43,-0.13,2023-05-07T18:03:30.927
96.2559,30.822,9.64,-0.09,2023-05-07T18:03:49.402
96.24582,30.80268,11.35,0.24,2023-05-07T18:09:49.247
96.2559,30.822,9.49,-0.09,2023-05-07T18:26:20.500
96.22424,30.78788,12.35,1.11,2023-05-07T18:33:18.855
96.25522,30.82124,11.66,-0.07,2023-05-07T18:49:09.229
96.24572,30.79808,11.72,-0.11,2023-05-07T19:37:28.777
96.23743,30.78691,10.02,-0.26,2023-05-07T19:38:04.521
96.24031,30.78971,11.98,0.12,2023-05-07T20:00:43.459
96.23681,30.78449,10.9,0.76,2023-05-07T22:28:26.397
96.21168,30.79732,10.49,-0.26,2023-05-07T22:58:00.531
96.23723,30.78435,11.75,0.61,2023-05-08T01:30:59.238
96.24999,30.80525,8.82,0.89,2023-05-08T01:31:09.165
96.23749,30.78449,11.78,0.27,2023-05-08T01:31:41.606
96.25293,30.805,8.93,0.17,2023-05-08T07:17:47.738
96.23446,30.77827,2.59,2.13,2023-05-08T11:37:26.747
96.24767,30.80909,10.09,-0.27,2023-05-08T12:25:26.269
96.24985,30.80475,8.84,0.43,2023-05-08T13:41:04.901
94.85952,31.09949,9.02,0.82,2023-05-08T13:57:36.619
96.24999,30.80525,8.82,0.84,2023-05-08T13:57:54.166
96.23739,30.78427,11.73,0.31,2023-05-08T15:06:39.307
96.23977,30.79752,9.4,-0.15,2023-05-08T16:52:56.504
96.24954,30.80382,9.14,0.36,2023-05-08T21:48:47.317
96.25293,30.80505,9.0,0.06,2023-05-09T01:17:35.943
96.23849,30.79057,10.48,0.67,2023-05-09T01:36:44.974
96.23749,30.78677,10.08,0.28,2023-05-09T08:00:39.306
96.21548,30.717,9.44,0.27,2023-05-09T08:28:51.129
96.24793,30.80982,10.27,0.47,2023-05-09T08:43:58.961
94.65129,28.92146,14.73,1.34,2023-05-09T09:13:31.465
96.24453,30.79795,11.08,0.44,2023-05-09T09:32:46.241
95.11563,29.79553,10.83,1.21,2023-05-09T10:13:06.026
96.2404,30.79013,11.91,0.31,2023-05-09T12:05:40.930
96.23732,30.79164,9.33,0.46,2023-05-09T13:37:35.135
96.23755,30.7921,9.28,0.59,2023-05-09T13:37:57.358
96.249,30.81062,11.34,0.74,2023-05-09T17:02:59.061
94.89146,29.949,9.73,1.35,2023-05-09T17:28:11.195
96.23882,30.79397,10.0,0.23,2023-05-09T19:44:02.306
96.22652,30.79009,11.09,-0.16,2023-05-09T19:44:27.296
96.23867,30.79394,9.88,0.32,2023-05-09T19:50:34.085
96.22643,30.7903,11.04,0.01,2023-05-09T20:17:19.021
96.23749,30.79177,9.45,0.42,2023-05-09T20:26:44.942
96.22664,30.7903,11.09,-0.29,2023-05-09T20:39:35.921
96.25302,30.80507,8.91,-0.01,2023-05-09T23:06:54.156
96.24765,30.80788,11.54,-0.38,2023-05-10T00:30:02.738
96.25505,30.82516,7.57,0.17,2023-05-10T04:27:50.813
94.62218,28.84474,11.33,1.46,2023-05-10T04:57:53.705
96.23278,30.79561,10.18,-0.33,2023-05-10T05:27:34.364
96.24393,30.7986,11.21,-0.22,2023-05-10T06:01:38.103
96.2389,30.79411,9.76,1.48,2023-05-10T06:13:55.863
94.62259,28.84446,11.6,1.37,2023-05-10T07:11:18.792
95.03331,29.87316,9.74,1.41,2023-05-10T07:32:00.810
96.37992,30.30487,6.77,0.54,2023-05-10T07:44:10.072
96.24346,30.79646,11.91,0.4,2023-05-10T10:02:45.594
96.24089,30.79153,11.7,0.3,2023-05-10T10:40:46.211
96.24991,30.80433,8.74,-0.11,2023-05-10T11:19:27.086
96.2401,30.78876,12.09,0.4,2023-05-10T11:23:34.972
95.04676,31.89354,5.36,0.44,2023-05-10T13:14:22.233
95.06464,31.75673,8.51,0.19,2023-05-10T14:24:05.168
95.06341,31.7523,8.49,0.41,2023-05-10T14:35:41.117
95.06286,31.75147,8.61,0.19,2023-05-10T14:36:59.893
95.06274,31.75211,8.59,0.37,2023-05-10T14:59:01.167
95.06274,31.75208,8.59,0.73,2023-05-10T15:00:58.198
95.06292,31.75219,8.6,0.38,2023-05-10T15:20:07.354
96.23794,30.79411,9.49,0.35,2023-05-10T15:21:15.054
96.23972,30.79532,9.94,-0.09,2023-05-10T15:26:09.750
95.06259,31.75168,8.6,0.18,2023-05-10T16:09:37.895
95.06287,31.75163,8.52,0.84,2023-05-10T17:02:56.821
96.23662,30.78422,11.11,0.67,2023-05-10T17:19:57.169
94.89825,29.89026,8.88,0.73,2023-05-10T18:05:34.602
95.06339,31.75446,8.42,0.63,2023-05-10T19:15:13.700
96.22467,30.78784,12.39,-0.21,2023-05-10T19:16:27.184
95.06328,31.75216,8.62,0.4,2023-05-10T19:41:58.881
96.24008,30.78879,12.07,0.32,2023-05-10T19:55:40.373
96.24369,30.80299,11.78,0.47,2023-05-10T20:04:37.658
95.06139,31.74852,8.43,0.34,2023-05-10T20:16:04.101
96.24245,30.79521,11.69,0.31,2023-05-10T22:02:01.647
94.6514,28.91967,13.68,1.98,2023-05-10T22:43:24.078
96.24535,30.80304,11.61,0.22,2023-05-10T23:42:58.423
96.25304,30.80533,8.9,0.02,2023-05-11T00:02:08.021
96.24794,30.80468,8.99,0.03,2023-05-11T00:29:30.906
95.49821,29.5792,14.2,1.09,2023-05-11T01:39:00.252
95.038,31.91861,6.75,1.29,2023-05-11T02:10:54.291
96.24068,30.79714,9.95,0.25,2023-05-11T02:42:50.562
96.23876,30.79392,9.42,-0.1,2023-05-11T03:29:31.262
96.23766,30.78685,10.09,0.3,2023-05-11T05:26:31.502
95.0629,31.75345,8.37,0.68,2023-05-11T08:13:25.127
96.24572,30.80409,11.12,0.15,2023-05-11T08:18:11.419
96.24737,30.80642,11.69,0.34,2023-05-11T08:57:14.934
96.24702,30.806,11.73,0.3,2023-05-11T08:59:01.744
96.23856,30.79488,9.72,0.14,2023-05-11T09:01:04.662
96.24083,30.79652,9.99,0.41,2023-05-11T10:48:42.378
94.99361,31.92999,5.68,0.69,2023-05-11T10:53:31.229
96.52939,31.23285,13.43,0.12,2023-05-11T11:20:16.040
96.52987,31.23345,13.45,0.46,2023-05-11T12:03:50.704
96.24822,30.80437,9.17,-0.18,2023-05-11T15:21:58.264
95.06264,31.75343,8.41,0.27,2023-05-11T15:25:09.093
95.05391,31.92302,8.32,0.34,2023-05-11T18:05:01.254
96.24612,30.80541,9.59,0.35,2023-05-11T18:18:52.167
96.23766,30.78504,11.71,-0.27,2023-05-11T19:06:53.872
96.24039,30.79822,9.55,0.34,2023-05-11T20:20:17.960
94.53681,30.46941,5.84,-0.04,2023-05-11T20:24:35.195
94.53708,30.46929,6.16,0.06,2023-05-11T20:28:59.039
95.0628,31.75294,8.41,0.61,2023-05-11T22:23:25.334
96.22479,30.78772,12.05,-0.05,2023-05-11T23:54:06.808
96.53046,31.2329,13.41,0.51,2023-05-12T04:02:14.355
96.25027,30.80474,8.91,0.4,2023-05-12T05:56:29.156
96.23777,30.7846,11.61,0.53,2023-05-12T06:57:53.258
96.2415,30.78531,11.32,0.69,2023-05-12T07:04:07.129
96.23803,30.78617,10.5,0.33,2023-05-12T09:00:16.357
96.23864,30.78711,10.45,0.2,2023-05-12T09:39:42.490
96.24494,30.79993,11.15,0.25,2023-05-12T12:18:50.712
96.23792,30.78551,10.95,0.37,2023-05-12T14:49:36.894
96.23857,30.7879,10.08,0.69,2023-05-12T17:30:23.021
95.03229,31.92692,5.85,1.83,2023-05-12T18:01:40.899
95.03229,31.92562,5.88,0.89,2023-05-12T18:02:51.321
95.0684,31.90656,1.31,0.82,2023-05-12T18:03:42.060
95.0684,31.90656,1.31,0.77,2023-05-12T18:04:06.110
95.03229,31.92525,5.88,0.8,2023-05-12T18:08:44.362
95.0681,31.90488,1.2,1.25,2023-05-12T18:11:03.184
96.23728,30.79513,8.79,-0.03,2023-05-12T19:37:41.957
96.53004,31.2329,13.44,0.08,2023-05-12T19:39:16.846
96.23852,30.79179,9.47,0.45,2023-05-12T20:11:56.216
96.2442,30.7999,11.15,0.31,2023-05-12T21:24:30.210
96.23906,30.78813,10.94,-0.17,2023-05-12T22:03:20.382
96.22353,30.78864,12.42,0.37,2023-05-12T23:25:42.416
96.24322,30.79541,11.79,0.35,2023-05-12T23:39:39.657
94.9792,30.15509,8.98,2.72,2023-05-13T00:25:41.989
94.9808,30.15482,8.93,0.75,2023-05-13T00:29:19.521
95.06251,31.75222,8.45,0.44,2023-05-13T00:56:43.685
96.242,30.80006,9.85,0.43,2023-05-13T00:57:08.390
94.98008,30.15458,8.97,1.03,2023-05-13T01:30:24.242
96.2366,30.78478,10.93,0.75,2023-05-13T02:44:59.400
96.52986,31.23329,13.46,2.07,2023-05-13T03:56:33.443
96.52994,31.23254,13.44,1.82,2023-05-13T04:06:54.117
96.53,31.23256,13.39,0.04,2023-05-13T04:24:59.021
96.25354,30.80349,9.34,0.42,2023-05-13T06:15:33.977
95.0631,31.75174,8.48,0.36,2023-05-13T06:56:35.041
96.23718,30.78405,11.81,0.56,2023-05-13T07:03:57.089
96.52999,31.23252,13.39,0.55,2023-05-13T08:40:12.641
96.38714,30.31137,11.83,0.68,2023-05-13T09:12:48.503
96.2247,30.78766,12.12,-0.14,2023-05-13T11:01:40.282
96.23729,30.79161,9.5,0.29,2023-05-13T12:13:31.145
96.2505,30.80362,9.07,0.0,2023-05-13T13:01:33.529
94.54891,31.1446,6.92,0.63,2023-05-13T13:28:28.379
96.24191,30.80082,9.83,0.41,2023-05-13T13:37:59.016
96.24129,30.80016,10.07,0.36,2023-05-13T13:38:26.754
96.24218,30.8,10.01,0.12,2023-05-13T14:03:34.385
96.52943,31.23213,13.36,-0.01,2023-05-13T14:05:06.419
96.24412,30.79839,11.3,-0.2,2023-05-13T14:08:59.597
96.24594,30.80321,11.43,-0.09,2023-05-13T16:11:12.175
94.64326,31.89383,3.32,1.3,2023-05-13T17:08:50.642
94.8575,31.09369,13.66,0.75,2023-05-13T17:29:53.076
94.54842,31.14677,7.58,0.66,2023-05-13T17:52:42.409
96.21448,30.71191,9.46,-0.01,2023-05-13T18:23:40.325
96.24956,30.8102,11.12,-0.12,2023-05-13T18:42:36.395
95.04148,31.91269,2.38,0.81,2023-05-13T19:07:44.072
96.25396,30.80432,9.21,0.19,2023-05-13T20:21:17.896
94.55004,31.14418,6.91,0.67,2023-05-13T21:56:31.798
94.547,31.14367,7.95,1.23,2023-05-13T23:47:08.183
96.21286,30.71037,9.55,0.17,2023-05-14T02:56:23.376
96.21652,30.7167,9.59,0.5,2023-05-14T03:31:29.791
96.23912,30.79318,10.25,0.27,2023-05-14T04:57:59.181
96.2493,30.80879,11.28,-0.54,2023-05-14T05:04:17.212
96.25057,30.80359,9.1,1.38,2023-05-14T05:13:33.754
96.24962,30.80353,9.28,0.63,2023-05-14T05:37:13.063
96.24986,30.80357,9.22,0.66,2023-05-14T05:38:03.165
96.23743,30.78485,11.78,1.34,2023-05-14T06:25:32.042
94.86051,31.09997,8.85,0.43,2023-05-14T06:34:03.792
94.97767,30.15495,8.98,1.77,2023-05-14T06:54:02.967
96.23669,30.78458,11.81,0.72,2023-05-14T08:09:17.615
95.04641,31.89409,5.59,0.46,2023-05-14T08:22:12.386
96.23711,30.78442,11.77,0.94,2023-05-14T08:25:20.831
96.24317,30.79992,10.8,0.4,2023-05-14T12:31:23.326
96.25104,30.81406,11.07,0.41,2023-05-14T13:21:29.053
96.23821,30.78461,12.39,-0.07,2023-05-14T14:09:47.705
96.23752,30.7838,11.7,0.68,2023-05-14T14:16:46.784
96.23718,30.78632,10.66,0.2,2023-05-14T15:59:54.665
96.23755,30.78613,10.62,0.35,2023-05-14T16:22:15.022
96.21461,30.71164,9.55,-0.03,2023-05-14T16:22:41.223
96.23676,30.78466,10.76,2.21,2023-05-14T16:39:11.270
96.23625,30.78522,10.69,1.04,2023-05-14T16:40:01.609
96.23594,30.78424,11.03,0.09,2023-05-14T17:03:44.793
95.03938,31.92873,5.97,0.97,2023-05-14T17:24:35.211
96.23977,30.78981,12.05,0.15,2023-05-14T17:29:51.192
96.24228,30.79369,11.54,-0.25,2023-05-14T17:30:42.835
96.21378,30.71441,9.57,0.28,2023-05-14T17:43:38.778
94.85854,31.09486,13.68,0.99,2023-05-14T18:03:11.530
94.54804,31.14339,7.77,1.31,2023-05-14T18:31:58.944
95.04629,31.89463,5.75,0.46,2023-05-14T18:49:15.960
96.23756,30.78508,11.7,0.05,2023-05-14T19:13:16.601
96.23781,30.78806,10.52,0.05,2023-05-14T19:38:38.951
96.23761,30.78397,10.51,-0.43,2023-05-14T19:50:22.943
96.24568,30.80366,11.66,-0.5,2023-05-14T20:06:48.923
96.24654,30.80539,11.23,0.27,2023-05-14T20:33:25.606
96.26524,30.86218,12.78,-0.3,2023-05-14T20:35:54.256
96.23651,30.78405,10.78,0.16,2023-05-14T20:50:25.764
96.9574,30.31541,4.98,0.66,2023-05-14T20:51:31.159
96.23738,30.78494,11.72,0.49,2023-05-14T21:13:37.228
94.89838,29.11787,8.74,0.98,2023-05-14T21:29:22.209
96.24695,30.80477,11.04,0.39,2023-05-14T21:31:13.874
96.53014,31.23381,13.43,0.56,2023-05-14T21:38:16.385
96.2597,30.81441,6.92,0.03,2023-05-14T21:48:51.783
96.52987,31.23289,13.38,-0.62,2023-05-14T21:49:52.495
96.23916,30.78834,10.91,-0.24,2023-05-14T22:05:47.461
96.21178,30.79738,10.57,-0.22,2023-05-14T22:42:24.834
96.23735,30.78701,10.13,0.96,2023-05-15T01:03:35.271
96.24026,30.78953,11.9,0.76,2023-05-15T02:30:44.025
97.35531,30.1737,0.4,0.83,2023-05-15T04:10:43.132
97.35474,30.1743,0.22,2.08,2023-05-15T04:21:33.604
97.35455,30.17419,0.26,0.92,2023-05-15T05:12:08.110
97.35529,30.17438,0.28,0.81,2023-05-15T05:15:22.936
97.35488,30.17458,0.16,0.95,2023-05-15T05:15:41.607
96.23769,30.78658,11.18,0.08,2023-05-15T05:31:12.979
97.3542,30.1752,-0.07,0.9,2023-05-15T05:39:30.448
96.23683,30.78316,11.13,0.09,2023-05-15T09:10:09.565
96.23657,30.78275,11.16,0.44,2023-05-15T09:40:06.647
96.23663,30.78444,10.89,-0.05,2023-05-15T09:47:00.608
96.23657,30.78326,11.12,0.63,2023-05-15T09:49:43.073
97.35525,30.17521,-0.26,1.36,2023-05-15T09:53:51.761
96.23636,30.78302,11.16,0.48,2023-05-15T10:14:57.118
97.35207,30.17438,0.04,0.81,2023-05-15T10:40:33.444
96.24463,30.79965,11.13,0.48,2023-05-15T11:41:37.723
96.23656,30.78273,11.17,0.38,2023-05-15T11:45:32.498
96.2393,30.7943,10.31,0.43,2023-05-15T12:30:58.671
96.24189,30.80079,9.83,0.36,2023-05-15T12:51:01.567
96.2374,30.78504,11.72,0.59,2023-05-15T13:27:28.941
96.23625,30.78313,11.02,0.81,2023-05-15T13:58:52.355
94.9016,29.11561,9.68,1.5,2023-05-15T14:49:22.726
94.90193,29.11446,9.72,1.06,2023-05-15T14:57:26.742
96.23926,30.79506,9.25,0.47,2023-05-15T15:08:41.460
94.10941,30.35348,10.69,0.82,2023-05-15T15:26:40.503
96.24729,30.80678,11.25,0.78,2023-05-15T15:26:51.536
96.24754,30.80672,11.1,0.31,2023-05-15T15:33:29.957
97.35501,30.17403,0.32,1.27,2023-05-15T15:45:09.331
96.23679,30.78449,10.99,-0.08,2023-05-15T15:48:19.194
97.3543,30.175,0.06,0.85,2023-05-15T15:56:34.978
97.35534,30.17482,0.19,0.87,2023-05-15T15:57:34.523
97.35574,30.17523,0.23,0.83,2023-05-15T16:02:38.174
97.35517,30.17433,0.23,1.15,2023-05-15T16:05:46.430
97.35554,30.17476,0.15,0.8,2023-05-15T16:22:44.655
97.3541,30.17323,0.39,0.65,2023-05-15T16:48:38.258
96.23725,30.78323,11.14,0.37,2023-05-15T16:56:29.644
94.86011,31.10022,9.06,0.2,2023-05-15T17:03:51.871
96.23674,30.78459,10.98,-0.42,2023-05-15T17:19:05.735
96.2403,30.78994,11.81,0.22,2023-05-15T17:33:49.883
94.54844,31.14418,7.75,0.62,2023-05-15T17:57:34.137
96.24365,30.79789,12.08,-0.23,2023-05-15T18:31:12.567
96.24014,30.79034,11.76,-0.42,2023-05-15T18:33:14.821
94.97715,30.15503,8.96,0.3,2023-05-15T19:07:31.788
96.24651,30.79906,11.82,0.27,2023-05-15T19:14:30.177
96.23855,30.80131,9.21,-0.09,2023-05-15T19:45:28.237
97.35575,30.17456,0.29,0.87,2023-05-15T20:23:33.991
94.10941,30.35388,10.72,0.85,2023-05-15T20:46:02.021
96.24417,30.79944,11.11,0.21,2023-05-15T20:46:22.497
94.54037,31.13794,12.74,1.12,2023-05-15T21:46:48.584
95.05121,31.39481,7.64,-0.15,2023-05-15T21:52:34.410
96.24597,30.80381,11.55,1.91,2023-05-15T22:18:49.219
96.24798,30.80782,11.18,0.53,2023-05-15T22:26:31.555
94.97713,30.15488,9.02,0.63,2023-05-15T22:50:38.342
96.24669,30.80465,11.61,0.42,2023-05-15T22:54:32.830
96.23663,30.78421,10.97,0.19,2023-05-15T22:59:11.557
96.24282,30.79578,11.63,-0.36,2023-05-16T00:13:21.197
94.99381,31.92965,5.42,1.03,2023-05-16T00:51:13.574
95.03698,31.90657,3.8,1.12,2023-05-16T01:10:33.429
95.3069,31.8532,4.07,0.85,2023-05-16T02:35:02.160
96.36279,30.095,8.77,1.2,2023-05-16T02:44:49.041
96.36299,30.09515,8.79,1.11,2023-05-16T02:46:30.376
96.24858,30.80992,11.04,0.21,2023-05-16T02:49:21.021
96.23757,30.78528,11.65,-0.06,2023-05-16T03:13:24.782
96.24703,30.80464,11.79,0.34,2023-05-16T04:25:41.165
96.24846,30.80889,10.7,0.26,2023-05-16T05:07:14.040
97.35337,30.17355,0.16,1.53,2023-05-16T10:39:03.835
95.03679,31.90539,3.62,1.98,2023-05-16T11:35:28.525
95.03796,31.90663,3.48,1.12,2023-05-16T11:38:02.177
94.54805,31.14402,8.35,1.24,2023-05-16T11:58:02.740
94.53907,31.13962,12.68,0.87,2023-05-16T12:06:46.273
94.54787,31.14401,8.36,1.18,2023-05-16T14:16:06.437
96.23732,30.78413,10.81,0.27,2023-05-16T14:19:15.581
94.99218,31.93065,5.54,0.75,2023-05-16T14:31:38.110
94.54873,31.14354,7.21,0.85,2023-05-16T14:34:20.505
95.03812,31.92714,6.69,0.7,2023-05-16T14:39:24.436
96.23742,30.78575,10.62,0.19,2023-05-16T17:23:36.697
94.6323,31.9074,4.56,0.99,2023-05-16T17:55:46.351
94.84923,30.61717,7.64,0.2,2023-05-16T18:14:03.542
96.23755,30.78668,10.17,0.37,2023-05-16T18:18:45.072
94.5403,31.13904,13.17,1.28,2023-05-16T18:26:19.378
94.9949,31.93065,5.18,0.85,2023-05-16T18:29:50.853
95.0559,31.95178,2.51,0.88,2023-05-16T20:29:53.515
94.90225,29.11504,9.65,1.34,2023-05-16T20:35:25.287
94.90067,29.11471,9.4,0.85,2023-05-16T20:36:01.330
96.2372,30.78379,11.97,-0.38,2023-05-16T23:00:42.827
96.25047,30.8037,9.09,0.58,2023-05-16T23:36:05.263
96.25111,30.8041,9.06,-0.08,2023-05-16T23:37:01.521
96.45774,31.24932,13.2,0.04,2023-05-17T01:08:57.386
96.24268,30.8027,9.43,0.39,2023-05-17T02:07:41.005
96.24056,30.79813,9.56,0.46,2023-05-17T03:41:21.222
96.24493,30.80017,11.6,0.42,2023-05-17T03:49:12.346
96.95796,30.31511,4.88,0.81,2023-05-17T05:01:46.636
96.38703,30.31098,11.69,0.45,2023-05-17T06:22:47.642
96.24526,30.80189,11.56,0.28,2023-05-17T07:12:35.716
97.35572,30.17485,0.22,0.98,2023-05-17T08:48:07.148
96.2447,30.79973,11.67,0.11,2023-05-17T09:06:05.221
96.24279,30.79489,11.79,0.77,2023-05-17T09:23:44.802
96.24309,30.79505,11.76,0.21,2023-05-17T09:26:19.812
96.23986,30.79147,10.9,0.11,2023-05-17T09:37:23.270
94.63957,31.89879,5.0,1.21,2023-05-17T14:02:51.931
96.2481,30.80894,11.68,-0.2,2023-05-17T14:03:55.746
96.2405,30.79029,11.73,0.56,2023-05-17T16:19:12.372
96.23916,30.78921,11.8,-0.44,2023-05-17T17:10:50.646
96.36264,30.09519,8.71,0.68,2023-05-17T19:33:08.906
96.92971,31.07468,12.11,0.63,2023-05-17T20:59:38.607
96.24069,30.79022,11.98,0.51,2023-05-17T21:11:07.339
96.23853,30.78397,2.46,2.43,2023-05-17T21:11:26.149
96.23722,30.79016,12.1,0.28,2023-05-17T21:17:09.012
94.54013,31.13938,13.03,0.87,2023-05-17T21:19:29.103
96.24055,30.79056,11.85,0.19,2023-05-17T22:28:26.428
96.23761,30.78382,11.99,-0.01,2023-05-17T23:05:24.315
95.02393,31.943,4.74,1.35,2023-05-17T23:10:21.014
95.3069,31.8532,4.07,1.71,2023-05-17T23:14:37.491
96.23477,30.78546,11.69,-0.18,2023-05-17T23:31:18.588
95.04033,31.92884,5.89,1.3,2023-05-18T00:35:55.182
96.23674,30.7853,10.83,0.23,2023-05-18T02:09:08.942
94.6232,28.84617,10.52,1.26,2023-05-18T02:21:52.703
96.24615,30.80687,11.71,0.48,2023-05-18T04:27:50.537
96.23729,30.78359,11.99,0.02,2023-05-18T04:32:55.189
96.23827,30.78575,11.91,0.19,2023-05-18T05:22:31.607
96.95696,30.31536,4.82,0.86,2023-05-18T06:14:11.909
94.54883,31.14252,8.54,1.73,2023-05-18T07:48:29.273
97.35204,30.17378,0.04,0.91,2023-05-18T08:14:59.334
94.54904,31.14207,8.48,1.48,2023-05-18T12:13:23.208
96.24405,30.79786,11.2,0.48,2023-05-18T12:21:05.671
94.54782,31.14298,8.35,1.09,2023-05-18T13:18:18.993
95.06878,31.85829,6.12,0.37,2023-05-18T15:25:43.283
96.23857,30.78558,12.19,0.12,2023-05-18T15:47:15.587
96.23597,30.78369,12.28,-0.11,2023-05-18T15:53:35.974
96.23728,30.78414,11.85,0.61,2023-05-18T16:10:40.097
95.44513,31.85075,5.67,1.05,2023-05-18T16:32:08.231
95.44513,31.85075,5.67,0.72,2023-05-18T16:57:36.801
94.54974,31.14435,7.03,0.63,2023-05-18T17:44:17.878
94.97743,30.15357,9.18,0.11,2023-05-18T18:57:56.831
94.54891,31.14329,7.75,1.31,2023-05-18T19:21:49.823
94.54094,31.13814,13.02,0.65,2023-05-18T19:44:45.322
94.98734,29.83548,8.29,1.75,2023-05-18T21:05:25.087
96.2494,30.81294,9.94,-0.2,2023-05-18T21:14:14.883
94.98738,29.8354,8.27,1.01,2023-05-18T21:31:28.007
94.54135,31.13728,13.18,0.62,2023-05-18T23:09:20.645
94.98696,29.83579,9.04,1.19,2023-05-18T23:36:42.874
94.55036,31.14232,7.58,1.3,2023-05-19T02:22:51.780
94.54831,31.14285,7.82,1.36,2023-05-19T05:42:00.424
95.73477,32.08448,9.3,1.39,2023-05-19T06:25:28.607
94.98054,30.15439,9.07,0.87,2023-05-19T06:27:22.474
95.73456,32.08666,9.03,1.15,2023-05-19T06:33:14.481
96.2372,30.78673,10.32,0.49,2023-05-19T06:50:26.685
96.23639,30.78463,10.98,0.5,2023-05-19T07:07:57.837
94.55053,31.14313,7.13,1.36,2023-05-19T08:14:07.724
95.73441,32.08429,9.19,1.51,2023-05-19T10:57:09.316
95.72832,32.05913,11.12,1.16,2023-05-19T11:02:39.589
96.25367,30.80876,11.42,0.03,2023-05-19T12:12:25.308
95.73308,32.0839,7.54,1.15,2023-05-19T12:19:40.544
95.72806,32.05745,10.01,1.16,2023-05-19T12:19:57.795
95.73392,32.08423,8.38,1.02,2023-05-19T12:34:32.646
95.73365,32.08379,9.33,2.92,2023-05-19T12:35:48.410
95.73483,32.08432,8.87,1.23,2023-05-19T12:38:18.149
95.73537,32.08426,7.82,1.04,2023-05-19T12:41:24.029
95.73435,32.08528,10.16,0.94,2023-05-19T12:46:35.834
95.73619,32.08412,7.99,0.99,2023-05-19T12:48:21.832
95.73583,32.08483,9.05,0.71,2023-05-19T12:52:28.277
95.73257,32.0835,8.15,1.0,2023-05-19T12:55:29.480
95.73691,32.11262,10.34,1.05,2023-05-19T12:55:56.576
95.73375,32.08374,9.27,1.05,2023-05-19T12:57:19.038
95.0559,31.95422,2.8,0.9,2023-05-19T12:58:11.937
95.73772,32.1133,11.04,1.09,2023-05-19T13:08:18.685
94.9864,29.83583,8.33,1.28,2023-05-19T13:14:11.208
95.7357,32.08354,11.96,1.43,2023-05-19T13:15:55.510
95.73621,32.08423,11.95,1.06,2023-05-19T13:32:49.936
95.7348,32.08452,10.28,2.69,2023-05-19T13:34:05.386
95.73677,32.08407,10.76,1.51,2023-05-19T13:37:05.892
95.73839,32.11305,10.75,0.92,2023-05-19T13:37:35.569
95.73752,32.08575,9.13,1.75,2023-05-19T13:38:25.017
96.23942,30.79354,10.27,1.34,2023-05-19T13:40:02.875
95.73609,32.08557,10.02,1.68,2023-05-19T13:40:13.310
95.73841,32.0865,9.5,2.93,2023-05-19T13:40:45.840
95.73981,32.08875,11.8,1.35,2023-05-19T13:42:08.792
95.73851,32.08674,9.3,2.01,2023-05-19T13:42:32.883
95.73853,32.08458,9.81,1.41,2023-05-19T13:44:24.555
95.73759,32.08594,11.44,1.44,2023-05-19T13:46:19.949
96.23887,30.78615,12.37,0.16,2023-05-19T13:56:07.188
95.73808,32.08639,10.06,1.57,2023-05-19T14:10:22.272
95.73462,32.08518,9.65,1.24,2023-05-19T14:19:06.844
96.26149,30.838,8.54,-0.11,2023-05-19T14:45:10.602
95.73866,32.08406,10.78,1.49,2023-05-19T15:02:38.628
95.73865,32.11091,10.82,1.28,2023-05-19T15:25:24.132
95.73809,32.11168,9.27,0.87,2023-05-19T15:26:26.228
95.72883,32.06,9.56,1.19,2023-05-19T15:27:12.796
96.26051,30.838,8.68,-0.04,2023-05-19T15:28:53.900
95.73788,32.08422,11.03,1.41,2023-05-19T16:16:16.638
96.24618,30.80366,11.36,0.21,2023-05-19T16:50:42.031
95.73631,32.1134,10.65,1.39,2023-05-19T17:16:09.522
96.23893,30.79339,10.29,-0.18,2023-05-19T17:29:11.575
96.23869,30.79097,10.52,0.2,2023-05-19T18:50:54.654
95.73669,32.08536,10.12,0.96,2023-05-19T19:17:55.196
96.23959,30.79331,10.42,0.08,2023-05-19T19:26:37.703
95.73597,32.11392,10.74,1.08,2023-05-19T20:33:29.598
97.35572,30.1756,0.28,1.11,2023-05-19T20:35:02.548
97.35494,30.17571,0.05,0.9,2023-05-19T20:36:48.415
94.54842,31.1429,7.83,1.3,2023-05-19T20:42:57.924
97.35593,30.17531,0.08,1.44,2023-05-19T20:48:32.045
96.2538,30.80845,11.36,-0.19,2023-05-19T21:01:18.920
96.25375,30.80493,9.23,-0.03,2023-05-19T21:15:03.674
95.73409,32.07939,12.81,1.34,2023-05-19T21:59:29.252
96.25476,30.80582,8.75,-0.18,2023-05-19T22:01:06.256
95.7365,32.08613,9.76,0.65,2023-05-19T22:06:40.265
95.73768,32.08583,9.43,2.2,2023-05-20T00:26:15.617
95.03977,31.92814,6.01,1.31,2023-05-20T00:58:30.340
95.73707,32.08611,9.59,0.97,2023-05-20T04:08:32.470
96.25438,30.8048,9.12,0.34,2023-05-20T04:45:46.101
95.73751,32.08562,10.52,0.96,2023-05-20T04:53:05.139
95.09954,31.2382,10.27,0.45,2023-05-20T05:44:39.581
94.62215,28.84252,10.81,1.93,2023-05-20T06:18:21.479
96.24068,30.79811,10.0,-0.13,2023-05-20T07:23:26.629
95.73826,32.08581,10.44,1.07,2023-05-20T08:10:17.379
95.73844,32.08635,10.1,1.22,2023-05-20T08:29:52.714
95.73773,32.0826,11.98,1.05,2023-05-20T08:33:43.379
95.73877,32.08607,11.27,0.99,2023-05-20T09:05:29.272
95.73613,32.08496,9.14,1.57,2023-05-20T10:01:05.135
95.7358,32.08537,9.19,0.88,2023-05-20T10:10:18.930
95.7361,32.08557,8.94,0.96,2023-05-20T10:22:59.211
94.53328,31.61355,10.32,0.9,2023-05-20T10:31:38.756
94.53253,31.61371,10.45,0.48,2023-05-20T11:14:21.800
96.25405,30.8048,9.13,0.59,2023-05-20T11:31:51.372
95.73814,32.08547,12.0,1.0,2023-05-20T12:34:31.173
95.73931,32.0864,11.2,0.7,2023-05-20T13:29:57.229
95.7391,32.08654,11.6,0.7,2023-05-20T13:31:42.412
97.35221,30.17326,0.03,0.78,2023-05-20T13:41:15.685
95.73972,32.08779,9.65,1.55,2023-05-20T14:05:38.552
96.24415,30.79816,11.19,0.2,2023-05-20T14:10:58.161
96.24201,30.79918,10.12,0.16,2023-05-20T14:28:29.883
95.73923,32.08634,11.64,0.71,2023-05-20T14:48:52.083
94.54052,31.13719,13.08,1.43,2023-05-20T15:45:08.129
96.23421,30.79469,9.81,-0.22,2023-05-20T17:57:41.250
95.7346,32.06163,8.87,0.4,2023-05-20T18:05:11.486
95.1062,31.87507,0.72,0.72,2023-05-20T18:05:45.946
97.35578,30.17496,0.27,1.35,2023-05-20T18:18:10.644
95.74015,32.08738,11.08,0.35,2023-05-20T18:52:41.979
95.10568,31.87654,0.72,0.7,2023-05-20T19:02:51.615
96.23421,30.79469,9.81,-0.17,2023-05-20T19:24:20.490
96.22909,30.79578,11.65,0.32,2023-05-20T19:34:09.944
96.24789,30.81024,10.44,1.14,2023-05-20T19:38:41.150
96.2291,30.79547,11.7,0.1,2023-05-20T19:39:42.957
95.73765,32.08469,12.19,0.92,2023-05-20T19:55:46.505
96.25514,30.8061,8.95,-0.35,2023-05-20T19:57:41.067
96.2511,30.8144,11.08,-0.46,2023-05-20T20:31:23.302
96.24362,30.80565,12.69,-0.24,2023-05-20T20:59:55.174
95.73711,32.08554,12.3,0.95,2023-05-20T21:00:40.950
96.251,30.80522,8.92,-0.24,2023-05-20T21:01:34.121
95.73881,32.08599,11.64,0.63,2023-05-20T22:42:12.329
95.74011,32.08734,9.66,1.64,2023-05-20T23:07:09.650
95.73933,32.08641,12.59,0.93,2023-05-20T23:10:04.907
94.55043,31.14285,7.33,0.79,2023-05-21T01:27:31.100
94.55165,31.14354,6.46,0.81,2023-05-21T01:28:03.430
95.73968,32.08769,12.23,1.07,2023-05-21T02:15:09.868
95.04639,31.9008,5.26,0.43,2023-05-21T02:53:38.366
97.35604,30.17435,0.34,2.86,2023-05-21T02:57:09.279
97.35413,30.17363,0.13,1.31,2023-05-21T02:58:10.413
97.35613,30.1755,0.15,1.12,2023-05-21T02:59:36.636
97.35664,30.17561,0.17,1.8,2023-05-21T03:01:34.303
96.22909,30.7954,11.62,1.09,2023-05-21T03:10:58.976
96.22898,30.79576,11.57,0.44,2023-05-21T03:14:19.629
96.22962,30.7958,11.69,0.78,2023-05-21T03:14:45.872
96.22923,30.79614,11.55,0.4,2023-05-21T03:15:14.573
97.35616,30.17535,0.21,1.36,2023-05-21T03:17:21.094
97.35495,30.17554,0.15,1.03,2023-05-21T03:32:09.263
97.35658,30.17611,0.11,1.37,2023-05-21T03:33:17.556
97.35612,30.17542,0.23,1.11,2023-05-21T03:57:10.866
95.73845,32.08654,12.2,0.94,2023-05-21T04:06:02.964
96.23887,30.78795,11.98,0.79,2023-05-21T04:12:53.238
95.73842,32.08774,11.15,0.7,2023-05-21T04:13:47.901
97.35511,30.17565,0.1,1.01,2023-05-21T04:14:31.661
97.35358,30.17425,0.15,0.83,2023-05-21T04:18:23.121
97.35673,30.17612,0.05,1.58,2023-05-21T04:32:29.575
97.35752,30.17622,0.39,3.52,2023-05-21T05:11:18.834
97.35686,30.17599,0.44,1.12,2023-05-21T05:14:03.417
97.35572,30.17501,0.29,1.56,2023-05-21T05:20:10.165
96.2417,30.79997,9.69,0.37,2023-05-21T05:22:25.659
97.3559,30.17834,-0.07,0.9,2023-05-21T05:32:19.451
97.35622,30.17567,0.26,1.54,2023-05-21T06:24:47.758
97.35548,30.17565,0.16,1.13,2023-05-21T07:05:32.464
97.35684,30.17582,0.29,1.51,2023-05-21T07:35:13.732
96.23736,30.78339,12.11,0.42,2023-05-21T07:36:38.637
94.54026,31.13685,13.26,0.91,2023-05-21T09:38:29.647
97.35745,30.17759,0.27,1.05,2023-05-21T10:44:16.719
94.5329,31.61359,10.18,0.37,2023-05-21T11:30:30.055
97.35655,30.17699,0.15,1.13,2023-05-21T12:08:39.394
97.35564,30.17582,-0.05,0.97,2023-05-21T13:28:22.112
94.99314,31.9265,6.6,1.15,2023-05-21T13:38:08.166
94.99383,31.92668,6.37,0.8,2023-05-21T13:47:10.098
95.73665,32.08485,8.23,0.98,2023-05-21T14:07:21.673
95.73857,32.11236,11.16,0.78,2023-05-21T14:08:41.964
94.84292,30.02873,11.55,1.46,2023-05-21T14:55:16.053
95.73354,32.06042,9.27,0.86,2023-05-21T15:16:37.456
97.35293,30.17332,0.15,1.04,2023-05-21T15:54:01.875
96.247,30.80611,11.33,-0.16,2023-05-21T16:52:22.835
96.24713,30.80582,11.44,-0.16,2023-05-21T17:01:02.392
97.35701,30.1761,0.43,0.81,2023-05-21T17:06:25.556
95.10643,31.87708,0.99,0.74,2023-05-21T17:24:02.228
97.35644,30.17758,0.01,0.95,2023-05-21T17:24:54.876
96.24661,30.80435,11.5,0.49,2023-05-21T17:46:51.897
96.92893,31.07505,12.08,0.41,2023-05-21T17:48:55.960
96.24953,30.80569,8.97,-0.44,2023-05-21T18:32:29.201
94.6323,31.9074,4.56,0.98,2023-05-21T18:46:09.001
97.35686,30.17597,0.33,2.36,2023-05-21T19:04:54.269
97.35603,30.17597,0.31,1.62,2023-05-21T19:28:43.686
95.10568,31.87611,1.04,0.92,2023-05-21T19:38:29.716
96.22179,30.79518,10.8,-0.34,2023-05-21T20:05:00.106
95.73837,32.08646,12.25,1.17,2023-05-21T20:05:18.717
96.21558,30.71389,9.58,0.4,2023-05-21T20:20:03.140
97.35766,30.1772,0.31,1.4,2023-05-21T20:32:59.229
95.73846,32.08611,10.68,0.7,2023-05-21T21:32:29.809
95.73904,32.08488,12.21,0.93,2023-05-21T21:35:48.215
95.73479,32.08511,9.92,0.66,2023-05-21T21:57:59.294
96.24983,30.80346,9.21,0.31,2023-05-21T22:36:23.532
97.35665,30.17658,0.28,0.98,2023-05-22T02:42:28.446
95.73948,32.08882,11.44,0.69,2023-05-22T04:27:44.461
95.73848,32.08788,11.03,0.68,2023-05-22T04:48:07.142
95.73622,32.08548,9.5,2.66,2023-05-22T06:07:47.726
95.73546,32.08301,12.74,1.42,2023-05-22T06:10:23.406
95.73669,32.08614,8.5,0.86,2023-05-22T06:15:33.081
95.73664,32.08695,8.35,0.82,2023-05-22T06:16:00.651
95.73064,32.06025,9.01,1.36,2023-05-22T06:28:37.640
95.73659,32.08533,12.16,1.1,2023-05-22T06:31:54.514
95.73453,32.08601,9.78,1.05,2023-05-22T06:47:07.003
95.73748,32.08551,10.31,1.66,2023-05-22T06:50:45.109
95.73516,32.08549,9.11,1.68,2023-05-22T07:46:57.052
95.73588,32.08527,7.71,1.05,2023-05-22T07:51:59.153
94.53158,31.61359,10.46,0.96,2023-05-22T08:26:01.377
95.73653,32.08647,9.11,0.85,2023-05-22T09:47:21.295
96.00564,29.60925,10.61,1.62,2023-05-22T10:06:13.240
95.73206,32.05945,9.59,0.95,2023-05-22T10:33:21.000
96.23751,30.78698,10.19,-0.02,2023-05-22T10:55:48.957
95.73641,32.08574,8.91,0.98,2023-05-22T11:11:15.240
94.53224,31.61418,10.3,0.46,2023-05-22T11:45:28.502
96.24739,30.80593,11.65,0.45,2023-05-22T11:53:39.798
95.73782,32.08836,11.31,0.99,2023-05-22T12:27:53.187
95.73583,32.08674,9.23,1.51,2023-05-22T13:17:57.501
96.2473,30.80604,11.54,0.2,2023-05-22T13:23:00.685
95.73374,32.08403,13.43,1.28,2023-05-22T13:27:46.513
95.73495,32.08519,9.26,0.78,2023-05-22T13:43:09.325
96.24312,30.79523,11.81,0.62,2023-05-22T13:45:23.516
96.24329,30.79511,11.6,0.24,2023-05-22T13:51:15.157
95.73547,32.08765,11.28,1.32,2023-05-22T13:53:27.812
95.73446,32.08464,12.49,1.3,2023-05-22T14:02:23.401
95.73814,32.11219,10.49,0.62,2023-05-22T14:03:03.044
94.54906,31.14518,7.72,0.18,2023-05-22T14:03:25.774
95.73672,32.08653,9.08,0.71,2023-05-22T14:07:54.333
96.24791,30.80612,11.5,-0.04,2023-05-22T14:20:46.452
95.73495,32.08519,9.26,0.81,2023-05-22T14:27:07.755
95.73601,32.08611,9.1,0.69,2023-05-22T14:33:08.404
95.73495,32.08519,9.26,0.78,2023-05-22T14:34:32.835
96.24722,30.80618,11.53,0.3,2023-05-22T14:45:35.488
95.73267,32.05964,9.36,0.83,2023-05-22T14:45:57.816
96.23561,30.78504,10.83,0.39,2023-05-22T14:51:35.040
95.73001,32.0621,10.5,1.31,2023-05-22T14:52:36.317
95.73626,32.08621,12.23,0.89,2023-05-22T14:55:08.109
95.72991,32.0619,9.67,1.28,2023-05-22T15:02:40.474
95.73551,32.0867,7.89,0.51,2023-05-22T15:07:57.065
96.2402,30.7896,11.81,0.22,2023-05-22T15:10:10.993
95.0189,31.91649,9.12,0.77,2023-05-22T15:29:48.560
95.72873,32.06116,10.38,1.3,2023-05-22T16:14:20.106
96.25133,30.8141,11.09,0.08,2023-05-22T16:36:19.383
94.54011,31.13673,13.1,0.02,2023-05-22T17:40:20.641
95.73681,32.08668,8.67,0.67,2023-05-22T17:57:58.316
95.73035,32.06372,9.63,1.31,2023-05-22T18:05:22.503
96.23031,30.79883,11.25,0.05,2023-05-22T18:36:55.375
96.23858,30.79052,10.4,0.22,2023-05-22T18:52:06.401
97.35555,30.17644,0.06,1.32,2023-05-22T18:54:25.537
96.23788,30.79012,9.74,-0.2,2023-05-22T18:59:59.909
94.53252,31.61395,10.3,0.36,2023-05-22T19:03:38.122
96.23853,30.79059,10.46,0.49,2023-05-22T19:05:39.387
94.53242,31.61372,10.51,0.34,2023-05-22T19:43:48.298
96.52985,31.2338,13.44,0.31,2023-05-22T20:01:26.452
94.52988,31.61423,10.35,0.32,2023-05-22T20:12:59.175
95.73272,32.11281,11.44,1.32,2023-05-22T21:04:55.567
96.25372,30.80487,9.22,-0.24,2023-05-22T21:54:42.692
97.35645,30.17654,0.29,1.0,2023-05-22T22:07:25.881
97.35627,30.17663,0.27,0.8,2023-05-22T22:10:18.461
95.73262,32.06218,9.71,0.71,2023-05-22T22:11:24.266
95.7368,32.08551,8.31,0.55,2023-05-22T22:15:11.733
97.35591,30.17588,0.26,0.79,2023-05-22T22:17:31.080
96.23589,30.7851,10.68,-0.07,2023-05-22T22:24:41.479
97.35649,30.17554,0.25,1.2,2023-05-22T22:42:55.368
95.73197,32.06003,8.93,1.29,2023-05-22T23:44:45.101
94.54926,31.14446,7.27,1.5,2023-05-22T23:48:01.130
95.73449,32.08531,9.58,1.48,2023-05-23T00:00:32.546
95.73193,32.05801,9.37,1.09,2023-05-23T00:16:30.977
96.53039,31.23417,13.52,0.43,2023-05-23T00:27:35.502
96.23809,30.79491,9.55,0.58,2023-05-23T00:40:49.458
96.23717,30.79156,9.51,0.69,2023-05-23T01:33:06.116
94.53276,31.61376,10.57,0.37,2023-05-23T01:33:51.354
97.3555,30.17531,0.2,1.06,2023-05-23T01:55:12.740
96.2428,30.7952,11.79,0.37,2023-05-23T02:39:51.245
96.90675,30.27938,7.7,2.89,2023-05-23T03:06:38.952
96.90867,30.27977,7.39,0.58,2023-05-23T04:42:47.746
96.90899,30.27975,7.43,0.6,2023-05-23T04:49:52.461
96.24438,30.7997,11.56,0.55,2023-05-23T04:52:20.965
96.23849,30.78637,10.2,0.31,2023-05-23T05:19:14.163
96.23811,30.78455,12.34,0.11,2023-05-23T05:23:12.225
96.23699,30.78573,10.98,0.14,2023-05-23T06:16:35.168
97.35336,30.17656,0.14,1.95,2023-05-23T08:15:59.989
95.73448,32.05365,8.38,1.15,2023-05-23T09:26:02.137
95.73298,32.08355,11.71,0.87,2023-05-23T10:09:33.466
95.73186,32.08468,10.16,1.52,2023-05-23T11:42:41.872
95.73307,32.08484,10.0,0.98,2023-05-23T12:03:20.943
95.73475,32.08513,9.25,1.13,2023-05-23T12:07:29.566
96.23835,30.79223,9.91,0.09,2023-05-23T13:36:57.636
96.90137,30.28032,8.23,0.75,2023-05-23T14:24:43.174
96.90569,30.27891,7.56,1.3,2023-05-23T14:56:41.802
95.08304,31.82888,4.39,0.12,2023-05-23T15:10:18.799
96.24036,30.79893,9.41,-0.2,2023-05-23T15:55:15.334
96.9066,30.27975,7.62,1.26,2023-05-23T16:09:16.146
96.24819,30.81122,10.06,-0.3,2023-05-23T16:48:17.899
96.23764,30.78445,11.88,0.24,2023-05-23T16:48:56.830
95.73916,32.08692,11.32,0.67,2023-05-23T17:28:52.257
96.22496,30.78764,12.2,-0.15,2023-05-23T19:54:15.365
95.10808,31.88114,4.33,0.32,2023-05-23T20:02:22.819
96.23663,30.78496,10.74,0.82,2023-05-23T20:56:04.336
95.04554,31.90192,5.36,0.34,2023-05-23T21:27:45.890
95.73173,32.05831,8.41,1.12,2023-05-23T21:47:21.098
96.2374,30.79371,9.18,-0.15,2023-05-23T22:14:31.853
95.74027,32.08642,11.19,0.37,2023-05-23T23:25:50.074
96.22615,30.79073,11.74,1.15,2023-05-24T00:16:54.791
96.23758,30.78677,10.15,0.2,2023-05-24T00:28:28.299
97.35637,30.17619,0.23,1.07,2023-05-24T01:52:02.343
97.35628,30.17555,0.2,1.02,2023-05-24T01:55:53.343
96.23773,30.78589,11.63,-0.36,2023-05-24T02:24:17.855
96.25166,30.80421,9.17,0.59,2023-05-24T02:42:39.484
97.35546,30.17562,0.2,1.19,2023-05-24T02:50:33.531
97.35504,30.17536,0.18,1.03,2023-05-24T02:52:11.799
95.7384,32.08598,10.72,0.66,2023-05-24T03:55:20.834
95.73863,32.0866,10.15,1.81,2023-05-24T04:11:17.860
95.73889,32.08705,9.56,1.82,2023-05-24T04:17:39.718
95.73844,32.08637,10.1,1.08,2023-05-24T06:29:54.613
95.73906,32.08628,12.39,1.12,2023-05-24T06:33:44.658
95.73948,32.08706,10.96,0.81,2023-05-24T06:39:31.962
96.90734,30.28105,7.73,1.1,2023-05-24T06:50:42.423
95.73964,32.08634,11.84,0.71,2023-05-24T06:57:40.617
96.23754,30.78605,11.77,-0.1,2023-05-24T07:01:25.855
95.72566,32.0616,10.38,1.56,2023-05-24T08:25:01.158
95.73892,32.08655,12.12,1.08,2023-05-24T08:29:19.546
96.23648,30.78473,10.69,-0.17,2023-05-24T09:55:01.710
96.23811,30.78476,12.45,0.02,2023-05-24T11:21:21.203
95.73841,32.0865,9.5,3.32,2023-05-24T12:45:41.320
95.74042,32.08735,11.83,1.55,2023-05-24T12:47:04.288
95.73882,32.08732,10.85,0.72,2023-05-24T12:51:18.503
95.73824,32.08688,12.21,1.01,2023-05-24T12:52:41.202
95.7377,32.08568,10.76,0.69,2023-05-24T12:55:52.851
95.73733,32.08527,12.31,1.14,2023-05-24T12:56:17.208
95.73253,32.0604,8.9,0.93,2023-05-24T12:57:14.121
95.73943,32.08442,11.09,1.4,2023-05-24T12:59:28.709
95.7394,32.08724,10.69,0.73,2023-05-24T13:00:47.605
95.7421,32.08766,11.64,0.27,2023-05-24T13:03:23.958
95.74214,32.11436,11.43,0.82,2023-05-24T13:03:38.347
95.73786,32.08693,13.78,1.43,2023-05-24T13:20:28.338
95.74194,32.0867,9.82,0.27,2023-05-24T13:24:48.606
95.7417,32.0883,10.41,0.28,2023-05-24T13:33:23.956
95.73255,32.06011,8.98,0.78,2023-05-24T13:37:44.729
95.74055,32.08735,11.0,0.67,2023-05-24T13:51:09.932
95.73691,32.08592,8.73,0.75,2023-05-24T13:54:46.076
95.74163,32.08735,10.7,1.43,2023-05-24T13:58:47.837
95.74257,32.08697,8.97,0.97,2023-05-24T14:06:12.334
95.76052,31.74814,0.45,0.93,2023-05-24T14:09:07.273
95.74607,32.11618,8.77,0.71,2023-05-24T14:14:27.573
95.76107,31.74991,0.56,0.98,2023-05-24T14:15:25.587
95.74146,32.08588,11.31,1.44,2023-05-24T14:18:41.457
95.74179,32.08674,10.74,1.42,2023-05-24T14:20:10.297
95.73591,32.06094,11.68,1.33,2023-05-24T14:23:29.802
95.72423,32.05643,10.61,0.78,2023-05-24T14:32:00.598
95.74504,32.11608,9.28,0.73,2023-05-24T14:59:43.651
95.74156,32.08754,10.92,0.68,2023-05-24T15:02:23.660
95.74137,32.08473,10.93,0.62,2023-05-24T15:05:17.531
95.73362,32.06161,11.93,0.99,2023-05-24T15:10:11.475
95.73983,32.08691,11.51,0.23,2023-05-24T15:19:46.576
95.7353,32.0833,8.32,1.03,2023-05-24T15:23:16.460
96.2387,30.79503,9.67,0.01,2023-05-24T15:26:14.559
95.74203,32.08697,9.78,1.17,2023-05-24T15:32:16.342
95.73457,32.06225,11.43,1.03,2023-05-24T15:32:38.844
96.23775,30.78468,11.79,-0.32,2023-05-24T15:35:00.021
95.73601,32.06411,10.1,0.64,2023-05-24T15:37:49.401
95.74249,32.08748,10.87,0.66,2023-05-24T15:39:25.441
95.74115,32.08543,12.55,0.59,2023-05-24T15:41:58.747
95.73656,32.06292,10.57,1.39,2023-05-24T15:43:37.465
95.74075,32.08544,11.81,0.6,2023-05-24T15:46:06.294
95.73532,32.06247,9.33,0.41,2023-05-24T15:51:12.628
95.72797,32.05348,13.02,1.07,2023-05-24T16:05:59.503
95.74116,32.08756,11.27,0.48,2023-05-24T16:17:30.615
96.23817,30.79522,9.5,-0.44,2023-05-24T16:26:29.625
95.74124,32.08775,12.26,0.33,2023-05-24T16:26:41.887
95.74216,32.08711,9.77,0.63,2023-05-24T16:54:53.476
95.74216,32.0667,11.1,1.4,2023-05-24T16:55:32.155
95.73485,32.06059,11.13,1.33,2023-05-24T16:58:56.451
95.73362,32.06161,11.93,1.01,2023-05-24T17:03:44.255
95.74049,32.08725,11.03,0.72,2023-05-24T17:04:38.684
95.73978,32.08584,12.22,1.29,2023-05-24T17:12:56.689
95.74284,32.08653,10.01,0.71,2023-05-24T17:33:39.381
95.74268,32.08623,10.32,0.63,2023-05-24T17:34:57.005
95.74206,32.08639,11.01,0.61,2023-05-24T17:37:26.087
95.7415,32.08748,12.19,0.61,2023-05-24T17:39:40.081
95.73595,32.06141,11.6,0.96,2023-05-24T17:43:32.529
95.73957,32.08718,11.78,0.62,2023-05-24T18:01:41.995
95.74247,32.08704,12.02,1.37,2023-05-24T18:04:41.015
95.73493,32.06133,9.04,1.7,2023-05-24T18:22:07.462
95.74193,32.08076,10.85,0.58,2023-05-24T18:23:54.467
95.74232,32.08773,12.29,0.59,2023-05-24T18:36:55.168
95.74146,32.08744,11.03,0.58,2023-05-24T18:44:37.308
95.63804,30.22502,8.01,0.41,2023-05-24T18:50:49.539
95.74376,32.08825,8.08,0.31,2023-05-24T18:51:30.241
95.74147,32.0872,10.37,1.52,2023-05-24T19:30:39.890
95.74066,32.08641,11.99,1.39,2023-05-24T19:34:15.073
95.74003,32.08521,13.36,1.24,2023-05-24T19:38:44.650
95.73837,32.08646,12.25,1.35,2023-05-24T19:45:40.797
95.7415,32.08748,12.19,0.59,2023-05-24T19:54:07.731
95.73861,32.08654,12.83,0.94,2023-05-24T19:55:51.949
95.74215,32.08698,12.37,1.33,2023-05-24T20:04:34.324
95.7361,32.0853,7.88,0.71,2023-05-24T20:11:42.429
95.7399,32.08715,11.5,0.26,2023-05-24T20:17:22.090
95.74264,32.08819,9.45,2.45,2023-05-24T20:19:10.884
96.00526,29.6093,10.52,0.76,2023-05-24T20:22:10.340
95.7415,32.08748,12.19,0.56,2023-05-24T20:24:11.661
95.74339,32.08541,11.52,0.64,2023-05-24T20:27:41.271
95.74361,32.08618,11.13,0.62,2023-05-24T20:29:06.401
95.74187,32.08698,11.18,0.56,2023-05-24T20:31:59.358
95.7393,32.08593,12.51,1.24,2023-05-24T20:35:36.894
95.76115,31.74697,0.11,0.89,2023-05-24T20:36:57.948
96.2511,30.81426,11.07,0.46,2023-05-24T20:37:13.931
96.24643,30.80692,11.79,0.0,2023-05-24T20:38:40.498
95.74209,32.08653,9.21,0.69,2023-05-24T20:57:03.228
95.74384,32.0673,10.58,1.35,2023-05-24T21:13:01.097
95.74758,32.1159,10.4,0.63,2023-05-24T21:17:12.717
95.74415,32.08726,10.55,0.69,2023-05-24T21:19:03.657
95.74411,32.08604,10.91,0.65,2023-05-24T21:28:16.738
95.76175,31.74488,-0.46,0.83,2023-05-24T21:37:36.896
95.7377,32.08654,10.75,0.77,2023-05-24T21:52:41.283
95.74086,32.08567,11.54,0.17,2023-05-24T22:06:43.223
95.73863,32.0867,12.31,0.92,2023-05-24T22:20:07.510
95.73893,32.08783,9.92,0.74,2023-05-24T22:33:02.836
96.25144,30.81404,11.01,0.2,2023-05-24T22:52:31.210
95.73003,32.06333,10.15,1.37,2023-05-24T22:57:15.013
95.73384,32.08488,10.15,0.94,2023-05-24T23:16:44.329
95.73651,32.08577,10.34,0.8,2023-05-24T23:31:59.935
95.7406,32.08812,11.72,0.23,2023-05-24T23:33:25.476
95.74133,32.08672,11.67,0.59,2023-05-24T23:57:24.746
97.35301,30.17326,0.19,0.88,2023-05-25T00:05:17.982
96.25144,30.81415,11.08,0.61,2023-05-25T00:08:31.357
95.73867,32.08716,10.59,0.78,2023-05-25T00:15:23.897
95.73708,32.08567,10.44,0.93,2023-05-25T00:17:40.508
95.73724,32.08538,10.48,0.86,2023-05-25T00:19:29.098
95.74119,32.08614,10.64,1.41,2023-05-25T01:01:07.573
95.73527,32.0609,9.62,1.23,2023-05-25T01:18:15.947
95.73941,32.11329,11.04,0.78,2023-05-25T01:20:46.505
96.23738,30.78489,11.63,0.21,2023-05-25T01:36:35.356
95.74319,32.08668,10.8,0.72,2023-05-25T02:12:16.757
94.53227,31.61336,10.36,0.75,2023-05-25T02:15:24.911
96.21337,30.71449,9.53,0.2,2023-05-25T02:34:22.383
96.25124,30.81424,11.04,0.43,2023-05-25T03:32:37.938
95.74045,32.08602,11.27,0.58,2023-05-25T03:36:33.546
95.73582,32.062,11.62,1.17,2023-05-25T04:05:44.531
95.73591,32.06271,11.57,1.65,2023-05-25T04:20:53.468
95.73615,32.06137,9.37,1.49,2023-05-25T05:27:08.066
96.25138,30.8141,11.12,0.65,2023-05-25T06:02:36.720
95.74206,32.08639,11.01,1.02,2023-05-25T06:12:24.456
96.24629,30.80645,9.69,0.19,2023-05-25T07:46:31.607
95.74114,32.08703,11.21,0.8,2023-05-25T08:44:37.876
96.25126,30.81426,11.03,0.27,2023-05-25T10:46:28.238
97.35771,30.17731,0.12,1.93,2023-05-25T11:02:33.708
97.3586,30.17783,0.38,1.02,2023-05-25T11:03:15.212
96.23958,30.78884,11.92,0.67,2023-05-25T12:25:48.957
96.24571,30.80332,11.34,0.4,2023-05-25T12:35:06.598
94.90884,29.89233,9.38,3.55,2023-05-25T12:50:27.739
96.24398,30.79827,11.77,0.68,2023-05-25T12:53:54.527
94.90332,29.89145,8.49,0.9,2023-05-25T12:54:45.433
94.5402,31.13687,12.52,1.24,2023-05-25T12:56:41.815
96.24594,30.80323,11.4,0.31,2023-05-25T13:09:18.337
96.2542,30.80467,9.12,-0.3,2023-05-25T13:39:23.988
94.90887,29.88971,9.67,1.24,2023-05-25T13:50:29.168
96.65395,30.0665,13.08,0.75,2023-05-25T14:27:42.703
94.90403,29.89069,9.17,1.39,2023-05-25T14:54:10.975
96.23869,30.7919,9.91,0.13,2023-05-25T15:16:05.832
95.74402,32.0866,11.46,0.69,2023-05-25T16:38:07.078
97.35832,30.17759,0.3,1.47,2023-05-25T17:28:29.276
96.25995,30.82222,10.86,-0.21,2023-05-25T18:24:39.019
96.25975,30.82234,10.83,0.12,2023-05-25T18:24:54.134
95.74125,32.08727,10.77,0.4,2023-05-25T18:55:30.126
96.25108,30.8142,11.12,0.48,2023-05-25T19:18:34.115
95.74425,32.08848,11.38,0.8,2023-05-25T20:02:04.458
95.76319,31.74922,0.38,0.77,2023-05-25T20:04:18.998
95.73619,32.06209,9.33,0.35,2023-05-25T20:56:41.146
96.21584,30.71574,9.76,-0.21,2023-05-25T20:58:52.331
95.74092,32.08617,12.08,0.57,2023-05-25T21:02:09.784
94.90383,29.89163,8.59,0.88,2023-05-25T21:02:32.891
94.90452,29.891,9.23,1.09,2023-05-25T21:09:54.474
94.90531,29.89071,8.92,0.95,2023-05-25T21:15:33.722
95.73677,32.08561,8.54,0.58,2023-05-25T21:25:12.213
94.91665,29.89399,7.73,0.98,2023-05-25T21:26:14.638
97.35293,30.17318,0.1,0.7,2023-05-25T21:31:05.287
95.76325,31.74872,0.55,0.69,2023-05-25T21:58:21.769
94.9915,31.92494,6.11,1.09,2023-05-25T22:00:10.362
95.7482,32.11674,11.35,0.71,2023-05-25T22:07:27.432
94.90516,29.89054,9.68,0.91,2023-05-25T22:13:35.160
95.74264,32.08819,9.45,2.51,2023-05-25T22:16:10.734
95.74398,32.08929,10.59,0.75,2023-05-25T22:24:43.365
95.74633,32.11673,11.78,0.73,2023-05-25T22:25:22.983
95.74222,32.08563,10.75,0.69,2023-05-25T22:26:24.046
95.74425,32.08848,11.38,0.95,2023-05-25T22:29:18.508
94.91461,29.89375,9.82,1.25,2023-05-25T22:34:04.003
95.74704,32.11695,10.25,0.6,2023-05-25T22:38:37.925
95.76256,31.74861,0.4,0.85,2023-05-25T22:41:26.365
95.76133,31.74895,0.14,0.88,2023-05-25T22:41:58.948
96.23784,30.78372,12.08,-0.12,2023-05-25T22:55:28.735
95.73601,32.06324,11.32,1.33,2023-05-25T23:07:20.004
94.9046,29.89064,9.41,1.42,2023-05-25T23:08:57.584
96.25033,30.80358,9.09,0.14,2023-05-25T23:29:35.613
95.76331,31.74947,0.69,1.42,2023-05-25T23:53:54.730
95.74959,32.1155,11.57,0.7,2023-05-26T00:00:11.050
95.76373,31.74936,0.62,0.57,2023-05-26T00:04:07.329
95.74715,32.11713,12.4,0.69,2023-05-26T00:26:50.235
95.74876,32.11556,11.79,0.67,2023-05-26T00:50:51.147
95.74704,32.11765,10.79,0.77,2023-05-26T01:12:52.855
95.74116,32.08696,10.9,1.57,2023-05-26T02:28:16.672
96.38743,30.31103,11.8,0.55,2023-05-26T02:49:48.175
96.38046,30.30851,7.29,0.56,2023-05-26T04:06:24.777
95.74213,32.08837,10.11,0.69,2023-05-26T05:14:25.992
95.7447,32.08621,11.39,1.09,2023-05-26T06:00:09.387
96.2375,30.7845,11.83,0.27,2023-05-26T06:44:38.843
94.54184,31.13611,12.76,0.51,2023-05-26T07:04:22.865
95.74593,32.11036,11.52,0.8,2023-05-26T10:52:24.812
95.73618,32.05981,9.46,1.31,2023-05-26T12:42:54.015
94.91136,29.89227,8.11,1.2,2023-05-26T12:43:58.849
94.91099,29.8921,9.24,1.33,2023-05-26T12:55:49.924
96.25136,30.81419,11.11,0.46,2023-05-26T14:00:10.895
95.73216,32.06033,8.78,0.9,2023-05-26T14:18:18.423
96.23737,30.79183,9.43,0.36,2023-05-26T14:31:34.395
95.73051,32.06092,10.15,1.38,2023-05-26T14:53:34.516
96.24919,30.81068,11.32,2.66,2023-05-26T15:00:37.361
96.2495,30.80821,6.66,2.19,2023-05-26T15:01:48.752
96.24943,30.81128,11.16,1.06,2023-05-26T15:02:10.405
95.03436,29.87161,9.99,1.4,2023-05-26T15:08:51.175
96.24999,30.81066,11.27,0.25,2023-05-26T16:03:48.968
96.24998,30.81098,11.16,0.24,2023-05-26T16:08:01.354
96.24974,30.81345,10.77,0.47,2023-05-26T16:20:33.145
96.24943,30.81055,10.79,0.38,2023-05-26T16:36:32.918
96.24981,30.8102,11.46,0.31,2023-05-26T16:51:25.182
96.25343,30.80917,11.4,-0.13,2023-05-26T19:09:11.167
97.35612,30.17824,0.1,0.78,2023-05-26T19:56:03.889
96.23862,30.78672,11.09,0.01,2023-05-26T20:06:32.037
96.21238,30.79788,10.6,-0.06,2023-05-26T20:09:35.845
97.35716,30.17817,0.3,0.74,2023-05-26T20:13:33.145
95.08392,31.90888,3.34,2.01,2023-05-26T20:19:21.638
96.25158,30.81444,11.08,0.57,2023-05-26T20:29:41.440
94.63025,31.91114,5.32,1.09,2023-05-26T20:45:20.721
94.63255,31.90966,5.16,1.09,2023-05-26T21:08:30.631
96.23724,30.78378,12.22,0.18,2023-05-26T21:26:55.005
95.7366,32.08943,9.3,0.69,2023-05-26T21:49:35.712
97.35536,30.17872,-0.19,1.29,2023-05-26T21:57:51.216
96.2376,30.78405,11.63,0.3,2023-05-26T22:44:28.135
96.00524,29.60797,10.6,1.01,2023-05-26T23:26:05.426
95.76436,31.74901,0.69,0.97,2023-05-26T23:30:52.585
95.10292,31.24013,10.06,0.21,2023-05-26T23:40:33.186
95.73284,32.08518,10.4,0.97,2023-05-27T00:03:55.708
95.7472,32.0876,11.2,0.7,2023-05-27T00:28:51.816
96.2549,30.80615,9.01,0.39,2023-05-27T01:18:31.692
95.76429,31.74897,0.67,0.86,2023-05-27T02:01:47.783
94.54977,31.14512,7.76,1.16,2023-05-27T03:27:44.528
95.74323,32.08517,11.54,0.66,2023-05-27T04:06:13.466
94.54977,31.14512,7.76,1.32,2023-05-27T04:07:16.778
97.35687,30.17552,0.34,1.0,2023-05-27T04:24:37.883
95.06204,31.01062,11.04,0.37,2023-05-27T05:15:26.562
95.06188,31.01052,11.23,0.38,2023-05-27T05:19:13.329
95.06311,31.01036,10.97,0.36,2023-05-27T05:21:25.378
95.06227,31.0104,11.13,0.71,2023-05-27T05:53:58.482
97.35537,30.17549,0.19,1.5,2023-05-27T06:14:35.537
97.35836,30.17656,0.57,1.15,2023-05-27T06:16:53.250
95.73918,32.11287,11.3,0.78,2023-05-27T06:17:42.597
94.53988,31.14091,13.18,1.02,2023-05-27T06:24:11.341
97.35607,30.17652,0.26,1.08,2023-05-27T08:25:29.131
95.74214,32.11436,11.43,0.97,2023-05-27T09:23:18.647
97.0348,30.33657,3.68,0.92,2023-05-27T11:05:40.334
95.45587,31.85997,4.0,0.74,2023-05-27T11:21:59.908
95.74252,32.08885,11.59,0.73,2023-05-27T12:46:44.714
94.54834,31.1466,6.36,1.09,2023-05-27T15:56:02.312
96.23716,30.78433,11.74,0.37,2023-05-27T16:21:19.635
96.23896,30.79188,10.15,-0.2,2023-05-27T16:31:15.806
94.53993,31.13928,13.1,1.02,2023-05-27T16:43:14.886
96.23676,30.78569,10.67,0.55,2023-05-27T16:53:15.184
96.25118,30.80312,9.47,-0.11,2023-05-27T17:02:02.075
94.54907,31.14391,7.23,0.83,2023-05-27T17:41:28.199
96.25095,30.80349,9.17,0.18,2023-05-27T17:53:03.192
96.25375,30.80493,9.12,0.22,2023-05-27T18:13:26.370
94.90303,29.89137,8.08,0.6,2023-05-27T18:47:09.761
95.74213,32.08928,11.43,0.28,2023-05-27T19:08:12.258
96.24911,30.81019,10.99,-0.28,2023-05-27T19:28:39.739
96.24952,30.80339,9.3,0.35,2023-05-27T19:33:55.837
96.2564,30.82149,12.65,0.02,2023-05-27T20:14:55.329
95.7413,32.08828,11.25,0.72,2023-05-27T20:17:00.747
96.23965,30.78903,12.21,0.07,2023-05-27T20:59:36.421
94.80614,30.41834,6.79,0.53,2023-05-27T21:59:27.478
96.90937,30.27954,7.55,1.18,2023-05-27T22:23:26.382
96.92147,30.22502,9.14,0.48,2023-05-27T23:33:32.938
94.53949,31.14112,13.14,1.0,2023-05-28T00:03:23.631
96.92237,30.22484,9.16,1.05,2023-05-28T04:31:52.725
95.05616,31.90617,7.65,1.06,2023-05-28T04:34:43.001
96.92261,30.2249,9.15,0.66,2023-05-28T04:56:31.507
96.92234,30.22455,9.18,0.63,2023-05-28T05:06:27.815
95.73749,32.08541,10.23,1.22,2023-05-28T06:01:34.908
95.73786,32.08583,10.1,1.04,2023-05-28T06:04:16.835
96.92232,30.22493,9.21,0.68,2023-05-28T06:21:03.826
96.92209,30.22493,9.15,0.77,2023-05-28T06:40:44.232
96.92222,30.22487,8.98,0.91,2023-05-28T06:50:59.802
95.73286,32.0602,8.11,1.25,2023-05-28T07:08:42.287
95.73813,32.08631,10.12,0.93,2023-05-28T07:09:26.111
95.73809,32.08686,9.93,0.93,2023-05-28T07:17:19.427
96.25116,30.81417,11.21,0.89,2023-05-28T08:12:18.852
95.73781,32.08604,11.02,0.92,2023-05-28T08:15:12.547
94.54775,31.14432,8.36,2.81,2023-05-28T08:27:38.827
95.05628,31.90591,7.65,2.61,2023-05-28T08:29:49.526
95.05148,31.90403,8.73,1.02,2023-05-28T08:32:27.516
95.73669,32.08536,10.12,1.72,2023-05-28T08:54:02.945
95.7366,32.10755,9.45,1.7,2023-05-28T08:57:00.754
96.26001,30.80434,10.59,0.73,2023-05-28T08:58:42.883
95.7395,32.08657,12.28,1.14,2023-05-28T09:03:33.109
95.7399,32.08576,10.39,0.82,2023-05-28T09:12:24.376
96.92227,30.22475,9.09,1.05,2023-05-28T09:21:55.305
96.38732,30.31132,11.91,0.55,2023-05-28T09:28:52.485
96.92232,30.22478,9.03,0.92,2023-05-28T09:57:40.703
95.05396,31.90645,7.72,1.13,2023-05-28T10:03:16.417
94.54014,31.1391,13.15,1.4,2023-05-28T10:06:09.837
94.54056,31.13832,13.03,1.34,2023-05-28T10:14:06.103
95.74003,32.08881,9.2,1.06,2023-05-28T10:16:50.520
95.74046,32.08782,11.03,1.01,2023-05-28T10:30:21.840
94.53881,31.14069,13.0,0.92,2023-05-28T10:35:41.491
96.92191,30.22514,9.12,0.93,2023-05-28T10:40:00.951
96.92292,30.22487,8.99,1.09,2023-05-28T10:40:21.555
95.73809,32.08718,10.25,0.91,2023-05-28T11:16:33.901
96.92261,30.22472,8.69,0.76,2023-05-28T11:23:04.085
96.24427,30.7983,11.45,0.32,2023-05-28T11:43:37.279
96.92101,30.22702,8.25,1.06,2023-05-28T12:19:43.275
96.92259,30.22505,9.19,0.72,2023-05-28T12:53:51.626
96.92318,30.22514,9.25,0.92,2023-05-28T12:57:50.438
96.9227,30.2265,8.27,0.77,2023-05-28T13:24:18.633
94.98842,31.92506,6.01,1.04,2023-05-28T14:05:54.140
95.73949,32.0857,10.14,0.93,2023-05-28T14:17:18.429
96.92227,30.22487,8.98,1.65,2023-05-28T14:27:16.333
96.92153,30.22497,9.01,0.85,2023-05-28T14:33:39.909
96.92257,30.2247,9.09,0.69,2023-05-28T15:15:37.982
96.23862,30.78532,11.76,-0.25,2023-05-28T15:51:37.991
94.54171,31.13814,17.75,0.52,2023-05-28T15:52:25.743
95.74129,32.09036,11.26,0.87,2023-05-28T16:02:19.639
96.92256,30.22469,9.09,0.55,2023-05-28T16:08:43.961
96.92168,30.22487,9.02,1.02,2023-05-28T16:32:05.613
94.54036,31.13797,13.04,1.17,2023-05-28T16:57:01.833
95.05374,31.90629,7.8,0.96,2023-05-28T16:59:01.201
94.54014,31.1391,13.15,1.11,2023-05-28T16:59:27.637
96.23773,30.78465,11.81,1.02,2023-05-28T17:36:25.404
96.922,30.2245,8.96,0.66,2023-05-28T18:21:39.582
94.54789,31.14435,7.99,1.59,2023-05-28T18:44:19.692
95.74038,32.08696,11.48,0.75,2023-05-28T18:59:16.544
96.92266,30.22508,9.16,0.47,2023-05-28T19:00:07.005
96.92227,30.22487,8.98,1.87,2023-05-28T19:17:38.683
96.92236,30.22465,9.3,0.6,2023-05-28T19:20:54.299
96.92268,30.22478,9.07,0.59,2023-05-28T19:29:30.927
94.55046,31.14454,7.36,1.3,2023-05-28T19:33:03.755
94.5555,31.14744,4.65,1.07,2023-05-28T19:39:18.713
95.05666,31.90695,8.22,0.57,2023-05-28T19:43:45.770
96.92328,30.22501,8.98,0.5,2023-05-28T19:48:32.481
95.74343,32.08673,8.06,0.68,2023-05-28T19:58:29.749
94.54832,31.1443,7.81,0.58,2023-05-28T19:59:35.131
96.00506,29.60835,10.49,0.98,2023-05-28T20:02:05.231
94.54153,31.14216,12.38,0.66,2023-05-28T20:11:13.641
94.98826,31.9253,5.96,0.67,2023-05-28T20:15:38.493
96.24943,30.80534,8.99,0.53,2023-05-28T20:37:30.537
96.92229,30.22487,9.01,0.89,2023-05-28T20:50:29.434
96.92104,30.22498,8.93,0.64,2023-05-28T21:12:57.010
95.73622,32.08601,9.77,0.75,2023-05-28T21:25:46.721
96.92239,30.22487,9.36,0.45,2023-05-28T21:35:53.326
95.73974,32.08795,12.35,1.0,2023-05-28T21:47:31.164
94.5528,31.14268,6.92,0.81,2023-05-28T21:53:35.069
96.92229,30.22527,8.81,0.74,2023-05-28T22:00:35.533
95.74238,32.08666,11.59,0.8,2023-05-28T22:00:54.455
95.73938,32.08567,10.03,0.8,2023-05-28T22:03:06.696
96.92263,30.22457,9.24,0.53,2023-05-28T22:34:48.366
96.92288,30.22487,9.24,0.49,2023-05-28T22:37:28.614
94.54804,31.14512,7.27,1.55,2023-05-28T22:42:14.696
96.92184,30.22487,8.58,0.57,2023-05-28T22:50:12.862
96.24875,30.80987,11.17,0.68,2023-05-28T23:06:33.374
96.24527,30.80171,11.41,0.75,2023-05-28T23:09:12.689
96.24973,30.81095,11.13,0.07,2023-05-28T23:13:15.302
94.53159,31.61335,10.46,0.84,2023-05-28T23:15:55.545
96.9246,30.22502,9.12,0.68,2023-05-29T00:33:44.829
94.53453,30.46678,7.48,1.22,2023-05-29T00:43:40.661
96.9192,30.22536,8.53,0.54,2023-05-29T00:47:01.568
96.24882,30.80563,8.86,-0.23,2023-05-29T01:11:00.940
96.23786,30.78357,12.05,0.07,2023-05-29T01:32:21.781
94.53874,31.14598,8.54,1.38,2023-05-29T01:55:14.015
94.63807,31.89962,4.8,1.19,2023-05-29T03:05:16.839
96.9261,30.22392,9.22,0.87,2023-05-29T04:07:51.346
96.92358,30.22428,9.45,0.88,2023-05-29T04:18:09.797
96.91725,30.22459,9.89,0.53,2023-05-29T04:49:31.164
96.92568,30.2243,9.41,0.49,2023-05-29T05:43:14.222
94.53704,31.14242,14.74,0.9,2023-05-29T05:55:00.299
96.23931,30.78761,11.48,0.1,2023-05-29T06:02:29.576
96.92378,30.22378,9.3,0.71,2023-05-29T06:37:16.385
96.24831,30.80759,11.48,0.34,2023-05-29T06:47:36.974
94.54076,31.14284,9.36,0.21,2023-05-29T08:08:45.471
94.53809,31.1434,14.51,0.92,2023-05-29T08:48:54.515
94.53703,31.14164,14.38,1.83,2023-05-29T11:00:58.469
96.92489,30.22495,9.21,0.56,2023-05-29T13:17:11.451
95.72946,32.07114,10.1,1.22,2023-05-29T15:58:31.266
96.92566,30.22467,9.5,0.55,2023-05-29T16:41:14.479
96.24617,30.80216,11.16,0.16,2023-05-29T16:54:55.438
96.24617,30.80216,11.16,0.12,2023-05-29T17:19:18.438
94.90591,29.892,8.91,1.05,2023-05-29T18:08:34.501
94.90629,29.892,8.98,1.02,2023-05-29T18:24:37.751
96.24354,30.79547,11.51,-0.09,2023-05-29T19:39:46.244
94.53663,31.14629,8.84,0.2,2023-05-29T20:16:50.089
96.92506,30.22438,9.48,0.73,2023-05-29T20:34:16.467
94.53614,31.13974,14.81,1.19,2023-05-29T20:54:20.094
96.24025,30.79537,9.89,0.39,2023-05-29T21:03:30.864
94.53667,31.14471,14.78,1.36,2023-05-29T21:09:41.005
96.92489,30.22469,9.47,0.46,2023-05-29T21:19:23.857
96.23943,30.7874,11.69,0.35,2023-05-29T22:13:42.167
94.53596,31.14122,14.55,1.45,2023-05-29T23:23:31.112
94.53392,30.46701,7.1,0.51,2023-05-29T23:32:00.594
94.53347,30.46654,7.36,0.7,2023-05-29T23:43:29.558
94.53877,31.14466,8.68,1.08,2023-05-29T23:59:24.126
96.21653,30.71655,9.68,0.44,2023-05-30T02:21:18.941
96.24985,30.80382,9.09,0.54,2023-05-30T04:43:57.815
95.73075,32.07082,9.91,1.24,2023-05-30T04:44:12.433
96.22963,30.78295,11.81,0.09,2023-05-30T05:09:45.246
96.23832,30.79415,8.99,0.06,2023-05-30T14:35:44.446
95.73068,32.06961,9.17,0.76,2023-05-30T15:56:57.694
94.54088,31.1419,13.71,1.26,2023-05-30T16:08:55.492
94.5365,31.1405,14.58,1.27,2023-05-30T17:25:35.818
94.54084,31.14217,8.04,1.42,2023-05-30T18:00:02.553
96.23984,30.79348,9.98,0.26,2023-05-30T18:25:00.609
96.92347,30.2249,8.97,0.59,2023-05-30T18:31:58.046
96.24928,30.81325,9.9,-0.05,2023-05-30T18:58:00.265
96.24729,30.81125,10.74,0.45,2023-05-30T21:27:56.972
94.53648,31.14054,14.57,1.39,2023-05-30T21:34:11.847
94.53428,30.46568,7.62,0.46,2023-05-30T22:13:06.139
95.73153,32.06548,9.01,1.19,2023-05-30T22:55:18.678
95.73097,32.06624,8.88,0.73,2023-05-30T23:17:29.083
94.54045,31.14165,13.42,0.8,2023-05-30T23:30:58.107
96.92332,30.22486,9.34,0.76,2023-05-30T23:34:02.194
94.53576,31.14048,14.3,1.22,2023-05-30T23:47:50.150
95.73246,32.07685,10.34,1.19,2023-05-31T08:50:50.480
95.73193,32.07628,9.75,0.96,2023-05-31T09:38:50.402
95.73028,32.07739,8.33,0.87,2023-05-31T10:20:03.119
95.73193,32.07628,9.75,0.76,2023-05-31T21:00:53.452
96.23704,30.78601,10.77,0.57,2023-06-01T00:04:18.501
96.24536,30.80227,11.44,0.65,2023-06-01T04:21:25.201
94.5399,31.13822,12.87,1.34,2023-06-01T07:15:11.587
96.2364,30.78616,10.8,0.28,2023-06-01T09:59:20.527
96.23809,30.7906,9.57,0.38,2023-06-01T13:07:10.235
96.23818,30.79042,9.61,0.36,2023-06-01T13:20:07.841
96.2369,30.79319,12.0,0.31,2023-06-01T13:21:52.980
96.24927,30.8035,8.77,0.23,2023-06-01T13:29:16.073
94.55187,31.14417,7.0,0.95,2023-06-01T14:01:39.223
96.23662,30.78356,10.96,0.7,2023-06-01T14:41:15.090
94.54216,31.13714,17.55,0.94,2023-06-01T15:35:01.844
95.04639,31.9008,5.26,0.41,2023-06-01T15:40:10.767
96.94769,30.28272,6.11,1.2,2023-06-01T16:27:12.977
96.24348,30.79762,11.55,0.26,2023-06-01T17:11:58.668
96.95649,30.31572,4.95,0.86,2023-06-01T17:12:24.248
96.26449,30.86052,13.03,-0.1,2023-06-01T17:50:06.507
96.23682,30.78291,11.06,1.88,2023-06-01T20:48:12.599
96.23891,30.79391,9.91,0.43,2023-06-01T22:28:46.005
96.00465,29.61006,10.64,1.0,2023-06-01T23:40:45.427
94.63908,31.91357,4.23,1.35,2023-06-02T02:47:12.907
96.23813,30.79053,9.69,0.29,2023-06-02T03:53:34.219
94.90386,29.89072,8.99,1.26,2023-06-02T09:55:25.604
96.25115,30.81282,10.35,0.27,2023-06-02T10:22:01.190
94.54094,31.13649,13.11,1.45,2023-06-02T11:40:46.880
96.25019,30.80318,9.07,0.2,2023-06-02T11:42:52.053
94.90346,29.89095,9.02,1.83,2023-06-02T11:45:13.203
96.23747,30.78417,11.85,0.65,2023-06-02T12:49:16.801
96.23665,30.78343,12.33,0.12,2023-06-02T13:01:21.663
96.23893,30.78668,11.72,0.14,2023-06-02T16:01:15.783
96.2375,30.78546,11.57,0.47,2023-06-02T16:10:59.514
96.24723,30.80659,11.35,0.42,2023-06-02T17:59:17.692
96.92263,30.2249,9.01,0.56,2023-06-02T19:29:30.479
96.24388,30.7979,11.26,1.83,2023-06-02T20:05:33.447
96.24378,30.79799,11.22,0.32,2023-06-02T20:06:44.671
96.24413,30.79882,11.4,-0.14,2023-06-02T20:09:07.982
96.23998,30.79536,10.21,0.3,2023-06-02T21:44:02.424
96.24123,30.79911,9.78,0.26,2023-06-02T22:25:07.392
96.23739,30.78375,12.18,0.18,2023-06-03T00:14:37.223
96.25331,30.80821,11.7,0.43,2023-06-03T09:11:01.920
94.55015,31.14862,6.56,0.96,2023-06-03T10:47:39.429
95.04976,31.81272,4.58,1.75,2023-06-03T11:27:41.624
95.04976,31.81272,4.58,0.67,2023-06-03T14:05:51.964
94.98836,31.92395,5.82,1.11,2023-06-03T14:20:46.689
96.94082,30.30189,6.62,0.52,2023-06-03T15:15:41.291
94.55002,31.14459,7.76,0.92,2023-06-03T17:49:28.482
96.93975,30.30224,6.2,0.39,2023-06-03T20:43:45.741
95.03449,31.93886,6.21,1.17,2023-06-03T23:04:12.345
96.2378,30.79035,9.61,1.06,2023-06-04T00:38:57.559
95.73434,32.08405,11.7,1.07,2023-06-04T00:42:20.805
94.54769,31.14729,7.48,0.93,2023-06-04T01:41:16.785
95.03507,31.93937,6.43,1.21,2023-06-04T02:06:41.126
96.24061,30.79543,10.6,0.41,2023-06-04T03:28:57.294
95.03529,31.93929,6.33,1.14,2023-06-04T03:42:06.644
96.00451,29.61061,10.51,1.56,2023-06-04T05:56:46.261
95.73376,32.08356,11.85,1.09,2023-06-04T07:13:00.257
96.23732,30.78373,12.02,2.5,2023-06-04T09:35:35.702
96.62999,30.86987,8.93,0.69,2023-06-04T14:00:18.996
95.03515,31.93968,6.29,0.63,2023-06-04T15:37:17.745
96.23809,30.78404,11.69,0.0,2023-06-04T16:28:43.394
96.23714,30.78332,11.95,0.05,2023-06-04T16:53:24.033
95.74271,32.08698,10.06,0.67,2023-06-04T17:29:16.167
94.53752,30.46926,5.96,0.65,2023-06-04T18:24:30.527
95.73829,32.08532,9.96,0.76,2023-06-04T18:45:40.688
95.74645,32.11581,8.79,0.64,2023-06-04T18:49:24.448
95.7319,32.06086,9.55,0.69,2023-06-04T19:27:13.898
95.74191,32.08605,11.76,0.27,2023-06-04T19:54:51.394
95.94096,30.94666,7.88,0.57,2023-06-04T21:30:02.754
95.94096,30.94666,7.88,0.46,2023-06-04T21:36:37.234
96.23651,30.78451,10.65,0.27,2023-06-04T21:44:28.785
94.9029,29.89071,8.31,1.26,2023-06-04T22:47:12.508
96.25071,30.80315,9.11,0.2,2023-06-04T22:57:17.198
94.54171,31.14179,17.89,0.67,2023-06-04T23:12:00.461
94.54084,31.1369,13.0,1.43,2023-06-05T01:19:14.318
94.54045,31.13883,12.93,1.57,2023-06-05T01:38:50.282
95.94089,30.94638,7.93,0.44,2023-06-05T01:54:51.080
96.23728,30.78385,11.9,0.47,2023-06-05T02:17:56.814
96.23946,30.78739,11.66,0.13,2023-06-05T05:07:59.012
96.24799,30.81028,9.73,0.0,2023-06-05T14:01:49.023
95.0348,31.94589,7.59,0.87,2023-06-05T14:46:43.309
94.5408,31.13669,12.62,0.51,2023-06-05T16:00:22.915
95.94075,30.94651,7.92,-0.04,2023-06-05T16:09:08.927
94.91238,31.08442,8.91,0.5,2023-06-05T16:49:25.881
96.23706,30.79151,9.48,0.52,2023-06-05T17:02:06.348
96.24612,30.80338,10.9,0.05,2023-06-05T17:10:18.673
96.23918,30.79379,9.3,0.15,2023-06-05T17:27:03.999
95.08344,31.84874,3.59,0.33,2023-06-05T17:41:24.151
94.54356,31.13331,17.43,0.79,2023-06-05T19:42:34.072
95.74288,32.08646,11.42,0.67,2023-06-05T19:49:32.610
96.23722,30.78346,12.03,0.11,2023-06-05T19:59:57.613
96.2417,30.79955,9.74,-0.2,2023-06-05T20:25:18.696
96.93986,30.30209,6.41,0.42,2023-06-05T20:35:09.449
95.03937,31.94519,5.7,1.18,2023-06-05T21:05:03.646
94.53551,30.46778,5.78,0.65,2023-06-05T21:17:14.156
96.23704,30.79168,9.48,0.37,2023-06-05T21:22:51.778
96.23719,30.7919,9.46,0.21,2023-06-05T22:28:02.991
95.74217,32.08693,12.48,0.61,2023-06-06T00:01:37.417
96.23721,30.78335,11.97,0.49,2023-06-06T00:19:51.292
95.73403,32.08571,9.73,1.18,2023-06-06T02:32:12.268
95.09915,32.00583,4.43,1.73,2023-06-06T04:31:29.680
95.09855,32.00367,4.24,0.96,2023-06-06T04:52:07.053
95.09914,32.00591,4.49,1.01,2023-06-06T04:59:41.402
95.09919,32.00582,4.42,1.06,2023-06-06T05:19:26.099
96.23904,30.79522,9.54,0.34,2023-06-06T05:29:13.022
95.09943,32.00517,3.96,1.06,2023-06-06T06:24:12.532
95.09906,32.00678,4.66,1.24,2023-06-06T06:34:39.821
96.21636,30.71599,9.72,-0.2,2023-06-06T07:15:37.118
96.23865,30.7951,9.67,1.11,2023-06-06T07:46:04.949
96.62977,30.87013,9.34,1.62,2023-06-06T07:52:19.420
96.52997,31.2325,13.3,0.02,2023-06-06T08:41:27.538
94.5405,31.13729,13.04,1.32,2023-06-06T08:57:29.851
94.91216,31.08412,8.94,0.12,2023-06-06T09:17:05.981
94.54248,31.13674,12.57,1.16,2023-06-06T11:01:22.505
95.10115,32.00398,4.48,0.91,2023-06-06T12:55:12.911
95.09847,32.00607,4.54,1.0,2023-06-06T14:38:18.293
95.09836,32.00604,4.54,1.25,2023-06-06T14:39:54.514
95.03027,31.92943,6.08,0.9,2023-06-06T15:13:56.052
95.09829,32.00604,4.54,1.0,2023-06-06T15:23:36.694
94.55262,31.14301,7.1,0.82,2023-06-06T15:32:36.174
96.23733,30.78374,11.85,0.5,2023-06-06T17:09:38.974
96.62985,30.87005,9.11,0.41,2023-06-06T18:30:04.796
96.23766,30.78428,11.75,0.3,2023-06-06T18:40:11.887
95.06715,31.85546,6.04,0.9,2023-06-06T20:18:36.649
95.06717,31.85547,6.04,0.67,2023-06-06T20:36:52.429
94.54088,31.13688,12.91,1.39,2023-06-06T21:44:57.721
95.73362,32.06278,8.39,1.16,2023-06-06T22:13:20.152
94.52876,30.46473,7.38,0.28,2023-06-06T22:59:43.235
95.06779,31.85475,5.79,0.8,2023-06-06T23:08:41.114
96.25397,30.82118,12.56,0.14,2023-06-07T00:14:59.823
96.21589,30.71649,9.16,0.27,2023-06-07T03:51:13.036
96.21585,30.71566,9.66,-0.04,2023-06-07T06:20:38.032
94.54978,31.13979,8.65,1.01,2023-06-07T07:49:42.844
96.00338,29.6071,10.41,1.49,2023-06-07T12:59:53.062
96.24783,30.80942,9.0,0.33,2023-06-07T13:04:01.978
96.24429,30.80078,10.97,0.35,2023-06-07T13:31:48.268
96.24819,30.80886,11.02,0.34,2023-06-07T14:28:06.184
96.24338,30.79726,11.35,0.49,2023-06-07T15:20:20.848
96.25026,30.80307,9.1,0.32,2023-06-07T19:29:38.707
96.24734,30.80625,11.7,0.29,2023-06-07T19:54:59.381
95.0991,32.0059,4.38,0.92,2023-06-07T20:05:15.906
94.54113,31.13655,12.98,0.56,2023-06-07T20:12:34.848
96.24156,30.79887,10.65,0.87,2023-06-07T21:29:26.420
96.26467,30.85977,12.83,0.88,2023-06-08T01:09:24.065
95.94063,30.94552,7.98,0.33,2023-06-08T04:14:50.782
96.24784,30.8073,11.64,0.26,2023-06-08T05:59:17.223
94.54068,31.13635,13.06,1.08,2023-06-08T06:51:54.455
96.24611,30.80364,11.25,1.01,2023-06-08T08:20:26.469
94.85715,31.09421,9.38,0.88,2023-06-08T09:16:45.632
94.55275,31.14219,6.75,0.65,2023-06-08T09:18:33.449
96.23726,30.79062,9.42,0.36,2023-06-08T09:53:06.305
95.04462,31.89384,5.56,0.61,2023-06-08T09:58:17.869
95.243,29.2226,18.77,1.55,2023-06-08T12:47:46.111
96.65345,30.0645,12.7,1.4,2023-06-08T15:30:05.999
96.23815,30.79453,9.66,-0.18,2023-06-08T16:01:41.750
96.21623,30.71735,9.66,0.34,2023-06-08T16:11:22.730
96.95617,30.2917,6.41,0.73,2023-06-08T16:32:21.057
95.05714,31.9013,6.44,0.5,2023-06-08T18:25:46.930
96.24169,30.79776,10.55,-0.05,2023-06-08T18:59:11.095
96.23873,30.78599,12.68,-0.16,2023-06-08T19:07:50.148
94.9301,29.89669,9.74,1.24,2023-06-08T21:22:38.774
96.25984,30.82271,10.78,-0.07,2023-06-08T21:59:09.944
94.92947,29.89694,9.49,1.41,2023-06-09T02:02:48.638
94.54006,31.13897,12.96,1.72,2023-06-09T02:32:57.820
96.23682,30.78554,10.76,1.24,2023-06-09T04:31:22.575
95.08527,31.89705,1.78,0.88,2023-06-09T05:27:43.995
95.08613,31.89695,1.8,0.86,2023-06-09T05:28:33.355
96.24945,30.80345,9.21,0.5,2023-06-09T07:53:47.107
96.24178,30.7946,12.03,-0.15,2023-06-09T10:36:00.402
96.23661,30.78505,10.79,0.38,2023-06-09T12:33:01.450
96.24618,30.80392,11.1,0.27,2023-06-09T12:57:37.389
95.04234,31.92991,4.62,0.86,2023-06-09T15:48:17.385
96.23658,30.78363,11.0,-0.18,2023-06-09T16:53:44.005
95.94122,30.94639,7.9,0.39,2023-06-09T17:19:31.177
96.23985,30.7897,11.46,-0.18,2023-06-09T17:37:09.294
94.54046,31.13634,12.6,0.45,2023-06-09T17:49:48.387
95.06918,31.85748,5.95,0.37,2023-06-09T21:13:00.620
96.24246,30.79455,10.93,0.2,2023-06-09T22:46:23.414
96.63076,30.86961,9.2,1.59,2023-06-09T22:47:01.603
94.55196,31.14141,6.68,1.54,2023-06-09T23:08:17.965
96.24395,30.79761,10.73,0.09,2023-06-09T23:31:02.609
95.73557,32.08658,10.04,1.26,2023-06-10T00:23:43.522
94.92959,29.89677,9.91,1.26,2023-06-10T01:52:48.877
96.2381,30.78575,11.9,0.29,2023-06-10T02:18:21.523
94.54026,31.13717,12.86,0.63,2023-06-10T03:27:27.539
96.9968,30.86367,9.17,0.84,2023-06-10T04:45:17.586
95.7316,32.0625,9.83,1.58,2023-06-10T06:22:41.486
95.73193,32.06243,9.7,1.5,2023-06-10T06:24:05.589
95.73488,32.08611,8.82,1.29,2023-06-10T06:26:02.537
95.73527,32.08664,9.34,1.41,2023-06-10T06:52:14.534
95.73539,32.08622,9.43,1.26,2023-06-10T07:01:18.021
94.5409,31.13852,12.52,0.62,2023-06-10T07:11:31.423
95.73181,32.06281,9.64,1.47,2023-06-10T07:30:12.126
95.73535,32.08604,9.44,1.5,2023-06-10T07:45:11.006
95.73571,32.08732,9.99,1.35,2023-06-10T07:50:23.682
95.73596,32.08653,9.79,1.39,2023-06-10T08:05:18.167
95.73007,32.0624,9.59,1.45,2023-06-10T09:41:41.184
95.73911,32.11283,12.49,1.01,2023-06-10T11:41:08.890
95.73645,32.08676,10.15,1.69,2023-06-10T12:04:45.033
95.73686,32.08723,10.68,1.28,2023-06-10T12:06:30.328
95.73701,32.08774,10.59,1.25,2023-06-10T12:07:14.026
95.73766,32.08711,10.41,1.23,2023-06-10T12:36:50.617
95.7373,32.08869,10.27,1.13,2023-06-10T12:58:44.690
95.73748,32.08759,10.48,1.15,2023-06-10T13:34:50.520
95.73578,32.08646,7.81,1.13,2023-06-10T13:47:19.306
94.99286,31.92833,5.35,0.79,2023-06-10T14:05:17.101
95.73643,32.0862,10.42,1.13,2023-06-10T14:09:44.665
96.24664,30.80493,11.62,0.98,2023-06-10T14:21:25.435
96.24788,30.80772,10.78,-0.03,2023-06-10T14:42:03.921
96.24685,30.80528,11.59,0.21,2023-06-10T14:51:33.400
96.25057,30.80374,9.13,1.45,2023-06-10T15:02:27.257
94.99203,31.92915,5.42,1.01,2023-06-10T15:34:25.802
95.73365,32.09085,9.45,0.74,2023-06-10T16:07:49.143
95.02676,30.80508,10.85,-0.08,2023-06-10T16:17:42.218
96.23836,30.79445,9.56,0.34,2023-06-10T16:34:38.998
95.73756,32.08784,11.26,1.08,2023-06-10T16:41:34.628
95.73007,32.06178,10.34,1.43,2023-06-10T17:31:46.974
95.73013,32.06212,10.2,1.4,2023-06-10T17:40:50.695
95.73626,32.08729,7.81,1.1,2023-06-10T18:39:36.051
96.92719,30.27375,8.74,2.23,2023-06-10T18:50:06.611
96.23799,30.78672,11.78,-0.06,2023-06-10T19:01:30.959
96.24476,30.80631,12.03,0.0,2023-06-10T19:08:20.865
95.73577,32.08739,9.97,1.18,2023-06-10T19:09:11.811
96.6301,30.86991,9.15,0.58,2023-06-10T19:45:34.672
96.25137,30.80325,9.33,0.36,2023-06-10T20:17:41.098
95.73844,32.08737,8.6,1.05,2023-06-10T20:52:50.728
95.73842,32.08746,8.86,0.97,2023-06-10T21:03:09.310
96.23848,30.78702,11.71,1.05,2023-06-10T21:22:35.023
95.73788,32.08652,8.03,1.01,2023-06-10T22:02:45.126
95.73695,32.08797,10.24,1.21,2023-06-10T23:15:22.404
95.7363,32.0881,10.61,1.11,2023-06-10T23:25:52.668
95.73708,32.08748,9.71,1.42,2023-06-11T00:20:43.452
95.73844,32.08737,8.6,1.05,2023-06-11T00:28:02.867
96.00379,29.61004,10.45,1.48,2023-06-11T01:51:29.274
94.54126,31.13754,12.81,1.23,2023-06-11T02:01:46.603
96.2377,30.78572,11.73,0.7,2023-06-11T02:06:40.919
96.23973,30.79021,11.11,0.24,2023-06-11T02:19:55.717
94.54117,31.13719,12.96,1.21,2023-06-11T02:48:17.271
96.63015,30.87076,9.95,0.61,2023-06-11T03:43:46.294
95.7296,32.06177,10.1,1.48,2023-06-11T04:06:34.161
96.23738,30.79169,9.51,0.48,2023-06-11T05:03:27.321
94.54381,31.14897,7.32,0.86,2023-06-11T06:54:01.709
95.73789,32.08742,10.94,1.26,2023-06-11T06:55:07.642
95.72864,32.06122,9.94,1.68,2023-06-11T07:43:22.620
95.72923,32.06194,10.65,1.55,2023-06-11T09:41:41.100
97.03478,30.33656,3.69,1.76,2023-06-11T09:46:29.735
95.72855,32.0612,10.48,1.68,2023-06-11T10:06:31.237
95.05514,31.90585,7.38,1.03,2023-06-11T12:37:12.176
95.0552,31.90588,7.37,1.21,2023-06-11T12:59:57.974
95.05581,31.90452,7.24,0.85,2023-06-11T13:06:35.998
95.05483,31.90598,7.44,1.61,2023-06-11T13:10:52.870
95.05506,31.90564,7.61,0.83,2023-06-11T13:16:05.732
96.94001,30.30203,7.46,0.59,2023-06-11T15:27:04.735
96.00421,29.61082,10.45,0.96,2023-06-11T15:54:10.450
95.74266,32.08728,10.82,0.31,2023-06-11T16:35:13.430
95.7344,32.08622,8.69,1.39,2023-06-11T18:15:39.889
94.9877,31.2219,8.34,0.09,2023-06-11T22:42:39.761
96.23692,30.78429,11.0,0.63,2023-06-12T02:34:01.427
94.9877,31.2219,8.34,0.15,2023-06-12T04:51:22.040
95.72959,32.06193,10.34,1.56,2023-06-12T07:11:55.793
96.23603,30.78582,13.53,1.26,2023-06-12T07:15:05.828
95.72976,32.0619,9.72,1.5,2023-06-12T08:37:39.703
95.73473,32.08591,9.56,1.93,2023-06-12T09:03:49.854
95.73383,32.08543,9.65,2.22,2023-06-12T09:07:36.834
95.72968,32.0619,10.27,1.53,2023-06-12T09:20:48.613
95.7342,32.0869,9.55,2.48,2023-06-12T09:35:42.519
95.73567,32.0865,9.51,1.65,2023-06-12T09:37:01.895
95.73421,32.08534,9.63,1.89,2023-06-12T09:38:44.019
94.54599,31.14776,8.2,3.33,2023-06-12T09:53:29.730
94.54612,31.14813,8.49,1.08,2023-06-12T09:59:11.619
94.54566,31.1487,7.98,1.34,2023-06-12T09:59:51.866
94.53789,31.14501,13.43,1.21,2023-06-12T10:02:35.285
94.53671,31.14403,13.03,0.94,2023-06-12T10:05:09.318
95.73597,32.0862,9.19,1.79,2023-06-12T10:24:51.838
95.73341,32.08509,10.65,1.49,2023-06-12T10:51:44.568
94.54712,31.1463,8.02,1.68,2023-06-12T10:55:35.038
94.55365,31.14161,6.48,0.48,2023-06-12T11:50:32.281
95.73621,32.08645,9.29,1.48,2023-06-12T12:18:34.972
96.23747,30.78431,11.85,1.47,2023-06-12T12:27:02.189
95.73693,32.11173,10.27,1.07,2023-06-12T13:08:35.826
95.73806,32.11077,10.1,1.06,2023-06-12T13:13:14.546
94.53792,31.14382,13.26,0.91,2023-06-12T13:26:18.096
96.23796,30.78498,11.82,0.02,2023-06-12T14:19:59.913
96.23728,30.78435,11.67,0.03,2023-06-12T14:42:08.393
94.53472,31.147,13.19,1.08,2023-06-12T14:49:14.520
95.73065,32.06247,9.62,1.44,2023-06-12T14:55:18.638
94.5487,31.1466,7.57,0.73,2023-06-12T15:39:14.180
95.73553,32.08635,8.26,0.58,2023-06-12T15:57:02.952
95.72848,32.06098,9.24,1.4,2023-06-12T16:13:15.382
95.73531,32.08587,9.56,1.17,2023-06-12T16:40:05.306
94.54693,31.14637,8.4,1.99,2023-06-12T16:51:49.286
94.54401,31.14853,8.89,1.05,2023-06-12T17:26:08.348
95.06891,31.92172,1.98,2.09,2023-06-12T19:03:27.403
94.54452,31.14962,8.48,1.27,2023-06-12T19:13:37.395
94.54323,31.13366,17.42,0.83,2023-06-12T19:33:04.202
94.54585,31.14832,8.32,1.03,2023-06-12T20:56:36.878
96.24115,30.79184,11.74,0.24,2023-06-12T21:20:15.784
96.23718,30.78394,11.79,0.5,2023-06-12T21:31:09.410
94.54769,31.14681,7.58,1.04,2023-06-12T21:58:10.593
95.10204,31.23966,10.21,0.04,2023-06-12T23:00:44.498
96.23764,30.7836,11.8,-0.02,2023-06-12T23:09:49.728
94.53863,31.14245,13.18,1.41,2023-06-13T00:06:09.374
96.24476,30.80195,11.04,0.34,2023-06-13T00:11:49.447
94.54667,31.15094,7.74,0.95,2023-06-13T00:12:37.986
94.54419,31.1504,8.08,1.67,2023-06-13T01:03:51.195
95.73173,32.0854,9.72,1.26,2023-06-13T03:04:42.875
95.73636,32.08766,9.8,2.12,2023-06-13T03:27:32.352
95.7384,32.08728,8.25,1.03,2023-06-13T03:28:29.930
95.73758,32.08676,11.15,1.51,2023-06-13T03:33:06.556
95.73756,32.0882,9.49,1.53,2023-06-13T03:33:41.496
95.73844,32.08737,8.6,1.06,2023-06-13T03:34:51.997
94.54976,31.1456,7.67,0.77,2023-06-13T03:37:34.520
95.7379,32.08846,10.01,1.41,2023-06-13T03:57:36.087
96.24103,30.79671,10.49,0.36,2023-06-13T04:01:29.976
95.73768,32.08852,9.68,1.28,2023-06-13T04:07:12.795
94.5474,31.1455,8.03,1.06,2023-06-13T04:22:40.757
95.73844,32.08737,8.6,1.08,2023-06-13T04:26:33.017
95.73756,32.08822,9.7,2.08,2023-06-13T04:26:54.822
95.73754,32.08771,10.43,1.27,2023-06-13T04:28:53.466
95.73777,32.0884,9.65,1.72,2023-06-13T04:30:02.298
95.73741,32.08865,10.93,1.02,2023-06-13T04:32:28.876
95.7377,32.08791,10.12,1.44,2023-06-13T04:37:10.441
95.73815,32.08806,10.13,1.25,2023-06-13T04:43:15.501
95.73949,32.08734,8.8,0.96,2023-06-13T04:45:17.886
95.73777,32.08819,10.16,1.11,2023-06-13T04:51:18.316
95.73701,32.08807,10.19,1.35,2023-06-13T04:58:43.843
95.73784,32.08936,11.26,1.03,2023-06-13T05:17:39.832
95.73568,32.08786,10.51,1.23,2023-06-13T05:28:27.886
94.54599,31.14853,8.12,1.34,2023-06-13T05:39:57.593
96.24226,30.78509,11.56,0.06,2023-06-13T05:48:49.836
95.73861,32.0882,10.13,1.2,2023-06-13T05:57:13.704
95.73837,32.08864,9.91,1.35,2023-06-13T06:05:08.088
95.73742,32.0887,9.63,1.66,2023-06-13T06:14:57.921
95.73684,32.08783,10.26,1.23,2023-06-13T06:15:38.209
96.23852,30.79511,9.49,0.56,2023-06-13T06:22:29.820
96.63012,30.87018,9.31,0.34,2023-06-13T06:35:01.165
95.73947,32.0865,8.67,1.04,2023-06-13T06:59:19.119
95.73823,32.0877,10.61,1.16,2023-06-13T06:59:30.807
95.73676,32.08794,9.87,1.36,2023-06-13T07:18:08.615
95.73844,32.08737,8.6,1.11,2023-06-13T07:21:58.477
96.23724,30.78418,11.84,0.43,2023-06-13T07:26:44.846
96.23712,30.78404,11.72,0.61,2023-06-13T07:53:36.779
95.73753,32.08827,9.74,1.8,2023-06-13T08:18:15.422
95.73877,32.08973,10.81,1.46,2023-06-13T08:42:08.022
96.68608,30.45683,4.79,1.22,2023-06-13T09:25:09.192
95.73797,32.08695,11.63,1.19,2023-06-13T09:35:16.190
95.10173,31.24012,10.22,0.38,2023-06-13T09:43:04.294
96.23706,30.78363,11.9,0.66,2023-06-13T09:58:04.159
94.53757,31.14377,13.0,1.08,2023-06-13T09:59:21.751
94.54545,31.14825,8.17,1.27,2023-06-13T10:20:20.607
96.239,30.79261,10.23,0.49,2023-06-13T10:21:50.637
96.24019,30.79305,10.05,0.39,2023-06-13T10:25:34.960
96.23736,30.78459,11.72,0.58,2023-06-13T10:39:38.047
96.23728,30.78334,11.88,0.13,2023-06-13T10:47:41.229
95.73752,32.08715,10.73,1.16,2023-06-13T11:41:09.670
94.54396,31.15111,8.43,1.2,2023-06-13T12:21:20.830
96.2373,30.78372,11.91,0.59,2023-06-13T13:12:13.119
97.35548,30.1773,0.17,0.88,2023-06-13T13:12:35.659
97.35627,30.17745,0.12,0.96,2023-06-13T13:19:08.198
97.35567,30.17776,-0.1,0.81,2023-06-13T13:47:05.678
94.55527,31.14814,4.53,0.55,2023-06-13T14:54:37.690
96.24921,30.8108,11.23,0.41,2023-06-13T15:43:22.905
94.54677,31.1515,7.75,1.02,2023-06-13T17:22:21.502
94.54499,31.15087,8.38,1.11,2023-06-13T17:32:51.335
95.10231,31.23939,10.11,0.05,2023-06-13T17:52:24.884
95.73365,32.08382,11.92,1.32,2023-06-13T18:13:16.180
94.54414,31.15138,8.37,0.96,2023-06-13T18:21:21.720
94.54887,31.14862,6.9,0.75,2023-06-13T19:08:38.364
96.23825,30.79091,9.61,0.48,2023-06-13T19:55:35.852
95.243,29.2226,18.77,1.5,2023-06-13T21:02:14.341
96.24975,30.81091,11.05,0.62,2023-06-13T21:33:08.323
94.53672,31.14418,13.17,0.89,2023-06-13T21:41:14.568
94.54051,31.13771,12.94,1.68,2023-06-13T22:22:07.074
96.23866,30.79422,9.48,0.43,2023-06-13T23:10:49.570
94.54302,31.15039,8.65,1.53,2023-06-14T00:39:35.617
96.23947,30.78685,12.16,0.31,2023-06-14T00:52:41.599
96.6304,30.86958,9.09,0.79,2023-06-14T01:05:20.202
96.251,30.80643,10.88,0.25,2023-06-14T01:22:36.055
96.23806,30.78656,12.03,0.13,2023-06-14T02:02:20.098
95.73437,32.08506,8.63,0.82,2023-06-14T02:14:41.474
97.35582,30.17752,0.19,1.27,2023-06-14T04:30:09.354
94.53565,31.1459,13.33,1.01,2023-06-14T05:18:45.823
94.54722,31.14591,8.23,1.08,2023-06-14T06:10:38.440
94.53988,31.13825,13.35,1.81,2023-06-14T08:14:45.764
95.73915,32.08766,8.25,1.14,2023-06-14T08:27:27.827
96.23756,30.78441,11.94,0.64,2023-06-14T08:40:46.186
96.24846,30.80942,10.89,0.33,2023-06-14T12:45:13.702
96.24881,30.80943,11.01,0.64,2023-06-14T12:49:01.671
96.24854,30.80965,11.07,0.29,2023-06-14T13:03:15.560
95.7375,32.0887,10.21,1.17,2023-06-14T13:48:44.904
95.73642,32.08785,10.15,1.09,2023-06-14T14:19:55.492
95.73647,32.08802,9.01,1.14,2023-06-14T14:57:29.216
96.23881,30.7881,12.16,0.24,2023-06-14T15:55:33.559
97.35624,30.1776,0.0,0.93,2023-06-14T17:15:08.881
94.55387,31.14154,6.56,0.73,2023-06-14T17:18:16.230
96.96549,29.99811,11.75,1.2,2023-06-14T18:09:55.197
96.2372,30.7841,11.76,0.83,2023-06-14T19:57:28.161
96.23751,30.78467,11.84,1.61,2023-06-14T20:00:04.846
94.54141,31.13452,17.23,0.78,2023-06-15T01:04:26.401
96.24276,30.79581,11.16,0.04,2023-06-15T01:09:29.878
95.16204,31.70046,3.95,1.41,2023-06-15T02:37:22.305
95.16203,31.70003,3.9,1.03,2023-06-15T03:19:49.890
95.1625,31.70007,3.84,2.38,2023-06-15T03:21:45.735
95.05457,31.90472,7.55,1.0,2023-06-15T07:30:18.756
96.23698,30.78439,11.73,0.31,2023-06-15T08:15:40.133
95.03327,29.87514,9.98,1.28,2023-06-15T10:10:32.373
94.54127,31.13621,12.66,0.65,2023-06-15T10:12:51.775
94.55087,31.14515,7.19,0.79,2023-06-15T11:00:51.562
96.23745,30.78422,11.72,0.27,2023-06-15T14:16:23.576
94.53996,31.13639,14.18,1.1,2023-06-15T14:49:10.510
96.23981,30.7981,9.59,0.43,2023-06-15T18:56:59.004
96.24105,30.79601,10.36,1.12,2023-06-15T19:04:18.938
96.24033,30.79526,10.43,0.83,2023-06-15T19:05:46.739
96.24054,30.79527,10.36,0.79,2023-06-15T19:13:51.120
96.23715,30.78387,11.83,0.02,2023-06-15T19:31:29.961
96.24031,30.79544,10.42,0.11,2023-06-15T19:47:19.807
95.02684,30.80702,10.92,0.65,2023-06-15T23:21:05.134
96.23813,30.78376,12.08,0.15,2023-06-16T07:58:03.770
96.24849,30.81055,11.0,0.23,2023-06-16T08:10:37.684
94.89816,29.89075,9.08,1.47,2023-06-16T12:04:26.933
94.89806,29.89076,9.14,2.02,2023-06-16T12:10:21.574
95.02898,29.88135,9.91,1.22,2023-06-16T14:08:03.510
94.53761,31.14281,13.3,1.55,2023-06-16T14:38:38.296
96.23693,30.78466,11.63,0.51,2023-06-16T14:59:53.323
96.2352,30.78052,10.66,0.18,2023-06-16T15:14:29.690
94.54499,31.14857,8.57,1.05,2023-06-16T18:44:53.609
96.23997,30.7958,9.66,0.52,2023-06-16T21:06:33.887
94.5361,30.46913,6.03,0.98,2023-06-16T21:21:44.310
96.24593,30.80397,11.49,0.23,2023-06-16T21:59:05.667
96.2422,30.79847,12.24,-0.28,2023-06-16T22:03:01.612
96.23808,30.79143,9.56,0.23,2023-06-16T22:55:18.680
96.25061,30.81819,11.84,0.35,2023-06-17T01:28:29.405
96.2395,30.79011,10.23,0.39,2023-06-17T03:06:02.542
96.23868,30.79237,10.0,0.71,2023-06-17T03:32:59.985
94.53866,31.14875,11.79,1.33,2023-06-17T07:40:15.959
94.54162,31.14901,10.66,1.29,2023-06-17T09:24:50.434
96.23916,30.7927,9.89,0.73,2023-06-17T09:34:20.599
94.54013,31.14833,11.69,1.23,2023-06-17T12:44:56.887
96.25114,30.81819,11.75,0.48,2023-06-17T13:58:03.085
96.24404,30.80042,10.84,0.22,2023-06-17T16:04:24.268
96.24104,30.79985,9.97,-0.26,2023-06-17T17:55:38.388
94.54065,31.14814,11.86,1.23,2023-06-17T19:17:35.788
94.54106,31.1475,12.31,1.24,2023-06-17T19:21:49.411
96.24372,30.80059,10.87,0.51,2023-06-17T19:29:58.334
94.54033,31.14765,12.34,0.42,2023-06-17T19:45:10.910
94.54043,31.14836,10.84,0.94,2023-06-17T19:51:02.718
96.23534,30.78694,11.03,0.55,2023-06-17T20:16:17.600
96.24969,30.8035,9.13,0.39,2023-06-18T01:16:50.483
94.5653,31.13674,18.91,0.81,2023-06-18T01:56:04.396
94.62891,31.91227,5.13,1.26,2023-06-18T07:47:41.833
94.87572,31.84841,8.29,0.84,2023-06-18T08:09:36.782
94.87525,31.84956,8.48,0.9,2023-06-18T08:10:28.245
94.62923,31.91421,5.56,1.18,2023-06-18T08:31:49.190
94.62946,31.91316,5.31,1.4,2023-06-18T08:59:24.559
95.10157,31.23999,10.22,0.57,2023-06-18T10:20:38.930
95.10166,31.2395,10.19,0.64,2023-06-18T10:32:31.685
95.10152,31.23941,10.2,0.56,2023-06-18T10:33:25.846
94.53706,31.14278,13.32,1.77,2023-06-18T10:53:41.289
96.26015,30.80348,10.7,0.33,2023-06-18T10:55:27.159
95.02532,31.94629,6.38,1.15,2023-06-18T12:07:40.437
95.02853,31.94586,5.32,1.01,2023-06-18T13:41:19.242
94.53788,31.14276,13.19,1.15,2023-06-18T16:39:39.546
97.03472,30.33617,3.44,0.7,2023-06-18T17:11:59.985
96.23847,30.79015,10.66,1.02,2023-06-18T17:25:35.885
96.23847,30.78989,10.7,-0.12,2023-06-18T17:28:10.764
96.26463,30.85957,12.94,-0.03,2023-06-18T18:23:32.354
96.23876,30.79022,10.61,0.36,2023-06-18T18:39:53.476
96.24633,30.80434,11.04,0.28,2023-06-18T19:57:19.755
94.53898,31.14261,13.0,1.31,2023-06-18T20:02:00.159
94.54717,31.14803,7.7,0.91,2023-06-18T20:04:37.725
94.53876,31.14222,13.13,1.47,2023-06-18T21:12:52.328
96.24837,30.80995,11.03,0.35,2023-06-19T00:26:58.278
94.54711,31.14841,7.67,1.0,2023-06-19T00:56:36.026
96.2493,30.8109,10.76,1.32,2023-06-19T04:48:02.954
94.53806,31.14231,13.21,1.93,2023-06-19T06:01:12.327
94.87572,31.84841,8.29,0.85,2023-06-19T07:54:01.602
94.539,31.14229,13.58,1.62,2023-06-19T08:19:22.753
94.56125,31.13666,18.79,0.92,2023-06-19T08:21:02.123
96.23764,30.78382,11.78,0.36,2023-06-19T09:33:08.242
94.56125,31.13666,18.79,0.93,2023-06-19T09:50:18.644
94.87572,31.84841,8.29,1.35,2023-06-19T10:02:10.523
94.53713,31.14336,13.41,1.46,2023-06-19T11:37:33.502
94.53456,31.14294,13.53,1.86,2023-06-19T11:37:50.720
94.53783,31.14318,13.11,1.78,2023-06-19T11:40:53.513
96.55862,30.93273,3.27,0.91,2023-06-19T11:47:52.315
96.00405,29.60896,10.49,1.8,2023-06-19T12:39:08.262
96.55862,30.93273,3.61,0.91,2023-06-19T12:46:36.683
95.7407,32.08666,12.92,0.64,2023-06-19T12:50:27.179
96.99655,30.86346,9.32,0.73,2023-06-19T12:55:27.669
96.25984,30.82262,10.82,0.21,2023-06-19T13:42:14.285
94.55529,31.1496,4.19,0.35,2023-06-19T14:03:34.777
94.53738,31.14239,13.05,1.31,2023-06-19T15:13:04.509
94.54057,31.13827,13.12,1.63,2023-06-19T17:29:19.921
94.54543,31.1484,8.17,0.97,2023-06-19T20:50:32.655
94.53712,31.14364,13.2,1.3,2023-06-19T20:51:59.794
94.53726,31.14343,13.23,1.14,2023-06-19T21:27:13.490
94.5374,31.14368,13.27,1.39,2023-06-19T23:46:55.302
96.68602,30.45651,4.69,0.73,2023-06-20T03:04:34.474
94.55003,31.14825,5.8,0.86,2023-06-20T04:19:18.550
96.23747,30.78511,11.68,1.99,2023-06-20T04:47:02.462
94.54569,31.14872,8.04,1.04,2023-06-20T05:49:47.868
94.54733,31.14684,7.8,1.15,2023-06-20T06:23:00.149
96.23693,30.78355,11.98,0.67,2023-06-20T10:34:53.729
94.53956,31.13904,12.95,1.35,2023-06-20T11:23:27.242
96.23718,30.78698,10.06,0.13,2023-06-20T13:45:59.138
94.6302,31.91118,4.67,1.35,2023-06-20T14:27:04.964
94.63015,31.91175,5.2,1.16,2023-06-20T14:29:32.896
96.24086,30.7976,9.89,0.4,2023-06-20T14:47:20.454
96.23583,30.78484,10.88,0.26,2023-06-20T16:09:43.375
94.53947,31.13944,12.44,0.42,2023-06-20T16:13:34.537
94.62853,31.91347,5.1,1.06,2023-06-20T17:30:02.830
94.63079,31.91383,5.23,1.01,2023-06-20T20:24:10.403
95.11631,29.79529,10.84,1.36,2023-06-20T21:23:43.301
96.23705,30.79176,9.43,0.66,2023-06-20T22:37:41.075
96.24144,30.79954,10.0,0.48,2023-06-20T23:38:15.357
94.5352,31.15213,12.49,2.32,2023-06-21T00:19:13.853
94.53748,31.14811,12.27,0.96,2023-06-21T10:39:49.366
96.23864,30.78732,10.66,0.19,2023-06-21T12:19:35.995
96.23864,30.78732,10.66,0.03,2023-06-21T14:52:17.315
96.23873,30.79245,9.93,0.39,2023-06-21T16:43:30.345
95.73471,32.10238,11.05,1.55,2023-06-21T16:48:18.092
95.73446,32.10235,10.4,1.37,2023-06-21T17:03:13.944
96.23958,30.78972,11.47,0.33,2023-06-21T17:08:48.071
96.23882,30.789,10.24,1.09,2023-06-21T17:18:13.003
95.73471,32.10238,11.05,1.35,2023-06-21T17:32:34.722
95.73413,32.10236,10.84,1.42,2023-06-21T17:35:01.654
95.73437,32.10192,11.13,1.05,2023-06-21T17:40:53.307
95.73375,32.10142,10.05,1.05,2023-06-21T17:47:39.805
95.73395,32.10161,10.94,1.72,2023-06-21T17:51:07.920
95.7349,32.10209,10.97,1.08,2023-06-21T18:21:11.029
94.5387,31.14515,7.21,0.73,2023-06-21T18:59:06.996
96.2387,30.79246,9.93,0.49,2023-06-21T18:59:47.095
96.24343,30.79877,10.94,0.43,2023-06-21T19:31:50.652
95.73401,32.10179,10.96,1.36,2023-06-21T21:40:59.287
96.239,30.78952,11.94,0.54,2023-06-22T04:06:30.660
96.25876,30.8225,10.45,1.24,2023-06-22T07:19:51.665
96.25876,30.8225,10.45,1.22,2023-06-22T07:25:36.295
96.24162,30.79429,11.62,0.16,2023-06-22T08:19:54.520
96.2417,30.79446,11.6,1.52,2023-06-22T11:57:06.079
96.23803,30.79261,9.71,0.45,2023-06-22T14:55:29.015
94.53759,31.15084,11.63,0.89,2023-06-22T15:50:28.073
94.53553,31.15261,12.65,1.32,2023-06-22T15:52:39.748
96.23791,30.78959,10.48,0.53,2023-06-22T19:11:05.921
94.53741,31.15063,11.77,0.95,2023-06-22T19:23:32.669
94.53732,31.15048,12.44,1.12,2023-06-22T19:59:23.590
96.23607,30.7963,9.4,0.52,2023-06-22T21:23:34.855
96.24181,30.79611,10.49,0.1,2023-06-22T22:48:42.003
96.24653,30.81054,11.01,0.5,2023-06-23T02:26:53.317
96.23913,30.78949,10.31,0.42,2023-06-23T02:37:56.424
96.23748,30.79225,9.81,0.11,2023-06-23T03:18:25.093
95.04935,31.89329,6.13,2.15,2023-06-23T06:25:16.467
95.04949,31.89321,6.24,1.48,2023-06-23T06:27:01.297
95.05082,31.89271,6.1,1.13,2023-06-23T06:28:54.252
94.85376,29.92464,10.01,1.69,2023-06-23T07:13:29.998
94.85384,29.92486,10.14,1.27,2023-06-23T07:15:10.102
96.24244,30.79517,9.41,0.86,2023-06-23T11:38:35.269
96.24253,30.79526,9.41,0.28,2023-06-23T11:45:01.916
95.04935,31.89218,5.98,1.69,2023-06-23T12:27:41.338
95.04822,31.89368,6.1,0.99,2023-06-23T14:07:54.802
96.24293,30.79906,11.16,0.31,2023-06-23T18:23:38.934
96.2386,30.79242,10.03,0.26,2023-06-23T21:55:24.290
94.53693,31.15126,11.97,1.52,2023-06-23T23:39:18.255
96.24813,30.81323,10.64,0.23,2023-06-24T01:02:04.555
94.53822,31.15181,11.07,1.24,2023-06-24T01:18:41.744
94.53657,31.15212,11.93,1.13,2023-06-24T01:36:03.007
94.57728,31.14607,8.41,0.25,2023-06-24T04:10:20.548
96.26011,30.81887,12.82,0.46,2023-06-24T04:25:38.960
96.26035,30.8189,12.94,1.67,2023-06-24T04:27:41.978
94.53693,31.15192,11.97,1.56,2023-06-24T05:10:52.654
96.25998,30.81822,12.83,0.25,2023-06-24T05:56:14.171
94.53519,31.15154,12.47,1.69,2023-06-24T06:56:36.441
95.07166,31.9111,4.03,2.02,2023-06-24T07:04:05.659
96.23825,30.79344,10.11,0.26,2023-06-24T09:17:40.459
95.86679,29.49289,12.04,1.37,2023-06-24T09:19:48.339
95.07564,31.91058,5.24,1.27,2023-06-24T10:17:39.751
94.54004,31.14288,11.68,0.8,2023-06-24T11:32:37.810
94.53813,31.13455,17.03,1.64,2023-06-24T13:30:20.903
94.57639,31.14881,7.66,0.79,2023-06-24T14:24:17.067
95.86581,29.49351,11.87,1.27,2023-06-24T15:43:26.263
94.5356,31.14515,8.57,0.86,2023-06-24T17:49:55.756
94.53816,31.15019,11.28,1.13,2023-06-24T17:54:18.600
96.2463,30.80831,11.03,0.16,2023-06-24T18:04:11.057
94.53427,31.15489,12.67,1.21,2023-06-24T19:30:42.836
96.24032,30.79753,9.72,-0.11,2023-06-24T19:53:21.209
96.26001,30.81833,12.89,0.06,2023-06-24T23:48:53.103
94.54684,31.14792,7.77,0.97,2023-06-25T02:37:32.069
95.04735,31.92214,8.53,0.91,2023-06-25T04:03:32.769
94.54769,31.14829,7.34,0.88,2023-06-25T06:30:20.372
94.53531,31.1471,13.35,1.21,2023-06-25T06:39:24.150
96.23726,30.79027,9.58,0.42,2023-06-25T07:19:15.216
94.629,31.9123,5.21,1.45,2023-06-25T10:17:05.241
96.22338,30.79662,10.98,0.32,2023-06-25T11:03:14.312
94.85678,30.40173,4.31,0.82,2023-06-25T13:26:32.514
94.5376,31.14482,13.25,1.72,2023-06-25T14:44:12.541
96.22333,30.79685,10.86,0.14,2023-06-25T15:01:08.158
96.24133,30.7947,9.31,1.4,2023-06-25T15:31:32.476
94.54575,31.14796,7.8,0.98,2023-06-25T15:48:28.950
94.53777,31.14212,13.07,0.85,2023-06-25T16:42:55.444
94.54663,31.14903,7.7,0.93,2023-06-25T17:24:43.066
96.24061,30.79564,9.1,0.06,2023-06-25T17:54:09.229
94.53686,31.14373,13.21,0.89,2023-06-25T18:48:37.340
96.22336,30.79658,10.97,0.25,2023-06-25T20:22:13.593
95.04273,31.43544,4.46,-0.09,2023-06-25T21:37:18.037
94.62889,31.91253,5.25,1.18,2023-06-25T23:08:25.626
94.6299,31.91175,5.2,1.22,2023-06-25T23:08:38.790
95.64036,30.22748,7.46,1.07,2023-06-26T03:12:02.812
96.23698,30.78527,11.85,0.47,2023-06-26T03:53:07.547
96.8321,31.21035,9.19,0.38,2023-06-26T05:35:51.952
96.2644,30.8623,13.02,0.46,2023-06-26T07:53:00.868
96.90681,30.27933,7.5,1.36,2023-06-26T11:07:50.326
95.04737,31.9222,8.53,1.07,2023-06-26T15:24:51.548
94.85693,31.09307,9.5,0.24,2023-06-26T16:42:49.324
94.53865,31.14387,13.29,1.17,2023-06-26T18:46:05.560
96.23941,30.78741,12.12,-0.06,2023-06-26T20:37:29.319
94.53268,31.14763,13.15,2.39,2023-06-26T21:56:56.577
96.24739,30.80614,11.55,0.66,2023-06-27T07:36:24.142
96.24759,30.80621,11.65,0.43,2023-06-27T07:36:36.465
96.23567,30.78537,13.55,0.95,2023-06-27T08:20:57.655
95.05016,31.90047,7.5,0.95,2023-06-27T13:16:34.827
96.24749,30.80611,11.64,0.72,2023-06-27T14:15:21.246
96.24754,30.80658,11.44,0.28,2023-06-27T14:16:10.878
96.24311,30.79569,11.79,0.17,2023-06-27T15:35:45.421
96.24782,30.80772,11.1,0.3,2023-06-27T19:27:21.942
96.63096,30.86948,8.53,0.38,2023-06-27T19:53:59.984
96.23777,30.79158,9.73,0.31,2023-06-27T20:00:22.697
95.04633,31.92288,8.06,1.01,2023-06-27T20:12:49.724
95.05096,31.92277,8.43,1.01,2023-06-27T22:36:41.979
94.53319,31.14804,13.16,1.66,2023-06-28T00:24:20.029
94.53188,31.6142,10.29,1.86,2023-06-28T01:00:22.862
94.54759,31.15527,4.67,0.72,2023-06-28T02:59:02.029
95.05125,31.89968,7.35,1.27,2023-06-28T03:08:19.061
96.25706,30.81862,13.45,0.44,2023-06-28T04:14:56.152
93.17384,29.87594,10.78,1.99,2023-06-28T04:57:29.784
96.00378,29.60705,10.46,2.25,2023-06-28T05:36:49.234
95.04741,31.92288,7.99,1.43,2023-06-28T08:40:00.102
94.54127,31.15431,8.17,2.39,2023-06-28T09:35:12.625
93.17432,29.87647,10.81,1.75,2023-06-28T10:25:08.205
94.54028,31.13475,12.98,1.42,2023-06-28T10:48:08.865
94.53132,31.14968,13.22,1.16,2023-06-28T11:39:29.676
94.5418,31.15437,7.96,1.39,2023-06-28T11:52:29.453
94.54242,31.15281,8.18,2.07,2023-06-28T12:41:22.547
96.24227,30.80025,10.47,0.24,2023-06-28T13:40:01.362
96.24718,30.80549,11.58,0.41,2023-06-28T13:44:18.373
93.17461,29.87627,11.1,1.5,2023-06-28T14:26:05.677
95.04827,31.92274,8.13,0.83,2023-06-28T15:23:32.521
95.04713,31.92187,8.03,0.89,2023-06-28T15:25:10.034
96.00376,29.60753,10.45,1.57,2023-06-28T15:28:16.049
96.25708,30.81876,13.63,0.82,2023-06-28T15:54:52.778
94.53571,30.46929,6.06,1.24,2023-06-28T16:02:47.466
94.54403,31.13163,17.4,1.01,2023-06-28T16:39:20.973
95.04324,31.43558,4.25,0.1,2023-06-28T17:15:20.774
96.24304,30.79921,10.63,-0.1,2023-06-28T17:32:26.164
94.54108,31.15407,8.5,1.24,2023-06-28T17:37:56.421
95.04272,31.43531,4.38,-0.09,2023-06-28T20:30:03.410
95.08553,31.90352,2.04,0.92,2023-06-28T20:34:40.231
96.23833,30.78884,10.97,0.54,2023-06-28T23:18:12.278
94.53081,31.15133,13.09,1.07,2023-06-28T23:18:43.076
96.23695,30.78334,11.95,0.46,2023-06-28T23:27:13.306
96.22338,30.79662,10.98,0.42,2023-06-28T23:36:16.942
96.24738,30.80193,10.1,1.5,2023-06-29T00:54:01.429
96.24786,30.802,10.18,0.48,2023-06-29T00:58:59.004
96.23976,30.78926,11.88,0.23,2023-06-29T01:12:22.014
96.2478,30.80207,10.09,1.41,2023-06-29T01:23:44.475
96.24776,30.80231,10.22,0.38,2023-06-29T01:27:36.016
94.53192,31.1503,13.7,1.02,2023-06-29T01:43:19.555
96.26443,30.85932,13.16,0.81,2023-06-29T02:00:55.094
95.0432,31.43649,5.08,0.3,2023-06-29T02:23:19.736
96.24716,30.80135,10.34,0.06,2023-06-29T03:12:10.909
94.53093,31.15093,13.22,2.01,2023-06-29T03:17:43.799
95.04341,31.4358,4.29,0.35,2023-06-29T03:29:49.577
96.24779,30.80232,10.13,1.58,2023-06-29T03:37:45.909
96.24805,30.80277,10.0,0.58,2023-06-29T04:04:06.939
94.5389,31.14023,13.09,1.45,2023-06-29T05:39:04.717
94.55105,31.14068,7.15,1.09,2023-06-29T06:03:48.657
96.23811,30.78519,12.0,0.81,2023-06-29T06:39:45.391
94.53126,31.15001,13.13,1.12,2023-06-29T08:59:11.110
96.8321,31.21085,9.02,0.51,2023-06-29T09:02:54.298
96.24815,30.80264,10.1,0.11,2023-06-29T12:18:25.405
96.24291,30.79732,11.46,0.27,2023-06-29T13:51:44.382
96.24728,30.80149,10.12,0.39,2023-06-29T14:05:31.037
94.54003,31.15454,9.19,0.72,2023-06-29T14:07:08.387
95.0433,31.43581,4.38,0.14,2023-06-29T15:40:36.884
94.54278,31.15493,8.39,0.78,2023-06-29T15:46:11.938
94.53446,31.14895,13.2,1.01,2023-06-29T16:01:45.468
95.04294,31.43533,4.13,-0.08,2023-06-29T16:58:23.914
94.5313,31.14975,13.14,1.42,2023-06-29T17:00:17.528
96.63101,30.86896,8.7,0.62,2023-06-29T17:11:45.173
94.54323,31.15506,8.58,0.43,2023-06-29T17:18:03.946
94.94578,30.05053,8.79,1.21,2023-06-29T17:22:19.390
94.53012,31.14943,13.24,1.21,2023-06-29T17:51:27.243
94.53184,31.14807,13.19,1.43,2023-06-29T17:54:30.739
94.54229,31.15425,9.16,0.54,2023-06-29T18:13:43.697
94.53217,31.14897,13.28,1.18,2023-06-29T18:15:35.397
94.54128,31.15462,10.31,0.5,2023-06-29T18:59:08.080
95.0435,31.43574,4.19,0.25,2023-06-29T19:21:33.149
94.54444,31.15217,9.45,0.99,2023-06-29T20:04:24.117
96.2394,30.78969,11.78,0.01,2023-06-29T20:11:37.348
96.25708,30.81876,13.63,0.88,2023-06-29T20:45:09.258
94.54576,31.1512,9.41,0.96,2023-06-29T22:05:22.271
94.54161,31.13574,18.11,0.81,2023-06-29T22:10:09.423
94.5411,31.15592,8.76,0.77,2023-06-29T22:17:47.028
95.04242,31.43547,4.46,0.39,2023-06-29T22:25:38.103
96.00301,29.6068,10.44,2.16,2023-06-29T22:34:46.036
96.24801,30.80222,10.14,0.6,2023-06-29T23:56:14.254
94.94578,30.05053,8.79,1.44,2023-06-30T00:41:00.939
95.04271,31.43572,4.44,0.46,2023-06-30T00:43:07.654
95.02878,31.94623,5.8,0.94,2023-06-30T01:49:52.941
94.54191,31.15414,9.28,1.42,2023-06-30T03:06:39.698
95.04678,31.92258,7.83,0.94,2023-06-30T05:06:00.439
95.04424,31.43636,4.18,0.41,2023-06-30T06:10:41.140
95.04348,31.43597,4.21,0.3,2023-06-30T06:27:36.726
94.54773,31.14667,7.24,1.03,2023-06-30T07:59:18.572
95.04311,31.43543,4.04,0.45,2023-06-30T08:06:39.707
95.04351,31.43572,4.24,0.77,2023-06-30T08:07:40.051
94.54301,31.15411,8.21,1.26,2023-06-30T08:45:36.001
93.17421,29.87568,10.81,1.74,2023-06-30T12:06:29.713
93.17253,29.87619,10.16,1.48,2023-06-30T12:30:01.709
93.17535,29.87576,10.88,1.53,2023-06-30T15:24:22.364
96.25728,30.81876,13.63,0.4,2023-06-30T15:32:19.798
96.24269,30.7998,10.71,0.27,2023-06-30T15:35:22.553
94.56925,31.1463,5.61,0.51,2023-06-30T16:47:23.024
94.54031,31.15371,9.03,1.36,2023-06-30T17:52:31.582
96.23931,30.78889,11.77,0.07,2023-06-30T20:02:50.017
95.0062,31.03571,8.93,0.63,2023-06-30T20:51:05.992
95.00615,31.03573,8.91,0.55,2023-06-30T20:53:41.113
95.0062,31.03571,8.93,0.57,2023-06-30T21:18:26.942
95.00616,31.03569,8.93,0.56,2023-06-30T21:19:13.592
95.08499,31.84729,3.5,0.42,2023-06-30T21:43:12.371
96.24723,30.80204,10.14,0.33,2023-06-30T21:53:51.635
95.00609,31.03567,8.96,0.55,2023-06-30T22:20:44.841
95.00609,31.03638,9.01,0.06,2023-06-30T22:59:41.376
96.55717,30.93273,3.39,0.52,2023-06-30T23:00:55.705
94.54155,31.13678,12.61,1.3,2023-07-01T00:34:18.347
95.08147,31.90648,2.17,0.99,2023-07-01T03:07:37.020
94.55302,31.15279,4.17,1.15,2023-07-01T05:11:54.755
94.54137,31.14168,17.97,1.15,2023-07-01T09:20:47.783
94.54846,31.14797,8.43,1.37,2023-07-01T09:25:20.819
94.54638,31.1493,7.8,1.02,2023-07-01T09:36:07.698
94.55457,31.14109,6.32,0.9,2023-07-01T12:22:59.950
94.54749,31.14897,8.52,1.2,2023-07-01T12:36:11.388
96.24594,30.80153,10.98,0.37,2023-07-01T15:03:31.453
94.54841,31.14478,7.96,1.2,2023-07-01T16:10:16.631
95.04678,31.89739,6.94,0.8,2023-07-01T16:29:03.013
94.54513,31.15022,7.9,0.73,2023-07-01T17:52:24.755
94.55473,31.1409,6.6,0.83,2023-07-01T18:00:04.010
96.24758,30.80159,10.15,-0.12,2023-07-01T18:36:34.985
94.52915,31.15234,13.09,1.01,2023-07-01T19:39:45.208
96.237,30.79197,9.41,0.55,2023-07-02T01:20:13.153
96.23714,30.7915,9.39,0.72,2023-07-02T01:28:22.396
96.25977,30.80396,10.55,0.3,2023-07-02T01:33:03.334
96.24709,30.80584,11.76,0.56,2023-07-02T02:04:03.151
94.54477,31.15015,7.75,2.72,2023-07-02T05:44:23.673
94.53391,31.14796,13.21,1.96,2023-07-02T05:45:32.644
95.04791,31.92303,8.14,0.93,2023-07-02T06:51:24.483
94.54104,31.15456,9.81,1.57,2023-07-02T08:22:42.230
94.53102,31.15013,13.37,1.25,2023-07-02T09:34:05.760
94.53731,31.14317,13.14,2.22,2023-07-02T10:05:35.987
94.54253,31.15547,7.72,0.77,2023-07-02T10:25:13.709
94.57181,31.14208,9.06,0.81,2023-07-02T10:27:03.540
94.53843,31.1423,13.25,1.16,2023-07-02T11:07:00.709
94.54554,31.1485,8.15,1.39,2023-07-02T11:25:51.965
94.5383,31.14179,13.29,1.7,2023-07-02T13:10:49.582
94.53822,31.14453,18.35,1.38,2023-07-02T13:37:26.268
94.5379,31.14209,13.17,0.98,2023-07-02T13:39:24.627
96.23847,30.79067,10.56,1.43,2023-07-02T13:59:22.110
96.23859,30.79187,10.58,0.26,2023-07-02T14:02:17.869
96.23853,30.79134,10.79,0.22,2023-07-02T14:03:10.517
96.23893,30.79196,10.43,0.37,2023-07-02T14:05:51.437
94.54632,31.1516,8.17,1.02,2023-07-02T14:08:58.194
94.54619,31.15215,8.03,0.93,2023-07-02T14:36:06.579
94.54764,31.15155,7.84,0.6,2023-07-02T15:18:56.625
94.54276,31.15598,8.38,0.9,2023-07-02T15:22:33.866
94.55758,31.14937,3.6,0.36,2023-07-02T15:41:52.242
96.88742,30.28236,7.43,0.65,2023-07-02T16:51:21.136
94.54168,31.15412,9.29,1.37,2023-07-02T16:54:16.577
94.54384,31.15129,8.62,1.06,2023-07-02T17:32:43.129
95.05102,31.89984,7.51,0.63,2023-07-02T19:23:16.293
96.23804,30.78631,11.62,0.03,2023-07-02T19:41:17.448
94.54195,31.15646,8.48,0.64,2023-07-02T19:59:11.686
96.55595,30.34127,7.77,1.07,2023-07-02T21:16:13.249
96.55641,30.34277,7.75,0.83,2023-07-02T21:35:33.791
96.55694,30.34174,7.9,0.67,2023-07-02T21:35:44.111
94.54003,31.15514,9.56,0.73,2023-07-02T21:47:01.795
95.74067,31.00233,13.23,0.57,2023-07-02T22:08:44.691
94.54213,31.15492,9.03,1.35,2023-07-02T23:22:31.218
94.84558,30.02151,11.19,1.34,2023-07-03T00:51:28.307
94.54036,31.13865,13.52,1.19,2023-07-03T01:35:55.973
94.5473,31.14566,8.21,1.07,2023-07-03T02:12:05.249
94.5473,31.14566,8.21,1.06,2023-07-03T02:17:38.999
96.2372,30.78412,11.8,0.41,2023-07-03T06:15:58.191
94.53688,30.46897,6.18,0.91,2023-07-03T07:28:41.322
94.5344,31.14856,13.33,1.14,2023-07-03T08:01:49.667
96.24941,30.80391,9.08,0.14,2023-07-03T08:26:12.397
94.54324,31.14873,9.92,1.17,2023-07-03T10:35:30.112
94.53325,31.15136,13.41,0.76,2023-07-03T11:19:38.723
94.5424,31.15428,8.65,0.69,2023-07-03T13:51:17.480
96.63032,30.86965,8.8,0.8,2023-07-03T14:37:31.995
94.54872,31.14888,8.05,0.53,2023-07-03T16:06:22.206
94.55379,31.16089,3.31,0.42,2023-07-03T16:20:41.246
94.5333,31.15301,13.52,0.43,2023-07-03T17:29:52.289
95.09993,31.07447,9.9,0.31,2023-07-03T18:50:09.596
94.54061,31.15613,11.43,0.81,2023-07-03T19:07:04.395
94.54956,31.14864,6.87,0.6,2023-07-03T19:09:11.600
94.53822,31.14848,17.91,0.57,2023-07-03T20:13:35.493
94.53731,31.14317,13.14,2.31,2023-07-03T20:20:28.017
94.53744,31.14379,13.19,1.29,2023-07-03T21:28:25.843
94.53922,31.14886,17.8,0.57,2023-07-03T22:01:00.223
95.42157,32.09353,8.23,1.12,2023-07-03T22:17:10.999
94.53451,31.15081,13.87,0.83,2023-07-03T22:36:27.755
95.42157,32.09364,8.54,2.16,2023-07-04T00:44:27.278
94.54406,31.15731,8.14,1.04,2023-07-04T02:15:26.847
94.54205,31.15535,8.96,1.08,2023-07-04T02:30:11.456
94.54183,31.1567,9.96,0.88,2023-07-04T02:57:15.394
95.42172,32.09364,7.95,1.16,2023-07-04T04:42:46.170
96.23937,30.79497,9.37,0.4,2023-07-04T05:32:15.349
94.54543,31.14871,8.41,1.36,2023-07-04T05:45:18.708
95.04252,31.43516,4.64,0.86,2023-07-04T05:57:55.382
94.53724,31.15005,17.97,1.3,2023-07-04T07:01:44.859
94.55379,31.16089,3.31,0.48,2023-07-04T07:23:03.245
95.04225,31.43499,4.64,0.62,2023-07-04T08:09:43.154
95.42145,32.09363,8.96,0.96,2023-07-04T08:21:13.022
94.54873,31.14832,8.1,1.38,2023-07-04T10:38:56.157
96.64822,30.51714,8.58,1.35,2023-07-04T11:51:02.542
96.23822,30.79077,10.53,0.36,2023-07-04T12:19:42.047
94.55014,31.14878,7.79,1.27,2023-07-04T12:21:24.906
94.54646,31.14912,8.65,0.66,2023-07-04T12:24:34.725
96.24758,30.80283,10.27,0.43,2023-07-04T12:41:50.786
96.24818,30.80262,10.15,0.68,2023-07-04T12:44:28.000
94.54308,31.15323,9.19,1.08,2023-07-04T13:24:50.024
94.53699,30.46862,6.36,1.04,2023-07-04T14:09:19.388
96.2477,30.80247,10.0,0.91,2023-07-04T14:35:36.280
94.53339,31.15103,13.45,0.82,2023-07-04T15:08:24.482
96.23763,30.78627,11.89,0.13,2023-07-04T15:46:08.020
96.24318,30.79616,11.49,0.08,2023-07-04T15:47:38.111
96.24134,30.80079,11.04,0.11,2023-07-04T16:30:42.240
94.53279,31.15177,13.29,0.76,2023-07-04T16:45:51.217
94.54195,31.15644,8.55,0.87,2023-07-04T17:07:01.678
96.48186,30.13412,6.4,0.48,2023-07-04T18:57:12.624
94.55166,31.15828,3.93,0.8,2023-07-04T20:03:21.943
95.02747,31.94505,5.26,1.61,2023-07-04T20:59:05.557
96.48203,30.13427,6.46,0.61,2023-07-04T23:36:30.606
95.42246,32.09505,8.84,1.29,2023-07-05T01:54:11.347
96.26422,30.86157,12.89,0.42,2023-07-05T02:00:57.385
94.55315,31.14823,5.33,0.85,2023-07-05T06:59:15.731
95.04271,31.43498,4.55,0.97,2023-07-05T09:10:00.309
95.74067,31.00233,13.23,0.6,2023-07-05T11:31:37.681
96.23698,30.79162,9.36,0.21,2023-07-05T11:58:46.268
94.53865,31.14602,18.02,1.59,2023-07-05T12:29:38.567
94.54075,31.15536,8.85,0.86,2023-07-05T13:23:14.113
94.53809,31.14189,13.28,1.69,2023-07-05T16:09:16.588
96.24929,30.8097,11.25,0.17,2023-07-05T16:32:54.354
94.57413,31.1401,8.63,0.48,2023-07-05T18:58:25.867
94.54464,31.14701,10.42,1.23,2023-07-06T00:23:11.987
94.5392,31.14647,11.72,0.93,2023-07-06T00:31:33.733
96.2424,30.79826,9.72,0.39,2023-07-06T02:20:31.922
94.53503,31.15142,12.33,1.52,2023-07-06T03:09:35.986
95.04893,31.89235,5.89,1.54,2023-07-06T04:28:21.265
95.06674,31.91039,4.23,0.61,2023-07-06T09:20:13.974
94.54435,31.13803,12.05,0.89,2023-07-06T12:59:04.335
94.56712,31.14461,6.7,1.23,2023-07-06T17:01:14.069
96.4817,30.1357,4.58,0.65,2023-07-06T17:58:39.431
96.4817,30.1357,4.58,0.82,2023-07-06T18:35:46.721
96.2489,30.80197,10.23,0.56,2023-07-06T21:48:48.863
94.5434,31.14294,12.22,1.22,2023-07-06T23:59:06.589
96.48009,30.13299,6.23,0.66,2023-07-07T08:58:59.556
97.03478,30.33619,3.71,1.52,2023-07-07T13:49:45.424
97.03512,30.33685,3.5,1.01,2023-07-07T14:08:41.189
94.55522,31.14042,5.73,0.96,2023-07-07T15:59:47.784
96.48063,30.13278,6.19,0.54,2023-07-07T16:05:53.842
95.57596,31.03042,7.64,0.61,2023-07-07T16:15:13.588
94.5603,31.14053,4.42,0.08,2023-07-07T16:20:07.278
96.23785,30.78606,11.98,0.12,2023-07-07T16:39:33.263
96.23846,30.78599,12.01,0.14,2023-07-07T16:40:01.716
96.48236,30.13406,6.44,0.62,2023-07-07T18:16:48.156
94.5422,31.15705,9.03,1.1,2023-07-07T18:44:22.183
96.24302,30.79452,12.43,0.1,2023-07-07T19:33:42.039
96.24157,30.80464,12.44,0.02,2023-07-07T20:56:00.008
96.48155,30.13383,6.52,0.54,2023-07-07T20:58:46.060
96.48163,30.13365,6.58,0.64,2023-07-07T21:02:27.312
95.05717,31.90662,7.79,0.55,2023-07-07T21:57:03.288
96.24386,30.79822,11.68,0.29,2023-07-08T00:23:59.708
96.24127,30.80431,12.47,0.17,2023-07-08T01:07:06.844
96.00423,29.6081,10.47,1.93,2023-07-08T02:22:31.535
96.48224,30.13445,6.44,0.81,2023-07-08T04:15:07.347
96.25088,30.80763,8.91,0.13,2023-07-08T05:48:19.638
94.55692,31.14035,5.54,1.04,2023-07-08T08:05:19.036
97.03508,30.33686,3.39,1.19,2023-07-08T08:52:08.880
94.8029,30.2586,8.92,1.45,2023-07-08T09:31:36.720
96.25126,30.81432,11.02,0.83,2023-07-08T09:33:36.982
96.23837,30.78352,11.66,0.36,2023-07-08T11:25:11.799
95.1571,29.9978,9.29,1.29,2023-07-08T11:28:19.456
94.54165,31.14207,18.0,0.73,2023-07-08T11:36:23.824
96.48242,30.13458,6.44,1.22,2023-07-08T12:21:01.612
96.48415,30.13579,6.0,0.73,2023-07-08T13:46:15.880
96.48307,30.13447,6.61,0.84,2023-07-08T13:54:22.399
96.48137,30.13399,6.48,0.72,2023-07-08T14:15:09.952
96.48138,30.13354,6.46,0.67,2023-07-08T14:53:36.431
96.23565,30.7842,10.98,0.33,2023-07-08T15:12:52.837
94.54176,31.142,18.02,0.7,2023-07-08T16:29:12.655
94.55251,31.13856,6.66,1.48,2023-07-08T16:48:12.509
94.5422,31.13362,12.84,0.96,2023-07-08T17:31:05.380
96.24857,30.80304,9.12,0.1,2023-07-08T18:21:09.847
96.47763,30.12994,7.88,0.77,2023-07-08T18:39:24.335
96.23731,30.78376,11.94,1.02,2023-07-08T19:03:43.269
95.57161,31.02473,14.44,0.05,2023-07-08T19:39:52.651
96.48207,30.13412,6.37,0.59,2023-07-08T20:30:00.040
95.57175,31.02474,14.41,-0.15,2023-07-08T20:51:25.263
96.24315,30.79586,11.64,0.19,2023-07-08T21:20:15.568
94.54016,31.13885,13.09,0.94,2023-07-08T21:30:11.470
95.57582,31.03045,7.75,0.2,2023-07-08T21:45:21.097
96.00443,29.60836,10.5,1.09,2023-07-08T22:04:11.423
94.55451,31.15987,3.35,0.44,2023-07-08T23:36:52.082
96.55471,30.34242,7.74,0.74,2023-07-09T00:12:25.898
96.55599,30.343,7.74,0.74,2023-07-09T00:14:12.053
96.23696,30.78351,11.9,0.92,2023-07-09T00:33:42.130
96.24317,30.79658,11.37,0.26,2023-07-09T00:45:56.242
94.54985,31.14847,8.07,1.23,2023-07-09T01:28:56.864
95.57572,31.03043,7.45,0.23,2023-07-09T01:47:55.668
94.54871,31.148,8.37,1.45,2023-07-09T04:35:54.639
96.2426,30.79438,11.9,0.16,2023-07-09T08:54:53.074
96.37073,30.30264,8.45,0.65,2023-07-09T09:04:39.201
96.48281,30.1345,6.19,0.75,2023-07-09T09:10:25.111
94.54234,31.15714,8.8,1.35,2023-07-09T12:20:05.075
96.92232,30.2247,9.32,0.75,2023-07-09T16:53:42.467
95.42157,32.09364,8.54,1.48,2023-07-09T20:35:53.929
95.42208,32.09352,9.44,1.13,2023-07-09T20:36:48.956
96.24734,30.80603,11.47,0.38,2023-07-09T21:35:18.323
94.54044,31.13888,13.11,1.0,2023-07-09T22:36:17.789
94.54688,31.14726,7.78,1.43,2023-07-09T23:20:40.099
94.55652,31.14008,5.79,1.36,2023-07-10T02:37:01.037
96.23699,30.78362,11.93,0.43,2023-07-10T04:41:25.808
95.41985,32.09026,9.61,1.04,2023-07-10T07:25:45.593
94.91798,29.91186,9.57,2.5,2023-07-10T11:15:38.359
94.91842,29.91144,9.57,1.59,2023-07-10T11:17:45.279
94.91753,29.91113,10.26,1.57,2023-07-10T11:36:33.251
94.91822,29.91104,9.62,2.89,2023-07-10T12:12:09.082
94.91754,29.91133,9.22,1.32,2023-07-10T12:31:33.836
94.9153,29.91098,9.38,1.54,2023-07-10T12:32:22.773
94.55036,31.14481,6.73,0.65,2023-07-10T16:20:17.374
94.91672,29.91159,10.28,1.22,2023-07-10T16:38:59.565
94.54019,31.13756,11.8,0.77,2023-07-10T16:50:56.323
96.23742,30.78634,10.7,0.19,2023-07-10T19:00:51.315
94.55249,31.13951,6.71,1.64,2023-07-10T19:14:01.594
96.24378,30.79998,10.59,0.09,2023-07-10T20:22:59.562
96.96114,30.88199,9.31,0.42,2023-07-10T21:22:51.116
96.95852,30.88174,8.82,0.75,2023-07-10T22:09:57.771
96.24816,30.8032,9.21,0.22,2023-07-10T22:38:06.882
96.23868,30.78855,11.45,1.06,2023-07-11T01:19:52.777
96.23874,30.78862,11.55,0.15,2023-07-11T03:53:47.443
94.53435,31.15861,12.84,1.93,2023-07-11T07:09:22.514
94.56384,31.16434,2.38,-0.1,2023-07-11T07:10:10.092
94.54385,31.13986,12.44,0.73,2023-07-11T11:53:43.096
96.248,30.80143,9.99,0.15,2023-07-11T15:41:47.039
96.24039,30.79902,9.93,0.35,2023-07-11T16:46:57.299
94.53346,31.15895,12.79,1.24,2023-07-11T16:55:56.914
94.53776,31.15003,11.38,1.18,2023-07-11T17:09:38.222
94.91645,29.91421,9.3,1.91,2023-07-11T17:14:30.114
94.54035,31.15022,10.81,0.53,2023-07-11T17:26:43.384
94.54496,31.14031,10.45,1.04,2023-07-11T19:14:08.308
94.91525,29.91388,8.37,1.1,2023-07-11T19:17:53.178
94.54087,31.13056,17.33,0.71,2023-07-11T19:19:33.001
96.23793,30.79241,9.65,0.34,2023-07-11T20:42:20.660
96.23758,30.79212,9.94,-0.09,2023-07-11T20:48:01.354
96.23796,30.79249,9.7,0.31,2023-07-11T21:06:20.318
96.24235,30.79905,10.4,0.14,2023-07-11T21:56:11.978
96.24033,30.79913,10.0,0.41,2023-07-12T07:28:30.022
96.23985,30.79243,10.64,0.73,2023-07-12T12:31:06.510
94.53896,31.14714,12.66,1.61,2023-07-12T13:32:26.047
94.53963,31.14699,11.61,1.27,2023-07-12T14:03:28.827
96.24132,30.7957,11.21,0.07,2023-07-12T15:31:42.197
96.24011,30.79275,10.61,0.1,2023-07-12T18:09:03.795
94.54709,31.13675,12.5,0.58,2023-07-12T18:19:47.053
94.54191,31.13241,15.29,0.94,2023-07-12T23:52:01.356
95.57175,31.02453,14.57,0.16,2023-07-13T00:56:41.688
94.90996,29.94552,9.23,1.54,2023-07-13T00:57:28.764
96.24084,30.79591,10.46,0.55,2023-07-13T07:54:54.542
95.74067,31.00233,13.23,0.52,2023-07-13T08:39:06.180
96.21656,30.71501,9.37,0.44,2023-07-13T11:43:40.753
96.23737,30.78331,12.05,0.58,2023-07-13T13:27:36.175
94.54255,31.15102,8.14,0.93,2023-07-13T14:06:16.808
96.23833,30.78453,11.86,0.55,2023-07-13T14:26:32.633
96.23868,30.79223,9.57,0.7,2023-07-13T16:00:28.177
94.83023,30.4033,5.67,2.36,2023-07-13T16:22:47.843
94.54453,31.15017,7.9,1.24,2023-07-13T16:35:54.037
94.54129,31.14118,17.93,0.7,2023-07-13T16:40:12.570
96.23759,30.78456,11.88,0.51,2023-07-13T18:35:56.544
96.26006,30.80359,10.62,0.41,2023-07-13T19:36:47.512
94.54633,31.14973,9.04,1.13,2023-07-13T19:47:31.713
95.05226,31.90354,8.29,0.82,2023-07-13T19:54:15.722
96.23926,30.79217,10.65,0.0,2023-07-13T20:33:47.347
94.87926,29.355,6.72,2.17,2023-07-13T20:39:19.433
94.55108,31.13945,7.49,1.18,2023-07-13T22:41:55.901
96.23749,30.78481,11.78,0.65,2023-07-13T22:47:36.975
96.24835,30.80302,9.07,-0.09,2023-07-13T23:14:05.645
94.54029,31.14628,18.22,0.56,2023-07-13T23:18:31.829
96.631,30.86949,8.93,0.28,2023-07-14T00:32:18.200
94.87833,29.35453,6.78,1.37,2023-07-14T00:49:08.771
96.23953,30.7893,11.39,0.44,2023-07-14T00:53:51.626
94.87841,29.35407,6.74,1.65,2023-07-14T00:56:45.148
94.53069,31.15538,13.4,1.64,2023-07-14T03:47:26.988
94.5299,31.15527,13.19,2.38,2023-07-14T03:48:31.038
96.23776,30.79138,9.7,0.43,2023-07-14T05:15:31.787
94.55111,31.1587,3.88,0.89,2023-07-14T07:37:00.040
94.53999,31.15514,9.74,0.87,2023-07-14T07:40:28.310
94.53408,31.14994,13.85,0.67,2023-07-14T07:57:55.231
94.53871,31.15939,9.17,0.74,2023-07-14T11:12:19.352
94.53812,31.15728,10.62,1.12,2023-07-14T12:15:03.820
96.24061,30.79564,9.1,-0.03,2023-07-14T13:49:42.699
96.23805,30.78801,11.07,0.16,2023-07-14T16:18:47.151
94.53761,31.15975,9.05,0.65,2023-07-14T16:34:01.685
96.24159,30.79882,9.93,0.13,2023-07-14T18:14:48.223
94.54064,31.15772,8.32,0.8,2023-07-14T19:58:38.198
96.24766,30.80581,10.99,0.32,2023-07-14T21:42:42.315
94.55204,31.16089,3.43,-0.11,2023-07-14T23:14:32.248
96.95842,30.88166,8.79,0.77,2023-07-15T01:09:20.520
94.5325,31.15299,13.59,0.72,2023-07-15T04:45:09.387
94.54511,31.16178,4.4,0.48,2023-07-15T04:52:45.643
94.55557,31.14019,6.0,0.82,2023-07-15T05:05:02.161
95.04056,31.93335,5.09,0.82,2023-07-15T05:52:47.659
94.54487,31.16206,4.57,0.31,2023-07-15T06:17:25.751
96.70334,30.57979,15.94,0.56,2023-07-15T08:28:36.946
96.70326,30.57961,15.88,0.48,2023-07-15T08:30:30.304
96.3631,30.0952,8.65,1.23,2023-07-15T09:18:02.987
94.55499,31.14078,6.26,0.84,2023-07-15T09:37:40.756
96.36334,30.0953,8.47,0.7,2023-07-15T09:44:32.930
94.54141,31.13465,13.02,1.55,2023-07-15T15:14:31.071
96.92511,30.29858,2.52,1.18,2023-07-15T15:34:59.975
94.55359,31.14057,6.54,0.78,2023-07-15T15:45:38.169
94.54261,31.13209,17.25,0.65,2023-07-15T16:52:55.834
94.64311,31.84174,6.17,1.22,2023-07-15T17:03:02.990
96.26,30.80412,10.66,0.89,2023-07-15T18:00:08.482
94.64311,31.84174,6.17,1.16,2023-07-15T18:07:02.890
96.24013,30.79574,9.9,0.24,2023-07-15T18:13:12.141
96.23994,30.79502,10.48,0.38,2023-07-15T18:14:18.273
94.5418,31.13447,12.81,1.31,2023-07-15T18:33:44.337
96.94438,30.30879,3.86,0.64,2023-07-15T19:01:05.781
94.55216,31.1403,7.06,0.48,2023-07-15T19:16:24.154
94.54182,31.13421,12.86,1.43,2023-07-15T19:40:21.340
96.24011,30.79471,10.52,0.23,2023-07-15T19:50:16.161
96.95951,30.88166,8.96,0.25,2023-07-15T19:57:52.826
96.24672,30.80255,10.95,0.31,2023-07-15T20:18:20.727
96.94438,30.30879,3.86,0.68,2023-07-15T20:20:28.361
96.95842,30.88166,8.79,0.56,2023-07-15T21:02:39.221
94.53502,31.14472,12.95,1.57,2023-07-15T21:20:22.111
96.94594,30.31003,3.51,0.57,2023-07-15T21:59:40.512
94.54466,31.13057,17.59,0.84,2023-07-15T22:14:46.776
94.55117,31.14058,7.61,1.0,2023-07-15T23:10:36.105
94.63961,31.90368,4.82,1.96,2023-07-16T02:50:27.411
94.55267,31.13944,7.11,1.14,2023-07-16T04:45:57.304
94.5499,31.13977,8.37,1.41,2023-07-16T07:13:35.890
94.53814,31.15824,9.54,2.08,2023-07-16T07:40:49.251
96.24906,30.8101,11.24,0.27,2023-07-16T07:46:09.092
96.2491,30.80991,11.26,0.97,2023-07-16T08:17:23.714
94.54646,31.14993,6.93,1.53,2023-07-16T08:22:36.290
94.54403,31.13163,17.4,1.22,2023-07-16T09:25:54.953
96.23734,30.78359,12.19,0.53,2023-07-16T11:12:34.391
96.24344,30.79777,11.79,0.46,2023-07-16T11:53:15.745
96.23731,30.78332,12.22,0.3,2023-07-16T12:55:49.025
95.03276,31.94177,5.66,0.83,2023-07-16T13:36:04.545
94.5506,31.13856,8.34,1.66,2023-07-16T14:51:24.341
96.24673,30.80767,11.77,0.4,2023-07-16T16:26:40.589
96.24667,30.80773,11.71,0.39,2023-07-16T16:28:40.308
96.24665,30.8076,11.75,0.67,2023-07-16T16:44:57.028
94.53552,31.1476,13.14,0.79,2023-07-16T17:30:36.200
94.54044,31.15591,10.36,1.16,2023-07-16T17:32:53.610
94.53387,31.14592,13.04,1.55,2023-07-16T17:43:19.089
96.23725,30.7834,12.0,0.52,2023-07-16T18:17:34.532
95.03307,31.94235,5.29,0.78,2023-07-16T18:23:29.742
94.54942,31.14024,8.6,1.17,2023-07-16T18:45:35.191
94.55048,31.14682,6.57,0.61,2023-07-16T18:47:23.448
94.55704,31.15368,3.98,1.19,2023-07-16T19:57:06.757
94.54999,31.14537,7.44,1.16,2023-07-16T19:59:59.153
94.55363,31.14062,6.23,0.55,2023-07-16T20:03:29.640
94.54045,31.13657,12.95,1.12,2023-07-16T20:20:22.936
94.5527,31.13955,7.2,1.54,2023-07-16T20:48:04.933
94.8029,30.2587,8.9,1.11,2023-07-16T21:50:16.482
94.54083,31.1354,13.09,1.22,2023-07-16T22:14:31.730
94.54062,31.13573,12.89,0.72,2023-07-16T22:23:57.316
96.24127,30.79929,9.7,0.17,2023-07-16T23:22:58.398
96.24709,30.80827,11.66,0.27,2023-07-16T23:38:55.918
94.54173,31.13561,13.21,1.03,2023-07-17T01:09:39.701
94.55014,31.13947,8.49,1.81,2023-07-17T02:29:45.282
94.53048,31.15389,13.15,0.89,2023-07-17T03:58:26.641
95.05542,31.89947,7.91,0.94,2023-07-17T08:55:07.262
96.24245,30.79434,11.06,0.29,2023-07-17T10:17:03.882
96.24558,30.80234,11.44,0.43,2023-07-17T10:24:04.567
95.05388,31.90111,8.58,0.97,2023-07-17T15:43:46.495
94.55736,31.14022,5.31,1.01,2023-07-17T16:10:21.341
95.05088,31.92263,8.55,1.03,2023-07-17T17:07:12.052
94.52958,31.15766,13.16,2.09,2023-07-18T02:29:20.860
94.53756,31.15796,8.08,0.99,2023-07-18T05:38:46.974
96.24721,30.8059,11.51,0.74,2023-07-18T07:16:19.822
94.53847,31.15938,9.89,0.48,2023-07-18T09:43:07.710
96.88794,30.27872,7.04,1.09,2023-07-18T10:23:35.889
94.54085,31.1377,13.04,1.49,2023-07-18T12:09:02.111
94.5374,31.15819,9.61,1.0,2023-07-18T14:45:18.356
94.5395,31.15916,9.32,0.48,2023-07-18T15:50:24.056
96.23666,30.78706,10.69,0.51,2023-07-18T19:24:04.414
95.05349,31.90139,8.44,1.26,2023-07-18T20:23:31.047
94.54057,31.13713,12.77,1.28,2023-07-18T21:47:34.918
96.24028,30.79003,11.64,0.01,2023-07-18T22:04:16.507
94.5273,31.14701,15.24,1.35,2023-07-18T22:25:12.078
96.23936,30.7921,10.73,1.0,2023-07-19T02:20:11.618
96.88794,30.27872,7.04,1.21,2023-07-19T05:27:10.128
94.54817,31.142,8.8,1.27,2023-07-19T06:31:35.138
94.54025,31.13752,12.88,1.28,2023-07-19T06:33:26.234
94.54747,31.14481,7.95,0.94,2023-07-19T07:17:02.260
94.54838,31.14459,8.03,0.73,2023-07-19T08:10:50.993
96.68642,30.45526,5.53,1.55,2023-07-19T09:17:27.203
94.53129,31.15891,13.39,1.38,2023-07-19T09:53:50.678
94.53794,31.16366,8.18,0.96,2023-07-19T15:04:12.756
95.04874,31.90199,7.69,0.46,2023-07-19T16:26:03.390
94.5496,31.14225,7.58,1.18,2023-07-19T16:49:39.622
94.64311,31.84174,6.17,1.59,2023-07-19T17:30:47.310
94.54098,31.1366,13.06,1.83,2023-07-19T18:28:21.100
96.24636,30.80796,11.62,0.05,2023-07-19T18:40:34.353
96.23747,30.79268,9.77,0.51,2023-07-19T18:47:15.702
94.64311,31.84174,6.17,0.96,2023-07-19T18:55:01.740
94.54078,31.1359,13.29,1.3,2023-07-19T19:07:46.109
96.24649,30.80751,11.68,0.86,2023-07-19T19:28:03.394
94.53924,31.13898,12.15,0.99,2023-07-19T20:13:49.639
94.53927,31.13953,13.12,1.24,2023-07-19T20:32:27.006
96.24671,30.80764,11.57,-0.02,2023-07-19T20:45:24.013
96.23573,30.78186,11.14,-0.08,2023-07-19T20:57:20.125
94.54336,31.13473,12.86,1.29,2023-07-19T21:17:59.016
94.53968,31.16491,7.01,0.8,2023-07-19T21:41:13.762
94.54391,31.15032,7.99,0.4,2023-07-19T21:56:04.864
94.64356,31.84054,6.36,1.23,2023-07-19T22:28:26.324
94.54752,31.14512,7.94,1.38,2023-07-19T23:13:09.221
94.55069,31.14318,6.58,1.16,2023-07-19T23:51:42.903
94.52921,31.15799,13.06,1.21,2023-07-20T02:54:26.615
96.23745,30.78442,11.82,0.69,2023-07-20T04:39:37.990
96.23906,30.794,10.09,0.96,2023-07-20T04:50:12.906
96.24555,30.80197,11.49,0.56,2023-07-20T05:00:50.162
96.23891,30.79359,10.15,0.54,2023-07-20T05:14:58.815
96.23947,30.79419,10.23,0.67,2023-07-20T05:24:12.106
96.23878,30.79354,10.1,1.87,2023-07-20T09:06:55.217
94.54255,31.15102,8.14,0.88,2023-07-20T12:17:53.008
96.24924,30.81512,10.42,0.09,2023-07-20T12:21:23.452
96.23582,30.78197,11.09,0.65,2023-07-20T12:50:38.181
94.54087,31.1368,12.57,0.49,2023-07-20T13:43:59.417
94.53603,31.13851,12.45,0.63,2023-07-20T14:50:11.025
94.54045,31.13847,13.13,1.52,2023-07-20T16:05:52.321
94.53338,31.14669,13.12,2.88,2023-07-20T16:14:52.426
94.5437,31.15108,7.52,0.98,2023-07-20T17:40:16.350
94.53196,31.14856,13.23,1.28,2023-07-20T17:59:06.972
94.53447,31.14574,12.97,1.43,2023-07-20T18:20:54.248
96.23611,30.78412,11.02,0.08,2023-07-20T19:08:11.487
94.54476,31.15121,7.78,1.15,2023-07-20T20:17:24.495
95.05313,31.89596,7.07,0.57,2023-07-20T20:30:23.449
96.2538,30.82104,12.64,0.23,2023-07-20T20:56:10.497
94.54623,31.1509,9.3,1.05,2023-07-20T21:36:42.165
96.24739,30.80666,11.51,-0.09,2023-07-21T04:53:20.373
96.25992,30.80372,10.5,0.74,2023-07-21T08:38:25.650
96.24719,30.80604,10.6,0.55,2023-07-21T08:40:30.822
96.25987,30.80446,10.51,-0.07,2023-07-21T16:31:57.700
94.93076,29.90048,9.0,1.85,2023-07-22T02:04:23.162
94.54223,31.14244,12.37,2.13,2023-07-22T02:37:41.197
94.52058,31.15855,9.19,0.98,2023-07-22T03:18:01.522
94.53623,31.15919,11.76,0.73,2023-07-22T04:30:38.824
94.56608,31.14549,7.65,0.75,2023-07-22T07:10:11.132
96.23868,30.79237,10.0,0.79,2023-07-22T08:34:03.935
94.53128,31.15847,13.29,1.12,2023-07-22T11:01:26.721
94.5392,31.13971,13.96,1.31,2023-07-22T11:50:29.456
94.53373,31.15855,11.69,1.48,2023-07-22T13:46:38.600
94.57832,31.14677,8.32,0.93,2023-07-22T15:54:20.750
96.24193,30.79555,11.38,-0.06,2023-07-22T16:39:45.664
94.56384,31.16434,2.02,0.33,2023-07-22T17:16:09.530
96.23784,30.79246,9.74,0.12,2023-07-22T17:48:41.916
94.57832,31.14677,8.32,0.91,2023-07-22T19:18:03.730
96.23362,30.79874,10.8,0.44,2023-07-22T19:58:02.766
96.23879,30.7882,12.02,-0.02,2023-07-22T21:00:27.729
96.364,30.09704,8.11,0.7,2023-07-22T21:43:06.717
94.53194,31.15277,13.13,1.31,2023-07-22T22:37:50.872
94.54155,31.14259,12.32,1.34,2023-07-22T22:53:35.933
96.24176,30.79559,11.47,0.3,2023-07-22T22:57:05.641
96.24147,30.79986,9.56,0.46,2023-07-23T21:21:53.271
94.53727,31.15948,9.35,0.68,2023-07-23T21:34:45.508
96.24984,30.80333,9.33,0.25,2023-07-24T04:46:05.705
95.19228,30.74099,10.18,0.42,2023-07-24T07:26:24.219
95.04074,31.92771,4.44,1.92,2023-07-24T07:57:38.998
95.04178,31.92991,4.46,1.03,2023-07-24T08:50:14.412
95.1916,30.73829,10.21,0.05,2023-07-24T08:53:18.700
95.19072,30.7378,10.26,0.07,2023-07-24T10:22:47.046
95.04214,31.92938,4.5,1.49,2023-07-24T10:32:38.584
95.19088,30.7404,10.26,0.72,2023-07-24T11:08:32.248
96.24481,30.79993,11.21,0.35,2023-07-24T12:20:26.710
95.19159,30.73814,10.39,0.06,2023-07-24T13:52:12.975
94.53315,31.14825,13.17,1.51,2023-07-24T15:21:14.727
96.24932,30.81274,10.01,0.4,2023-07-24T16:41:53.554
95.19152,30.73564,10.37,0.04,2023-07-24T16:51:17.466
95.19155,30.73874,10.34,0.08,2023-07-24T18:50:31.083
94.54531,31.14961,7.67,1.2,2023-07-24T19:48:43.121
96.23648,30.78471,10.98,0.09,2023-07-24T20:24:48.395
95.03871,31.92723,6.3,0.85,2023-07-24T20:51:34.153
94.5528,31.13727,7.67,1.09,2023-07-24T21:16:50.111
96.23963,30.78855,11.9,0.89,2023-07-24T21:30:11.436
96.2366,30.78472,10.98,0.61,2023-07-24T22:08:43.773
94.54732,31.15375,6.58,1.07,2023-07-25T02:01:38.812
94.53918,31.15814,7.92,1.55,2023-07-25T11:06:57.904
94.53145,31.1511,13.16,1.23,2023-07-25T11:28:52.261
94.53272,31.15208,13.41,0.72,2023-07-25T14:46:26.040
94.53278,31.15228,13.58,0.71,2023-07-25T16:04:20.391
94.54964,31.1443,7.83,0.95,2023-07-25T16:04:52.648
94.5411,31.13686,13.07,0.95,2023-07-25T16:31:06.701
94.54227,31.14912,8.73,1.08,2023-07-25T16:32:42.356
94.53183,31.15301,13.37,0.67,2023-07-25T17:14:02.659
96.23736,30.78526,11.7,0.35,2023-07-25T19:12:06.028
96.74376,30.62875,13.19,0.67,2023-07-25T23:43:53.088
96.24508,30.80715,9.5,0.34,2023-07-26T03:45:50.624
94.53103,31.14904,13.29,1.56,2023-07-26T05:34:56.337
96.24809,30.80824,10.8,0.41,2023-07-26T07:25:18.463
96.23891,30.78859,11.99,0.27,2023-07-26T08:02:02.976
94.53944,31.15898,8.07,1.44,2023-07-26T09:45:26.455
94.54993,31.14497,7.38,0.8,2023-07-26T09:47:55.361
96.23797,30.79409,9.64,0.75,2023-07-26T09:57:45.585
95.01607,31.92373,7.38,1.13,2023-07-26T12:58:19.851
96.24051,30.79044,11.79,0.08,2023-07-26T17:50:09.515
94.55448,31.13707,7.21,1.31,2023-07-26T20:13:32.266
94.53854,31.13145,15.38,1.23,2023-07-26T21:24:15.372
95.01461,31.92368,7.45,0.96,2023-07-26T21:47:55.151
94.55412,31.13657,7.32,0.39,2023-07-26T22:14:42.920
96.96948,30.29926,4.26,0.96,2023-07-26T23:39:45.264
94.55235,31.1369,7.95,1.4,2023-07-26T23:57:19.648
96.24293,30.80028,10.44,0.27,2023-07-27T00:36:38.741
94.54284,31.13464,10.31,1.1,2023-07-27T03:47:53.032
96.24871,30.80324,10.07,1.21,2023-07-27T05:46:48.471
96.24876,30.80317,10.3,0.37,2023-07-27T08:34:02.966
96.2364,30.78457,10.65,0.85,2023-07-27T09:41:42.886
94.55166,31.15828,3.93,1.05,2023-07-27T09:49:24.643
94.55388,31.15719,3.78,0.88,2023-07-27T10:23:37.040
96.24866,30.80297,9.25,0.51,2023-07-27T11:33:10.193
94.53699,31.14865,17.93,1.41,2023-07-27T11:48:14.719
94.53726,31.14788,18.03,1.12,2023-07-27T13:04:25.381
96.24548,30.80322,11.8,0.34,2023-07-27T14:00:02.134
96.23845,30.78924,11.12,0.33,2023-07-27T15:10:16.839
94.55658,31.14812,3.65,0.36,2023-07-27T16:21:32.762
96.23699,30.78345,11.87,0.11,2023-07-27T17:10:08.024
94.54054,31.1541,10.19,1.31,2023-07-27T17:39:44.829
96.23585,30.78202,10.92,0.15,2023-07-27T18:01:00.187
94.55208,31.13686,8.29,1.14,2023-07-27T18:02:47.188
96.23619,30.78179,10.99,0.18,2023-07-27T18:09:11.792
96.25739,30.80649,13.14,0.03,2023-07-27T19:02:01.110
94.53329,31.15169,13.44,0.91,2023-07-27T19:42:10.563
94.53677,31.14968,18.48,0.91,2023-07-27T20:09:16.500
96.23573,30.78182,11.02,-0.07,2023-07-27T20:19:04.741
94.54195,31.15634,8.08,0.87,2023-07-27T20:39:14.386
94.53229,31.15169,13.09,0.55,2023-07-27T22:09:15.651
94.84505,30.40572,5.44,3.79,2023-07-27T22:13:51.559
95.04788,31.89926,6.85,2.44,2023-07-27T22:15:44.204
94.83156,30.40281,6.23,3.3,2023-07-27T22:16:48.973
94.8498,30.39564,7.34,0.97,2023-07-27T22:23:20.845
94.84981,30.39332,7.03,1.32,2023-07-27T22:25:02.591
94.8603,30.39824,2.56,0.84,2023-07-27T22:38:08.400
94.8382,30.39926,5.31,0.67,2023-07-27T22:39:24.911
96.23569,30.78178,10.96,0.27,2023-07-27T22:39:49.913
94.84885,30.40664,5.7,0.85,2023-07-27T22:42:41.916
94.85682,30.4016,4.26,0.87,2023-07-27T22:52:00.202
94.8538,30.40298,4.37,1.14,2023-07-27T23:27:33.085
94.85617,30.40127,4.1,1.15,2023-07-27T23:27:46.478
96.23711,30.78366,11.75,0.55,2023-07-27T23:28:30.518
94.53811,31.14823,18.24,0.66,2023-07-27T23:29:21.112
94.54079,31.15551,9.3,0.82,2023-07-27T23:29:54.663
94.85678,30.40171,4.32,0.92,2023-07-27T23:30:31.182
96.26026,30.80256,11.39,0.27,2023-07-27T23:39:37.498
96.26004,30.80423,10.63,0.79,2023-07-27T23:40:09.654
96.25987,30.80391,10.71,0.46,2023-07-27T23:41:03.235
96.26007,30.80378,10.59,0.27,2023-07-27T23:44:16.576
96.25983,30.80391,10.54,0.31,2023-07-27T23:49:03.389
96.23539,30.78179,10.95,0.19,2023-07-28T00:21:07.195
94.84948,30.39267,7.02,2.26,2023-07-28T00:30:26.289
96.25987,30.80379,10.63,0.77,2023-07-28T00:33:44.022
94.85621,30.40171,4.36,0.92,2023-07-28T00:35:36.790
94.53555,31.15106,13.36,0.81,2023-07-28T00:40:50.503
94.54323,31.15499,8.12,1.64,2023-07-28T00:41:50.992
94.54062,31.15366,10.15,0.81,2023-07-28T01:20:38.138
94.83481,30.39386,7.32,1.63,2023-07-28T01:39:56.061
96.9817,30.3261,7.17,0.73,2023-07-28T02:32:58.900
96.24338,30.79689,11.31,0.96,2023-07-28T02:33:16.938
96.24391,30.79726,11.11,0.31,2023-07-28T02:59:52.820
94.54394,31.15593,6.55,0.86,2023-07-28T03:16:21.180
94.84769,30.40997,3.31,3.49,2023-07-28T03:20:25.742
94.83268,30.40472,6.37,1.37,2023-07-28T03:24:00.857
94.84217,30.41117,2.2,1.03,2023-07-28T03:24:33.801
94.85616,30.40166,4.36,0.92,2023-07-28T03:28:59.473
94.85638,30.40067,4.45,1.44,2023-07-28T03:54:28.912
94.85661,30.40156,4.33,0.96,2023-07-28T04:09:34.377
94.85978,30.39543,3.86,1.33,2023-07-28T04:12:31.654
94.84316,30.41127,2.1,0.97,2023-07-28T04:13:21.198
94.5526,31.13627,8.22,1.47,2023-07-28T04:19:05.377
94.83868,30.40026,4.9,0.59,2023-07-28T04:41:14.786
94.8489,30.39923,6.24,1.76,2023-07-28T04:43:18.368
96.24061,30.80027,10.86,0.25,2023-07-28T05:07:48.235
94.85658,30.4017,4.33,0.89,2023-07-28T05:18:34.451
96.25974,30.80389,10.64,0.49,2023-07-28T07:10:32.855
94.85669,30.4016,4.29,0.94,2023-07-28T07:12:06.514
94.83441,30.39405,7.28,1.65,2023-07-28T07:14:38.737
94.54061,31.14778,18.3,1.2,2023-07-28T11:04:07.324
94.85994,30.39517,3.93,1.17,2023-07-28T11:33:38.134
96.23556,30.78363,11.13,0.17,2023-07-28T12:40:25.924
94.54755,31.15052,6.34,1.13,2023-07-28T13:11:38.503
94.83388,30.40097,7.33,1.09,2023-07-28T13:27:12.508
94.84765,30.39807,6.97,2.03,2023-07-28T15:14:12.424
96.24786,30.80696,11.62,0.17,2023-07-28T15:17:47.474
94.85665,30.40194,4.28,0.97,2023-07-28T15:41:55.114
96.2491,30.80332,9.2,0.97,2023-07-28T16:24:03.686
96.24918,30.80322,9.36,0.27,2023-07-28T16:31:57.992
96.23837,30.7917,10.11,0.12,2023-07-28T16:45:50.689
95.0481,31.89834,6.71,1.44,2023-07-28T17:03:55.928
94.85037,30.39576,6.98,1.07,2023-07-28T17:56:04.298
96.86649,30.07334,12.15,0.84,2023-07-28T18:22:53.556
94.54665,31.128,17.26,0.8,2023-07-28T18:40:47.107
96.24959,30.80339,9.23,0.2,2023-07-28T18:52:31.873
96.23524,30.78552,12.6,-0.03,2023-07-28T18:52:55.369
95.04848,31.90013,6.52,1.62,2023-07-28T19:41:02.066
96.24809,30.80727,11.62,0.22,2023-07-28T20:29:53.346
94.5377,31.16007,11.37,1.31,2023-07-28T20:49:42.394
94.53443,31.15131,13.59,1.04,2023-07-28T20:53:48.760
94.55214,31.1595,3.88,0.66,2023-07-28T22:11:51.314
94.54011,31.15155,10.02,1.97,2023-07-29T01:45:20.248
94.85713,30.40268,4.16,0.88,2023-07-29T02:19:06.891
94.53789,31.15398,12.36,1.06,2023-07-29T03:30:06.368
96.23893,30.78959,10.43,0.78,2023-07-29T10:21:40.498
94.56882,31.16428,1.21,0.88,2023-07-29T10:39:09.753
94.53943,31.15769,10.57,1.64,2023-07-29T12:37:41.390
94.57071,31.14867,10.96,1.1,2023-07-29T13:23:47.482
94.52261,31.15721,8.56,1.04,2023-07-29T14:06:58.298
94.52261,31.15784,8.03,0.94,2023-07-29T14:09:34.332
94.85689,30.4023,4.39,0.66,2023-07-29T16:55:01.883
94.54129,31.15086,9.91,1.07,2023-07-29T17:24:05.215
94.82604,30.40016,7.51,0.95,2023-07-29T19:01:30.614
94.82531,30.39907,7.82,1.2,2023-07-29T19:06:08.763
96.22384,30.79893,11.75,0.55,2023-07-29T19:49:13.977
94.56992,31.16428,1.04,0.41,2023-07-29T20:28:52.431
94.81937,30.40113,7.64,2.97,2023-07-29T20:44:11.013
94.53461,31.15629,13.11,0.79,2023-07-29T21:37:59.381
96.24065,30.78893,11.79,0.2,2023-07-30T03:20:40.769
94.83943,30.40573,5.86,3.74,2023-07-30T04:15:06.544
94.8487,30.40154,6.64,2.14,2023-07-30T04:17:14.188
94.85676,30.40161,4.26,1.08,2023-07-30T04:18:46.401
94.83466,30.39423,7.38,1.82,2023-07-30T04:19:04.812
94.85622,30.40072,4.51,1.06,2023-07-30T04:20:18.251
94.85672,30.40161,4.29,0.94,2023-07-30T04:27:48.347
94.83871,30.4018,4.2,0.72,2023-07-30T04:30:53.412
96.24459,30.80112,10.94,0.64,2023-07-30T04:38:07.960
94.85625,30.4016,4.34,0.86,2023-07-30T04:48:18.509
94.84887,30.39888,6.37,1.71,2023-07-30T05:23:12.262
94.83479,30.39434,7.2,0.96,2023-07-30T05:23:55.010
94.85651,30.4016,4.33,0.91,2023-07-30T06:02:49.665
94.85484,30.39231,5.96,1.44,2023-07-30T06:39:53.572
96.24266,30.79496,11.7,-0.19,2023-07-30T07:13:16.031
94.54192,31.15565,9.92,1.29,2023-07-30T10:15:54.564
94.85642,30.40178,4.32,0.99,2023-07-30T10:16:46.842
94.54176,31.1551,8.43,0.99,2023-07-30T10:27:40.277
94.8562,30.40067,4.45,1.39,2023-07-30T12:10:12.335
94.5417,31.15439,9.39,1.2,2023-07-30T12:28:11.158
94.83837,30.3993,5.19,1.03,2023-07-30T12:40:18.837
94.55807,31.15346,5.87,0.76,2023-07-30T13:03:40.505
96.24732,30.80195,10.11,1.49,2023-07-30T13:21:57.382
94.85955,30.39863,2.55,0.78,2023-07-30T14:18:29.128
94.83443,30.39398,7.33,1.27,2023-07-30T14:19:06.096
96.23776,30.79096,9.73,0.13,2023-07-30T14:50:51.479
94.94133,30.05782,8.12,1.55,2023-07-30T14:58:02.660
94.85689,30.40179,4.19,0.86,2023-07-30T15:15:06.206
94.83096,30.40414,5.65,2.77,2023-07-30T15:18:05.919
94.83268,30.40472,6.36,1.43,2023-07-30T15:19:39.618
94.55203,31.13807,7.94,0.87,2023-07-30T15:25:00.994
94.55807,31.15346,5.87,0.71,2023-07-30T15:29:31.125
94.54375,31.15446,8.61,0.79,2023-07-30T16:30:28.262
94.53834,31.147,18.0,1.61,2023-07-30T16:30:41.681
94.83445,30.40097,7.24,1.14,2023-07-30T16:36:15.229
94.5429,31.15384,9.16,0.52,2023-07-30T17:04:02.492
94.84545,30.4061,5.44,3.61,2023-07-30T18:33:40.332
94.84978,30.39494,7.34,0.83,2023-07-30T18:39:47.916
94.83442,30.39396,7.34,1.55,2023-07-30T18:41:31.658
94.84718,30.4029,5.49,2.91,2023-07-30T18:43:46.476
94.85043,30.39631,7.11,0.98,2023-07-30T18:47:44.107
94.85997,30.39556,3.69,1.27,2023-07-30T18:52:01.033
94.83848,30.40015,4.98,0.58,2023-07-30T19:01:09.239
94.54779,31.12835,16.81,0.8,2023-07-30T19:02:19.429
94.85659,30.40157,4.39,0.94,2023-07-30T19:17:27.986
94.54259,31.15385,9.28,0.88,2023-07-30T19:31:17.422
94.84964,30.39304,7.11,0.88,2023-07-30T19:38:15.616
94.84765,30.398,7.04,1.83,2023-07-30T19:42:39.868
94.8427,30.40836,4.13,1.02,2023-07-30T20:04:10.934
94.83873,30.39911,5.2,0.72,2023-07-30T20:06:07.409
94.5425,31.15433,9.1,0.89,2023-07-30T20:06:42.334
94.83186,30.39221,8.23,1.41,2023-07-30T20:27:45.624
94.85659,30.40196,4.15,0.88,2023-07-30T20:43:30.139
96.24671,30.80248,10.04,0.01,2023-07-30T21:50:54.046
94.85457,30.39192,6.15,1.2,2023-07-30T21:54:57.706
94.83449,30.39424,7.35,1.46,2023-07-30T22:11:47.308
94.54334,31.15517,8.43,0.65,2023-07-30T22:28:10.163
94.85678,30.40171,4.26,0.87,2023-07-30T22:44:28.395
96.24879,30.80313,10.09,0.68,2023-07-30T23:03:39.740
94.53815,31.14712,17.98,1.68,2023-07-31T00:56:23.126
94.85037,30.39598,6.93,1.21,2023-07-31T01:03:38.307
94.53984,31.13875,12.98,0.92,2023-07-31T01:09:30.308
94.53984,31.13856,13.02,0.88,2023-07-31T01:09:57.910
94.85636,30.40155,4.41,0.88,2023-07-31T01:30:16.271
96.25413,30.82132,12.62,0.5,2023-07-31T01:44:51.758
96.74226,30.62988,12.87,0.37,2023-07-31T02:11:09.062
94.85404,30.40298,4.33,1.01,2023-07-31T03:25:14.930
94.54261,31.15589,9.9,1.24,2023-07-31T04:02:20.871
94.55161,31.15872,3.92,0.75,2023-07-31T04:38:02.803
94.5521,31.15879,3.75,0.81,2023-07-31T05:53:12.887
94.85654,30.4016,4.29,0.89,2023-07-31T08:05:12.774
94.54313,31.15449,8.83,1.23,2023-07-31T08:54:39.469
96.25169,30.80705,9.64,0.56,2023-07-31T09:55:44.112
94.85457,30.39205,6.11,1.37,2023-07-31T10:03:31.137
94.54466,31.15729,7.91,1.5,2023-07-31T10:55:21.704
94.55297,31.1356,8.27,1.77,2023-07-31T11:07:50.800
94.82909,30.40869,2.23,1.06,2023-07-31T12:34:24.858
94.83084,30.40414,5.74,2.96,2023-07-31T12:45:44.163
96.72903,30.09288,10.12,1.0,2023-07-31T14:20:01.843
96.2645,30.86027,13.22,0.15,2023-07-31T14:58:09.399
94.84252,30.40804,4.08,1.13,2023-07-31T15:35:07.250
96.23674,30.78355,12.21,0.24,2023-07-31T16:17:32.171
96.72778,30.09324,10.03,1.14,2023-07-31T16:19:39.083
94.54258,31.15412,9.72,1.04,2023-07-31T16:47:45.406
96.23704,30.78343,12.01,0.31,2023-07-31T18:04:48.391
94.54944,31.12882,16.41,0.8,2023-07-31T18:07:31.612
96.2393,30.79521,10.1,0.36,2023-07-31T18:13:11.967
96.2393,30.79521,10.1,0.32,2023-07-31T19:15:04.837
96.23918,30.79491,9.97,0.27,2023-07-31T19:16:45.495
96.72804,30.09318,10.01,1.64,2023-07-31T19:39:23.547
96.23904,30.79481,10.03,0.43,2023-07-31T19:41:48.423
94.84979,30.39554,7.31,0.65,2023-07-31T20:09:51.041
96.24604,30.80388,11.53,0.42,2023-07-31T20:46:36.931
96.72812,30.09357,9.95,1.12,2023-07-31T21:10:58.168
96.24666,30.80427,11.54,0.15,2023-07-31T21:35:41.895
94.5469,31.12754,17.3,0.78,2023-07-31T22:10:23.879
94.55037,31.15662,4.04,0.82,2023-07-31T23:00:40.704
94.53845,31.15858,7.69,0.97,2023-07-31T23:20:32.943
94.55193,31.15913,3.97,0.9,2023-07-31T23:22:27.694
96.25993,30.80389,10.68,0.36,2023-07-31T23:25:13.787
96.26024,30.80358,10.65,0.42,2023-07-31T23:43:42.979
96.72782,30.09404,9.78,0.9,2023-08-01T00:12:33.930
94.5353,31.15017,13.38,1.13,2023-08-01T01:38:09.993
96.72754,30.09322,9.88,1.14,2023-08-01T01:53:58.611
96.72795,30.09335,9.93,0.87,2023-08-01T02:29:11.575
96.2403,30.79882,9.39,1.35,2023-08-01T02:32:36.107
96.26061,30.80385,10.84,0.39,2023-08-01T02:44:11.425
96.2404,30.79919,9.34,0.47,2023-08-01T03:05:12.192
96.24028,30.79837,9.41,0.42,2023-08-01T05:04:50.209
96.23605,30.79814,9.87,-0.32,2023-08-01T07:11:02.574
96.24018,30.7835,11.76,0.43,2023-08-01T07:13:10.898
96.25929,30.80371,11.09,0.39,2023-08-01T07:15:34.288
96.72771,30.09315,10.03,1.07,2023-08-01T11:33:16.492
96.7275,30.09273,9.96,1.0,2023-08-01T11:34:00.580
96.25998,30.80402,10.67,1.09,2023-08-01T13:07:15.435
96.25954,30.80341,10.72,0.57,2023-08-01T13:19:13.926
96.25966,30.80356,10.72,0.37,2023-08-01T13:35:43.141
94.54181,31.15447,9.47,1.2,2023-08-01T13:43:51.627
96.25974,30.80358,10.64,1.17,2023-08-01T13:56:24.506
96.2598,30.80369,10.74,0.34,2023-08-01T14:25:49.265
94.54832,31.14561,7.44,1.17,2023-08-01T14:51:22.144
94.85629,30.40161,4.36,0.81,2023-08-01T15:02:02.779
96.72698,30.09307,9.84,0.71,2023-08-01T15:45:59.393
94.54372,31.15442,8.77,1.12,2023-08-01T16:55:13.815
94.55819,31.15346,6.8,1.06,2023-08-01T16:55:22.557
94.53493,31.15083,13.67,1.18,2023-08-01T17:00:08.572
94.55113,31.15888,4.63,0.74,2023-08-01T17:11:28.149
96.24935,30.81317,9.96,0.2,2023-08-01T17:29:11.099
95.03749,31.92415,4.06,1.06,2023-08-01T18:13:30.067
94.5403,31.15553,9.83,0.5,2023-08-01T18:31:21.894
95.03771,31.9241,3.98,1.16,2023-08-01T18:48:05.579
94.94125,30.05747,8.28,1.16,2023-08-01T18:57:28.380
94.54457,31.15684,8.03,1.42,2023-08-01T19:22:51.175
96.26431,30.8621,13.25,0.12,2023-08-01T20:09:52.572
96.24464,30.79971,11.5,0.04,2023-08-01T21:45:07.090
96.24264,30.79458,11.59,0.16,2023-08-01T22:10:51.275
96.26468,30.86213,13.07,0.7,2023-08-01T22:14:32.861
94.85998,30.39543,3.83,0.94,2023-08-01T22:37:34.596
96.72788,30.09309,10.03,1.43,2023-08-02T01:26:55.196
96.7271,30.09251,9.98,1.16,2023-08-02T01:47:28.712
96.72701,30.09263,9.88,1.06,2023-08-02T01:56:58.091
96.72711,30.09258,9.95,1.19,2023-08-02T02:30:47.643
94.54477,31.15573,8.22,1.24,2023-08-02T04:32:44.309
94.53873,31.14735,18.03,1.7,2023-08-02T04:36:52.041
94.83417,30.40097,7.28,1.06,2023-08-02T04:47:46.221
95.03864,31.92357,3.64,1.31,2023-08-02T04:52:38.025
95.03458,31.92502,4.88,1.17,2023-08-02T05:04:06.198
95.03675,31.924,4.11,1.17,2023-08-02T05:48:22.809
96.90181,30.27928,8.09,1.06,2023-08-02T06:48:55.643
94.57653,31.13906,10.0,1.06,2023-08-02T07:51:15.516
94.54199,31.13295,12.74,1.09,2023-08-02T11:24:30.121
96.727,30.09059,10.07,1.01,2023-08-02T11:27:28.035
96.26431,30.86223,12.95,0.47,2023-08-02T11:41:28.294
96.72933,30.09292,9.95,0.9,2023-08-02T11:50:48.974
94.55535,31.14792,3.88,0.65,2023-08-02T11:54:45.945
96.72696,30.09228,10.02,2.13,2023-08-02T12:07:08.339
95.421,32.09393,10.64,1.22,2023-08-02T12:52:31.052
94.55061,31.13912,8.33,1.13,2023-08-02T14:49:52.672
94.5482,31.14819,6.52,1.08,2023-08-02T14:50:54.137
94.54288,31.15428,9.02,0.78,2023-08-02T15:44:28.890
96.90176,30.27933,8.33,0.74,2023-08-02T18:33:10.043
94.6444,31.90216,4.07,1.18,2023-08-02T18:50:12.350
94.55898,31.1389,5.29,0.58,2023-08-02T19:28:57.062
96.2402,30.79487,10.72,0.41,2023-08-02T19:29:36.275
96.74272,30.62909,12.87,0.43,2023-08-02T19:43:51.205
96.72612,30.09193,10.05,0.86,2023-08-02T20:29:13.481
96.22133,30.7816,11.15,0.55,2023-08-02T21:11:08.924
95.04839,31.89827,6.65,2.12,2023-08-02T21:31:06.151
94.55217,31.13643,8.55,1.07,2023-08-02T22:13:42.791
96.74406,30.62908,13.15,1.04,2023-08-02T22:16:41.298
94.55226,31.13963,7.47,1.44,2023-08-02T22:23:23.798
94.54194,31.15425,9.07,0.76,2023-08-02T23:38:07.201
96.72777,30.09292,9.96,1.32,2023-08-03T01:41:57.842
94.53435,31.15129,13.41,1.02,2023-08-03T01:56:46.708
96.24702,30.80168,10.1,0.39,2023-08-03T05:49:17.502
96.24671,30.80208,10.03,0.13,2023-08-03T05:52:11.959
94.55136,31.13975,7.31,1.37,2023-08-03T06:05:49.485
94.85674,30.40161,4.29,0.92,2023-08-03T06:40:45.434
94.53981,31.13868,12.73,0.83,2023-08-03T07:46:38.649
94.54563,31.15932,5.9,1.59,2023-08-03T09:20:36.342
94.63947,31.90395,4.29,1.62,2023-08-03T09:45:17.659
96.96948,30.29926,4.26,0.87,2023-08-03T09:55:43.914
96.23707,30.79165,9.55,0.75,2023-08-03T10:51:16.970
94.55525,31.14117,6.27,0.86,2023-08-03T10:53:04.485
95.4208,32.09527,8.92,1.31,2023-08-03T12:00:16.300
94.53383,31.13351,14.99,0.9,2023-08-03T12:11:21.666
94.5521,31.15946,3.92,0.85,2023-08-03T13:18:42.179
94.54084,31.13332,13.15,0.88,2023-08-03T13:33:39.641
94.57853,31.13566,7.04,0.54,2023-08-03T15:28:11.380
96.24007,30.7965,9.46,1.03,2023-08-03T15:33:28.938
96.72624,30.09151,10.03,1.14,2023-08-03T16:24:24.172
96.23855,30.78986,11.87,0.12,2023-08-03T18:46:23.209
94.85932,30.39875,2.5,0.91,2023-08-03T22:16:15.552
94.54457,31.15517,7.87,1.3,2023-08-03T22:20:49.837
96.23741,30.78562,11.25,0.27,2023-08-03T22:25:35.497
96.23737,30.78431,11.83,0.89,2023-08-04T05:10:49.763
94.54211,31.13355,12.82,1.05,2023-08-04T05:27:23.626
94.54297,31.13322,12.69,1.13,2023-08-04T05:30:08.889
94.54321,31.15457,9.29,1.23,2023-08-04T08:28:00.847
96.23738,30.78628,10.65,0.44,2023-08-04T11:04:07.268
96.24031,30.79037,12.09,0.29,2023-08-04T11:46:36.584
96.23578,30.78662,10.79,0.14,2023-08-04T15:59:59.933
96.24035,30.79901,9.54,0.44,2023-08-04T17:46:03.938
96.24004,30.79864,9.59,0.67,2023-08-04T17:56:42.925
94.54336,31.15415,9.44,0.75,2023-08-04T18:23:15.412
96.72901,30.09253,10.01,1.11,2023-08-04T19:06:17.390
96.72642,30.09207,10.04,1.12,2023-08-04T19:10:55.880
96.24004,30.79864,9.59,0.69,2023-08-04T19:53:46.575
94.84917,30.61803,7.82,0.32,2023-08-04T20:46:13.410
96.23799,30.78575,11.64,1.39,2023-08-04T21:23:50.012
96.23909,30.79178,10.78,0.3,2023-08-04T21:35:40.885
96.9817,30.3261,7.17,0.41,2023-08-04T21:43:50.101
96.23815,30.78598,11.77,0.01,2023-08-04T22:03:12.823
96.72736,30.09308,9.92,0.7,2023-08-04T22:51:38.892
96.72736,30.09263,10.03,1.49,2023-08-04T22:54:31.254
96.72705,30.09285,10.05,1.0,2023-08-04T23:07:13.617
96.72704,30.09263,10.04,1.08,2023-08-04T23:12:50.222
94.54084,31.15362,10.22,0.78,2023-08-04T23:50:30.831
96.23682,30.78496,10.98,0.71,2023-08-05T01:23:17.304
94.54175,31.15464,10.39,1.3,2023-08-05T02:19:05.386
94.63961,31.90435,4.62,1.7,2023-08-05T03:46:41.969
96.23741,30.7854,11.28,0.44,2023-08-05T04:40:21.865
94.54387,31.15574,8.91,1.26,2023-08-05T08:37:43.039
94.54049,31.15588,10.17,1.04,2023-08-05T09:30:03.795
94.55842,31.14031,5.17,1.67,2023-08-05T10:32:13.338
96.26008,30.80392,10.68,0.24,2023-08-05T13:21:53.393
96.25983,30.80369,10.69,0.41,2023-08-05T13:31:45.250
96.2597,30.80362,10.72,1.39,2023-08-05T13:32:03.640
96.72684,30.0923,9.89,0.98,2023-08-05T15:07:50.433
94.6409,31.90475,4.46,1.23,2023-08-05T15:25:59.433
94.64011,31.9047,4.57,1.36,2023-08-05T15:58:53.336
94.54213,31.13325,12.74,1.02,2023-08-05T16:20:12.455
96.23688,30.78439,11.16,1.58,2023-08-05T16:23:12.272
96.96948,30.29926,4.26,1.01,2023-08-05T17:16:36.794
96.72635,30.09195,9.87,1.27,2023-08-05T18:01:13.893
96.72543,30.0914,9.92,0.9,2023-08-05T18:07:33.263
96.72617,30.09153,9.9,1.12,2023-08-05T18:34:20.935
94.53517,31.15759,8.62,0.43,2023-08-05T19:02:26.847
94.53685,31.15623,8.6,0.34,2023-08-05T20:04:53.844
94.54246,31.13151,13.33,0.91,2023-08-05T21:02:34.337
94.63988,31.90461,4.74,1.05,2023-08-05T21:18:59.508
94.84264,30.40834,4.2,0.86,2023-08-05T21:26:14.496
94.54798,31.14547,7.77,1.47,2023-08-06T02:28:00.095
94.6395,31.90446,4.87,1.43,2023-08-06T02:32:42.597
95.04747,31.89881,6.82,1.68,2023-08-06T02:45:29.044
94.54191,31.15501,9.13,0.75,2023-08-06T04:48:23.759
94.55194,31.14597,6.22,0.87,2023-08-06T08:01:26.170
94.63987,31.90439,4.64,1.89,2023-08-06T09:27:31.953
94.64056,31.90553,4.65,1.41,2023-08-06T09:29:09.116
94.63934,31.90384,4.78,1.74,2023-08-06T09:29:51.899
94.63924,31.90392,4.63,3.4,2023-08-06T09:30:23.639
94.64044,31.90364,4.3,1.58,2023-08-06T09:32:54.290
94.63955,31.9034,4.42,1.34,2023-08-06T09:35:26.891
94.63923,31.90224,4.66,2.21,2023-08-06T09:39:19.789
94.64041,31.90243,4.47,1.41,2023-08-06T09:40:29.910
94.64018,31.90334,5.29,1.44,2023-08-06T09:43:32.489
94.64016,31.90338,4.24,1.37,2023-08-06T09:44:38.838
94.6388,31.90024,3.99,1.41,2023-08-06T09:50:40.478
96.23778,30.7858,11.68,0.55,2023-08-06T10:28:27.096
94.6387,31.90119,4.43,1.4,2023-08-06T11:41:54.253
96.23799,30.78456,11.95,0.8,2023-08-06T13:18:07.757
94.64036,31.90111,4.09,1.36,2023-08-06T13:19:53.906
96.23594,30.78488,11.1,0.6,2023-08-06T13:56:00.290
94.53486,31.1508,13.63,1.09,2023-08-06T14:02:05.721
94.53638,31.1575,8.78,0.49,2023-08-06T14:11:35.591
95.05007,31.90025,7.23,0.79,2023-08-06T14:16:36.727
94.63444,31.90103,5.35,1.15,2023-08-06T15:23:29.158
96.72845,30.09342,10.11,1.14,2023-08-06T15:56:32.475
94.64109,31.90189,3.8,1.36,2023-08-06T16:28:26.356
96.25714,30.80717,13.28,0.02,2023-08-06T16:41:45.565
96.24167,30.79793,10.61,0.5,2023-08-06T17:15:46.700
94.84205,30.4082,4.28,0.97,2023-08-06T17:18:43.287
94.55395,31.13844,6.58,1.43,2023-08-06T19:03:42.981
94.22224,29.27402,14.27,1.22,2023-08-06T19:10:43.442
94.22236,29.27318,14.18,1.16,2023-08-06T19:11:25.460
94.84989,30.39583,7.23,0.83,2023-08-06T19:23:39.102
94.64095,31.90343,4.19,1.33,2023-08-06T19:36:13.745
94.5429,31.15428,10.47,0.89,2023-08-06T20:03:41.292
94.64149,31.90489,4.47,1.08,2023-08-07T00:13:33.240
96.72681,30.09227,9.95,1.08,2023-08-07T01:45:40.228
96.23748,30.78428,11.06,0.68,2023-08-07T02:48:22.976
96.24035,30.79868,9.54,0.44,2023-08-07T03:39:39.927
96.68626,30.45557,5.39,1.18,2023-08-07T04:20:46.687
96.2398,30.79774,9.53,0.5,2023-08-07T04:57:08.036
95.05421,31.92154,8.74,1.01,2023-08-07T05:02:48.801
95.04735,31.89757,6.75,1.92,2023-08-07T06:51:09.101
94.54661,31.1459,8.19,2.35,2023-08-07T08:27:54.892
94.55363,31.14885,4.66,0.39,2023-08-07T10:39:37.687
94.54461,31.1544,7.68,1.23,2023-08-07T12:15:42.089
95.0472,31.89758,6.77,1.53,2023-08-07T12:18:24.341
94.54407,31.15389,7.88,0.99,2023-08-07T14:22:53.487
94.54321,31.15461,8.05,0.57,2023-08-07T14:29:37.321
94.54082,31.15214,9.86,1.03,2023-08-07T16:07:53.683
94.64074,31.90549,4.69,1.21,2023-08-07T17:14:44.345
94.53363,31.14888,13.56,1.37,2023-08-07T17:34:25.792
94.542,31.15371,9.83,0.81,2023-08-07T17:37:05.252
94.5383,31.14701,18.02,2.14,2023-08-07T17:41:01.559
94.54607,31.14865,7.59,1.48,2023-08-07T17:50:22.490
94.5423,31.1523,10.05,0.45,2023-08-07T17:52:33.807
94.63458,31.90232,5.58,1.36,2023-08-07T19:28:25.537
96.24184,30.80047,9.63,0.15,2023-08-07T19:40:22.341
94.63899,31.90215,4.11,1.33,2023-08-07T20:12:04.252
96.23692,30.78438,11.1,0.68,2023-08-07T20:14:25.886
94.54185,31.15948,8.98,0.94,2023-08-07T20:31:48.135
96.23874,30.78699,11.62,0.08,2023-08-07T20:49:01.770
94.56535,31.1467,6.66,0.25,2023-08-07T21:09:35.128
94.54212,31.15388,9.43,0.7,2023-08-07T21:49:21.510
94.54304,31.15413,8.24,0.63,2023-08-07T22:05:38.307
96.24292,30.80019,10.5,0.28,2023-08-07T22:32:49.165
94.54767,31.14794,7.29,0.94,2023-08-07T23:44:21.625
94.53923,31.1286,14.32,1.2,2023-08-08T00:05:03.354
94.54349,31.15253,9.55,1.05,2023-08-08T01:49:33.409
94.5449,31.15604,8.98,1.16,2023-08-08T02:03:02.703
94.54053,31.15497,9.29,0.31,2023-08-08T02:16:07.958
94.63937,31.90273,4.43,2.36,2023-08-08T03:10:05.944
96.67337,30.46774,7.4,1.12,2023-08-08T03:19:08.645
96.24861,30.81217,10.13,0.41,2023-08-08T03:31:11.372
96.24836,30.81181,10.21,1.22,2023-08-08T03:57:29.521
96.23966,30.78937,11.57,0.19,2023-08-08T04:24:24.045
94.54541,31.15332,7.95,1.5,2023-08-08T05:00:51.056
96.24836,30.81171,10.36,1.94,2023-08-08T05:37:08.881
94.55306,31.16034,3.62,0.79,2023-08-08T05:38:53.509
94.5444,31.1565,7.99,1.39,2023-08-08T05:42:27.032
96.24814,30.8111,10.39,1.31,2023-08-08T05:45:25.270
96.24842,30.81214,10.32,0.56,2023-08-08T05:50:01.845
94.54737,31.14652,7.85,2.29,2023-08-08T06:11:39.345
94.55157,31.15858,3.89,0.86,2023-08-08T08:25:50.443
94.54002,31.15697,10.77,0.87,2023-08-08T09:28:02.797
94.63786,31.90094,3.66,1.59,2023-08-08T09:52:34.580
96.24779,30.81169,9.48,0.41,2023-08-08T11:53:45.408
94.54265,31.15587,8.71,1.03,2023-08-08T12:17:59.161
94.534,31.15104,13.58,1.13,2023-08-08T12:31:23.467
94.55145,31.15912,3.64,0.88,2023-08-08T12:40:17.006
94.53373,31.15146,13.6,0.72,2023-08-08T12:41:37.970
94.54394,31.15334,9.05,1.24,2023-08-08T13:50:03.684
94.53949,31.14807,17.99,0.81,2023-08-08T13:51:29.024
94.55255,31.15906,3.8,0.59,2023-08-08T14:26:23.008
94.54097,31.15543,9.85,0.79,2023-08-08T15:02:05.071
96.24089,30.79864,9.57,0.51,2023-08-08T15:40:19.747
94.54217,31.15439,9.66,0.82,2023-08-08T16:54:32.867
94.88212,30.19714,9.34,1.02,2023-08-08T18:12:36.517
94.54122,31.15476,9.67,1.33,2023-08-08T18:20:25.784
94.54232,31.15632,9.91,0.4,2023-08-08T18:32:35.269
94.54142,31.1575,8.89,0.71,2023-08-08T19:27:35.411
94.5284,31.15404,13.64,1.27,2023-08-08T20:28:31.900
94.55261,31.14091,6.79,1.44,2023-08-08T21:19:04.256
94.53598,31.1461,14.99,0.46,2023-08-08T21:31:25.834
96.23645,30.78422,11.11,0.31,2023-08-08T21:57:44.045
94.54407,31.15813,8.11,1.31,2023-08-08T22:00:02.542
94.5419,31.1588,8.36,1.03,2023-08-08T22:13:22.920
94.55229,31.14866,5.63,0.56,2023-08-08T22:34:46.189
94.53418,31.15049,14.0,0.41,2023-08-08T22:39:53.445
94.55141,31.16085,3.73,0.43,2023-08-08T22:49:23.979
94.55151,31.14036,7.12,1.0,2023-08-08T23:06:32.584
94.53523,31.1575,12.84,1.57,2023-08-09T01:19:57.214
94.56937,31.16506,1.46,0.47,2023-08-09T01:39:04.396
94.53747,31.1544,11.88,0.48,2023-08-09T04:00:20.277
94.57166,31.15121,9.54,0.79,2023-08-09T04:09:11.220
94.53498,31.15836,12.54,1.16,2023-08-09T04:34:23.212
94.53299,31.15872,13.06,1.53,2023-08-09T07:14:47.270
94.53463,31.15836,13.6,1.03,2023-08-09T08:04:58.224
94.53648,31.15789,11.88,1.24,2023-08-09T09:52:44.915
94.53709,31.15771,11.42,0.93,2023-08-09T09:58:09.309
94.54915,31.13754,10.43,2.15,2023-08-09T16:05:56.714
94.54206,31.14018,12.29,0.53,2023-08-09T16:17:13.790
94.54615,31.1365,12.1,1.13,2023-08-09T16:36:59.182
94.53437,31.15798,13.12,0.42,2023-08-09T19:34:21.135
94.55243,31.14794,6.2,0.74,2023-08-09T19:34:40.849
96.24643,30.80908,11.33,0.16,2023-08-09T19:35:11.218
94.54642,31.1373,11.2,1.07,2023-08-09T20:25:09.480
94.54572,31.1365,12.41,1.5,2023-08-09T20:34:34.816
96.23891,30.78914,11.39,0.7,2023-08-09T20:48:16.385
94.54625,31.13605,12.24,1.24,2023-08-09T21:15:29.517
96.23796,30.79271,9.68,0.75,2023-08-09T23:31:38.517
94.55098,31.15916,4.03,0.74,2023-08-10T00:02:51.043
96.23709,30.79163,9.5,0.26,2023-08-10T02:07:05.466
94.5421,31.13717,17.54,0.95,2023-08-10T02:55:43.242
94.63895,31.90458,4.82,1.74,2023-08-10T04:12:17.433
94.54655,31.12722,17.57,0.84,2023-08-10T06:35:17.520
94.54372,31.15831,8.4,1.22,2023-08-10T13:06:06.054
94.55183,31.15946,3.99,0.86,2023-08-10T15:01:37.755
94.55342,31.1371,7.28,0.99,2023-08-10T16:46:23.744
94.55265,31.13599,8.13,1.08,2023-08-10T16:48:33.822
94.54417,31.1562,7.81,1.24,2023-08-10T16:57:38.116
94.54283,31.15784,8.73,0.61,2023-08-10T17:00:12.672
94.55245,31.14622,6.12,0.94,2023-08-10T19:20:51.388
96.24258,30.80616,11.93,0.03,2023-08-10T19:51:15.057
94.53228,31.61428,10.41,1.01,2023-08-10T20:01:41.851
94.53233,31.61372,10.47,1.05,2023-08-10T20:06:03.138
94.53801,31.15923,7.98,0.66,2023-08-10T20:29:10.951
94.53121,31.61431,10.12,1.03,2023-08-10T20:42:10.813
94.55358,31.14277,6.23,0.67,2023-08-10T20:42:43.258
96.24028,30.79562,10.36,0.49,2023-08-10T21:11:08.442
96.24044,30.79539,10.42,0.61,2023-08-10T21:12:29.369
96.24023,30.79509,10.43,0.3,2023-08-10T21:12:55.375
94.53591,31.14577,12.66,1.73,2023-08-10T21:13:18.574
96.24044,30.79539,10.42,1.45,2023-08-10T21:16:47.119
96.24044,30.79539,10.42,0.81,2023-08-10T21:18:04.169
96.24049,30.79546,10.46,0.15,2023-08-10T21:19:04.373
94.55333,31.13854,7.08,0.94,2023-08-10T21:53:55.199
96.24141,30.7969,10.6,0.55,2023-08-10T22:01:55.926
96.2407,30.79629,10.68,0.32,2023-08-10T22:08:21.554
96.24145,30.79655,10.68,0.22,2023-08-10T22:12:40.044
94.54797,31.14742,7.32,1.14,2023-08-11T00:25:54.382
96.23745,30.78429,11.79,0.53,2023-08-11T02:01:55.129
94.54266,31.1323,13.01,1.07,2023-08-11T03:03:13.637
94.56073,31.13568,9.08,1.93,2023-08-11T03:09:38.442
96.23738,30.78428,11.8,1.46,2023-08-11T06:47:33.880
94.53341,31.15367,13.84,0.62,2023-08-11T07:01:33.010
94.54749,31.12703,17.58,0.81,2023-08-11T07:36:52.637
94.5469,31.12754,17.3,0.82,2023-08-11T07:48:23.978
96.23692,30.78776,9.71,0.43,2023-08-11T08:04:34.301
96.23686,30.78719,9.89,0.4,2023-08-11T08:21:33.235
96.2372,30.78377,11.83,0.66,2023-08-11T10:35:22.377
96.23728,30.78419,11.53,0.37,2023-08-11T11:08:56.701
96.23778,30.78465,11.81,0.77,2023-08-11T12:17:42.004
96.23766,30.78466,11.81,0.36,2023-08-11T12:31:20.725
96.24864,30.81395,8.49,0.44,2023-08-11T12:43:41.320
94.53997,31.1366,12.72,0.92,2023-08-11T14:46:31.538
96.23686,30.78655,9.66,0.36,2023-08-11T15:12:24.207
96.23726,30.78421,11.8,0.7,2023-08-11T15:40:16.500
94.53986,31.13722,12.79,1.55,2023-08-11T16:49:04.510
94.55058,31.14174,7.34,0.79,2023-08-11T16:52:32.917
94.55364,31.1388,6.99,0.89,2023-08-11T17:25:26.975
94.91177,31.08396,8.91,0.1,2023-08-11T18:04:35.190
94.54138,31.14233,8.73,1.65,2023-08-11T18:29:38.662
94.55289,31.13816,7.17,1.5,2023-08-11T19:46:41.612
94.54023,31.15806,9.54,0.41,2023-08-11T19:57:55.461
94.53341,31.15318,13.96,0.49,2023-08-11T20:19:24.244
94.6395,31.90515,4.84,1.91,2023-08-11T20:55:14.839
94.63906,31.90453,5.19,1.4,2023-08-11T21:02:35.747
96.23661,30.78697,9.67,0.23,2023-08-11T21:35:02.058
94.53891,31.14655,18.1,1.31,2023-08-11T22:24:22.242
94.55492,31.13809,6.43,1.12,2023-08-12T01:37:48.507
96.36896,30.30126,8.13,0.6,2023-08-12T04:11:47.887
94.54711,31.12591,17.95,0.82,2023-08-12T05:21:28.011
94.54745,31.13947,8.76,1.5,2023-08-12T05:35:50.849
94.55176,31.13662,8.27,2.0,2023-08-12T05:49:32.409
94.55327,31.13984,7.36,1.65,2023-08-12T06:27:50.710
94.55103,31.14232,7.38,0.52,2023-08-12T10:08:34.555
94.54066,31.13833,12.9,1.37,2023-08-12T13:14:27.106
96.24503,30.80276,11.62,0.34,2023-08-12T13:55:14.855
94.55179,31.13744,8.37,1.14,2023-08-12T14:36:10.669
94.53988,31.13782,13.03,1.13,2023-08-12T15:16:25.533
94.54643,31.15917,6.39,1.22,2023-08-12T16:37:13.282
96.23717,30.78467,11.61,0.62,2023-08-12T16:54:28.320
94.54699,31.12753,17.26,0.75,2023-08-12T17:33:00.381
96.24937,30.81045,10.73,0.6,2023-08-12T18:12:20.675
94.54209,31.14724,8.92,0.97,2023-08-12T18:21:15.412
94.64035,31.90224,4.48,1.49,2023-08-12T18:25:19.654
94.64056,31.90151,4.49,1.33,2023-08-12T18:29:36.257
94.6392,31.90249,4.72,1.28,2023-08-12T18:30:42.007
94.63979,31.90289,4.85,1.15,2023-08-12T18:33:19.910
94.55215,31.14645,5.8,1.08,2023-08-12T18:37:58.664
94.85773,31.09697,8.83,0.05,2023-08-12T19:16:06.300
94.63977,31.90208,4.58,1.18,2023-08-12T19:27:34.215
96.24573,30.80313,11.37,-0.02,2023-08-12T19:40:39.616
94.85807,31.09643,8.95,0.03,2023-08-12T19:46:31.152
94.63971,31.9035,4.61,1.69,2023-08-12T20:11:05.419
94.64028,31.90237,4.47,1.16,2023-08-12T20:14:01.594
94.64003,31.90318,4.53,1.24,2023-08-12T20:16:00.669
94.54535,31.12586,17.71,0.71,2023-08-12T20:31:23.192
96.24358,30.80261,10.1,0.27,2023-08-12T21:16:49.095
96.93926,30.30294,6.87,1.14,2023-08-12T21:23:34.549
94.54965,31.13735,8.04,1.37,2023-08-12T22:20:03.117
94.89605,29.91338,11.26,1.69,2023-08-13T03:21:59.494
94.54297,31.1559,7.98,1.12,2023-08-13T03:53:45.470
96.24283,30.80281,10.18,0.27,2023-08-13T06:19:06.628
96.24434,30.8063,11.8,0.34,2023-08-13T07:16:19.811
94.89759,29.91348,11.3,1.43,2023-08-13T10:48:22.854
93.167,29.87531,11.37,2.2,2023-08-13T10:57:04.262
94.89823,29.91326,11.21,1.3,2023-08-13T10:59:49.650
94.89755,29.91355,11.17,1.74,2023-08-13T11:03:20.690
93.16523,29.87685,10.93,2.08,2023-08-13T11:14:32.982
94.89867,29.91358,11.14,1.36,2023-08-13T11:38:43.952
94.89813,29.91368,11.26,1.24,2023-08-13T12:04:48.564
96.24754,30.81233,10.67,0.2,2023-08-13T12:42:34.461
96.23982,30.79377,10.49,0.17,2023-08-13T12:43:48.807
94.89701,29.91351,10.99,1.43,2023-08-13T13:24:23.701
94.54684,31.14159,9.79,0.88,2023-08-13T16:00:13.791
94.54838,31.14379,8.09,0.82,2023-08-13T16:28:08.021
94.54741,31.14294,8.79,1.6,2023-08-13T17:16:07.792
94.53969,31.15744,10.21,1.19,2023-08-13T17:38:54.859
94.54193,31.13787,16.14,1.31,2023-08-13T18:52:30.309
94.5465,31.14564,9.63,0.92,2023-08-13T20:23:00.179
94.54778,31.13834,10.71,0.87,2023-08-13T21:00:17.139
96.23992,30.79384,10.59,0.47,2023-08-13T22:00:40.077
94.54722,31.13813,13.3,1.37,2023-08-13T22:43:38.872
96.72739,30.0934,9.84,0.83,2023-08-13T22:54:50.494
96.72601,30.0934,9.78,0.86,2023-08-13T23:06:23.958
94.53559,31.16119,9.87,1.22,2023-08-13T23:12:43.736
96.37204,30.30327,8.62,0.63,2023-08-14T02:32:22.207
96.23876,30.79205,10.13,0.99,2023-08-14T03:29:26.784
96.68608,30.45683,4.79,1.06,2023-08-14T04:56:06.191
94.54462,31.1572,8.21,1.0,2023-08-14T05:24:31.724
96.72845,30.09268,10.09,0.88,2023-08-14T06:49:20.996
96.72828,30.09345,9.95,0.95,2023-08-14T07:00:29.886
94.53263,31.61445,10.35,0.94,2023-08-14T12:20:10.814
94.54421,31.13205,12.76,0.93,2023-08-14T12:50:54.029
96.24163,30.80066,9.86,0.31,2023-08-14T16:10:31.291
94.54331,31.13183,12.88,1.4,2023-08-14T17:37:45.391
94.53455,31.1513,13.68,1.39,2023-08-14T20:06:29.861
94.54081,31.15995,8.17,1.19,2023-08-14T20:28:43.571
94.55113,31.14272,7.14,0.27,2023-08-14T20:40:39.662
94.54347,31.13018,18.18,1.01,2023-08-14T21:21:00.657
94.54772,31.1253,17.7,0.94,2023-08-14T22:54:16.251
94.54776,31.13696,8.95,1.09,2023-08-15T01:25:06.568
96.08848,30.07301,10.95,1.6,2023-08-15T03:10:38.441
94.85635,30.4016,4.37,0.86,2023-08-15T03:59:12.313
96.08903,30.07318,10.86,0.85,2023-08-15T04:07:52.399
96.08848,30.07301,10.89,0.9,2023-08-15T04:28:54.460
96.23996,30.78881,11.96,0.13,2023-08-15T05:49:55.476
94.9033,29.91336,8.77,1.82,2023-08-15T07:03:44.107
94.90267,29.91319,8.68,1.64,2023-08-15T07:07:07.435
96.64774,30.51823,8.2,1.17,2023-08-15T07:09:10.146
96.24053,30.79528,10.61,0.7,2023-08-15T07:28:36.091
94.83106,30.40386,5.62,2.98,2023-08-15T07:35:34.868
96.93816,30.3027,6.5,1.4,2023-08-15T09:33:54.094
96.94247,30.30172,3.71,0.91,2023-08-15T09:53:10.487
96.94283,30.30192,3.69,0.92,2023-08-15T09:53:35.108
94.54893,31.12509,17.57,1.3,2023-08-15T10:30:48.873
96.93799,30.30285,6.75,1.11,2023-08-15T11:48:48.948
96.94435,30.30095,3.76,0.83,2023-08-15T11:58:26.987
96.93884,30.30223,6.56,0.83,2023-08-15T11:59:00.256
94.53704,31.16345,7.95,0.61,2023-08-15T12:01:05.689
94.54643,31.15917,6.39,1.55,2023-08-15T12:04:33.882
96.24091,30.79507,10.76,0.54,2023-08-15T12:07:33.804
96.94324,30.30144,3.69,0.74,2023-08-15T13:03:58.693
96.94332,30.30177,3.65,0.98,2023-08-15T13:33:31.280
96.23872,30.79135,10.45,0.53,2023-08-15T13:40:19.938
96.93823,30.30231,6.63,0.83,2023-08-15T13:47:47.386
94.54035,31.15564,9.88,1.12,2023-08-15T13:52:52.462
94.63968,31.9022,4.62,1.18,2023-08-15T14:47:53.412
94.54307,31.13139,13.01,0.48,2023-08-15T15:37:29.294
96.23839,30.78876,10.91,0.13,2023-08-15T15:44:02.598
94.5554,31.14163,6.26,1.3,2023-08-15T17:20:11.604
94.54546,31.14891,7.82,1.09,2023-08-15T17:44:13.320
94.542,31.15476,10.33,1.27,2023-08-15T17:54:59.733
94.53759,31.15871,9.55,0.81,2023-08-15T18:09:11.465
94.53072,31.15902,13.16,1.07,2023-08-15T19:18:51.702
96.23757,30.78817,10.92,0.07,2023-08-15T19:24:47.838
94.53991,31.13979,12.39,0.78,2023-08-15T20:05:12.613
96.24048,30.79525,10.48,0.46,2023-08-15T21:33:13.940
95.19035,30.7387,10.27,1.26,2023-08-16T00:00:25.895
94.5482,31.16018,4.86,0.67,2023-08-16T00:12:00.366
96.23755,30.78648,11.05,0.6,2023-08-16T03:14:31.461
94.55095,31.14024,7.81,2.4,2023-08-16T04:27:39.824
94.64049,31.90299,4.56,1.36,2023-08-16T05:26:58.938
94.6407,31.90198,4.29,1.26,2023-08-16T05:27:30.042
94.64044,31.90251,4.51,1.35,2023-08-16T05:28:04.801
96.93835,30.30254,6.65,0.85,2023-08-16T06:05:53.497
94.55275,31.14158,6.25,1.8,2023-08-16T07:53:28.466
94.54025,31.13855,13.0,1.55,2023-08-16T08:01:44.935
96.37188,30.30319,8.62,0.55,2023-08-16T10:30:38.975
95.03668,31.90689,3.92,1.57,2023-08-16T11:40:06.388
96.93801,30.30288,6.71,0.93,2023-08-16T12:31:10.966
94.56013,31.14137,3.98,0.65,2023-08-16T12:38:43.530
96.2382,30.79128,9.96,0.17,2023-08-16T13:33:21.203
94.54518,31.1295,12.7,0.91,2023-08-16T16:52:16.824
96.23764,30.78712,10.13,0.51,2023-08-16T19:09:42.649
95.01461,31.92368,7.45,0.84,2023-08-16T19:13:59.751
95.19116,30.73892,10.3,0.77,2023-08-16T20:09:44.278
96.24672,30.80401,11.39,0.15,2023-08-16T21:21:08.823
94.53988,31.13975,12.81,0.91,2023-08-16T21:31:14.847
95.18912,30.73174,9.84,-0.43,2023-08-16T21:46:47.314
94.55442,31.13705,7.0,1.52,2023-08-17T03:59:03.455
94.55147,31.14051,7.24,1.61,2023-08-17T08:20:34.892
94.53733,31.14355,11.78,0.87,2023-08-17T13:21:48.508
94.53959,31.13717,12.84,1.23,2023-08-17T15:05:25.164
94.53974,31.13683,12.76,1.02,2023-08-17T18:30:54.752
94.55098,31.14651,6.79,0.69,2023-08-17T18:51:10.496
94.6397,31.9015,4.42,1.61,2023-08-17T19:32:48.974
94.54684,31.14792,7.77,0.86,2023-08-17T21:52:56.500
95.19023,30.73842,10.28,0.46,2023-08-17T22:03:07.399
95.19071,30.73852,10.22,-0.41,2023-08-17T22:05:30.835
94.55441,31.14194,6.16,0.76,2023-08-17T22:44:41.691
94.53283,31.61271,10.3,1.03,2023-08-18T00:02:23.417
94.54978,31.13687,8.04,1.61,2023-08-18T01:23:12.568
96.23846,30.78837,11.15,0.53,2023-08-18T02:29:24.234
94.54433,31.1533,9.94,0.4,2023-08-18T03:27:43.849
96.24235,30.79981,10.45,-0.11,2023-08-18T04:34:33.888
94.55051,31.1421,7.1,1.19,2023-08-18T05:05:33.920
94.54521,31.15378,8.36,1.45,2023-08-18T05:09:28.319
94.55475,31.1393,6.49,1.01,2023-08-18T06:48:11.090
96.67337,30.46746,7.34,1.33,2023-08-18T07:56:54.560
96.24314,30.79634,11.47,0.24,2023-08-18T09:54:18.485
94.54355,31.13067,17.72,1.11,2023-08-18T10:33:19.020
95.03721,31.90595,3.63,1.36,2023-08-18T11:40:36.141
94.55322,31.1344,8.71,0.79,2023-08-18T11:43:41.395
96.23752,30.78573,10.69,0.53,2023-08-18T12:49:44.797
94.55388,31.1372,7.19,1.67,2023-08-18T13:16:03.407
94.55079,31.13671,8.76,1.42,2023-08-18T16:03:49.178
94.53847,31.14127,13.24,1.12,2023-08-18T16:40:25.240
95.06094,31.87077,5.32,0.79,2023-08-18T17:05:18.263
94.64589,31.89778,2.59,1.02,2023-08-18T18:54:10.506
96.24272,30.7943,11.75,0.1,2023-08-18T19:16:49.642
94.56211,31.13635,8.68,0.33,2023-08-18T19:31:55.189
96.93745,30.30304,6.82,1.08,2023-08-18T21:04:21.701
96.26429,30.86063,13.09,1.58,2023-08-18T22:00:34.164
96.26446,30.85863,13.15,0.5,2023-08-18T22:01:06.337
94.5422,31.13416,12.83,1.06,2023-08-18T22:13:04.637
93.17483,29.877,11.53,2.09,2023-08-18T22:55:29.355
94.53943,31.13804,12.79,1.48,2023-08-18T23:45:56.892
94.55207,31.13931,6.92,1.0,2023-08-19T03:01:24.966
94.54446,31.15521,7.97,1.83,2023-08-19T04:49:00.343
94.5445,31.15557,7.89,1.64,2023-08-19T04:51:28.583
94.54934,31.14484,7.99,1.26,2023-08-19T05:54:48.710
96.23924,30.78924,11.25,0.26,2023-08-19T06:43:30.924
94.54212,31.15332,11.26,1.47,2023-08-19T08:02:21.676
96.21803,30.79413,11.63,0.3,2023-08-19T10:03:38.175
94.55125,31.14405,7.04,1.35,2023-08-19T11:21:40.833
96.25978,30.80388,10.65,1.65,2023-08-19T12:11:42.622
94.55204,31.13638,8.47,2.03,2023-08-19T12:11:59.826
96.25995,30.80364,10.66,0.27,2023-08-19T12:13:42.438
96.26016,30.80362,10.66,0.49,2023-08-19T12:19:41.724
96.25957,30.80342,10.65,0.5,2023-08-19T12:33:40.970
96.25985,30.80444,10.74,0.39,2023-08-19T12:59:11.427
94.54853,31.14554,7.36,0.43,2023-08-19T13:12:52.864
94.55323,31.13923,6.91,0.95,2023-08-19T14:00:10.126
96.9559,30.2917,6.09,0.94,2023-08-19T14:15:03.652
94.54,31.13939,12.59,1.58,2023-08-19T14:21:28.373
94.83849,30.40516,5.27,3.69,2023-08-19T14:46:03.797
94.83971,30.40452,6.19,3.19,2023-08-19T14:47:53.238
94.85551,30.38735,7.6,1.48,2023-08-19T14:49:40.930
94.83857,30.39937,5.15,1.42,2023-08-19T14:50:01.837
94.85622,30.40192,4.32,0.85,2023-08-19T14:55:35.141
94.85624,30.40046,4.44,1.26,2023-08-19T15:12:30.288
94.85694,30.40159,4.32,0.64,2023-08-19T15:36:00.770
94.8538,30.40298,4.37,1.18,2023-08-19T15:38:36.765
94.85659,30.4011,4.26,0.67,2023-08-19T15:44:53.294
94.85661,30.40157,4.32,0.87,2023-08-19T16:14:07.330
94.8603,30.39824,2.56,0.83,2023-08-19T16:33:14.270
94.54084,31.13721,12.82,1.54,2023-08-19T16:50:02.353
94.84994,30.39301,7.1,0.74,2023-08-19T17:11:19.358
94.54,31.13654,12.86,1.01,2023-08-19T17:12:14.763
94.55423,31.13632,7.42,1.07,2023-08-19T17:15:15.897
96.21821,30.79446,11.42,-0.04,2023-08-19T17:35:14.286
94.84243,30.4082,4.12,0.99,2023-08-19T17:40:44.607
94.85645,30.40187,4.29,0.86,2023-08-19T18:20:49.298
96.21801,30.79395,11.63,0.21,2023-08-19T18:49:08.402
96.2179,30.794,11.63,0.33,2023-08-19T18:56:29.092
96.21786,30.79388,11.64,0.32,2023-08-19T19:08:02.201
96.2181,30.79426,11.59,0.19,2023-08-19T19:17:57.373
96.21806,30.79366,11.61,-0.01,2023-08-19T19:32:01.128
96.21794,30.79395,11.61,0.17,2023-08-19T19:44:21.452
94.86002,30.39556,3.77,1.07,2023-08-19T20:06:35.661
96.2181,30.79399,11.57,0.29,2023-08-19T20:07:56.568
94.85666,30.4015,4.35,0.88,2023-08-19T20:11:29.117
94.84921,30.39544,7.18,0.79,2023-08-19T20:25:08.563
96.21794,30.79367,11.62,0.36,2023-08-19T20:36:38.793
96.21826,30.79402,11.49,0.34,2023-08-19T21:05:02.911
94.83798,30.39903,5.16,1.32,2023-08-19T21:19:45.112
96.21782,30.79361,11.6,0.0,2023-08-19T21:38:44.823
94.84697,30.40005,7.14,2.39,2023-08-19T21:51:57.311
94.85661,30.4016,4.27,0.95,2023-08-19T22:54:26.490
96.2175,30.79418,11.71,0.43,2023-08-19T23:00:33.211
94.84501,30.40602,5.18,3.51,2023-08-19T23:06:52.155
94.83672,30.40365,6.97,2.81,2023-08-19T23:07:28.603
94.85617,30.40074,4.35,1.25,2023-08-19T23:18:18.933
94.55285,31.13643,8.33,1.08,2023-08-19T23:35:02.420
94.83084,30.40405,5.74,2.93,2023-08-19T23:40:35.825
96.2179,30.79357,11.67,0.44,2023-08-19T23:49:23.489
94.85675,30.40175,4.22,0.88,2023-08-19T23:57:14.741
94.8349,30.39414,7.35,1.37,2023-08-20T00:01:39.570
96.21786,30.79368,11.54,0.42,2023-08-20T00:04:04.456
96.21604,30.79534,9.31,0.54,2023-08-20T00:21:34.257
96.2521,30.6531,17.16,0.5,2023-08-20T00:23:16.560
96.2521,30.6531,17.16,0.34,2023-08-20T00:39:01.190
96.2178,30.79373,11.65,0.88,2023-08-20T00:51:05.522
96.21777,30.79396,11.6,1.9,2023-08-20T01:57:15.422
96.21766,30.79398,11.71,0.47,2023-08-20T02:03:58.975
96.22692,30.79821,10.92,0.36,2023-08-20T02:04:37.084
96.21428,30.794,11.83,0.14,2023-08-20T02:11:26.441
96.24453,30.79917,11.26,-0.05,2023-08-20T02:16:07.662
96.21856,30.79434,11.5,0.82,2023-08-20T02:29:39.989
96.21769,30.79437,11.73,1.96,2023-08-20T02:34:54.354
97.01211,30.32357,7.62,0.74,2023-08-20T02:39:29.739
96.21782,30.79404,11.8,0.35,2023-08-20T02:47:35.916
96.2178,30.79437,11.65,0.49,2023-08-20T02:58:28.687
97.01292,30.32425,8.69,0.7,2023-08-20T03:01:31.756
96.21828,30.79416,11.58,0.56,2023-08-20T03:20:02.696
96.21868,30.79466,11.44,0.95,2023-08-20T03:25:40.655
96.21867,30.7949,11.52,0.71,2023-08-20T03:25:56.220
96.2183,30.79438,11.6,0.41,2023-08-20T03:29:10.395
96.21849,30.79454,11.55,0.41,2023-08-20T03:38:03.966
94.85433,30.39178,6.14,1.19,2023-08-20T03:45:24.857
96.21787,30.79428,11.36,0.51,2023-08-20T03:48:28.672
96.21768,30.79575,11.72,0.42,2023-08-20T03:49:55.792
94.83833,30.399,5.42,1.2,2023-08-20T04:05:11.184
94.83428,30.39397,7.26,1.1,2023-08-20T04:11:05.149
94.85617,30.40128,4.51,0.94,2023-08-20T04:26:53.670
96.2187,30.79464,11.52,0.62,2023-08-20T04:28:09.411
96.21874,30.79476,11.59,0.41,2023-08-20T04:29:27.983
94.54715,31.13904,9.76,1.04,2023-08-20T05:06:48.200
94.96987,29.81931,7.7,1.89,2023-08-20T06:34:10.884
94.90513,29.94335,9.45,1.35,2023-08-20T08:07:07.232
96.24476,30.80058,10.98,0.32,2023-08-20T08:26:07.468
96.21955,30.79401,11.42,0.27,2023-08-20T08:52:28.168
94.84217,30.41117,2.2,1.06,2023-08-20T09:03:14.701
94.8538,30.40298,4.37,1.14,2023-08-20T09:38:02.535
94.55704,31.15368,3.98,1.15,2023-08-20T10:10:52.137
94.53966,31.13836,12.6,1.46,2023-08-20T10:38:18.781
94.54485,31.156,7.62,1.87,2023-08-20T10:43:27.243
94.8566,30.40144,4.3,0.88,2023-08-20T10:53:12.779
96.21782,30.79378,11.62,0.33,2023-08-20T11:35:47.051
94.53902,30.46887,5.4,0.86,2023-08-20T12:25:02.220
96.2178,30.79417,11.76,1.01,2023-08-20T13:06:50.451
94.5361,30.46789,5.81,0.8,2023-08-20T13:37:57.028
96.2173,30.79431,11.89,0.38,2023-08-20T13:44:31.777
94.56116,31.13578,9.12,1.18,2023-08-20T13:52:37.472
94.55574,31.13624,7.18,1.12,2023-08-20T13:54:34.629
94.54567,31.12759,17.36,0.84,2023-08-20T14:17:56.865
94.54663,31.12713,17.27,0.72,2023-08-20T14:46:12.675
94.90468,29.94306,9.63,1.17,2023-08-20T15:33:01.205
94.53852,31.14689,13.44,1.01,2023-08-20T15:55:48.517
94.54446,31.15666,8.06,2.22,2023-08-20T16:16:06.268
94.53814,31.13998,12.47,1.13,2023-08-20T17:33:02.758
94.54128,31.15864,9.16,0.41,2023-08-20T17:34:39.042
94.54399,31.15803,7.8,1.56,2023-08-20T17:50:44.133
94.54397,31.12975,13.1,0.85,2023-08-20T17:54:20.945
94.54547,31.15092,7.92,0.89,2023-08-20T17:58:40.363
94.5479,31.14686,6.9,0.54,2023-08-20T18:35:26.685
94.55203,31.15926,3.98,0.64,2023-08-20T19:01:03.776
94.54438,31.15644,8.08,0.46,2023-08-20T19:35:13.712
94.55059,31.1589,4.11,0.92,2023-08-20T19:35:50.229
94.54976,31.1417,7.0,1.17,2023-08-20T20:51:08.318
94.90417,29.94287,9.72,1.06,2023-08-20T21:21:49.144
95.04394,31.93136,4.55,1.08,2023-08-20T22:01:26.243
95.04311,31.93102,4.54,0.79,2023-08-20T22:20:33.566
95.04339,31.93105,4.59,0.85,2023-08-20T22:24:04.604
97.01326,30.32367,7.5,0.97,2023-08-20T22:38:17.422
94.55427,31.13327,8.39,1.44,2023-08-20T23:49:24.612
94.54078,31.16107,7.86,1.52,2023-08-20T23:49:38.327
94.90541,29.94292,9.53,1.17,2023-08-21T00:07:56.745
94.90487,29.94238,9.46,1.48,2023-08-21T00:10:55.641
94.90495,29.94372,9.54,1.41,2023-08-21T00:20:11.382
96.26434,30.86067,13.1,0.5,2023-08-21T00:25:50.702
94.85635,30.4016,4.27,0.87,2023-08-21T01:07:41.067
96.21794,30.79511,11.69,1.09,2023-08-21T01:28:42.281
96.23705,30.78344,11.97,1.38,2023-08-21T05:34:16.753
94.53587,31.16083,10.52,1.31,2023-08-21T06:13:43.207
94.83579,30.39504,6.87,1.37,2023-08-21T06:38:34.224
94.90596,29.9433,9.45,1.6,2023-08-21T10:15:56.713
94.90435,29.94285,9.65,1.6,2023-08-21T12:29:23.961
96.2558,30.82467,12.45,0.32,2023-08-21T13:41:41.475
94.54645,31.14202,8.26,1.25,2023-08-21T14:48:35.966
96.23894,30.79175,10.56,0.45,2023-08-21T15:29:20.642
94.54277,31.1534,9.54,0.76,2023-08-21T15:31:44.983
96.23928,30.79218,10.58,0.89,2023-08-21T15:35:05.835
96.23944,30.79165,10.7,0.2,2023-08-21T15:38:10.544
94.83798,30.39903,5.13,1.22,2023-08-21T16:40:39.183
94.54222,31.13445,12.79,0.86,2023-08-21T16:51:35.552
96.23948,30.79252,10.77,0.53,2023-08-21T17:08:30.925
94.5419,31.15418,10.34,0.83,2023-08-21T17:19:27.247
94.54556,31.1261,18.45,1.03,2023-08-21T18:25:50.289
94.64365,31.90126,3.84,1.32,2023-08-21T18:51:06.560
96.23605,30.78234,10.98,0.13,2023-08-21T19:39:34.422
97.013,30.32427,7.36,0.71,2023-08-21T19:47:27.288
96.2369,30.78337,11.92,0.31,2023-08-21T19:47:40.063
96.2361,30.78252,10.92,1.6,2023-08-21T20:32:32.725
94.53972,31.13749,12.83,0.82,2023-08-21T20:44:03.144
96.23969,30.78928,11.88,0.16,2023-08-21T20:46:15.565
94.55384,31.1376,6.88,1.33,2023-08-21T22:25:12.438
94.53973,31.138,12.58,0.89,2023-08-21T22:46:32.751
94.54875,31.12481,17.88,1.01,2023-08-21T22:46:55.760
96.24041,30.78944,11.64,0.08,2023-08-21T22:54:07.514
96.21802,30.79556,11.64,0.18,2023-08-21T23:02:23.550
96.21731,30.79481,11.74,0.32,2023-08-22T00:04:19.253
97.01243,30.3235,7.6,0.68,2023-08-22T01:21:00.778
97.01155,30.32434,6.61,0.59,2023-08-22T01:42:27.962
94.54052,31.16108,7.5,1.33,2023-08-22T02:19:40.853
94.54696,31.12856,17.27,1.06,2023-08-22T02:58:07.658
94.55931,31.14047,4.76,1.09,2023-08-22T03:13:04.724
94.54999,31.14679,6.86,0.77,2023-08-22T05:46:39.966
94.53807,31.16355,8.23,0.55,2023-08-22T06:12:54.558
94.54615,31.14878,7.73,1.22,2023-08-22T07:15:18.702
96.245,30.80158,11.1,0.5,2023-08-22T07:28:25.065
94.85658,30.40154,4.36,0.94,2023-08-22T09:57:11.134
94.54429,31.15298,8.06,1.09,2023-08-22T11:02:59.092
96.24141,30.79741,9.9,0.23,2023-08-22T11:40:39.632
94.5349,31.14886,13.82,1.34,2023-08-22T14:17:17.705
96.21817,30.79454,11.9,0.1,2023-08-22T14:26:34.207
94.54162,31.13561,12.41,1.2,2023-08-22T14:58:12.909
96.23739,30.78369,11.9,0.63,2023-08-22T14:58:40.078
94.54398,31.16654,4.63,1.09,2023-08-22T15:04:21.175
94.53361,31.1471,14.81,1.33,2023-08-22T15:13:35.128
94.5448,31.1531,8.29,0.6,2023-08-22T15:47:00.635
95.03671,31.92408,4.14,1.58,2023-08-22T15:50:22.111
94.54262,31.16671,5.34,0.8,2023-08-22T16:01:51.587
96.23705,30.78382,11.83,0.48,2023-08-22T16:16:42.702
95.03814,31.92391,3.94,1.21,2023-08-22T16:18:30.679
94.54585,31.15267,7.62,0.74,2023-08-22T17:22:16.523
94.54248,31.15527,10.38,0.39,2023-08-22T17:36:13.348
95.03768,31.92527,4.22,1.46,2023-08-22T17:51:24.187
94.84697,30.40005,7.14,2.27,2023-08-22T18:46:23.061
94.84566,30.39484,6.33,3.71,2023-08-22T18:46:47.740
94.85989,30.39897,2.25,1.24,2023-08-22T18:48:50.976
94.83689,30.40425,7.11,2.59,2023-08-22T18:51:31.511
94.85014,30.39538,7.08,1.61,2023-08-22T18:52:53.440
94.83499,30.4041,7.11,3.01,2023-08-22T18:54:19.172
94.54446,31.15209,8.93,1.25,2023-08-22T18:58:19.707
94.83404,30.39359,7.42,1.23,2023-08-22T19:00:34.393
94.83888,30.39902,5.19,1.08,2023-08-22T19:04:08.387
94.85682,30.40159,4.32,0.83,2023-08-22T19:06:01.848
94.84785,30.39798,7.06,1.19,2023-08-22T19:20:13.956
94.8568,30.4016,4.23,0.9,2023-08-22T19:26:40.797
94.85602,30.40064,4.4,1.08,2023-08-22T19:41:13.935
94.85607,30.40145,4.43,0.85,2023-08-22T19:52:51.648
94.54386,31.12979,12.59,0.73,2023-08-22T19:56:05.714
94.8547,30.39211,6.04,1.1,2023-08-22T19:56:47.652
94.83988,30.40134,7.08,2.82,2023-08-22T20:11:43.363
94.82909,30.40848,2.4,1.12,2023-08-22T20:56:56.275
96.24028,30.79047,12.03,0.13,2023-08-22T21:02:04.989
94.84766,30.4029,5.49,3.01,2023-08-22T21:09:43.511
94.83906,30.39922,5.09,0.7,2023-08-22T21:17:53.318
94.8498,30.39358,6.98,1.18,2023-08-22T21:22:54.555
94.53959,31.13639,12.92,0.64,2023-08-22T21:27:42.506
94.84229,30.40813,4.25,1.25,2023-08-22T21:33:24.317
94.85725,30.40159,4.17,0.75,2023-08-22T21:38:45.075
94.52593,31.13467,17.47,0.92,2023-08-22T21:58:52.122
94.85994,30.39543,3.76,0.78,2023-08-22T22:16:19.674
94.85681,30.40161,4.28,0.84,2023-08-22T22:51:43.882
94.83823,30.39948,5.18,1.25,2023-08-22T23:04:06.054
94.54976,31.1417,7.0,1.17,2023-08-22T23:08:30.118
94.84739,30.39804,7.02,2.0,2023-08-22T23:15:23.328
96.23678,30.78517,11.13,0.48,2023-08-22T23:44:39.538
96.23675,30.78468,11.19,0.55,2023-08-22T23:45:46.976
94.85946,30.40238,3.58,0.74,2023-08-22T23:57:43.733
94.54222,31.13378,12.83,0.63,2023-08-23T00:12:16.765
94.85581,30.40012,4.55,1.05,2023-08-23T00:14:18.532
94.85633,30.40165,4.35,0.92,2023-08-23T02:49:29.185
96.23697,30.7831,12.02,0.23,2023-08-23T03:35:35.084
94.53598,31.14776,13.75,1.2,2023-08-23T04:29:05.820
94.54111,31.13484,12.72,1.35,2023-08-23T05:05:13.560
96.23625,30.78304,10.93,0.68,2023-08-23T05:11:57.095
94.85613,30.40059,4.37,1.18,2023-08-23T05:20:31.205
94.83855,30.39936,5.13,1.44,2023-08-23T06:14:25.684
94.54043,31.15553,10.37,1.23,2023-08-23T06:45:07.911
96.23884,30.79067,10.63,1.31,2023-08-23T08:02:04.762
94.54525,31.15189,9.03,1.2,2023-08-23T08:42:49.999
94.8547,30.39211,6.03,1.42,2023-08-23T08:48:17.888
94.85618,30.40173,4.42,0.96,2023-08-23T11:16:51.267
95.02919,31.94937,5.52,1.66,2023-08-23T12:20:30.856
95.04839,31.89918,7.23,2.18,2023-08-23T12:57:35.361
95.04882,31.89911,7.05,1.5,2023-08-23T12:58:25.777
94.54454,31.15121,10.01,1.14,2023-08-23T14:27:16.151
96.2365,30.78296,10.88,0.25,2023-08-23T15:50:05.682
94.54261,31.15347,9.81,0.49,2023-08-23T17:57:35.170
94.54569,31.15266,8.02,0.58,2023-08-23T18:27:33.403
94.54434,31.15154,9.57,0.5,2023-08-23T18:31:45.620
96.23994,30.78894,12.07,0.0,2023-08-23T19:35:12.234
94.84231,30.4082,4.19,1.06,2023-08-23T20:53:45.925
94.5431,31.15299,9.32,0.7,2023-08-23T21:04:22.889
94.5465,31.15357,7.98,0.55,2023-08-23T22:23:12.246
94.54186,31.1336,12.67,0.86,2023-08-23T23:20:21.996
94.54039,31.16124,8.01,1.87,2023-08-23T23:32:19.865
94.55185,31.13201,9.77,1.37,2023-08-24T01:57:15.038
94.8568,30.40181,4.28,0.89,2023-08-24T02:42:41.683
96.2398,30.79115,10.32,0.51,2023-08-24T03:42:01.533
94.54868,31.12506,17.6,1.43,2023-08-24T03:53:45.235
96.23803,30.78476,12.52,0.44,2023-08-24T05:31:48.197
96.32952,30.36113,7.94,0.36,2023-08-24T06:00:19.886
96.36896,30.30126,8.13,0.71,2023-08-24T07:27:37.087
96.37415,30.30138,3.24,1.0,2023-08-24T09:04:42.052
96.23705,30.79153,9.45,0.54,2023-08-24T09:06:54.997
94.53747,31.16037,9.71,0.67,2023-08-24T09:11:39.786
94.54651,31.13405,14.35,0.38,2023-08-24T10:42:09.938
94.54317,31.1248,18.0,1.09,2023-08-24T13:05:07.823
94.55118,31.15911,3.89,0.75,2023-08-24T14:13:58.423
96.23789,30.78839,10.85,0.06,2023-08-24T14:28:01.649
94.63867,31.90541,5.09,1.37,2023-08-24T14:33:24.346
94.53889,31.15813,9.96,0.79,2023-08-24T15:35:22.825
94.83653,30.40064,7.3,0.97,2023-08-24T18:55:40.714
94.54251,31.15749,7.98,1.1,2023-08-24T19:55:31.563
94.55108,31.14454,6.4,0.56,2023-08-24T20:52:40.779
94.55376,31.14335,5.97,0.51,2023-08-24T21:37:18.076
95.02803,31.95023,5.96,0.83,2023-08-24T21:53:34.743
94.54343,31.13067,17.73,0.73,2023-08-24T21:54:01.168
96.24141,30.79704,10.6,0.79,2023-08-25T04:49:48.532
96.2412,30.79673,10.64,0.54,2023-08-25T05:03:27.677
94.54868,31.12506,17.6,1.3,2023-08-25T06:11:37.185
96.24314,30.79122,11.25,0.35,2023-08-25T11:31:24.038
94.64047,31.90366,4.31,1.36,2023-08-25T12:15:46.710
94.85657,30.40159,4.32,0.92,2023-08-25T12:25:48.101
96.23656,30.78499,11.03,0.76,2023-08-25T12:30:53.752
96.63066,30.86897,8.57,0.58,2023-08-25T17:20:10.173
96.23924,30.80611,12.67,0.26,2023-08-25T17:25:52.732
96.24488,30.80171,11.44,0.1,2023-08-25T21:49:57.854
94.54868,31.12506,17.6,1.24,2023-08-25T22:29:58.616
94.55282,31.13849,7.23,0.95,2023-08-25T23:07:05.726
95.09931,31.07394,10.15,0.52,2023-08-25T23:38:56.336
94.54734,31.14343,9.11,1.04,2023-08-26T00:23:05.798
96.25859,30.82229,10.47,0.73,2023-08-26T00:52:53.240
94.8571,30.4019,4.0,1.28,2023-08-26T02:09:12.125
96.24761,30.81108,11.39,0.49,2023-08-26T04:14:09.936
94.54551,31.1361,12.36,0.99,2023-08-26T05:12:00.667
94.85004,30.40084,5.9,1.73,2023-08-26T06:41:40.196
96.24311,30.80085,10.37,0.45,2023-08-26T11:56:04.200
94.53853,31.15401,12.35,0.43,2023-08-26T14:38:21.545
94.54214,31.14254,12.36,1.82,2023-08-26T14:42:36.178
94.54076,31.12691,17.09,1.19,2023-08-26T18:35:38.010
95.23164,29.16524,28.68,2.19,2023-08-26T20:04:39.640
95.23086,29.16516,28.65,2.61,2023-08-26T20:05:53.812
96.24555,30.80864,10.84,0.09,2023-08-26T21:04:57.671
96.24922,30.80475,11.88,0.34,2023-08-26T21:08:43.049
94.53797,31.15533,12.9,2.3,2023-08-27T00:59:50.353
94.53856,31.15428,12.49,1.1,2023-08-27T01:39:48.989
96.24833,30.81472,10.65,0.4,2023-08-27T01:50:06.649
96.24827,30.81476,10.65,1.12,2023-08-27T01:58:14.649
95.616,30.59749,9.39,0.64,2023-08-27T03:46:10.315
95.61591,30.5999,9.78,0.59,2023-08-27T06:49:59.916
96.23856,30.7887,11.43,0.73,2023-08-27T07:09:03.648
95.61642,30.60062,9.84,0.53,2023-08-27T08:02:50.050
96.24238,30.80463,10.52,0.09,2023-08-27T08:09:16.057
94.53906,31.15552,12.06,1.18,2023-08-27T08:26:22.613
95.61619,30.60004,9.76,0.84,2023-08-27T09:53:25.620
96.36408,30.0963,8.46,1.91,2023-08-27T10:48:17.831
94.54047,31.15517,11.42,1.01,2023-08-27T12:42:12.365
95.02943,31.92133,8.36,0.82,2023-08-27T13:52:54.668
96.24347,30.80323,10.36,0.3,2023-08-27T14:27:48.875
94.54276,31.14342,11.54,1.26,2023-08-27T15:02:38.167
93.16467,29.87618,11.04,1.85,2023-08-27T15:53:45.691
96.23963,30.79616,9.94,0.59,2023-08-27T16:34:34.871
94.55935,31.13809,7.41,0.96,2023-08-27T16:42:42.650
94.54878,31.13416,11.84,1.05,2023-08-27T17:03:39.231
94.53866,31.15472,12.06,1.06,2023-08-27T17:56:22.360
94.53665,31.1541,14.01,0.96,2023-08-27T18:01:07.427
94.54671,31.13383,12.11,1.2,2023-08-27T18:10:29.244
94.54249,31.15631,8.65,1.05,2023-08-27T20:20:27.857
94.54454,31.15615,8.28,1.09,2023-08-27T21:16:33.056
95.61599,30.60004,9.79,0.72,2023-08-28T00:56:34.099
96.24322,30.80373,10.33,0.37,2023-08-28T03:24:42.629
96.93815,30.29292,5.49,0.81,2023-08-28T07:57:53.327
94.85673,30.4028,4.14,0.95,2023-08-28T10:44:57.179
94.53667,31.1544,13.49,1.66,2023-08-28T13:51:58.430
96.24534,30.81013,11.37,0.4,2023-08-28T14:25:05.966
96.24678,30.80545,12.06,0.34,2023-08-28T14:33:31.103
94.54086,31.12951,16.82,0.95,2023-08-28T14:54:15.197
96.23989,30.81112,11.9,0.41,2023-08-28T15:51:43.569
96.24016,30.81111,11.96,0.57,2023-08-28T15:59:19.217
96.2401,30.81109,11.95,1.35,2023-08-28T16:14:32.082
96.23991,30.81108,11.9,0.8,2023-08-28T16:14:56.687
96.24011,30.81136,11.84,0.62,2023-08-28T16:15:11.333
96.48152,30.1343,6.4,0.86,2023-08-28T16:43:59.021
94.54258,31.14219,8.89,1.29,2023-08-28T20:50:55.047
94.53557,31.14292,9.43,0.74,2023-08-28T21:59:46.118
96.23848,30.79109,9.81,1.07,2023-08-28T22:40:17.225
96.23868,30.79146,9.82,0.32,2023-08-28T22:42:36.044
96.23935,30.81115,11.83,0.24,2023-08-28T23:03:38.921
94.54658,31.12778,13.32,1.07,2023-08-29T01:19:05.966
96.24148,30.80399,10.74,0.08,2023-08-29T02:04:10.671
96.2401,30.81157,11.69,2.63,2023-08-29T02:59:47.032
96.24148,30.81222,11.91,1.2,2023-08-29T03:01:49.369
96.2426,30.81283,11.89,0.55,2023-08-29T03:13:00.282
94.53587,31.15761,12.19,1.16,2023-08-29T04:40:37.736
96.23827,30.79064,9.85,0.93,2023-08-29T11:25:55.482
96.2424,30.80073,10.08,0.48,2023-08-29T16:21:55.707
94.54216,31.1429,12.1,0.94,2023-08-29T17:12:58.928
96.2416,30.79621,11.32,0.3,2023-08-29T17:32:43.101
94.5472,31.13848,12.07,0.99,2023-08-29T18:17:46.190
94.53427,31.1577,11.74,1.35,2023-08-29T18:29:19.576
94.55049,31.13849,9.79,1.13,2023-08-29T19:24:41.254
96.24176,30.79465,11.44,0.04,2023-08-29T20:44:12.097
94.54666,31.13325,12.27,1.0,2023-08-29T21:24:55.126
94.5497,31.13547,11.55,1.35,2023-08-29T22:44:00.634
96.38373,30.31284,10.42,0.72,2023-08-30T05:39:04.320
94.53905,31.15328,12.21,1.37,2023-08-30T08:10:59.361
96.23811,30.78951,10.61,2.04,2023-08-30T12:43:28.306
94.94418,30.02449,8.16,2.08,2023-08-30T14:26:54.076
94.54075,31.15451,11.79,1.27,2023-08-30T16:14:53.915
94.56368,31.16296,1.91,0.81,2023-08-30T19:21:53.685
94.5422,31.15484,10.46,1.52,2023-08-30T20:01:14.388
94.53606,31.15596,10.04,0.87,2023-08-30T20:12:10.667
94.54135,31.15449,10.86,1.18,2023-08-30T21:28:18.898
96.24874,30.82177,10.81,0.03,2023-08-30T21:37:49.141
94.54138,31.15252,10.74,1.39,2023-08-31T00:05:35.670
96.23719,30.78901,10.78,0.17,2023-08-31T00:32:22.133
94.54621,31.15874,8.45,1.02,2023-08-31T00:54:06.842
94.54141,31.15266,10.68,2.18,2023-08-31T03:18:52.547
94.56522,31.15856,1.64,1.25,2023-08-31T03:24:13.495
94.53734,31.15226,13.13,1.59,2023-08-31T03:30:29.832
94.54359,31.15576,9.16,1.42,2023-08-31T04:16:13.872
96.24533,30.80663,10.59,0.34,2023-08-31T04:31:23.966
96.23816,30.79094,9.78,0.42,2023-08-31T04:38:25.467
94.54174,31.15216,10.86,1.19,2023-08-31T04:43:56.791
94.55737,31.1585,6.62,0.68,2023-08-31T04:50:33.770
94.5657,31.15828,1.53,1.24,2023-08-31T06:25:21.667
94.53806,31.1522,13.01,1.72,2023-08-31T07:25:01.041
96.24508,30.80626,10.63,0.33,2023-08-31T08:27:10.744
94.93999,29.8962,10.95,1.61,2023-08-31T09:15:28.858
94.54101,31.15314,11.31,1.25,2023-08-31T10:17:54.913
94.83194,30.40531,5.95,2.78,2023-08-31T10:25:08.930
94.53729,31.15268,12.89,1.42,2023-08-31T12:59:58.756
94.53926,31.15382,12.22,0.65,2023-08-31T13:37:17.619
96.23801,30.7892,10.45,0.52,2023-08-31T13:54:13.873
94.53708,31.15199,13.01,1.28,2023-08-31T14:56:51.003
94.53681,31.15229,13.22,1.1,2023-08-31T14:59:00.003
94.53646,31.15281,12.79,1.1,2023-08-31T15:04:37.130
96.23762,30.79295,9.7,0.41,2023-08-31T15:10:52.375
94.53631,31.15284,13.12,1.09,2023-08-31T16:15:57.801
94.53995,31.15451,11.34,0.76,2023-08-31T17:35:52.536
94.55285,31.15076,9.67,-0.11,2023-08-31T18:00:06.540
94.54869,31.14222,9.38,0.86,2023-08-31T18:28:57.025
96.23738,30.78999,10.57,-0.01,2023-08-31T18:34:33.632
96.25919,30.80852,10.2,-0.04,2023-08-31T19:06:44.622
94.53845,31.15377,12.5,0.64,2023-08-31T20:51:11.217
96.93788,31.10153,6.21,1.02,2023-08-31T22:25:38.207
94.53811,31.15245,13.21,1.52,2023-09-01T11:33:17.081
94.5408,31.1516,11.31,1.34,2023-09-01T12:33:56.475
94.55187,31.1507,9.38,0.28,2023-09-01T13:09:24.360
96.24579,30.80838,11.11,0.62,2023-09-01T14:01:00.975
96.24553,30.80838,11.18,0.68,2023-09-01T14:01:44.297
96.24501,30.80789,11.25,0.4,2023-09-01T14:10:08.399
94.54321,31.13537,15.12,1.11,2023-09-01T14:31:33.440
94.55174,31.14252,8.01,0.62,2023-09-01T15:15:18.520
96.24759,30.81381,10.93,0.33,2023-09-01T15:58:08.633
96.23946,30.79418,10.44,0.22,2023-09-01T17:29:57.647
96.23831,30.78929,10.5,0.19,2023-09-01T17:42:16.690
94.53917,31.15095,12.61,1.41,2023-09-01T18:23:34.809
96.24937,30.82177,10.72,0.01,2023-09-01T18:25:44.655
94.5412,31.15188,11.26,0.57,2023-09-01T18:38:18.340
96.23996,30.79433,10.48,0.19,2023-09-01T19:24:52.032
94.54269,31.14622,7.75,0.41,2023-09-01T20:22:04.706
96.23848,30.79119,9.78,0.18,2023-09-01T20:40:24.838
96.24101,30.79585,10.52,0.47,2023-09-01T23:26:45.754
96.24709,30.81109,10.97,1.02,2023-09-02T02:25:33.825
96.75273,31.17991,9.36,1.0,2023-09-02T04:20:19.663
96.48152,30.13431,6.4,1.07,2023-09-02T05:59:01.691
96.23896,30.79391,9.86,0.72,2023-09-02T06:13:02.068
95.02527,29.89037,9.08,1.38,2023-09-02T07:16:18.882
95.02495,29.89054,9.19,2.53,2023-09-02T08:41:18.563
96.93819,31.10205,6.19,0.74,2023-09-02T10:00:39.905
96.24571,30.80948,10.67,0.43,2023-09-02T10:39:12.796
96.4815,30.13449,6.32,1.3,2023-09-02T11:43:39.920
96.48076,30.13418,6.36,1.02,2023-09-02T11:44:01.502
96.4818,30.13449,6.3,1.54,2023-09-02T11:49:33.216
96.23955,30.79398,10.4,0.61,2023-09-02T12:55:31.646
94.54683,31.14108,10.61,2.09,2023-09-02T13:44:58.827
94.54599,31.14163,10.46,1.29,2023-09-02T13:50:36.327
94.54475,31.14,12.24,1.33,2023-09-02T14:00:52.618
96.48039,30.13446,6.17,0.36,2023-09-02T14:02:12.863
96.4807,30.1344,6.23,0.92,2023-09-02T14:03:26.411
94.54382,31.14072,12.23,0.69,2023-09-02T14:08:04.765
94.54938,31.14439,6.53,0.67,2023-09-02T14:31:38.404
94.54878,31.1396,10.27,1.16,2023-09-02T14:48:14.558
94.54817,31.14344,9.24,1.33,2023-09-02T14:50:40.735
96.24308,30.80239,9.96,0.31,2023-09-02T14:53:50.222
94.54158,31.15199,10.42,1.87,2023-09-02T15:10:48.168
94.54177,31.15185,10.77,1.59,2023-09-02T15:11:44.674
96.48042,30.13416,6.25,1.22,2023-09-02T15:12:20.227
94.54474,31.13993,12.53,1.33,2023-09-02T15:48:24.376
94.56491,31.1379,8.37,1.23,2023-09-02T15:51:29.953
94.54391,31.1393,12.63,0.4,2023-09-02T16:12:21.231
94.54177,31.15143,11.67,1.29,2023-09-02T16:23:03.011
94.5412,31.151,11.02,1.27,2023-09-02T16:40:44.469
94.54426,31.13986,12.34,1.33,2023-09-02T17:00:38.152
94.53846,31.15058,12.0,1.23,2023-09-02T17:05:17.175
95.02344,29.89362,9.32,1.13,2023-09-02T17:25:10.233
94.54178,31.15162,10.43,0.54,2023-09-02T17:28:51.555
94.54093,31.15139,11.16,1.04,2023-09-02T17:30:39.400
94.539,31.15404,13.06,0.96,2023-09-02T17:50:06.695
96.47826,30.13477,6.13,0.86,2023-09-02T18:26:29.796
96.24201,30.80147,9.75,0.57,2023-09-02T18:39:59.411
96.24201,30.80078,9.99,0.43,2023-09-02T18:55:19.715
94.54782,31.14046,10.12,1.18,2023-09-02T19:05:33.369
96.93891,31.10146,6.22,0.73,2023-09-02T19:06:20.600
94.54622,31.14214,10.97,1.22,2023-09-02T19:26:08.078
96.93796,31.10318,6.38,0.64,2023-09-02T19:28:12.857
94.54101,31.15056,10.9,1.21,2023-09-02T20:31:14.002
94.5446,31.14132,12.06,0.65,2023-09-02T22:40:33.632
94.54181,31.14082,12.39,1.32,2023-09-02T22:58:38.095
96.75236,31.17984,9.48,0.45,2023-09-02T23:14:44.729
94.5447,31.1399,12.47,1.08,2023-09-03T00:12:39.426
94.54345,31.14172,12.05,0.69,2023-09-03T00:38:23.956
94.99819,31.42749,5.73,0.75,2023-09-03T00:41:34.724
94.54045,31.13979,12.81,0.85,2023-09-03T00:43:47.744
94.54098,31.1289,16.57,1.26,2023-09-03T00:45:09.479
94.99828,31.42754,5.75,0.59,2023-09-03T01:01:38.206
94.54982,31.1423,8.8,1.16,2023-09-03T02:54:55.567
94.9987,31.42734,5.68,1.06,2023-09-03T04:58:29.912
94.54682,31.14231,10.81,1.2,2023-09-03T12:36:34.068
96.24397,30.80206,11.62,0.45,2023-09-03T13:54:07.015
96.24406,30.80214,11.62,0.32,2023-09-03T13:58:08.415
96.25304,30.81238,11.31,0.3,2023-09-03T14:05:31.724
96.25992,30.80935,10.24,0.05,2023-09-03T14:26:48.748
94.54451,31.14094,12.14,0.65,2023-09-03T14:40:11.241
96.88899,30.98816,13.17,0.2,2023-09-03T14:51:39.258
96.47885,30.13436,6.35,1.13,2023-09-03T15:40:15.564
96.88907,30.98821,13.28,0.22,2023-09-03T16:07:47.098
96.88912,30.98756,12.49,0.19,2023-09-03T16:35:06.923
96.75236,31.17984,9.48,1.09,2023-09-03T16:35:25.729
96.75176,31.1794,9.32,0.7,2023-09-03T16:38:53.382
94.54674,31.14226,10.49,1.29,2023-09-03T16:45:32.303
96.24888,30.82089,10.65,0.11,2023-09-03T17:24:19.551
96.24546,30.80013,10.87,-0.12,2023-09-03T17:42:26.781
94.54746,31.14401,9.62,0.63,2023-09-03T19:27:17.152
94.54994,31.14446,8.2,0.1,2023-09-03T20:15:50.449
94.55039,31.14434,8.34,0.12,2023-09-03T20:24:48.860
94.53616,31.14251,13.42,0.96,2023-09-03T20:50:06.276
94.55236,31.1454,7.85,0.17,2023-09-03T21:36:20.854
94.55041,31.14403,8.58,0.12,2023-09-03T22:10:24.682
94.54403,31.14008,12.58,1.32,2023-09-03T22:12:46.086
96.48231,30.13414,6.33,0.95,2023-09-03T23:07:29.744
96.24351,30.79861,10.28,0.28,2023-09-03T23:32:58.794
94.53674,31.16027,10.44,1.05,2023-09-04T07:37:49.512
96.88941,30.98814,13.1,0.28,2023-09-04T10:45:53.202
96.88899,30.98991,13.26,0.27,2023-09-04T10:46:34.618
96.88925,30.98809,13.22,0.06,2023-09-04T11:37:48.965
94.54192,31.15118,10.58,1.42,2023-09-04T15:49:23.946
94.53961,31.15075,12.0,0.99,2023-09-04T16:08:27.413
96.25951,30.80915,10.43,0.14,2023-09-04T16:53:11.762
96.23444,30.79102,10.77,0.43,2023-09-04T18:07:43.436
96.88864,30.98782,13.08,0.09,2023-09-04T18:31:48.517
96.88939,30.98853,13.18,0.26,2023-09-04T18:31:58.115
96.88921,30.98851,13.26,0.09,2023-09-04T18:32:10.970
96.88883,30.98829,13.04,0.35,2023-09-04T19:43:38.844
96.23971,30.79393,10.4,0.14,2023-09-04T20:53:59.227
96.24073,30.79594,10.66,0.18,2023-09-05T05:19:32.274
96.23985,30.79388,10.44,0.51,2023-09-05T07:22:24.422
96.23816,30.78955,10.51,1.03,2023-09-05T10:13:58.265
96.23806,30.78923,10.48,0.72,2023-09-05T10:55:30.474
96.24827,30.81476,10.65,0.49,2023-09-05T15:33:44.170
96.23854,30.78944,9.92,0.29,2023-09-05T15:58:51.234
96.95452,30.07713,9.54,2.29,2023-09-05T16:02:15.632
96.95388,30.07619,9.82,0.6,2023-09-05T16:07:55.934
96.95789,30.07578,9.38,0.54,2023-09-05T16:09:50.210
96.95331,30.07609,9.88,0.57,2023-09-05T16:11:13.296
96.95566,30.07754,9.2,0.59,2023-09-05T16:14:42.008
96.95618,30.07557,9.37,0.96,2023-09-05T16:17:35.953
96.95793,30.07573,9.4,0.54,2023-09-05T16:18:40.429
96.95592,30.07494,9.41,1.8,2023-09-05T16:43:31.456
97.06751,30.64791,9.82,0.49,2023-09-05T16:56:47.941
94.54404,31.14253,10.55,1.35,2023-09-05T17:10:26.285
96.23796,30.78921,10.48,-0.04,2023-09-05T17:43:59.585
94.53867,31.12705,17.2,1.09,2023-09-05T17:53:42.448
96.2592,30.80865,10.4,1.03,2023-09-05T17:56:43.089
94.54044,31.15219,11.35,1.49,2023-09-05T18:15:05.095
94.55129,31.14395,7.42,1.4,2023-09-05T19:16:34.975
94.54725,31.14327,9.19,0.84,2023-09-06T00:55:25.187
97.06965,30.6465,9.82,0.62,2023-09-06T01:19:04.931
96.2383,30.78803,11.34,0.34,2023-09-06T01:23:24.287
96.95395,30.07642,9.74,0.97,2023-09-06T03:45:17.055
93.16566,29.87622,11.39,2.31,2023-09-06T04:54:43.912
94.54832,31.14064,9.85,0.69,2023-09-06T05:35:27.972
94.54607,31.14227,9.75,1.93,2023-09-06T06:48:46.807
96.25945,30.80912,10.46,0.64,2023-09-06T07:48:46.428
96.47818,30.1344,6.38,1.34,2023-09-06T09:02:35.229
96.24719,30.81,11.27,0.24,2023-09-06T12:12:03.808
96.23801,30.78917,10.56,0.95,2023-09-06T12:12:54.468
96.24705,30.81048,11.2,0.45,2023-09-06T12:13:17.240
96.23807,30.78942,10.46,0.55,2023-09-06T14:00:19.667
96.23792,30.78938,10.52,0.52,2023-09-06T14:23:08.804
94.99846,31.42786,5.86,0.56,2023-09-06T17:03:25.786
96.93806,31.10116,6.25,0.91,2023-09-06T17:40:30.616
94.54611,31.13611,11.28,1.41,2023-09-06T20:38:33.483
94.55911,31.1475,7.71,1.2,2023-09-06T23:02:06.428
96.23954,30.78987,9.72,0.64,2023-09-06T23:23:52.080
95.03078,31.9224,8.08,1.26,2023-09-06T23:51:29.678
96.23671,30.78961,10.55,0.24,2023-09-07T01:17:26.565
96.23222,30.78277,11.38,0.78,2023-09-07T01:34:53.612
96.23817,30.78967,10.53,1.84,2023-09-07T02:03:01.044
96.47971,30.13424,6.41,0.38,2023-09-07T02:08:57.766
94.53468,31.15781,13.1,0.63,2023-09-07T03:35:07.219
95.03048,31.9208,8.26,1.76,2023-09-07T04:07:57.296
96.38735,30.31138,10.98,0.56,2023-09-07T08:04:28.491
95.03252,31.92028,8.02,1.42,2023-09-07T08:33:56.841
95.03236,31.92159,8.09,1.47,2023-09-07T08:34:22.979
95.0309,31.92179,8.18,1.38,2023-09-07T08:44:53.943
95.03123,31.92143,8.07,1.66,2023-09-07T09:53:27.147
96.48,30.13437,6.26,0.32,2023-09-07T13:20:09.125
96.2379,30.78918,10.57,0.77,2023-09-07T15:26:58.489
96.23728,30.78907,10.57,0.34,2023-09-07T16:04:52.013
96.23819,30.78926,10.49,0.34,2023-09-07T17:07:06.466
96.24031,30.7939,10.47,0.4,2023-09-07T18:24:46.799
96.23793,30.78931,10.39,0.3,2023-09-07T19:06:53.667
96.2378,30.78896,10.52,0.46,2023-09-07T19:12:21.324
97.0702,30.6465,9.68,0.81,2023-09-07T19:34:37.003
96.23759,30.78906,10.68,0.39,2023-09-07T20:36:37.889
94.53978,31.15456,11.68,0.82,2023-09-07T21:03:08.499
96.93664,31.10502,6.12,0.67,2023-09-07T22:02:04.845
96.24121,30.79471,11.29,0.49,2023-09-07T23:09:00.177
95.0324,31.95535,4.15,1.3,2023-09-08T02:12:21.838
94.54218,31.15051,10.78,1.54,2023-09-08T02:51:05.741
94.53787,31.1549,11.52,0.79,2023-09-08T04:39:26.575
96.23196,30.78302,11.15,0.21,2023-09-08T04:51:49.583
96.23792,30.78922,10.52,0.5,2023-09-08T09:47:50.613
94.54679,31.14198,8.68,1.08,2023-09-08T10:49:09.519
94.54206,31.14179,11.41,0.69,2023-09-08T13:19:55.735
94.83848,30.40116,7.0,3.56,2023-09-08T19:33:33.023
94.83527,30.40279,9.44,3.23,2023-09-08T19:33:49.504
94.83756,30.40094,4.08,1.24,2023-09-08T19:37:05.927
94.83779,30.40177,4.09,0.66,2023-09-08T19:40:47.601
94.85702,30.40238,4.21,0.91,2023-09-08T19:45:00.729
94.85706,30.40241,4.21,0.85,2023-09-08T20:03:28.860
96.2382,30.78897,10.37,0.1,2023-09-08T20:06:25.272
94.83779,30.40108,4.13,1.34,2023-09-08T20:26:08.850
96.23763,30.78869,10.61,0.28,2023-09-08T20:30:26.512
94.85021,30.39334,6.9,1.13,2023-09-08T21:01:07.088
94.85288,30.3992,5.88,1.02,2023-09-08T21:02:20.987
94.8504,30.40084,5.7,1.1,2023-09-08T21:15:19.623
94.85047,30.38858,7.54,1.31,2023-09-08T21:32:34.099
94.54791,31.14254,8.63,1.65,2023-09-08T22:29:05.515
94.85703,30.40245,4.23,0.89,2023-09-08T22:46:05.748
94.85133,30.3951,6.06,1.31,2023-09-08T22:52:05.936
94.55669,31.1475,8.05,1.43,2023-09-08T23:32:55.324
94.54698,31.14264,8.97,1.02,2023-09-08T23:54:42.952
94.83739,30.40106,4.07,1.27,2023-09-09T00:51:29.622
96.24282,30.80371,10.04,1.08,2023-09-09T01:00:12.323
94.83666,30.40088,7.88,1.74,2023-09-09T01:41:56.118
94.85703,30.40243,4.21,0.91,2023-09-09T01:56:19.128
94.83129,30.40515,6.12,2.89,2023-09-09T03:23:12.347
94.85483,30.4106,-0.2,1.09,2023-09-09T04:20:45.208
96.97832,30.30053,4.03,0.87,2023-09-09T04:36:43.520
94.84432,30.40355,4.33,1.9,2023-09-09T04:42:07.663
94.85622,30.4106,-0.36,0.68,2023-09-09T05:07:28.876
94.85032,30.38856,7.57,1.07,2023-09-09T05:29:50.175
94.8309,30.39854,8.5,1.29,2023-09-09T05:55:51.025
94.84538,30.40367,5.93,2.63,2023-09-09T05:57:32.738
94.85483,30.4106,-0.2,1.07,2023-09-09T07:28:18.658
94.84788,30.39808,6.92,2.04,2023-09-09T07:33:19.421
96.93753,30.29298,5.32,1.94,2023-09-09T10:17:25.366
94.85703,30.40239,4.13,0.99,2023-09-09T10:25:20.397
94.85626,30.40221,4.03,1.13,2023-09-09T11:29:00.706
94.85138,30.39417,6.34,1.16,2023-09-09T13:02:03.851
96.97188,30.30637,2.97,0.86,2023-09-09T16:01:23.431
94.53935,31.13162,16.89,0.76,2023-09-09T17:17:28.789
94.53975,31.15532,12.44,1.11,2023-09-09T18:59:49.552
96.25,30.81335,11.82,-0.34,2023-09-09T19:39:05.103
96.25039,30.81324,11.73,0.15,2023-09-09T19:49:29.733
94.85702,30.40238,4.21,0.88,2023-09-09T20:32:56.429
96.55895,29.999,8.33,1.4,2023-09-09T21:26:48.832
96.55895,29.9991,8.26,1.57,2023-09-09T21:44:36.420
96.93755,30.29216,5.39,0.82,2023-09-09T22:16:32.785
94.83789,30.40141,4.12,1.04,2023-09-09T22:41:23.363
94.83541,30.39601,7.05,3.41,2023-09-10T00:10:45.844
94.83529,30.40268,7.97,2.71,2023-09-10T00:11:20.710
94.85104,30.39397,6.54,1.12,2023-09-10T00:22:55.134
94.85708,30.40235,4.22,0.82,2023-09-10T00:27:06.929
94.85041,30.38853,7.59,1.23,2023-09-10T00:48:07.374
96.238,30.78935,10.53,0.79,2023-09-10T01:00:23.355
94.8309,30.39876,8.28,1.39,2023-09-10T01:00:34.175
94.83875,30.39334,5.96,1.68,2023-09-10T01:19:01.083
94.85696,30.40245,4.09,0.94,2023-09-10T01:52:37.695
94.84995,30.3932,6.84,2.13,2023-09-10T03:04:03.886
94.85725,30.40162,4.42,0.78,2023-09-10T03:21:49.252
94.84788,30.39808,6.92,2.01,2023-09-10T03:42:06.301
94.84377,30.40367,7.29,3.31,2023-09-10T04:01:06.939
94.83781,30.40154,4.09,0.72,2023-09-10T04:03:52.651
94.85703,30.40237,4.27,0.89,2023-09-10T04:04:58.554
94.85988,30.39838,3.26,0.78,2023-09-10T04:15:47.035
94.85708,30.40238,4.14,0.91,2023-09-10T04:43:52.047
94.85698,30.4019,4.15,1.06,2023-09-10T04:44:40.238
94.85483,30.4106,0.09,1.23,2023-09-10T04:45:50.336
94.83689,30.40054,4.3,0.92,2023-09-10T04:49:50.002
96.23853,30.78772,11.43,0.76,2023-09-10T05:03:32.378
94.54834,31.14542,7.9,1.01,2023-09-10T05:10:10.196
94.54095,31.15598,11.1,1.21,2023-09-10T05:52:02.266
94.84788,30.39798,6.98,1.92,2023-09-10T05:55:43.424
94.86026,30.39831,3.25,1.24,2023-09-10T06:17:53.677
94.85701,30.40236,4.29,0.86,2023-09-10T06:34:47.655
94.85703,30.40226,4.22,0.88,2023-09-10T09:51:19.014
94.85685,30.40221,4.41,0.73,2023-09-10T14:38:39.070
94.83735,30.40069,4.34,1.45,2023-09-10T14:41:27.187
95.0324,31.94977,4.19,0.95,2023-09-10T15:42:52.807
96.25959,30.80912,10.39,0.65,2023-09-10T15:45:00.987
94.99857,31.42707,6.0,0.53,2023-09-10T15:54:41.773
95.01718,31.93648,3.95,1.12,2023-09-10T16:58:54.485
95.01718,31.93648,3.95,1.05,2023-09-10T17:03:15.185
95.01823,31.93532,3.84,1.06,2023-09-10T17:11:31.519
95.01709,31.93597,4.04,1.06,2023-09-10T17:22:27.926
95.01716,31.93649,3.94,1.04,2023-09-10T17:38:29.884
95.01693,31.93462,3.69,1.01,2023-09-10T18:22:08.532
95.01728,31.93665,4.18,1.05,2023-09-10T18:34:24.599
95.01732,31.93664,4.17,1.05,2023-09-10T18:36:53.158
95.01718,31.93648,3.95,1.06,2023-09-10T18:37:53.355
95.0169,31.93899,4.76,0.99,2023-09-10T18:44:14.525
96.23813,30.78957,10.24,0.54,2023-09-10T18:53:34.651
95.0324,31.94977,4.19,0.85,2023-09-10T19:05:30.777
95.01973,31.93362,3.25,1.08,2023-09-10T19:14:51.872
94.85046,30.40084,5.72,1.08,2023-09-10T19:16:51.991
95.01711,31.93363,4.06,1.41,2023-09-10T19:26:06.331
95.01551,31.93874,3.84,1.11,2023-09-10T19:27:58.721
95.01693,31.93466,3.69,1.06,2023-09-10T19:41:08.550
95.42068,32.09614,9.49,1.17,2023-09-10T22:21:46.790
96.93774,30.29256,5.55,0.83,2023-09-10T23:35:18.621
95.42053,32.09488,9.54,1.34,2023-09-11T01:01:28.830
94.53893,31.13226,16.84,1.0,2023-09-11T01:16:05.924
96.2597,30.8094,10.03,0.33,2023-09-11T01:19:07.951
94.54063,31.1573,10.66,1.41,2023-09-11T01:22:35.441
96.24601,30.80903,10.7,0.61,2023-09-11T02:41:55.991
94.54644,31.14163,10.94,1.53,2023-09-11T02:43:28.974
94.54405,31.14107,11.42,1.15,2023-09-11T02:44:31.108
96.38682,30.31044,10.96,0.53,2023-09-11T04:14:54.718
94.85704,30.40238,4.21,0.94,2023-09-11T04:43:56.627
96.93993,30.28689,6.36,0.9,2023-09-11T07:45:50.304
94.86026,30.39831,3.22,1.06,2023-09-11T08:44:50.413
94.54641,31.14215,9.4,1.74,2023-09-11T09:52:48.340
94.54401,31.14487,10.31,0.86,2023-09-11T18:10:32.394
95.4203,32.09341,9.71,1.0,2023-09-11T19:06:09.390
95.42131,32.09438,9.94,1.89,2023-09-11T19:20:49.608
94.54754,31.14487,8.2,0.54,2023-09-11T21:10:40.730
95.42131,32.09438,9.94,1.08,2023-09-11T21:33:33.008
96.48033,30.13438,6.3,0.33,2023-09-11T22:15:56.807
96.48032,30.13443,6.29,0.47,2023-09-11T22:18:33.661
96.48049,30.13396,6.56,0.84,2023-09-11T22:25:40.117
96.48057,30.13428,6.34,0.42,2023-09-11T22:27:33.156
94.54931,31.14549,7.71,0.35,2023-09-11T22:39:20.867
96.48068,30.13413,7.03,0.83,2023-09-11T22:41:56.147
96.48004,30.1345,6.36,0.34,2023-09-11T22:43:47.974
94.54728,31.14092,9.5,1.08,2023-09-12T00:05:35.577
94.85483,30.4106,-0.2,1.03,2023-09-12T03:28:52.508
96.48179,30.1341,6.4,0.49,2023-09-12T03:46:59.429
96.48181,30.13442,6.41,0.82,2023-09-12T03:54:43.702
96.36352,30.09656,8.51,1.68,2023-09-12T05:18:41.353
96.24553,30.80813,11.28,0.52,2023-09-12T05:19:46.617
96.38725,30.31099,10.97,0.53,2023-09-12T09:57:44.151
96.24446,30.80217,10.98,0.92,2023-09-12T10:15:28.110
94.85697,30.40236,4.17,0.89,2023-09-12T10:19:07.379
94.83782,30.40105,4.2,1.09,2023-09-12T12:54:21.678
96.23931,30.79282,10.01,0.58,2023-09-12T13:36:17.309
93.16594,29.87644,11.82,1.74,2023-09-12T13:39:39.806
96.23875,30.79297,10.11,0.43,2023-09-12T14:28:44.041
94.5412,31.1549,10.81,1.19,2023-09-12T17:34:01.600
96.23934,30.79612,9.97,0.52,2023-09-12T17:38:35.840
95.42129,32.09441,10.06,1.09,2023-09-12T22:31:44.631
96.23798,30.78891,10.6,0.41,2023-09-13T00:43:20.427
94.54066,31.15644,10.27,1.37,2023-09-13T01:24:07.803
94.53466,31.155,14.79,0.96,2023-09-13T01:25:15.357
94.54088,31.15686,10.34,0.96,2023-09-13T01:25:30.602
96.23796,30.79164,10.15,0.62,2023-09-13T06:46:47.281
94.87205,31.09683,8.01,1.07,2023-09-13T06:53:51.518
94.87015,31.09777,8.59,0.86,2023-09-13T06:55:04.182
96.2203,30.79751,10.76,0.34,2023-09-13T10:39:17.000
94.53474,31.15326,14.41,0.74,2023-09-13T12:52:06.905
94.53871,31.15536,11.4,0.8,2023-09-13T16:32:15.386
96.24535,30.80871,10.88,0.49,2023-09-13T16:48:03.073
94.5378,31.15404,12.33,0.77,2023-09-13T16:54:32.948
96.2442,30.80607,9.83,1.27,2023-09-13T18:01:32.464
95.0987,31.2371,9.17,0.2,2023-09-13T18:38:50.241
94.53981,31.15658,10.45,0.96,2023-09-13T18:41:34.442
94.53615,31.15541,12.65,0.76,2023-09-13T18:54:57.932
94.53571,31.15541,12.99,0.92,2023-09-13T19:17:21.160
94.55352,31.15339,9.1,0.76,2023-09-13T19:27:12.503
94.53761,31.1555,12.71,0.73,2023-09-13T19:37:06.871
94.53961,31.15596,10.7,0.78,2023-09-13T19:54:51.455
96.24559,30.80871,10.85,1.69,2023-09-13T20:05:58.614
96.24594,30.80849,10.78,0.14,2023-09-13T20:07:07.399
94.55968,31.15221,7.92,0.74,2023-09-13T20:18:24.449
96.24805,30.81556,10.68,0.69,2023-09-13T20:38:17.004
96.24488,30.8065,9.8,-0.06,2023-09-13T20:45:58.650
96.24574,30.80881,10.7,0.27,2023-09-13T21:17:15.921
95.0987,31.2371,9.17,0.19,2023-09-13T21:38:22.311
96.24373,30.80188,10.43,0.29,2023-09-13T22:30:53.852
94.53954,31.15534,10.44,1.15,2023-09-13T23:00:03.358
94.53984,31.15575,10.55,1.53,2023-09-13T23:00:42.453
94.5639,31.15341,4.55,0.48,2023-09-13T23:20:53.522
96.23813,30.78878,11.37,0.86,2023-09-14T02:36:01.223
94.53539,31.15605,13.19,0.75,2023-09-14T05:00:53.407
95.0324,31.94977,4.19,1.43,2023-09-14T07:48:43.226
94.53598,31.15952,11.97,1.56,2023-09-14T09:58:12.509
96.38586,30.30895,10.95,0.57,2023-09-14T10:48:00.272
94.53501,31.15893,11.91,0.87,2023-09-14T11:11:00.519
96.23853,30.78865,11.29,0.37,2023-09-14T12:22:00.594
96.24425,30.80607,9.82,0.31,2023-09-14T13:37:54.245
94.5342,31.15735,12.4,0.74,2023-09-14T14:27:58.261
94.53431,31.15711,13.47,0.71,2023-09-14T14:28:38.803
94.53479,31.15823,11.53,0.85,2023-09-14T14:30:01.534
94.53489,31.15659,13.42,0.7,2023-09-14T14:59:37.891
94.54133,31.12791,17.23,0.82,2023-09-14T16:12:33.087
96.2203,30.79753,10.75,0.36,2023-09-14T16:27:09.650
94.54767,31.13008,12.31,1.07,2023-09-14T21:23:03.608
95.01534,29.89687,8.67,1.43,2023-09-14T21:56:05.874
95.0324,31.94977,4.19,1.16,2023-09-14T22:59:25.227
94.53801,31.15411,12.9,1.26,2023-09-14T23:00:04.962
94.53395,31.15635,12.44,0.54,2023-09-14T23:17:39.916
94.54737,31.13132,12.15,0.92,2023-09-14T23:31:25.706
94.53629,31.15989,12.04,1.27,2023-09-14T23:40:50.862
94.53294,31.15941,13.06,1.31,2023-09-15T01:35:58.279
94.54837,31.1244,15.29,1.19,2023-09-15T06:36:11.911
94.54485,31.14532,10.62,1.84,2023-09-15T06:45:53.112
96.2394,30.79277,10.43,0.91,2023-09-15T09:44:31.661
96.23934,30.79335,10.38,0.15,2023-09-15T09:44:51.167
94.54548,31.14431,10.6,1.52,2023-09-15T11:19:43.442
96.24376,30.80206,10.84,1.46,2023-09-15T12:02:36.982
96.24327,30.80159,10.76,0.33,2023-09-15T12:12:38.790
96.24379,30.8021,10.94,0.33,2023-09-15T12:21:25.484
97.08234,30.65365,9.14,0.85,2023-09-15T13:55:58.179
94.5477,31.13627,13.38,0.76,2023-09-15T14:31:48.208
94.54245,31.14645,7.68,1.11,2023-09-15T15:04:55.182
94.54804,31.12469,15.43,0.8,2023-09-15T15:08:31.242
94.54245,31.14645,7.68,0.48,2023-09-15T15:39:59.352
94.54755,31.13648,14.72,1.21,2023-09-15T15:51:20.290
94.54694,31.13666,14.2,1.2,2023-09-15T16:14:20.203
94.54796,31.13627,14.13,1.15,2023-09-15T16:51:06.946
96.24329,30.80307,10.73,0.22,2023-09-15T16:57:16.663
95.05958,31.90464,7.41,0.79,2023-09-15T16:58:59.339
96.24316,30.80072,10.84,0.81,2023-09-15T17:13:24.747
96.22998,30.7984,13.66,0.05,2023-09-15T17:17:08.037
97.08258,30.6536,9.12,0.31,2023-09-15T17:43:21.966
96.93636,31.1012,6.12,1.1,2023-09-15T17:55:42.627
94.5477,31.13627,14.29,1.05,2023-09-15T18:03:57.385
97.0819,30.65392,9.37,0.32,2023-09-15T18:23:53.003
94.54565,31.1346,14.19,0.56,2023-09-15T18:35:55.696
97.08238,30.65373,9.16,0.53,2023-09-15T19:54:47.520
97.08299,30.65365,9.24,0.67,2023-09-15T20:01:04.348
96.23749,30.79306,9.54,0.71,2023-09-15T20:52:29.188
94.53963,31.14604,8.79,0.91,2023-09-15T21:29:05.715
96.23783,30.79331,9.59,-0.11,2023-09-15T21:30:34.708
97.0822,30.6535,8.98,0.34,2023-09-16T02:07:57.924
97.08198,30.6533,9.07,0.58,2023-09-16T02:22:19.506
96.24536,30.81056,10.18,1.27,2023-09-16T03:46:36.549
94.53868,31.14573,8.91,0.97,2023-09-16T04:19:15.590
96.90113,30.27968,6.74,1.69,2023-09-16T08:37:02.882
96.90132,30.27945,6.84,1.14,2023-09-16T08:43:13.549
96.9022,30.27939,6.77,0.95,2023-09-16T08:52:35.272
94.82903,30.40414,6.43,2.98,2023-09-16T11:23:53.333
96.90215,30.27968,6.72,0.96,2023-09-16T11:44:54.097
94.94421,30.02661,8.59,1.68,2023-09-16T12:40:55.787
94.55078,31.12451,18.79,0.81,2023-09-16T13:43:56.483
94.83903,30.39853,7.22,1.45,2023-09-16T15:31:53.749
95.06046,31.9045,7.13,1.04,2023-09-16T18:23:21.935
94.94415,30.02616,8.48,1.13,2023-09-16T21:36:48.645
94.94516,30.02614,8.54,0.97,2023-09-16T23:29:12.897
94.54228,31.1464,7.71,1.08,2023-09-17T01:17:21.360
94.77326,30.11569,9.58,1.74,2023-09-17T04:31:46.006
94.77383,30.11604,9.6,1.6,2023-09-17T04:34:33.971
94.77271,30.11581,9.62,1.55,2023-09-17T05:19:04.120
94.7732,30.11592,9.52,1.95,2023-09-17T05:29:36.157
96.23888,30.79329,9.77,0.67,2023-09-17T05:29:48.281
94.77191,30.11545,9.53,1.46,2023-09-17T06:14:39.695
96.2415,30.79234,10.65,0.62,2023-09-17T07:14:55.959
96.23788,30.78903,10.45,1.57,2023-09-17T10:33:54.896
96.2616,30.8037,10.89,0.39,2023-09-17T13:08:33.271
96.26103,30.8037,10.8,0.33,2023-09-17T13:28:53.223
94.5384,31.15939,11.0,0.88,2023-09-17T14:23:31.788
94.54041,31.14473,8.47,1.48,2023-09-17T14:53:42.809
96.23533,30.79202,10.84,0.28,2023-09-17T15:04:24.035
94.55242,31.12549,18.47,0.8,2023-09-17T15:04:48.469
96.25887,30.8028,11.66,0.26,2023-09-17T17:28:41.108
96.8978,31.0839,12.76,0.18,2023-09-17T18:04:49.094
94.54503,31.14658,6.27,0.78,2023-09-17T19:49:01.334
96.8978,31.0839,12.76,0.35,2023-09-17T20:25:41.714
94.55266,31.12318,15.29,0.85,2023-09-17T20:32:07.288
96.23797,30.78889,10.54,0.1,2023-09-17T21:01:12.644
94.54707,31.1291,15.66,0.71,2023-09-17T21:12:47.557
94.9042,30.2914,11.16,1.5,2023-09-18T00:53:42.100
94.53989,31.13225,17.12,1.04,2023-09-18T02:54:18.226
94.54827,31.14118,10.8,0.98,2023-09-18T05:45:30.922
97.0749,30.65395,8.51,0.37,2023-09-18T08:56:52.393
94.9042,30.2914,11.16,1.3,2023-09-18T09:01:09.300
94.77477,30.11647,9.09,1.64,2023-09-18T13:45:30.963
94.93329,29.90096,8.81,1.4,2023-09-18T14:01:16.664
94.77583,30.11673,9.23,1.32,2023-09-18T14:20:22.189
97.07495,30.65421,8.3,1.25,2023-09-18T15:13:00.030
94.54747,31.14497,8.28,0.97,2023-09-18T15:31:44.809
94.93455,29.90225,8.65,1.18,2023-09-18T15:48:33.247
94.93411,29.90217,8.65,1.77,2023-09-18T15:52:20.824
94.93411,29.90217,8.65,2.14,2023-09-18T16:04:54.134
94.54067,31.12876,17.19,1.08,2023-09-18T16:10:19.083
97.07501,30.65418,8.3,0.52,2023-09-18T16:56:44.008
94.54394,31.13827,11.64,1.06,2023-09-18T17:58:27.174
96.25939,30.8081,10.29,0.4,2023-09-18T18:03:06.335
96.25913,30.80877,10.22,0.31,2023-09-18T18:47:40.824
94.54788,31.14389,8.53,0.29,2023-09-18T18:54:15.075
96.24329,30.80105,10.37,0.29,2023-09-18T19:13:00.095
94.55001,31.15568,7.47,1.19,2023-09-18T20:22:05.269
96.25938,30.80821,10.32,0.4,2023-09-18T20:37:46.680
97.07452,30.65463,8.3,0.58,2023-09-18T20:40:48.474
96.25915,30.80824,10.31,0.05,2023-09-18T21:29:32.951
94.5402,31.15173,11.92,1.03,2023-09-19T11:19:24.441
94.64828,31.89951,2.14,2.09,2023-09-19T14:38:28.459
94.64886,31.90138,2.26,2.86,2023-09-19T14:39:44.340
94.64813,31.90038,2.35,1.58,2023-09-19T14:41:27.805
94.64982,31.9021,2.22,1.73,2023-09-19T14:47:22.595
94.64927,31.90308,2.35,1.42,2023-09-19T14:56:15.982
94.54425,31.12966,15.25,1.52,2023-09-19T15:30:05.397
97.0809,30.65365,8.77,1.03,2023-09-19T15:46:42.128
97.0805,30.65336,8.84,0.61,2023-09-19T16:05:45.742
94.64748,31.89964,2.25,1.57,2023-09-19T16:55:26.603
94.647,31.902,2.7,1.81,2023-09-19T17:27:19.145
94.54106,31.15201,11.67,1.46,2023-09-19T17:38:54.352
94.55295,31.13852,8.33,1.06,2023-09-19T18:04:25.885
97.08089,30.6536,8.88,0.57,2023-09-19T19:05:01.881
94.54304,31.1357,15.03,0.92,2023-09-19T19:44:23.055
97.08174,30.65396,9.04,0.72,2023-09-19T20:07:12.462
96.23867,30.79168,9.62,-0.28,2023-09-19T21:02:00.050
94.54301,31.12318,16.88,0.95,2023-09-19T21:13:20.448
96.23877,30.7913,9.6,0.13,2023-09-19T21:34:57.911
94.64881,31.90134,2.26,2.0,2023-09-19T22:42:17.441
94.64886,31.90138,2.26,2.37,2023-09-19T22:59:06.040
94.5414,31.15139,10.7,1.0,2023-09-19T23:09:39.738
94.5653,31.1578,1.73,1.0,2023-09-19T23:15:00.484
94.54028,31.15023,9.64,1.54,2023-09-20T01:05:00.052
94.54064,31.14945,10.01,1.4,2023-09-20T01:13:55.465
94.53983,31.14907,11.75,1.19,2023-09-20T01:14:34.577
94.54077,31.14979,9.49,1.33,2023-09-20T01:18:31.581
94.54211,31.1435,16.39,1.51,2023-09-20T02:25:06.222
94.54313,31.14894,9.78,0.61,2023-09-20T02:34:06.943
94.54053,31.14939,10.01,1.44,2023-09-20T05:47:18.613
94.54079,31.14975,10.1,1.36,2023-09-20T06:51:13.446
97.08036,30.6527,8.87,0.76,2023-09-20T06:55:17.034
97.07975,30.65247,9.05,0.94,2023-09-20T07:04:14.410
94.5404,31.1495,10.08,2.12,2023-09-20T08:29:20.981
94.64968,31.90049,2.22,1.66,2023-09-20T08:57:40.421
94.54632,31.1402,9.73,1.15,2023-09-20T09:35:36.720
95.10089,31.2399,9.84,0.65,2023-09-20T11:53:31.671
96.23642,30.78993,9.68,0.38,2023-09-20T12:06:13.465
95.1005,31.23999,9.8,0.64,2023-09-20T12:11:54.612
94.54955,31.13578,8.44,0.93,2023-09-20T13:42:00.593
94.55039,31.13247,9.7,1.05,2023-09-20T14:41:35.971
94.54715,31.13918,10.24,0.99,2023-09-20T16:02:51.971
95.1009,31.23981,9.79,0.5,2023-09-20T16:33:20.669
96.24875,30.80847,11.31,-0.14,2023-09-20T16:44:11.265
97.08014,30.65247,8.79,0.8,2023-09-20T17:06:15.201
96.75147,31.17667,9.49,-0.08,2023-09-20T20:35:26.681
96.75127,31.17639,9.53,0.05,2023-09-20T20:35:54.839
96.75138,31.17669,9.48,0.28,2023-09-20T20:36:52.334
96.7516,31.17716,9.49,0.32,2023-09-20T20:38:05.213
96.75139,31.17598,9.57,-0.14,2023-09-20T20:59:20.135
96.75153,31.17631,9.51,0.03,2023-09-20T21:11:09.354
96.75136,31.17457,10.0,0.01,2023-09-20T21:12:29.544
96.75133,31.17599,9.45,0.0,2023-09-20T21:12:46.210
96.75185,31.17711,9.33,-0.05,2023-09-20T21:17:14.618
96.7514,31.17666,9.49,0.39,2023-09-20T21:17:29.662
96.75102,31.17657,9.49,0.34,2023-09-20T21:20:04.140
96.75122,31.17473,9.59,0.04,2023-09-20T21:22:35.918
96.75147,31.17661,9.49,-0.14,2023-09-20T21:43:13.682
96.75045,31.18423,9.05,0.31,2023-09-20T22:07:28.338
96.75245,31.18673,8.82,0.0,2023-09-20T22:11:33.589
96.75131,31.17638,9.54,0.21,2023-09-20T22:17:52.508
94.54389,31.13074,14.66,1.9,2023-09-20T23:40:51.825
94.53889,31.12973,16.87,1.41,2023-09-21T00:29:52.150
94.54747,31.14497,8.61,1.05,2023-09-21T02:22:48.277
94.53958,31.12727,16.95,1.15,2023-09-21T03:38:55.326
94.53929,31.12876,16.93,1.32,2023-09-21T05:54:13.606
95.02575,31.91503,8.12,1.31,2023-09-21T06:11:32.368
94.54371,31.14258,11.74,1.49,2023-09-21T06:40:47.729
95.02749,31.91562,7.99,2.03,2023-09-21T06:47:39.101
95.02692,31.91505,7.94,1.97,2023-09-21T06:53:29.071
95.02735,31.91578,7.81,1.46,2023-09-21T07:34:04.474
94.54724,31.1336,12.03,1.05,2023-09-21T07:51:18.369
95.02706,31.91564,7.96,1.49,2023-09-21T09:40:41.998
94.5484,31.13699,9.91,1.44,2023-09-21T09:43:06.455
94.54167,31.15192,10.47,1.74,2023-09-21T10:11:27.153
97.07495,30.65421,8.3,1.0,2023-09-21T11:18:00.530
96.98265,30.32501,6.95,0.67,2023-09-21T12:07:45.597
95.02873,31.91457,7.3,1.29,2023-09-21T13:15:10.659
95.02706,31.91603,8.09,1.32,2023-09-21T14:31:56.495
95.02706,31.91613,8.09,1.26,2023-09-21T14:42:55.412
96.24556,30.80824,11.44,0.12,2023-09-21T15:16:23.411
94.54074,31.12972,17.11,1.2,2023-09-21T16:15:37.783
95.02678,31.9151,7.97,1.68,2023-09-21T17:07:19.422
94.54307,31.14066,11.27,1.0,2023-09-21T17:38:25.347
95.02954,31.91253,6.54,1.1,2023-09-21T17:55:03.642
95.02695,31.91588,8.01,1.18,2023-09-21T18:00:51.914
96.24103,30.79599,10.52,-0.02,2023-09-21T18:09:12.215
94.54822,31.13465,10.67,0.53,2023-09-21T18:48:16.214
94.53896,31.12941,16.78,1.04,2023-09-21T18:51:26.369
94.54901,31.13993,9.58,1.07,2023-09-21T20:48:23.366
95.02716,31.91528,7.89,1.26,2023-09-21T21:15:58.843
95.8433,30.0455,7.94,1.1,2023-09-21T21:33:54.291
94.75465,31.81454,3.44,2.13,2023-09-21T23:12:49.990
94.54124,31.15359,10.6,0.97,2023-09-22T02:20:10.557
94.63077,28.9173,19.87,2.09,2023-09-22T05:16:43.939
94.63162,28.91771,19.84,1.47,2023-09-22T05:22:26.707
94.55192,31.13894,8.4,1.03,2023-09-22T07:56:15.845
94.54785,31.12896,15.57,0.99,2023-09-22T08:01:40.428
94.54728,31.12945,15.51,1.16,2023-09-22T10:12:17.071
94.54091,31.154,11.98,0.79,2023-09-22T10:27:34.147
94.55146,31.13956,8.61,1.04,2023-09-22T12:51:03.380
95.05944,31.90523,7.4,0.93,2023-09-22T15:24:46.599
94.54019,31.15501,11.03,1.11,2023-09-22T16:02:47.660
94.54024,31.15381,12.15,0.71,2023-09-22T16:48:34.269
94.63033,28.91855,19.87,2.18,2023-09-22T17:30:14.179
94.63214,28.916,19.35,1.23,2023-09-22T18:17:28.793
94.53963,31.15409,12.09,0.69,2023-09-22T18:50:08.666
94.5397,31.15339,11.9,0.71,2023-09-22T19:18:49.064
94.53993,31.15411,11.71,0.66,2023-09-22T19:29:46.146
96.23758,30.7889,10.52,-0.03,2023-09-22T19:47:59.472
94.54071,31.15491,11.35,0.9,2023-09-22T21:20:04.007
94.54781,31.1288,15.55,0.76,2023-09-22T21:31:53.443
94.63033,28.91855,19.87,3.12,2023-09-22T22:34:20.329
94.6312,28.91353,19.73,1.35,2023-09-22T22:38:57.661
94.63173,28.91912,19.82,2.04,2023-09-22T22:42:17.463
94.63178,28.91913,19.81,1.98,2023-09-22T23:22:29.893
95.05854,31.90566,7.66,1.1,2023-09-23T00:08:35.953
94.62953,28.91581,19.93,1.44,2023-09-23T00:15:56.351
96.23966,30.79171,10.33,0.36,2023-09-23T02:26:51.500
94.63118,28.91371,19.75,1.63,2023-09-23T07:59:02.141
96.24381,30.80256,11.17,0.19,2023-09-23T10:58:04.109
94.55135,31.13922,8.55,0.88,2023-09-23T16:50:02.306
94.55143,31.13918,8.77,1.04,2023-09-23T17:16:59.320
96.8978,31.0839,12.76,0.33,2023-09-23T19:58:28.394
94.54591,31.13428,15.73,1.13,2023-09-23T20:30:32.908
94.55074,31.14007,8.82,0.95,2023-09-23T20:54:32.817
95.05972,31.90601,7.46,0.81,2023-09-23T21:05:37.097
95.05865,31.90575,7.65,0.93,2023-09-23T23:17:43.882
95.01029,31.74847,6.12,1.58,2023-09-24T01:19:29.837
94.54271,31.14804,9.55,0.69,2023-09-24T08:05:25.028
95.01029,31.74847,6.12,1.82,2023-09-24T08:07:01.967
94.54671,31.13957,9.56,0.83,2023-09-24T09:14:42.811
94.64732,31.90191,2.4,1.67,2023-09-24T11:56:24.480
94.53908,31.15337,9.62,0.87,2023-09-24T12:24:37.665
94.53425,31.14551,13.65,0.95,2023-09-24T14:09:09.898
96.2372,30.78957,9.65,0.82,2023-09-24T14:12:05.655
96.23725,30.78969,9.74,1.03,2023-09-24T15:11:58.937
96.23716,30.78946,9.62,0.5,2023-09-24T15:22:21.811
96.23844,30.78915,9.47,0.25,2023-09-24T15:29:35.909
96.24535,30.8034,11.24,0.36,2023-09-24T17:53:03.034
94.54334,31.13315,15.18,0.89,2023-09-24T18:30:08.632
95.00913,31.74706,6.12,0.74,2023-09-24T18:56:16.034
94.55165,31.13669,8.12,1.34,2023-09-24T20:29:10.717
94.54869,31.13916,9.27,1.51,2023-09-24T21:23:02.269
96.23714,30.79009,9.69,1.49,2023-09-24T22:22:19.847
96.2373,30.79028,9.77,0.37,2023-09-24T22:23:07.106
96.23719,30.78957,9.76,0.37,2023-09-24T22:27:26.368
94.54664,31.13908,8.87,1.16,2023-09-24T22:28:49.863
96.23754,30.79083,9.6,0.2,2023-09-24T23:08:46.541
94.54919,31.13957,9.41,1.34,2023-09-25T00:46:43.419
96.23826,30.79051,9.79,0.46,2023-09-25T01:01:48.072
96.23803,30.79126,9.64,0.28,2023-09-25T01:37:56.156
95.02781,31.91507,7.88,1.47,2023-09-25T02:03:00.828
94.54401,31.13761,11.86,1.49,2023-09-25T02:19:33.010
96.23582,30.79278,11.4,0.28,2023-09-25T04:36:09.237
94.5414,31.14514,12.9,1.58,2023-09-25T05:28:50.513
94.93954,29.89084,8.98,1.96,2023-09-25T06:54:02.578
97.07579,30.65552,8.56,0.5,2023-09-25T09:16:03.127
96.23519,30.78736,9.68,0.27,2023-09-25T10:41:57.638
95.02683,31.95418,6.55,1.6,2023-09-25T11:02:33.324
96.2203,30.79727,10.77,0.17,2023-09-25T13:33:36.852
94.5508,31.13887,9.06,0.42,2023-09-25T15:15:29.958
96.23828,30.79115,9.71,-0.14,2023-09-25T17:00:55.884
95.02486,31.95149,6.66,1.22,2023-09-25T18:21:51.423
94.54478,31.14717,10.15,0.56,2023-09-25T18:26:49.064
94.54252,31.1494,10.23,1.06,2023-09-25T18:33:52.853
96.23857,30.79054,9.61,-0.12,2023-09-25T21:14:42.593
94.54625,31.13579,11.21,0.64,2023-09-25T23:04:19.594
94.55027,31.14058,9.32,1.02,2023-09-26T01:37:40.029
94.54963,31.13986,9.91,1.05,2023-09-26T02:36:00.706
96.23769,30.79035,9.65,0.2,2023-09-26T03:30:00.058
96.24846,30.8157,10.44,0.54,2023-09-26T09:15:30.044
97.07504,30.65529,8.52,0.34,2023-09-26T09:51:15.897
94.54134,31.1455,11.44,0.84,2023-09-26T13:37:31.015
96.23794,30.79092,9.66,0.08,2023-09-26T14:02:26.719
94.75545,31.81376,3.31,1.1,2023-09-26T18:20:23.412
96.23921,30.79169,10.88,-0.17,2023-09-26T20:55:35.414
95.02622,31.95363,6.55,1.05,2023-09-26T21:29:37.755
96.23952,30.79575,9.86,-0.02,2023-09-26T21:31:33.975
96.23797,30.79122,9.67,0.26,2023-09-26T21:56:42.041
94.54316,31.1407,11.89,0.86,2023-09-26T22:02:12.212
95.0324,31.94977,4.19,1.1,2023-09-26T22:51:53.577
96.23935,30.79575,9.95,0.62,2023-09-26T23:07:16.817
96.23956,30.79575,9.85,0.0,2023-09-26T23:15:47.975
96.24735,30.80867,11.49,0.3,2023-09-27T01:33:40.087
94.54018,31.1524,9.86,1.4,2023-09-27T02:32:39.915
94.469,30.08104,7.7,3.22,2023-09-27T03:11:41.710
94.46797,30.08122,7.67,1.59,2023-09-27T03:13:23.824
94.46685,30.08161,7.49,1.2,2023-09-27T03:21:29.725
94.47355,30.08078,7.94,1.49,2023-09-27T03:26:28.917
94.47149,30.07997,7.68,1.61,2023-09-27T03:35:44.305
94.47272,30.08063,7.91,1.63,2023-09-27T03:50:15.346
94.54656,31.13982,9.34,1.33,2023-09-27T04:26:20.203
94.54249,31.13318,15.47,1.27,2023-09-27T08:37:18.369
96.23888,30.79,10.98,0.77,2023-09-27T11:16:59.626
95.01113,31.74946,5.89,1.59,2023-09-27T13:37:28.880
96.24713,30.79173,10.1,0.0,2023-09-27T14:02:01.785
96.23989,30.79033,10.71,0.19,2023-09-27T14:26:34.605
94.46791,30.08104,7.58,1.34,2023-09-27T16:13:00.624
94.54682,31.13929,9.59,1.02,2023-09-27T18:41:31.189
96.23705,30.7895,9.63,0.16,2023-09-27T19:24:32.261
96.23795,30.78384,10.74,0.21,2023-09-27T19:43:56.771
94.54057,31.12909,15.59,1.18,2023-09-27T20:54:33.592
96.25697,30.82184,12.15,0.0,2023-09-27T21:20:20.109
94.54262,31.13102,14.65,1.22,2023-09-27T21:33:33.419
94.54975,31.13802,8.51,0.6,2023-09-27T21:35:58.629
96.25763,30.82226,11.96,-0.2,2023-09-27T22:10:45.443
94.54682,31.13929,9.59,0.97,2023-09-27T22:50:28.459
95.01013,31.74699,6.1,1.27,2023-09-28T02:51:44.108
96.24728,30.8079,11.68,1.29,2023-09-28T15:16:14.594
96.23865,30.78863,11.77,0.71,2023-09-28T16:04:02.791
94.54169,31.13395,15.54,1.29,2023-09-28T16:39:51.737
94.53969,31.13338,15.86,1.62,2023-09-28T19:57:59.097
96.23708,30.78948,9.66,0.56,2023-09-28T20:01:41.185
96.23677,30.78944,9.6,0.53,2023-09-28T20:03:54.280
94.54721,31.13737,9.45,0.98,2023-09-28T21:57:22.334
96.23707,30.78954,9.65,1.2,2023-09-28T22:37:08.118
96.23686,30.78867,9.67,0.79,2023-09-30T03:13:31.978
95.01067,31.74791,5.96,1.01,2023-09-30T03:59:45.359
96.23675,30.789,9.61,0.5,2023-09-30T07:23:31.778
94.54072,31.15365,9.53,1.21,2023-09-30T07:59:44.814
94.54072,31.15365,10.03,1.35,2023-09-30T09:06:42.459
96.23674,30.78813,9.67,0.29,2023-09-30T11:50:58.382
96.24112,30.79102,7.17,0.17,2023-09-30T12:44:26.545
94.54405,31.13303,14.82,0.91,2023-09-30T13:57:12.167
94.54691,31.13954,8.25,0.8,2023-09-30T14:11:19.464
96.24019,30.79223,10.92,0.56,2023-09-30T16:08:33.097
96.23666,30.78952,9.57,0.06,2023-09-30T16:25:11.921
96.23967,30.79211,10.97,-0.3,2023-09-30T16:48:14.575
96.23673,30.78799,9.79,-0.06,2023-09-30T17:24:44.090
96.23722,30.7897,9.55,0.6,2023-09-30T17:43:27.297
96.23863,30.7891,10.86,0.09,2023-09-30T18:14:24.365
96.23703,30.78999,9.53,-0.05,2023-09-30T19:06:07.604
96.24711,30.80835,11.16,0.29,2023-09-30T19:11:10.121
96.24544,30.80371,11.36,0.49,2023-09-30T19:21:21.454
96.23684,30.78797,9.73,0.15,2023-09-30T19:44:45.813
96.93908,30.30601,6.43,0.84,2023-09-30T20:04:16.604
96.23681,30.78852,9.57,-0.01,2023-09-30T21:54:03.272
96.26047,30.8026,10.31,0.24,2023-09-30T23:41:38.005
96.23732,30.78659,10.44,0.27,2023-10-01T00:51:20.255
94.54445,31.13205,14.71,1.16,2023-10-01T09:34:11.061
96.23702,30.78894,9.75,0.41,2023-10-01T14:39:45.465
94.54782,31.14201,8.03,0.72,2023-10-01T15:24:28.004
94.54528,31.13244,14.9,1.11,2023-10-01T15:30:06.857
96.23689,30.78925,9.55,0.47,2023-10-01T16:20:43.799
95.0607,31.01075,11.92,0.22,2023-10-01T17:19:07.649
95.0614,31.01082,12.14,0.23,2023-10-01T17:27:12.532
96.93932,30.30659,6.32,0.47,2023-10-01T17:35:37.498
94.53809,31.14967,6.1,0.39,2023-10-01T17:38:30.464
94.54671,31.14907,8.42,0.89,2023-10-01T18:01:33.378
96.24541,30.80453,11.65,-0.14,2023-10-01T18:55:28.388
94.53211,31.14893,7.46,0.38,2023-10-01T18:59:16.738
94.54581,31.14924,8.17,0.25,2023-10-01T19:48:22.357
95.01075,31.74674,5.97,1.1,2023-10-01T20:33:19.859
94.54498,31.1493,8.69,0.29,2023-10-01T20:51:26.270
96.24497,30.8087,11.21,-0.18,2023-10-01T21:12:28.384
94.54152,31.14311,16.27,0.61,2023-10-01T21:53:44.062
94.54154,31.13445,14.64,0.47,2023-10-01T22:15:41.211
95.06115,31.01071,12.18,0.65,2023-10-01T23:58:19.051
94.54408,31.14985,10.92,0.91,2023-10-02T00:22:53.640
94.53945,31.14812,12.89,0.83,2023-10-02T00:36:46.419
95.8433,30.0455,7.94,1.21,2023-10-02T03:19:45.160
94.5489,31.13929,9.26,0.95,2023-10-02T03:29:32.565
96.23882,30.79075,9.62,0.67,2023-10-02T04:58:50.028
96.23799,30.79017,9.68,0.85,2023-10-02T07:17:07.861
96.23763,30.78922,9.74,0.16,2023-10-02T08:27:47.063
95.06176,31.01054,11.76,0.15,2023-10-02T11:42:02.577
94.54196,31.15043,10.53,1.19,2023-10-02T12:03:20.650
95.06177,31.01094,11.88,0.13,2023-10-02T12:56:17.423
96.48203,30.13592,6.39,0.56,2023-10-02T13:34:31.486
96.48127,30.13598,6.34,0.82,2023-10-02T13:43:57.629
96.48117,30.13604,6.31,1.3,2023-10-02T14:48:41.500
96.48194,30.13607,6.31,0.66,2023-10-02T14:52:48.003
96.23787,30.79022,9.7,0.2,2023-10-02T15:00:43.023
94.53853,31.13224,17.02,1.0,2023-10-02T15:17:22.069
95.06116,31.01103,11.88,0.13,2023-10-02T17:05:45.484
95.06122,31.01179,11.91,0.23,2023-10-02T17:24:26.347
95.06129,31.01155,11.95,0.1,2023-10-02T17:26:18.550
95.04955,31.8959,6.64,1.26,2023-10-02T17:40:35.596
94.54029,31.12903,16.68,1.04,2023-10-02T18:19:58.622
96.24321,30.79966,11.39,-0.01,2023-10-02T18:32:19.043
96.24351,30.79933,11.37,0.82,2023-10-02T18:33:20.291
96.24344,30.7999,11.45,0.42,2023-10-02T18:34:00.134
96.23836,30.78967,9.83,0.16,2023-10-02T18:40:18.308
95.0381,31.92648,2.96,0.85,2023-10-02T18:49:57.861
95.0381,31.92648,2.96,0.83,2023-10-02T18:53:23.461
95.0391,31.92664,2.61,1.05,2023-10-02T19:04:32.481
96.23792,30.79016,9.71,0.31,2023-10-02T19:11:41.371
96.24345,30.7986,11.74,0.28,2023-10-02T19:34:51.386
96.24389,30.80099,11.26,0.1,2023-10-02T19:40:39.269
96.95397,30.07551,10.04,0.8,2023-10-02T19:56:44.434
94.56035,31.13955,6.74,0.58,2023-10-02T20:10:56.316
94.54354,31.14063,12.45,1.16,2023-10-02T20:20:48.844
96.23703,30.78903,9.7,0.35,2023-10-03T02:25:16.700
96.23691,30.78872,9.68,0.47,2023-10-03T03:02:17.699
96.24467,30.80174,11.26,1.04,2023-10-03T03:30:49.663
96.2444,30.79751,11.54,0.24,2023-10-03T03:40:46.054
94.54652,31.13148,14.86,0.94,2023-10-03T04:06:44.259
95.06115,31.01071,12.18,0.84,2023-10-03T08:54:02.270
95.08603,31.89697,1.79,1.21,2023-10-03T11:01:45.555
94.547,31.1332,14.73,1.25,2023-10-03T13:17:11.605
94.54305,31.13466,15.03,1.28,2023-10-03T13:37:50.121
96.23687,30.78918,9.62,0.52,2023-10-03T13:46:24.721
96.23791,30.78738,10.64,0.56,2023-10-03T14:12:51.878
96.23798,30.78764,10.4,0.18,2023-10-03T14:23:32.274
96.2384,30.78924,10.67,0.49,2023-10-03T14:28:42.789
96.23836,30.78932,10.76,0.31,2023-10-03T14:30:43.650
96.23577,30.786,10.93,0.18,2023-10-03T16:14:04.693
95.08603,31.89697,1.79,0.82,2023-10-03T16:24:10.525
96.23804,30.78756,10.54,0.1,2023-10-03T16:58:51.671
95.08599,31.897,1.81,0.79,2023-10-03T17:22:43.706
96.2377,30.78747,10.54,-0.08,2023-10-03T17:47:19.846
95.00953,31.74525,6.07,0.98,2023-10-03T19:05:47.286
96.24536,30.80469,11.02,0.35,2023-10-03T19:32:59.458
97.5682,30.65807,10.46,1.11,2023-10-03T20:15:23.195
96.23791,30.78743,10.64,1.41,2023-10-03T20:26:18.517
96.23754,30.78807,10.48,0.0,2023-10-03T20:43:26.604
96.23804,30.7877,10.59,0.17,2023-10-03T21:28:11.231
94.54592,31.13132,14.65,1.14,2023-10-03T21:36:56.617
96.23728,30.78936,9.64,0.02,2023-10-03T22:38:55.953
96.23791,30.78743,10.64,0.38,2023-10-03T22:44:24.867
94.54701,31.13463,15.83,1.14,2023-10-04T05:20:31.215
96.23441,30.79328,3.62,0.12,2023-10-04T06:31:01.859
96.48093,30.13803,5.05,0.95,2023-10-04T07:56:16.387
96.48069,30.13803,5.3,1.23,2023-10-04T08:12:51.432
96.26073,30.8026,10.27,0.35,2023-10-04T08:34:41.746
96.23797,30.78731,11.27,0.19,2023-10-04T09:11:46.693
96.23804,30.7865,11.82,0.34,2023-10-04T10:34:33.553
96.23479,30.79312,3.56,-0.24,2023-10-04T10:35:47.492
96.23881,30.78602,11.81,0.52,2023-10-04T10:40:04.905
96.48138,30.13803,4.95,1.13,2023-10-04T11:14:25.482
94.54298,31.13281,14.66,1.17,2023-10-04T13:14:26.094
95.08474,31.89705,1.76,0.85,2023-10-04T14:11:25.568
94.55582,31.14264,6.14,0.49,2023-10-04T15:50:27.700
95.00988,31.74746,6.06,0.96,2023-10-04T17:35:46.925
94.54553,31.14201,8.46,1.03,2023-10-04T18:06:33.728
96.23702,30.78878,9.68,0.04,2023-10-04T18:26:50.840
96.2373,30.78892,9.7,0.39,2023-10-04T18:27:00.438
96.23797,30.78731,11.27,0.21,2023-10-04T19:19:05.944
97.06908,30.64843,9.5,1.55,2023-10-04T20:10:05.564
97.06908,30.64843,9.5,0.25,2023-10-04T20:27:43.444
97.5682,30.65833,10.96,1.22,2023-10-04T20:28:08.757
96.24263,30.80765,11.78,0.09,2023-10-04T21:56:06.595
96.2367,30.78841,9.59,0.35,2023-10-04T22:07:10.698
96.25907,30.80826,10.13,0.66,2023-10-05T02:10:29.958
96.23755,30.79021,9.67,0.78,2023-10-05T03:16:00.114
94.54004,31.1548,9.96,0.77,2023-10-05T04:06:30.970
94.54167,31.15485,10.52,1.66,2023-10-05T04:07:26.074
94.54025,31.15511,9.47,1.16,2023-10-05T04:24:34.659
94.5383,31.15452,12.74,1.01,2023-10-05T04:24:53.711
96.23797,30.79043,9.59,0.76,2023-10-05T04:44:25.393
96.23793,30.79044,9.61,0.61,2023-10-05T04:44:44.952
96.25779,30.80781,10.63,0.38,2023-10-05T08:00:13.853
96.48093,30.1357,6.33,1.27,2023-10-05T09:03:04.365
96.23748,30.78986,9.63,-0.15,2023-10-05T15:02:23.065
96.25905,30.8078,10.29,-0.11,2023-10-05T18:00:02.576
94.54064,31.14797,12.73,0.82,2023-10-05T18:47:46.686
96.24163,30.80135,9.62,0.22,2023-10-05T20:57:03.111
94.55461,31.15656,6.88,0.88,2023-10-05T21:31:03.987
95.06073,31.01171,12.12,0.61,2023-10-05T21:44:52.198
95.06059,31.01228,12.12,0.53,2023-10-05T21:51:32.987
97.07218,30.6466,10.11,0.79,2023-10-05T23:02:06.326
96.48187,30.1364,6.26,0.61,2023-10-05T23:26:05.490
96.4811,30.13605,6.49,0.74,2023-10-05T23:26:16.992
96.48142,30.13548,6.68,0.85,2023-10-05T23:28:29.989
97.0579,30.65051,9.52,1.28,2023-10-06T00:28:00.306
94.54021,31.14938,8.6,1.02,2023-10-06T00:48:00.368
96.24472,30.80223,9.62,0.19,2023-10-06T01:00:06.228
94.54996,31.14333,7.51,1.46,2023-10-06T07:37:12.107
94.54188,31.14589,8.2,0.43,2023-10-06T14:40:51.504
94.54146,31.14622,8.61,0.71,2023-10-06T14:57:34.232
94.54309,31.14178,7.91,1.24,2023-10-06T15:50:17.943
96.25931,30.80791,10.35,0.29,2023-10-06T16:06:54.662
96.25937,30.80786,10.38,0.66,2023-10-06T16:09:34.480
94.54098,31.14677,8.19,1.33,2023-10-06T16:54:35.887
94.54551,31.14078,12.81,1.12,2023-10-06T18:02:47.413
94.53969,31.14428,12.4,0.67,2023-10-06T19:31:03.231
94.55606,31.14849,3.61,0.75,2023-10-06T21:40:03.911
94.5399,31.14802,9.02,0.92,2023-10-06T23:37:23.626
95.06125,31.01123,11.99,0.3,2023-10-07T02:20:40.800
95.06055,31.01182,12.18,0.26,2023-10-07T03:10:13.711
95.06072,31.01187,12.18,0.65,2023-10-07T03:35:25.590
95.06125,31.01176,11.91,0.57,2023-10-07T03:52:23.796
94.54097,31.14478,12.43,0.71,2023-10-07T04:08:37.808
96.49945,31.12071,8.63,0.65,2023-10-07T11:00:36.484
94.63188,31.90804,4.97,1.17,2023-10-07T14:14:26.623
96.23807,30.79062,9.63,0.19,2023-10-07T15:52:00.119
94.99892,31.75536,3.77,1.28,2023-10-07T16:47:30.312
94.99951,31.76109,4.02,0.58,2023-10-07T18:26:23.858
96.25079,30.80609,9.11,1.36,2023-10-07T20:15:12.874
94.99877,31.75576,3.76,0.7,2023-10-07T20:23:43.049
94.99901,31.75601,3.78,0.91,2023-10-07T20:30:48.898
94.53982,31.14506,12.53,0.53,2023-10-07T21:04:05.963
96.24133,30.79494,9.53,0.09,2023-10-07T23:52:19.626
96.25939,30.8081,10.16,-0.09,2023-10-08T00:01:52.592
94.99486,31.93584,0.96,2.04,2023-10-08T01:35:38.463
94.63188,31.90804,4.97,1.27,2023-10-08T03:06:31.122
94.99532,31.93651,1.2,1.03,2023-10-08T03:20:46.836
94.99413,31.93538,1.2,1.23,2023-10-08T04:01:42.597
94.99939,31.75606,3.71,1.92,2023-10-08T04:49:03.218
94.99946,31.75556,3.72,0.95,2023-10-08T04:54:51.313
94.9995,31.75616,3.72,0.92,2023-10-08T04:58:56.034
94.99909,31.7554,3.71,1.06,2023-10-08T07:01:19.556
94.53871,31.13198,17.03,1.49,2023-10-08T07:11:17.475
94.6396,31.90819,4.9,1.38,2023-10-08T09:14:20.194
95.04955,31.8959,6.64,0.95,2023-10-08T09:19:21.056
94.54871,31.13949,9.1,0.59,2023-10-08T10:18:27.053
96.49945,31.12299,8.42,0.49,2023-10-08T10:30:39.868
95.00015,31.75567,3.68,0.81,2023-10-08T12:10:45.809
94.99994,31.75519,3.61,0.78,2023-10-08T12:12:46.389
95.00042,31.75579,3.74,0.74,2023-10-08T12:31:38.151
96.73453,31.1685,8.7,0.46,2023-10-08T12:33:24.448
96.73479,31.16793,8.67,0.62,2023-10-08T13:34:50.187
96.73448,31.16847,8.7,0.43,2023-10-08T14:00:04.668
96.28628,30.81725,8.37,0.48,2023-10-08T14:02:46.201
94.9927,31.93938,0.67,1.22,2023-10-08T14:47:52.714
94.99266,31.93951,0.68,1.09,2023-10-08T15:12:03.382
96.25152,30.80691,9.19,0.2,2023-10-08T16:09:26.215
94.9927,31.93938,0.67,1.07,2023-10-08T17:06:12.014
94.99956,31.75488,3.57,0.78,2023-10-08T17:38:18.187
95.06132,31.01207,11.84,0.28,2023-10-08T18:50:59.396
94.99803,31.75494,3.8,0.44,2023-10-08T19:23:08.041
94.99881,31.75574,3.69,0.5,2023-10-08T19:47:31.999
94.99886,31.75643,3.69,0.52,2023-10-08T20:12:50.706
94.99878,31.75509,3.75,0.76,2023-10-08T20:13:56.291
96.98183,30.32484,6.82,0.65,2023-10-08T20:59:38.313
96.23845,30.79147,9.76,-0.07,2023-10-08T21:53:18.282
96.23805,30.79011,9.61,0.63,2023-10-08T22:12:07.743
96.23797,30.79036,9.59,0.05,2023-10-08T22:16:58.204
96.98183,30.32484,6.82,0.82,2023-10-08T23:13:36.243
94.99333,31.93749,0.9,1.07,2023-10-08T23:51:19.748
94.75173,31.74893,11.01,0.8,2023-10-09T01:43:58.225
96.24847,30.80596,8.5,0.67,2023-10-09T02:57:43.367
96.23668,30.78641,10.66,0.89,2023-10-09T04:26:04.349
96.23691,30.78668,10.62,0.49,2023-10-09T08:32:49.177
95.4295,32.1218,9.96,1.76,2023-10-09T10:17:25.441
96.23709,30.7893,9.45,0.1,2023-10-09T10:20:48.307
96.24187,30.80292,8.96,-0.01,2023-10-09T10:33:05.081
94.94235,29.90641,8.9,0.91,2023-10-09T11:15:50.158
94.94258,29.90611,9.27,1.05,2023-10-09T11:32:18.035
94.94198,29.9066,9.41,0.94,2023-10-09T11:39:30.716
94.5422,31.13495,15.44,1.57,2023-10-09T12:32:22.530
94.55308,31.13985,8.13,0.69,2023-10-09T12:35:01.942
94.54129,31.13537,15.38,1.17,2023-10-09T13:15:13.204
96.23722,30.78579,10.98,1.32,2023-10-09T13:28:20.207
95.03061,29.8765,9.44,1.32,2023-10-09T13:33:33.377
94.5556,31.14274,6.75,0.68,2023-10-09T13:57:23.997
94.54504,31.13665,12.84,0.82,2023-10-09T14:04:02.439
94.54237,31.13497,15.49,1.11,2023-10-09T14:06:43.332
94.55527,31.13984,7.45,0.77,2023-10-09T14:14:47.016
94.556,31.13998,7.23,0.61,2023-10-09T14:20:41.609
94.54149,31.13577,15.42,1.12,2023-10-09T14:23:58.745
94.55096,31.13887,8.82,1.22,2023-10-09T14:44:44.983
94.53983,31.13554,14.51,0.91,2023-10-09T14:51:58.732
94.55447,31.14035,7.81,0.51,2023-10-09T15:09:05.119
94.55311,31.13273,7.7,1.36,2023-10-09T15:40:13.501
96.2282,30.79832,11.09,0.31,2023-10-09T15:43:13.523
96.2369,30.78919,9.56,0.53,2023-10-09T16:13:31.176
94.54159,31.13584,15.34,1.21,2023-10-09T16:27:11.050
94.55257,31.13973,8.3,0.6,2023-10-09T17:16:06.451
96.2284,30.79818,11.01,0.41,2023-10-09T17:17:36.129
94.55257,31.13973,8.3,0.59,2023-10-09T17:21:14.421
94.55431,31.14156,6.99,0.3,2023-10-09T17:30:22.118
94.55243,31.14014,8.09,0.53,2023-10-09T17:53:28.961
94.55427,31.1398,7.92,0.73,2023-10-09T18:52:45.589
94.54223,31.13553,15.36,1.19,2023-10-09T18:55:37.054
94.55235,31.152,8.19,0.37,2023-10-09T20:04:55.648
96.23695,30.78558,10.96,0.21,2023-10-09T20:13:30.342
94.55252,31.14074,8.28,0.51,2023-10-09T20:22:19.148
96.23983,30.79683,9.6,-0.05,2023-10-09T22:50:21.544
94.53976,31.13549,14.52,1.08,2023-10-09T22:57:46.161
94.55343,31.13975,7.89,0.71,2023-10-10T02:35:17.796
96.24387,30.80208,10.54,0.54,2023-10-10T06:03:17.458
96.24073,30.79392,10.91,0.42,2023-10-10T12:16:10.128
94.54115,31.13521,15.47,1.21,2023-10-10T13:10:45.850
94.55054,31.14579,7.38,0.97,2023-10-10T13:27:54.284
94.55294,31.14535,6.86,0.88,2023-10-10T13:31:51.912
94.63652,31.91041,5.77,1.39,2023-10-10T13:48:16.477
96.26486,30.83838,9.39,-0.04,2023-10-10T14:13:42.262
96.23696,30.78935,9.46,0.69,2023-10-10T14:58:19.126
95.07803,31.89524,2.79,0.84,2023-10-10T15:27:15.642
96.23689,30.78896,9.51,0.26,2023-10-10T15:50:19.437
95.07799,31.89528,2.78,1.0,2023-10-10T16:07:36.259
96.23929,30.79391,9.96,0.22,2023-10-10T16:30:54.972
94.54715,31.14449,8.6,0.84,2023-10-10T16:38:46.429
96.21645,30.71913,9.62,-0.18,2023-10-10T17:25:28.413
96.23789,30.78834,10.23,-0.34,2023-10-10T17:26:28.578
96.24077,30.79523,10.52,1.01,2023-10-10T17:39:24.757
96.23698,30.78903,9.44,0.74,2023-10-10T20:08:17.326
96.24482,30.80029,11.63,0.4,2023-10-10T23:06:45.218
94.55136,31.14418,7.41,1.37,2023-10-10T23:57:53.775
96.23686,30.78895,9.53,1.17,2023-10-11T01:08:23.492
94.98853,31.93998,1.49,1.2,2023-10-11T02:44:47.797
94.54012,31.13982,15.36,1.17,2023-10-11T02:57:56.361
94.55605,31.14522,6.15,0.62,2023-10-11T03:30:24.898
96.24522,30.80076,11.57,-0.1,2023-10-11T05:08:20.974
96.24497,30.80034,11.61,0.87,2023-10-11T06:22:00.078
94.8687,30.5124,4.59,0.75,2023-10-11T08:40:23.290
93.17539,29.87809,9.97,1.49,2023-10-11T10:12:07.049
94.74887,31.74907,11.01,1.11,2023-10-11T10:34:40.976
94.98834,31.93822,1.52,1.26,2023-10-11T10:55:18.229
94.98924,31.93924,1.57,1.24,2023-10-11T11:11:12.172
96.23923,30.79371,10.2,0.32,2023-10-11T11:34:18.070
94.9887,31.93496,0.9,1.05,2023-10-11T12:13:31.705
94.53507,31.15136,15.56,1.76,2023-10-11T15:46:12.369
94.54141,31.13943,15.0,0.65,2023-10-11T16:21:43.442
94.55329,31.1397,7.06,0.23,2023-10-11T16:53:50.201
96.23603,30.78515,11.47,-0.12,2023-10-11T16:56:02.928
96.23661,30.78539,11.05,-0.03,2023-10-11T19:04:00.361
96.24856,30.80623,8.44,0.18,2023-10-11T19:32:57.577
94.63898,31.91344,5.24,1.14,2023-10-11T19:36:40.406
93.17691,29.87659,10.39,1.38,2023-10-11T19:51:11.343
94.53949,31.1352,14.87,0.9,2023-10-11T20:09:55.612
96.24497,30.80066,11.4,-0.04,2023-10-11T20:25:05.758
94.54992,31.14518,7.66,1.16,2023-10-11T20:55:24.707
94.53971,31.13836,14.83,1.17,2023-10-11T21:23:48.092
94.54567,31.15412,8.04,1.92,2023-10-11T22:19:50.344
96.24193,30.79742,10.51,1.27,2023-10-11T23:19:03.637
96.24401,30.79942,9.36,0.1,2023-10-11T23:46:11.124
96.47906,30.1367,5.93,1.21,2023-10-12T00:21:00.129
94.63489,31.9028,5.37,1.34,2023-10-12T03:20:58.950
93.17526,29.87722,9.31,1.36,2023-10-12T03:49:08.789
94.53507,31.15136,15.56,1.56,2023-10-12T03:50:00.998
96.26123,30.81247,13.6,0.6,2023-10-12T06:12:42.084
96.47851,30.13695,5.57,1.0,2023-10-12T07:33:37.416
96.23656,30.7856,10.62,-0.02,2023-10-12T08:40:36.049
93.1772,29.87979,10.76,1.39,2023-10-12T12:48:05.268
96.4789,30.1397,2.97,0.38,2023-10-12T14:06:08.061
94.53995,31.13848,14.92,0.98,2023-10-12T14:51:43.195
94.53875,31.13276,18.26,0.44,2023-10-12T17:16:35.153
94.55248,31.14058,8.3,0.52,2023-10-12T19:50:31.116
94.63377,31.90396,5.28,1.09,2023-10-12T20:03:33.088
96.24392,30.80143,10.36,0.55,2023-10-12T23:24:14.213
96.67967,30.45992,3.18,1.45,2023-10-13T08:34:09.838
94.53813,31.14241,15.1,1.74,2023-10-13T11:09:05.394
96.49867,31.12414,8.9,0.79,2023-10-13T11:13:44.887
96.47799,30.13468,5.6,0.69,2023-10-13T11:34:26.738
94.55329,31.1397,7.06,0.41,2023-10-13T11:43:46.251
94.53917,31.14505,14.05,1.27,2023-10-13T12:00:39.764
96.21615,30.71887,9.7,0.22,2023-10-13T12:43:30.189
94.54004,31.1354,14.44,1.28,2023-10-13T13:00:07.685
94.54024,31.13492,14.53,1.36,2023-10-13T13:06:43.842
94.55329,31.1397,7.06,0.33,2023-10-13T14:40:17.501
96.47974,30.13648,5.71,1.22,2023-10-13T15:21:48.326
96.47925,30.13661,5.87,0.82,2023-10-13T15:47:08.423
96.47997,30.13657,5.77,0.56,2023-10-13T15:56:03.169
96.47905,30.1369,5.79,0.82,2023-10-13T15:56:23.027
96.4789,30.1397,2.97,0.39,2023-10-13T16:13:24.441
96.2454,30.80038,11.58,-0.13,2023-10-13T16:45:10.431
96.2429,30.80328,9.14,-0.03,2023-10-13T16:52:04.954
96.47976,30.13706,5.78,0.54,2023-10-13T17:02:03.105
96.24318,30.80303,9.3,0.41,2023-10-13T17:39:12.616
96.47868,30.13697,5.8,0.9,2023-10-13T21:08:39.030
96.47951,30.13664,5.87,0.99,2023-10-13T21:08:57.071
94.54979,31.1403,8.48,0.73,2023-10-13T21:24:57.998
96.23852,30.78819,11.56,-0.27,2023-10-13T21:46:31.557
96.2386,30.78827,11.32,-0.01,2023-10-13T21:46:57.765
94.54229,31.13014,14.58,0.32,2023-10-13T21:55:48.066
96.48082,30.13649,5.72,0.77,2023-10-14T00:05:20.108
95.07793,31.89532,2.79,1.46,2023-10-14T02:30:18.358
95.07805,31.89434,2.61,1.13,2023-10-14T02:31:17.606
96.2438,30.79918,11.43,0.59,2023-10-14T04:35:12.928
95.07717,31.89291,2.72,1.01,2023-10-14T06:37:44.278
96.68603,30.46588,8.08,1.06,2023-10-14T07:04:47.862
96.47914,30.13761,5.52,1.33,2023-10-14T09:18:44.944
96.47923,30.13711,5.7,0.88,2023-10-14T09:21:02.618
96.4801,30.13648,5.8,0.67,2023-10-14T09:21:20.008
96.48017,30.13703,5.81,1.28,2023-10-14T09:21:43.144
96.48078,30.13688,5.72,1.15,2023-10-14T09:21:59.582
96.47884,30.13746,5.56,0.55,2023-10-14T09:23:39.590
96.481,30.13695,5.68,0.81,2023-10-14T09:25:06.787
96.48069,30.13608,5.89,1.89,2023-10-14T09:30:50.020
96.48019,30.13659,5.84,1.1,2023-10-14T09:33:50.131
96.49752,31.12477,8.87,0.5,2023-10-14T11:11:44.067
96.23686,30.78901,9.49,0.31,2023-10-14T12:18:01.639
96.47783,30.13716,5.67,0.47,2023-10-14T12:20:45.782
96.47938,30.13724,5.79,1.76,2023-10-14T13:30:34.682
96.47845,30.137,4.47,1.04,2023-10-14T13:35:32.280
96.47886,30.13689,5.55,1.05,2023-10-14T13:38:43.302
94.53998,31.13698,14.43,1.15,2023-10-14T13:54:39.186
96.47899,30.13721,5.91,0.21,2023-10-14T14:03:22.201
95.4295,32.1218,9.96,1.03,2023-10-14T14:27:45.461
94.53921,31.13749,15.58,1.46,2023-10-14T14:37:50.738
96.2475,30.80779,11.27,0.39,2023-10-14T15:35:57.731
96.24767,30.80796,11.3,0.11,2023-10-14T15:36:50.753
96.48238,30.13907,6.22,0.38,2023-10-14T16:54:30.136
96.47757,30.13727,5.74,0.37,2023-10-14T18:56:52.719
96.47896,30.13731,5.85,0.95,2023-10-14T19:23:11.992
96.479,30.13694,5.86,0.21,2023-10-14T19:23:59.776
96.47919,30.13688,5.91,0.76,2023-10-14T19:24:15.723
96.47879,30.13705,5.89,0.36,2023-10-14T20:08:03.469
94.54858,31.14572,8.37,1.09,2023-10-14T20:14:43.408
96.47852,30.13732,5.88,1.06,2023-10-14T22:56:34.105
94.53825,31.13224,18.38,0.64,2023-10-14T22:57:48.949
96.47871,30.13716,5.62,0.26,2023-10-14T23:38:58.832
96.47837,30.13668,5.8,0.23,2023-10-14T23:40:09.064
95.84367,30.04575,7.72,1.49,2023-10-15T03:32:54.117
96.47813,30.1371,5.69,1.05,2023-10-15T06:37:58.084
96.47788,30.13691,5.95,0.61,2023-10-15T06:49:27.092
94.8687,30.5124,4.59,0.84,2023-10-15T06:57:45.910
96.23674,30.78567,11.04,0.7,2023-10-15T07:06:42.453
93.17905,29.87949,10.84,1.76,2023-10-15T10:42:44.730
96.36266,30.09821,8.04,0.95,2023-10-15T14:17:15.471
96.4773,30.13726,5.68,0.6,2023-10-15T15:05:45.180
96.36275,30.09856,8.01,0.81,2023-10-15T15:42:27.072
96.2435,30.80213,10.39,0.21,2023-10-15T15:58:10.991
96.48089,30.13655,5.64,0.43,2023-10-15T17:03:43.643
96.47948,30.13677,5.74,0.51,2023-10-15T20:03:20.450
96.23706,30.78564,10.86,0.0,2023-10-15T20:41:32.444
96.47786,30.13746,5.53,0.31,2023-10-15T21:43:11.262
96.47856,30.137,6.03,0.35,2023-10-15T21:49:59.783
96.23924,30.79387,9.5,0.37,2023-10-15T23:17:56.502
96.23895,30.79426,9.48,0.29,2023-10-15T23:38:46.531
96.48079,30.13604,5.89,0.94,2023-10-15T23:49:15.818
96.23941,30.79408,9.61,0.22,2023-10-16T01:52:13.818
96.23824,30.79441,8.91,0.24,2023-10-16T01:55:42.515
96.47693,30.13705,5.64,0.48,2023-10-16T02:25:07.020
96.3738,30.29929,3.41,0.75,2023-10-16T04:05:09.998
96.23931,30.79414,9.51,1.36,2023-10-16T04:28:37.526
96.23704,30.79609,8.92,0.3,2023-10-16T05:04:02.697
96.23931,30.79453,9.37,1.51,2023-10-16T05:44:56.509
96.47784,30.13693,5.86,0.7,2023-10-16T09:41:57.193
96.49819,31.12437,8.86,0.94,2023-10-16T10:50:19.143
94.54136,31.1349,14.57,1.16,2023-10-16T10:50:56.267
96.23775,30.78976,9.72,-0.01,2023-10-16T13:34:59.511
96.48018,30.13686,5.84,0.97,2023-10-16T15:14:09.747
96.48054,30.13711,5.63,0.73,2023-10-16T15:15:40.420
96.48,30.13664,5.94,1.04,2023-10-16T15:17:04.647
96.26474,30.83842,9.12,-0.38,2023-10-16T18:32:12.490
96.97457,30.30488,2.98,0.76,2023-10-16T18:37:37.597
96.23737,30.78762,10.76,1.29,2023-10-16T19:56:00.930
96.23035,30.78624,10.02,0.29,2023-10-16T20:58:43.741
95.0772,31.89367,2.83,1.29,2023-10-16T21:21:16.895
95.0772,31.89367,2.83,0.69,2023-10-16T21:22:21.475
95.07708,31.89375,2.87,0.52,2023-10-16T21:22:59.375
94.63374,31.90401,5.29,1.27,2023-10-16T21:30:17.448
95.07534,31.89594,3.62,0.72,2023-10-16T21:59:31.220
95.07539,31.8957,3.79,0.57,2023-10-16T22:20:56.735
96.97503,30.30432,3.48,1.05,2023-10-16T23:21:39.555
96.23628,30.78799,9.57,-0.02,2023-10-17T05:42:03.419
96.2463,30.80569,11.09,0.72,2023-10-17T07:37:34.650
94.93867,29.9063,8.35,1.86,2023-10-17T11:54:05.419
96.23976,30.79639,10.35,0.19,2023-10-17T12:18:55.204
95.07549,31.89322,2.9,0.88,2023-10-17T14:27:05.474
96.23629,30.78779,9.59,0.57,2023-10-17T16:12:22.019
96.23724,30.78587,10.54,-0.18,2023-10-17T17:49:19.413
96.23873,30.79406,9.18,-0.32,2023-10-17T18:03:33.466
96.23659,30.78728,9.71,0.23,2023-10-17T18:53:34.464
94.94352,29.90675,8.79,1.04,2023-10-17T18:56:14.265
96.24053,30.79722,9.76,0.13,2023-10-17T18:59:09.205
94.94308,29.90642,9.2,0.93,2023-10-17T19:06:55.739
93.17691,29.87659,10.39,1.35,2023-10-17T19:58:50.413
96.23753,30.7902,9.77,-0.47,2023-10-17T20:24:58.567
96.48053,30.13679,5.84,0.42,2023-10-17T20:53:49.852
96.21697,30.78505,12.47,-0.46,2023-10-17T21:26:34.764
96.24383,30.80506,9.39,-0.1,2023-10-17T22:05:53.700
96.47569,30.135,5.62,0.71,2023-10-17T22:47:41.305
94.93703,29.90219,8.87,1.65,2023-10-18T06:54:13.573
94.63474,31.90329,4.34,1.52,2023-10-18T09:57:26.363
94.53986,31.13725,14.53,1.41,2023-10-18T11:39:12.333
95.0773,31.89477,2.91,0.5,2023-10-18T11:58:23.812
94.53815,31.61371,10.96,0.92,2023-10-18T13:54:46.949
94.53845,31.61289,10.78,1.09,2023-10-18T15:37:34.253
94.55152,31.13944,7.95,1.47,2023-10-18T16:11:42.417
94.63386,31.9054,5.31,1.35,2023-10-18T19:51:23.388
95.06631,31.90901,0.23,1.96,2023-10-18T20:56:06.926
96.24581,30.80558,10.24,0.08,2023-10-18T22:28:41.347
94.54234,31.13011,14.58,0.29,2023-10-18T22:35:11.137
96.23727,30.78598,10.92,0.97,2023-10-19T02:57:49.225
94.63589,31.91872,4.77,2.11,2023-10-19T07:49:52.135
94.54844,31.15326,8.38,0.59,2023-10-19T08:27:23.210
96.49754,31.12655,8.98,0.48,2023-10-19T10:54:58.210
95.06631,31.90828,0.39,1.95,2023-10-19T11:15:17.406
96.26106,30.81212,13.61,0.37,2023-10-19T14:13:12.394
96.23845,30.78893,10.97,0.01,2023-10-19T14:27:54.008
94.55,31.14503,7.35,1.4,2023-10-19T15:57:07.471
96.23763,30.78746,10.77,0.05,2023-10-19T16:07:50.183
95.04719,29.85979,9.13,1.51,2023-10-19T16:32:26.229
96.24099,30.79364,11.57,-0.27,2023-10-19T17:10:32.037
96.2441,30.80083,9.24,-0.33,2023-10-19T20:01:14.185
96.23732,30.79312,9.8,0.72,2023-10-19T20:12:08.868
96.24053,30.79984,9.34,-0.25,2023-10-19T20:34:31.499
96.24179,30.79387,11.46,-0.18,2023-10-19T20:59:00.702
94.94028,31.90336,1.89,0.93,2023-10-20T00:06:11.279
94.94029,31.90175,1.92,0.89,2023-10-20T00:15:23.937
94.94103,31.90375,1.97,0.87,2023-10-20T00:49:22.058
94.92301,31.89747,7.66,1.13,2023-10-20T00:59:03.460
94.93973,31.90417,2.0,0.89,2023-10-20T01:18:36.983
95.20516,30.38641,7.42,0.86,2023-10-20T01:23:43.014
95.07321,31.8965,6.8,0.89,2023-10-20T01:43:57.567
94.94051,31.90251,2.04,0.85,2023-10-20T03:12:59.297
94.94019,31.90301,1.98,0.83,2023-10-20T03:47:24.499
95.07635,31.89568,6.36,0.89,2023-10-20T03:49:33.341
94.63436,31.9062,4.41,1.34,2023-10-20T04:21:35.596
94.94054,31.90328,2.18,1.18,2023-10-20T04:27:35.393
96.23906,30.79317,9.88,0.75,2023-10-20T04:37:39.463
94.94053,31.90196,2.11,0.8,2023-10-20T05:46:43.978
94.93648,31.90278,1.67,1.0,2023-10-20T06:01:31.863
94.9399,31.90422,2.02,1.09,2023-10-20T06:02:23.552
94.93996,31.90324,2.07,0.98,2023-10-20T06:06:32.757
94.93968,31.90465,2.21,0.9,2023-10-20T06:45:51.898
94.9394,31.90233,2.1,0.83,2023-10-20T07:04:49.977
96.23903,30.79338,9.95,0.7,2023-10-20T08:19:48.957
94.94007,31.90359,2.11,0.68,2023-10-20T08:26:13.659
94.94053,31.90339,2.16,0.9,2023-10-20T08:33:03.385
94.94178,31.90222,1.82,1.08,2023-10-20T10:00:11.941
94.93991,31.90397,2.22,0.82,2023-10-20T11:04:45.330
94.54712,31.15095,7.15,1.25,2023-10-20T11:13:08.661
94.94038,31.90438,2.0,0.91,2023-10-20T11:26:03.235
94.94054,31.90345,2.06,0.8,2023-10-20T11:36:07.797
94.94014,31.90458,2.12,1.06,2023-10-20T11:37:07.181
94.94038,31.90417,2.08,0.89,2023-10-20T11:51:02.956
94.94013,31.90442,2.18,0.71,2023-10-20T11:54:42.438
94.93939,31.90507,2.2,0.95,2023-10-20T12:04:07.411
95.07523,31.89622,6.44,1.07,2023-10-20T13:25:27.929
94.94015,31.90368,2.2,0.7,2023-10-20T13:46:36.166
94.9404,31.90318,2.1,1.13,2023-10-20T13:47:09.011
94.94264,31.89755,1.96,0.73,2023-10-20T13:51:22.942
94.94063,31.90304,2.08,0.78,2023-10-20T13:52:12.262
94.93978,31.90384,2.24,0.77,2023-10-20T14:26:52.262
94.93999,31.90362,1.89,0.88,2023-10-20T15:28:17.501
94.9403,31.90353,2.08,0.82,2023-10-20T15:30:03.289
94.93954,31.90423,2.09,0.83,2023-10-20T15:35:43.564
94.94,31.90359,2.19,1.07,2023-10-20T15:42:39.786
96.26002,30.80838,10.18,0.18,2023-10-20T16:35:05.994
94.93808,31.90631,2.22,0.89,2023-10-20T16:45:58.326
94.54229,31.15053,7.78,0.46,2023-10-20T17:04:51.406
94.94033,31.90383,2.02,0.82,2023-10-20T17:08:49.125
94.9402,31.90376,1.99,0.81,2023-10-20T17:09:12.380
94.94034,31.90371,1.96,1.14,2023-10-20T17:10:18.750
94.9392,31.90339,2.04,0.91,2023-10-20T17:10:40.529
96.23928,30.79338,9.98,-0.27,2023-10-20T17:36:44.860
94.93999,31.90414,1.98,1.11,2023-10-20T17:51:45.914
94.94059,31.90257,1.9,1.42,2023-10-20T17:52:20.867
94.94063,31.90195,1.97,1.0,2023-10-20T17:52:45.536
94.94024,31.90235,1.96,1.0,2023-10-20T17:53:34.643
94.94074,31.9019,2.08,0.95,2023-10-20T17:55:11.181
94.94079,31.90192,2.03,0.98,2023-10-20T18:03:26.173
94.94056,31.90211,2.1,0.78,2023-10-20T19:31:14.351
96.23857,30.79013,9.87,0.05,2023-10-20T19:49:21.676
96.23835,30.79072,9.78,0.08,2023-10-20T19:58:23.161
94.94057,31.90269,2.05,1.25,2023-10-20T20:38:07.331
94.94044,31.90352,2.22,0.64,2023-10-20T20:45:04.130
94.94045,31.90285,1.54,0.71,2023-10-20T22:56:36.249
96.23994,30.78959,10.92,-0.18,2023-10-20T23:42:43.549
97.0551,30.65019,8.86,0.67,2023-10-21T03:47:57.444
94.93949,31.9037,2.67,0.91,2023-10-21T04:16:09.907
94.8936,29.88681,9.73,0.97,2023-10-21T10:32:14.593
95.03599,31.93561,7.08,1.34,2023-10-21T12:55:06.478
94.94099,31.90168,1.9,2.56,2023-10-21T15:33:32.443
94.94059,31.90298,2.01,1.02,2023-10-21T15:35:12.988
94.9401,31.90256,2.07,0.79,2023-10-21T15:36:37.044
94.94025,31.90307,2.17,0.95,2023-10-21T15:40:16.666
94.94065,31.90266,2.35,0.75,2023-10-21T15:46:36.745
94.94084,31.90097,1.95,0.72,2023-10-21T15:48:18.825
94.9402,31.9035,2.15,0.78,2023-10-21T15:50:51.138
94.94077,31.902,2.19,0.79,2023-10-21T15:51:24.710
94.94051,31.90101,2.0,0.74,2023-10-21T16:01:36.175
94.94059,31.90146,1.93,0.81,2023-10-21T16:06:42.549
94.94121,31.90017,2.03,0.94,2023-10-21T16:09:04.282
94.9404,31.90313,2.2,0.71,2023-10-21T16:23:19.519
94.9405,31.90239,1.84,0.92,2023-10-21T16:24:00.649
94.93981,31.90712,1.69,1.0,2023-10-21T16:25:19.728
94.94095,31.90104,1.8,1.06,2023-10-21T16:31:15.116
94.94022,31.90496,2.11,0.81,2023-10-21T16:51:40.850
94.94065,31.90185,1.91,1.0,2023-10-21T16:56:49.046
96.36394,30.09452,8.86,0.63,2023-10-21T16:57:35.211
94.92309,31.89474,7.75,1.05,2023-10-21T16:59:27.500
94.9393,31.90201,2.31,0.81,2023-10-21T17:08:27.973
96.23932,30.78685,10.83,0.88,2023-10-21T17:11:33.755
94.53874,31.15053,9.74,1.11,2023-10-21T17:15:24.278
94.94017,31.9043,2.19,0.82,2023-10-21T17:17:20.103
94.94329,31.89529,1.07,0.51,2023-10-21T17:18:24.305
94.93937,31.90307,1.9,0.69,2023-10-21T17:40:46.814
94.94092,31.90177,1.92,1.46,2023-10-21T17:41:11.953
94.9404,31.90318,2.1,1.23,2023-10-21T17:49:07.291
94.94031,31.90114,1.82,1.1,2023-10-21T18:02:15.950
94.9411,31.90116,1.68,0.94,2023-10-21T18:12:31.151
94.94057,31.90212,2.03,0.74,2023-10-21T18:14:11.521
94.94005,31.90251,2.08,0.87,2023-10-21T18:15:59.439
94.93977,31.90356,2.28,0.95,2023-10-21T18:23:21.344
94.92384,31.89877,7.88,0.39,2023-10-21T18:30:41.524
94.94033,31.90089,1.89,0.74,2023-10-21T18:45:13.288
94.94151,31.90495,1.99,0.87,2023-10-21T18:46:21.110
94.89351,29.88668,10.06,0.94,2023-10-21T18:47:46.957
94.89309,29.88661,9.68,1.97,2023-10-21T19:02:52.604
94.94024,31.90259,2.24,0.78,2023-10-21T19:17:04.031
94.94079,31.90212,2.16,0.9,2023-10-21T19:21:15.333
94.9406,31.90207,2.09,0.72,2023-10-21T19:25:06.774
94.94038,31.90102,2.06,0.75,2023-10-21T19:28:10.728
94.94057,31.90221,2.09,0.66,2023-10-21T20:04:59.530
94.93941,31.90185,1.89,0.76,2023-10-21T20:05:53.030
94.94091,31.90181,1.92,1.71,2023-10-21T20:13:09.852
94.94035,31.90084,1.83,0.86,2023-10-21T20:15:11.782
94.94061,31.90201,1.78,0.97,2023-10-21T20:52:51.255
94.94098,31.9019,1.89,0.86,2023-10-21T20:58:38.385
96.23786,30.78972,9.62,0.15,2023-10-21T21:06:29.682
94.94175,31.9018,1.79,1.0,2023-10-21T21:10:29.920
95.03561,31.93419,7.12,1.12,2023-10-21T21:39:08.124
94.94082,31.90217,2.0,0.7,2023-10-21T21:48:32.120
94.9374,31.90096,1.9,1.01,2023-10-21T22:28:43.566
94.94049,31.90132,1.97,0.85,2023-10-21T22:39:47.199
94.92384,31.89877,7.88,0.39,2023-10-21T23:07:50.094
94.94292,31.89913,1.83,1.21,2023-10-22T01:01:03.587
94.53957,31.14081,15.27,1.17,2023-10-22T02:24:57.346
96.24627,30.80479,10.94,0.42,2023-10-22T03:05:33.269
96.23731,30.78988,9.63,1.82,2023-10-22T03:18:23.665
94.63365,31.90393,5.31,1.33,2023-10-22T03:29:53.818
96.23751,30.79028,9.46,0.71,2023-10-22T03:35:52.459
96.23038,30.78316,9.62,0.0,2023-10-22T03:36:30.515
96.23774,30.79076,9.82,0.62,2023-10-22T03:39:48.170
96.23774,30.79008,9.76,0.0,2023-10-22T04:27:28.447
95.03743,31.93426,7.03,1.61,2023-10-22T05:47:41.677
95.03773,31.93443,7.05,1.5,2023-10-22T05:48:39.701
95.03711,31.93492,7.08,1.63,2023-10-22T06:40:01.506
95.03693,31.93568,6.86,1.23,2023-10-22T07:09:47.665
96.49827,31.12422,8.94,0.54,2023-10-22T10:45:41.554
96.47922,30.13704,5.85,1.06,2023-10-22T11:18:54.217
96.47937,30.13716,5.78,1.41,2023-10-22T11:20:29.570
94.63743,31.90485,4.24,1.23,2023-10-22T13:22:30.838
94.55111,31.14572,7.09,1.31,2023-10-22T16:53:18.318
94.94283,31.89854,2.18,0.74,2023-10-22T20:27:38.966
94.94283,31.89854,2.18,0.74,2023-10-22T20:28:03.786
94.63282,31.90882,5.24,1.36,2023-10-23T05:03:42.068
94.53803,31.14971,13.27,1.26,2023-10-23T07:29:56.476
94.54704,31.14391,9.27,0.65,2023-10-23T08:11:03.685
94.93907,31.90055,1.99,0.85,2023-10-23T09:15:46.304
94.92253,31.90043,7.7,1.12,2023-10-23T10:05:48.997
94.92239,31.90077,7.43,1.33,2023-10-23T10:07:43.623
94.63447,31.90676,4.85,1.4,2023-10-23T12:31:47.702
94.94136,31.90143,1.65,0.89,2023-10-23T15:17:01.558
94.94128,31.9013,1.77,0.92,2023-10-23T15:18:11.773
96.23781,30.78977,9.63,0.39,2023-10-23T15:51:29.011
96.23787,30.78953,9.68,-0.03,2023-10-23T15:56:38.008
94.94062,31.90205,1.97,0.93,2023-10-23T16:13:21.565
94.94082,31.90502,1.54,0.82,2023-10-23T18:53:40.933
94.94068,31.90201,1.95,0.86,2023-10-23T18:58:03.532
94.94088,31.90249,2.02,0.89,2023-10-23T19:03:14.358
94.9279,31.89676,7.55,1.03,2023-10-23T19:10:58.059
96.23852,30.78468,10.76,0.27,2023-10-23T20:37:43.138
94.9408,31.90504,1.58,0.75,2023-10-23T20:57:43.817
96.2436,30.80171,10.07,0.51,2023-10-23T21:52:10.104
96.24384,30.80142,10.28,0.13,2023-10-23T21:53:58.641
96.24024,30.78831,11.08,-0.04,2023-10-23T22:12:49.220
95.20464,30.38599,7.46,1.01,2023-10-23T22:26:10.837
94.94042,31.90147,1.99,0.73,2023-10-23T23:09:47.313
96.24376,30.80188,9.73,0.28,2023-10-23T23:42:43.067
96.24029,30.78755,11.05,-0.02,2023-10-24T00:31:14.753
94.942,31.90174,1.82,2.29,2023-10-24T04:14:06.425
94.53942,31.15027,9.34,1.16,2023-10-24T04:25:13.107
96.24027,30.7943,10.24,0.23,2023-10-24T04:47:08.438
94.54687,31.14961,7.93,0.77,2023-10-24T05:08:58.437
96.23757,30.78664,11.38,0.06,2023-10-24T05:10:53.408
94.4235,30.46266,7.54,0.98,2023-10-24T07:16:19.289
96.23757,30.78575,11.58,0.63,2023-10-24T09:46:33.041
94.53898,31.14902,9.29,0.9,2023-10-24T12:42:57.429
94.53959,31.14805,13.15,0.5,2023-10-24T12:54:28.134
94.5408,31.14997,9.27,0.18,2023-10-24T13:19:10.374
94.53076,31.1493,15.84,0.87,2023-10-24T14:01:12.956
94.53864,31.14728,13.14,0.91,2023-10-24T14:11:45.187
94.53658,31.15178,13.44,1.06,2023-10-24T15:51:05.765
96.48118,30.13996,4.55,0.34,2023-10-24T16:46:12.081
96.36406,30.09448,8.54,0.51,2023-10-24T16:54:03.491
94.53896,31.15272,10.19,0.96,2023-10-24T16:54:47.603
94.54147,31.15644,8.45,0.99,2023-10-24T17:02:35.764
94.63038,31.9032,5.56,1.28,2023-10-24T17:11:33.336
96.23909,30.78585,10.79,0.07,2023-10-24T17:11:56.155
96.23767,30.78992,9.6,0.15,2023-10-24T19:10:00.952
94.5383,31.14756,12.86,0.7,2023-10-24T19:41:29.737
94.53592,31.1476,13.02,0.68,2023-10-24T20:05:56.705
94.53916,31.14629,12.89,0.68,2023-10-24T20:10:12.075
94.53903,31.15064,10.3,0.83,2023-10-24T20:13:56.109
94.53891,31.15187,9.74,1.03,2023-10-24T20:19:10.282
94.54015,31.15038,9.64,0.97,2023-10-24T21:07:24.608
94.54028,31.1513,8.72,1.62,2023-10-24T21:21:52.764
94.5404,31.15219,8.76,0.02,2023-10-24T21:25:02.647
94.53956,31.14838,8.38,0.91,2023-10-24T21:30:29.972
96.24,30.79475,9.6,0.05,2023-10-24T22:46:08.637
94.53963,31.15269,8.86,1.22,2023-10-25T02:35:42.375
94.63188,31.90804,4.97,1.36,2023-10-25T05:09:14.802
94.54101,31.14805,8.9,1.5,2023-10-25T08:38:10.806
96.23777,30.78955,9.52,1.33,2023-10-25T11:18:21.834
94.94244,31.90194,1.7,1.64,2023-10-25T13:08:19.967
94.94081,31.90002,1.79,0.95,2023-10-25T13:10:42.150
94.94263,31.9018,1.69,0.93,2023-10-25T13:10:56.349
94.94347,31.90091,1.69,1.01,2023-10-25T13:18:38.587
96.23722,30.78964,9.59,0.38,2023-10-25T13:22:53.997
94.54118,31.14934,9.03,0.21,2023-10-25T14:36:30.778
94.55305,31.14869,4.09,0.43,2023-10-25T16:53:39.137
94.54243,31.14574,8.74,0.95,2023-10-25T17:28:57.420
94.54442,31.14699,7.22,0.9,2023-10-25T18:19:28.443
94.54081,31.14452,12.98,1.26,2023-10-25T18:51:15.466
96.25073,30.80604,9.18,-0.08,2023-10-25T19:14:59.105
96.23809,30.78863,9.76,0.27,2023-10-25T21:35:08.531
94.4241,30.46214,7.6,0.87,2023-10-25T22:06:41.312
94.54149,31.14575,8.48,0.9,2023-10-25T23:26:21.386
94.54118,31.14716,10.46,1.03,2023-10-26T01:17:58.918
94.63278,31.90751,4.71,1.41,2023-10-26T02:36:50.996
94.5413,31.14738,10.06,1.53,2023-10-26T02:44:24.823
94.5434,31.14752,9.93,0.69,2023-10-26T02:44:53.459
94.54148,31.14786,10.22,1.12,2023-10-26T02:46:57.256
94.54234,31.14658,8.95,1.42,2023-10-26T04:35:42.380
94.54151,31.14647,10.19,1.35,2023-10-26T04:37:05.557
94.54229,31.14743,9.71,1.0,2023-10-26T04:53:21.903
94.54766,31.14773,7.68,0.72,2023-10-26T04:54:42.386
94.54163,31.14708,10.88,1.66,2023-10-26T05:02:32.714
94.5405,31.14829,11.07,1.13,2023-10-26T05:08:35.493
94.54151,31.14812,10.78,1.3,2023-10-26T06:01:24.324
94.55552,31.1475,4.08,0.4,2023-10-26T06:22:50.090
94.53947,31.1465,10.41,1.42,2023-10-26T07:18:26.589
94.54256,31.14408,10.84,0.89,2023-10-26T09:32:56.291
94.54224,31.14702,9.98,1.13,2023-10-26T10:04:18.260
94.54659,31.15021,7.89,0.77,2023-10-26T13:06:57.134
96.23624,30.78809,9.75,0.21,2023-10-26T13:42:05.618
94.93859,31.90365,2.13,1.08,2023-10-26T14:07:52.474
94.54091,31.14646,10.63,0.75,2023-10-26T14:34:54.216
94.54998,31.13986,11.78,0.88,2023-10-26T14:53:12.167
94.54168,31.1461,10.76,0.92,2023-10-26T15:15:45.623
94.54032,31.15014,9.87,1.34,2023-10-26T15:46:51.038
94.54088,31.14956,9.98,0.82,2023-10-26T15:47:58.607
94.5425,31.14598,10.27,1.19,2023-10-26T15:55:26.190
94.54108,31.14809,10.85,1.29,2023-10-26T16:00:01.335
94.54136,31.14671,9.91,1.17,2023-10-26T16:04:16.293
96.23678,30.78884,9.64,0.25,2023-10-26T16:08:12.953
94.54166,31.14425,10.64,1.63,2023-10-26T16:28:46.745
94.55396,31.14845,4.27,0.36,2023-10-26T16:59:56.592
94.55697,31.14607,7.09,0.3,2023-10-26T17:02:50.144
94.63073,31.90924,4.9,1.48,2023-10-26T17:15:35.477
94.63102,31.90929,4.82,1.13,2023-10-26T17:34:51.676
96.23019,30.79831,11.11,0.44,2023-10-26T17:50:57.943
96.22961,30.79749,11.15,0.47,2023-10-26T18:15:35.309
94.94002,31.9043,1.94,0.85,2023-10-26T18:22:47.191
96.23651,30.78648,9.89,0.53,2023-10-26T19:46:27.299
96.23659,30.78671,9.73,0.37,2023-10-26T19:46:48.451
94.554,31.1477,6.02,0.17,2023-10-26T20:13:08.562
94.63007,31.90956,4.85,1.73,2023-10-26T20:34:31.254
94.93915,31.90459,2.08,0.8,2023-10-26T21:31:49.221
94.54146,31.14762,10.01,1.19,2023-10-26T22:06:06.236
96.48069,30.13683,5.77,0.95,2023-10-26T22:43:00.862
96.24805,30.80633,9.59,0.2,2023-10-27T01:28:44.197
94.54599,31.15148,8.46,1.27,2023-10-27T01:47:00.268
94.53822,31.14222,15.3,1.4,2023-10-27T02:30:33.300
96.23968,30.79327,10.33,0.46,2023-10-27T02:33:28.745
94.54902,31.14612,8.05,1.02,2023-10-27T03:05:22.914
94.55272,31.14812,7.49,1.04,2023-10-27T03:10:18.753
96.24584,30.64721,17.33,0.37,2023-10-27T03:16:56.077
94.53841,31.14241,15.26,1.67,2023-10-27T03:26:47.202
96.24428,30.64495,17.34,0.73,2023-10-27T03:29:22.142
94.54983,31.14734,8.15,1.23,2023-10-27T03:47:06.383
94.9441,31.90059,1.97,0.95,2023-10-27T06:04:50.202
94.0943,29.68325,12.99,1.25,2023-10-27T06:40:21.146
96.3738,30.29991,3.49,0.69,2023-10-27T08:51:25.652
94.54222,31.13654,15.21,1.41,2023-10-27T08:56:58.337
96.49819,31.12427,8.89,1.03,2023-10-27T11:00:52.802
94.54893,31.14685,8.36,1.01,2023-10-27T11:03:33.359
94.54994,31.14693,7.98,0.94,2023-10-27T13:01:06.293
94.55053,31.14694,7.89,0.64,2023-10-27T15:06:48.813
96.24428,30.64495,17.34,0.36,2023-10-27T15:35:16.483
94.54568,31.14675,9.84,0.81,2023-10-27T17:10:58.919
96.23861,30.79004,11.21,-0.21,2023-10-27T18:41:16.232
94.63337,31.90691,4.67,1.26,2023-10-27T19:21:58.916
94.55249,31.14776,6.69,0.48,2023-10-27T20:28:25.181
94.53991,31.1426,15.75,1.08,2023-10-27T20:42:45.037
96.23677,30.78693,9.62,-0.15,2023-10-27T22:07:55.820
94.5395,31.14263,15.67,1.4,2023-10-27T22:15:33.635
96.24446,30.80674,9.65,-0.22,2023-10-27T22:44:18.243
95.026,29.88531,10.14,1.46,2023-10-27T22:54:40.047
96.2395,30.7903,10.71,1.39,2023-10-28T05:57:10.612
96.24011,30.79149,10.63,0.45,2023-10-28T06:01:32.304
96.23774,30.78943,9.53,0.44,2023-10-28T07:03:27.801
96.24075,30.79491,10.13,0.1,2023-10-28T13:05:40.020
96.24093,30.79495,10.11,0.12,2023-10-28T14:07:56.971
96.24057,30.79477,10.12,0.18,2023-10-28T14:09:37.286
96.24105,30.79193,10.88,0.04,2023-10-28T14:17:42.868
94.53663,31.14994,9.97,1.11,2023-10-28T15:14:19.678
94.54091,31.14842,8.37,1.23,2023-10-28T15:20:56.861
94.53818,31.14906,13.17,1.68,2023-10-28T15:48:51.019
94.54017,31.15074,8.48,1.74,2023-10-28T15:49:02.586
96.24092,30.7948,10.26,0.14,2023-10-28T15:53:52.374
94.5412,31.15009,8.49,1.11,2023-10-28T16:01:07.742
94.54309,31.15224,8.08,0.01,2023-10-28T16:06:06.027
94.53873,31.14743,13.24,0.64,2023-10-28T16:13:43.505
96.23919,30.78753,10.14,0.3,2023-10-28T16:18:30.387
94.53889,31.14951,12.99,1.16,2023-10-28T16:40:37.607
94.53417,31.15025,10.5,0.85,2023-10-28T17:08:39.437
94.54102,31.14974,8.43,0.89,2023-10-28T17:09:51.705
94.54805,31.14957,6.92,0.58,2023-10-28T17:10:25.582
94.5475,31.14906,7.43,0.18,2023-10-28T17:13:16.483
94.54065,31.14985,9.0,0.22,2023-10-28T17:32:18.464
94.55357,31.1418,13.92,0.85,2023-10-28T17:41:33.066
96.23894,30.79212,9.47,0.08,2023-10-28T18:39:22.471
96.2215,30.79823,10.29,-0.2,2023-10-28T18:46:38.676
96.22139,30.7978,10.35,-0.24,2023-10-28T19:19:02.026
94.53942,31.14696,13.1,0.49,2023-10-28T21:51:48.972
94.5379,31.15123,10.0,0.25,2023-10-28T21:55:33.424
94.54248,31.1526,8.15,0.37,2023-10-28T22:42:31.521
94.53967,31.15193,8.74,0.27,2023-10-28T23:04:55.094
94.5396,31.14585,13.1,0.75,2023-10-28T23:14:05.557
94.54279,31.14756,7.91,0.99,2023-10-28T23:52:59.355
94.94028,31.90303,2.01,1.18,2023-10-29T00:38:53.159
94.90007,29.91,8.84,1.85,2023-10-29T02:28:48.604
94.90025,29.90972,8.84,1.12,2023-10-29T03:55:26.075
96.47981,30.13667,5.91,1.58,2023-10-29T04:31:09.439
94.54253,31.14557,10.84,1.08,2023-10-29T06:50:40.207
94.54219,31.14628,10.04,1.62,2023-10-29T06:51:16.243
94.93876,31.90232,1.96,1.18,2023-10-29T11:10:49.508
96.22122,30.79802,10.51,0.42,2023-10-29T12:01:49.375
96.22123,30.7981,10.44,0.1,2023-10-29T12:16:45.408
94.54202,31.14616,9.7,0.94,2023-10-29T15:03:07.886
96.02866,30.79991,11.27,0.25,2023-10-29T15:47:16.965
96.02773,30.79746,11.59,-0.12,2023-10-29T15:55:15.526
96.02886,30.79948,11.35,0.1,2023-10-29T15:57:27.534
96.22052,30.79915,9.89,-0.16,2023-10-29T16:04:31.731
96.02886,30.79948,11.35,0.02,2023-10-29T16:05:52.954
96.02913,30.79984,11.35,-0.05,2023-10-29T16:08:19.479
96.02886,30.79987,11.29,0.0,2023-10-29T16:09:09.645
94.54242,31.14625,9.52,0.51,2023-10-29T16:11:25.109
96.02887,30.79962,11.35,-0.21,2023-10-29T16:12:48.643
96.24363,30.79965,12.21,0.17,2023-10-29T16:21:16.906
96.02882,30.79938,11.41,-0.08,2023-10-29T16:26:18.748
96.02896,30.79966,11.41,-0.04,2023-10-29T16:26:40.289
96.22124,30.79835,10.38,-0.23,2023-10-29T17:10:08.346
96.23788,30.79028,9.76,0.21,2023-10-29T17:29:34.533
96.22125,30.79863,10.43,0.66,2023-10-29T17:54:07.817
96.22221,30.79805,10.38,0.02,2023-10-29T18:19:13.675
96.22096,30.7992,9.76,0.11,2023-10-29T18:25:04.906
96.22111,30.79882,10.48,0.15,2023-10-29T18:25:24.155
96.22133,30.79848,10.84,-0.27,2023-10-29T18:26:47.885
94.54217,31.1459,10.26,1.21,2023-10-29T19:04:44.972
96.02945,30.80019,11.43,0.2,2023-10-29T19:14:48.625
96.22109,30.7991,10.15,-0.28,2023-10-29T20:05:16.104
94.89969,29.90978,8.93,1.27,2023-10-29T21:27:22.122
96.22164,30.79765,10.66,0.3,2023-10-29T21:36:42.748
94.54545,31.14369,8.72,1.18,2023-10-29T23:10:02.256
96.93655,30.29169,5.84,1.58,2023-10-30T01:05:46.832
96.93692,30.2907,6.18,0.79,2023-10-30T01:08:29.117
96.9351,30.29173,5.96,0.92,2023-10-30T01:14:06.990
94.5403,31.13732,14.44,0.83,2023-10-30T02:46:31.695
96.22226,30.79772,10.32,-0.12,2023-10-30T04:05:20.273
96.24653,30.80832,11.29,0.25,2023-10-30T04:43:39.950
94.54971,31.14674,8.02,1.22,2023-10-30T08:21:41.211
96.49823,31.12448,8.9,0.27,2023-10-30T11:01:01.745
94.94357,31.89971,1.81,0.87,2023-10-30T14:34:35.382
94.54156,31.13705,15.16,0.59,2023-10-30T15:12:35.764
94.53962,31.14397,15.45,0.81,2023-10-30T15:13:30.439
94.54914,31.14734,8.38,1.1,2023-10-30T15:13:52.367
93.17748,29.88054,10.42,1.71,2023-10-30T15:35:41.163
94.54086,31.13789,13.94,0.67,2023-10-30T17:09:17.170
94.54956,31.14807,8.48,0.35,2023-10-30T17:15:46.986
94.94117,31.89791,1.74,0.8,2023-10-30T18:59:51.967
94.54002,31.13683,14.93,0.84,2023-10-30T19:01:01.220
94.54972,31.14878,8.29,0.36,2023-10-30T19:01:21.769
95.84503,30.04575,7.65,0.8,2023-10-30T19:10:48.684
96.93593,30.29328,5.79,1.4,2023-10-30T20:17:35.612
94.55064,31.1487,8.63,0.31,2023-10-30T20:45:32.423
94.54865,31.14977,8.57,1.02,2023-10-30T20:56:25.606
94.94322,31.89759,2.37,0.97,2023-10-30T21:07:26.469
94.94321,31.89764,2.37,0.72,2023-10-30T22:15:06.218
94.53904,31.15024,13.05,1.07,2023-10-31T00:21:32.551
94.54395,31.15265,7.99,0.05,2023-10-31T02:14:21.878
94.53925,31.15007,13.05,1.18,2023-10-31T02:57:08.238
94.54404,31.15306,8.14,0.09,2023-10-31T04:35:20.474
95.04284,31.91641,7.24,0.79,2023-10-31T05:08:45.379
95.0894,31.8406,4.93,0.43,2023-10-31T05:24:12.240
95.04449,31.91474,5.65,0.83,2023-10-31T05:45:18.458
95.04278,31.91639,7.27,0.88,2023-10-31T05:45:33.380
95.0894,31.8406,4.93,0.63,2023-10-31T07:44:57.860
94.5413,31.14839,8.28,1.37,2023-10-31T08:00:25.831
95.0462,31.9188,4.47,1.0,2023-10-31T09:18:55.500
95.04465,31.91567,6.84,0.85,2023-10-31T09:19:28.938
94.54257,31.14501,8.78,3.67,2023-10-31T09:20:17.700
94.5468,31.14873,7.69,0.88,2023-10-31T09:22:47.000
94.54386,31.13921,8.06,0.65,2023-10-31T09:23:52.142
94.53799,31.14998,13.29,0.9,2023-10-31T09:26:55.089
94.54319,31.14487,9.05,1.28,2023-10-31T09:28:24.269
96.25856,30.82737,10.76,0.79,2023-10-31T10:18:11.634
94.54299,31.14382,8.69,1.92,2023-10-31T10:19:50.505
94.54293,31.1437,8.42,1.04,2023-10-31T10:47:39.902
96.25792,30.82651,10.82,-0.02,2023-10-31T11:17:40.376
94.54869,31.14461,9.59,1.34,2023-10-31T11:50:00.730
94.5716,31.1327,20.44,0.48,2023-10-31T12:13:04.301
94.5394,31.14398,13.53,0.98,2023-10-31T13:31:12.421
94.54135,31.14713,8.94,1.8,2023-10-31T13:42:00.732
94.53831,31.14979,13.46,1.2,2023-10-31T14:01:49.718
94.5345,31.1486,13.1,1.5,2023-10-31T14:02:33.951
94.54969,31.14695,6.33,1.11,2023-10-31T14:04:56.090
94.54043,31.14909,8.64,1.57,2023-10-31T14:41:41.406
96.242,30.79689,10.45,0.33,2023-10-31T15:06:53.519
94.54395,31.15339,8.24,0.46,2023-10-31T15:12:21.243
94.54063,31.14447,13.2,1.15,2023-10-31T15:26:17.068
96.48078,30.13999,4.9,0.54,2023-10-31T15:31:59.610
96.48058,30.1396,4.85,0.39,2023-10-31T15:35:26.645
96.48066,30.13966,4.9,0.34,2023-10-31T15:38:23.068
94.54099,31.14446,12.55,0.82,2023-10-31T16:10:26.202
94.53884,31.14432,13.51,1.15,2023-10-31T16:11:08.707
94.5342,31.1411,16.33,0.76,2023-10-31T16:16:54.251
94.53922,31.14446,12.92,0.94,2023-10-31T16:23:21.828
94.53832,31.14324,15.84,1.23,2023-10-31T16:33:48.923
94.53716,31.14874,12.19,1.42,2023-10-31T16:39:43.444
94.55224,31.14397,6.72,0.43,2023-10-31T16:43:49.900
94.5494,31.14278,8.44,0.35,2023-10-31T16:49:11.859
96.85687,31.14865,10.68,-0.47,2023-10-31T17:06:02.033
94.5383,31.14796,13.12,0.52,2023-10-31T17:36:25.100
94.54057,31.15046,8.35,2.03,2023-10-31T18:14:15.860
94.53936,31.15063,8.62,1.09,2023-10-31T18:15:15.002
94.53976,31.15024,9.06,1.08,2023-10-31T18:16:12.612
96.23983,30.78945,11.31,0.02,2023-10-31T18:26:34.860
94.63833,31.91249,4.7,1.22,2023-10-31T18:32:02.961
94.54474,31.14686,7.83,0.51,2023-10-31T18:46:07.284
96.2423,30.79918,10.34,0.25,2023-10-31T18:54:01.512
96.85687,31.14865,10.68,-0.47,2023-10-31T19:07:55.363
95.04443,31.91339,6.2,0.8,2023-10-31T19:20:12.092
95.04464,31.91634,6.98,1.23,2023-10-31T19:20:38.533
95.04467,31.91643,6.98,0.89,2023-10-31T19:21:04.380
95.04553,31.91644,6.78,0.8,2023-10-31T19:22:46.900
95.0453,31.91646,6.81,0.93,2023-10-31T19:26:32.409
94.94016,31.90055,1.86,0.97,2023-10-31T19:28:08.104
95.04464,31.91634,6.98,1.25,2023-10-31T19:30:38.723
95.04501,31.91612,6.82,0.81,2023-10-31T19:33:08.100
96.85815,31.1446,11.34,-0.49,2023-10-31T19:39:36.806
95.04415,31.91549,6.95,0.85,2023-10-31T19:43:36.020
94.54377,31.13776,12.33,0.82,2023-10-31T19:44:56.790
94.54028,31.14578,12.81,1.31,2023-10-31T19:52:29.809
94.54991,31.14898,6.25,0.55,2023-10-31T19:55:52.920
96.22101,30.79791,10.21,-0.18,2023-10-31T20:11:34.712
95.04666,31.91566,5.59,0.87,2023-10-31T20:23:37.464
94.5555,31.1457,5.02,0.1,2023-10-31T20:30:03.651
94.54094,31.14578,12.67,1.31,2023-10-31T20:31:53.897
94.53998,31.14968,9.91,0.21,2023-10-31T20:40:57.552
94.53841,31.14807,9.18,1.29,2023-10-31T20:48:47.949
94.54246,31.14205,12.68,0.9,2023-10-31T20:54:28.783
94.54568,31.14149,10.72,1.19,2023-10-31T20:54:54.437
94.54536,31.14445,7.22,0.92,2023-10-31T21:08:43.552
94.54007,31.14435,13.08,1.64,2023-10-31T21:15:43.937
95.04584,31.91555,6.43,0.76,2023-10-31T21:20:48.312
94.54012,31.14585,13.14,1.29,2023-10-31T21:31:31.424
95.04289,31.91545,7.05,0.87,2023-10-31T21:45:37.588
96.2212,30.79826,10.34,0.1,2023-10-31T23:16:00.340
94.54054,31.15003,8.66,1.36,2023-10-31T23:18:45.865
94.5356,31.1417,13.39,0.89,2023-10-31T23:34:47.201
94.55619,31.14187,6.74,0.91,2023-11-01T00:37:21.042
96.2223,30.79774,10.53,0.28,2023-11-01T00:45:29.276
96.48401,30.14014,5.89,0.6,2023-11-01T01:34:58.944
94.5477,31.15035,8.7,1.32,2023-11-01T02:47:14.882
96.48352,30.13957,5.84,0.56,2023-11-01T03:58:21.738
94.54684,31.151,8.31,1.33,2023-11-01T04:40:46.626
95.04868,31.91625,6.19,1.05,2023-11-01T04:43:36.602
94.94209,31.89834,1.9,1.01,2023-11-01T04:43:45.811
95.04868,31.91625,6.19,0.93,2023-11-01T04:45:05.452
95.05173,31.9011,7.0,0.84,2023-11-01T04:59:39.846
94.53873,31.14343,15.55,1.05,2023-11-01T05:40:03.340
96.23742,30.78961,9.67,0.07,2023-11-01T07:23:39.890
96.24299,30.80071,11.56,0.28,2023-11-01T11:19:21.531
94.54766,31.15321,7.22,0.93,2023-11-01T12:11:54.810
96.22241,30.79747,10.45,0.45,2023-11-01T14:27:42.968
96.22356,30.79812,10.25,0.29,2023-11-01T14:28:25.485
96.23629,30.78779,9.43,0.67,2023-11-01T14:31:32.234
94.63793,31.91441,5.3,1.34,2023-11-01T14:56:37.269
94.54168,31.13701,15.35,0.65,2023-11-01T16:09:58.319
94.94196,31.8975,1.89,0.77,2023-11-01T16:18:39.220
94.55059,31.14585,8.42,0.76,2023-11-01T16:45:02.088
96.23744,30.78946,9.62,0.25,2023-11-01T18:11:43.065
94.55236,31.14075,8.38,1.3,2023-11-01T18:54:30.581
94.55211,31.1406,8.4,1.2,2023-11-01T19:11:26.888
94.56115,31.14862,4.13,0.22,2023-11-01T20:19:10.584
96.36355,30.09889,7.96,0.38,2023-11-01T20:24:08.204
96.36355,30.09889,7.96,0.44,2023-11-01T20:25:26.874
96.36355,30.09889,7.96,0.43,2023-11-01T20:26:35.504
94.0945,29.68215,12.87,0.84,2023-11-01T20:36:56.355
94.55312,31.14054,8.35,0.53,2023-11-01T20:50:51.775
94.54905,31.14763,8.4,1.33,2023-11-01T21:34:46.331
96.23708,30.78992,9.46,0.15,2023-11-01T21:49:12.380
94.63782,31.91066,5.84,1.44,2023-11-01T22:03:51.314
96.36463,30.09895,7.91,0.54,2023-11-01T22:28:38.732
94.63579,31.90794,4.93,1.44,2023-11-02T02:22:08.168
96.23714,30.79043,9.29,0.15,2023-11-02T03:56:43.188
96.24032,30.7912,8.84,0.6,2023-11-02T04:28:30.135
94.9075,29.92215,9.61,1.41,2023-11-02T04:37:11.740
94.907,29.92215,9.61,1.02,2023-11-02T05:02:54.882
94.54743,31.1381,12.47,1.12,2023-11-02T08:08:53.947
96.47459,30.11872,6.79,1.25,2023-11-02T09:39:53.486
94.9075,29.92215,9.61,1.2,2023-11-02T11:49:28.771
96.23743,30.79084,9.67,0.98,2023-11-02T13:37:02.779
96.23591,30.78792,9.31,-0.4,2023-11-02T13:42:21.307
96.93206,30.29252,6.65,1.94,2023-11-02T13:48:58.457
96.50006,31.12375,8.66,0.32,2023-11-02T14:26:23.687
95.02233,29.88772,7.75,1.13,2023-11-02T15:03:22.613
96.22091,30.79666,10.71,-0.28,2023-11-02T15:08:48.082
96.22114,30.79606,10.97,-0.17,2023-11-02T15:09:45.351
96.23791,30.79069,9.54,-0.09,2023-11-02T19:10:48.957
96.2413,30.79818,10.56,0.1,2023-11-02T19:31:56.896
96.2418,30.79837,10.47,0.15,2023-11-02T19:49:33.956
95.08699,31.83232,4.97,1.04,2023-11-02T20:19:37.952
96.36616,30.09615,8.28,0.58,2023-11-02T21:20:42.581
94.54847,31.14219,11.2,0.44,2023-11-02T21:41:54.511
94.54491,31.14615,9.95,0.9,2023-11-02T21:48:14.452
94.63234,31.90887,4.98,1.21,2023-11-02T21:51:24.438
96.93122,30.29316,6.56,0.73,2023-11-02T23:30:34.211
96.93175,30.29265,6.74,0.82,2023-11-03T01:22:09.141
96.36251,30.09626,9.33,1.15,2023-11-03T02:04:56.485
96.36295,30.09681,9.08,0.44,2023-11-03T02:06:58.403
96.6877,30.46328,7.52,0.75,2023-11-03T06:46:06.704
94.94059,31.90211,2.15,1.2,2023-11-03T07:06:49.655
94.94059,31.89941,1.75,1.12,2023-11-03T07:44:04.790
94.54379,31.14706,10.14,1.46,2023-11-03T08:52:39.854
94.54377,31.14675,10.28,1.38,2023-11-03T08:53:05.429
96.67078,30.45374,6.29,1.5,2023-11-03T10:52:56.722
96.23647,30.78432,11.99,-0.21,2023-11-03T12:08:57.971
96.48115,30.13788,6.54,0.33,2023-11-03T15:29:53.213
94.94059,31.90211,2.15,0.95,2023-11-03T17:45:21.236
94.54456,31.14733,10.1,0.61,2023-11-03T17:49:38.432
94.88903,30.50697,4.93,1.12,2023-11-03T23:42:44.454
94.88904,30.50744,5.02,0.99,2023-11-03T23:44:16.765
94.88881,30.50703,5.04,0.72,2023-11-03T23:54:03.158
94.88871,30.50716,4.71,0.91,2023-11-03T23:56:52.427
96.23797,30.78964,10.8,0.11,2023-11-04T04:46:32.838
96.2353,30.78574,10.78,0.69,2023-11-04T07:05:01.180
97.07015,30.6449,8.82,0.67,2023-11-04T08:14:21.171
97.07002,30.64499,8.93,0.72,2023-11-04T11:24:38.292
95.08586,31.83328,5.03,1.19,2023-11-04T12:53:29.098
94.54398,31.14832,10.52,0.87,2023-11-04T14:32:11.952
94.53885,31.14807,13.73,1.13,2023-11-04T14:32:21.722
94.54503,31.14481,12.23,1.25,2023-11-04T15:08:04.544
94.5446,31.14585,10.26,0.94,2023-11-04T15:39:42.505
96.23963,30.79528,10.07,-0.1,2023-11-04T15:53:08.402
94.54685,31.14221,10.16,1.33,2023-11-04T16:55:27.686
96.93206,30.29252,6.65,1.49,2023-11-04T17:10:14.037
96.23658,30.78589,10.6,0.57,2023-11-04T18:18:50.253
96.2375,30.78794,10.85,0.6,2023-11-04T19:09:07.820
94.54406,31.1444,12.41,0.83,2023-11-04T19:33:13.212
96.92992,30.29339,6.6,0.72,2023-11-04T20:02:21.756
96.2383,30.78731,11.29,-0.19,2023-11-04T22:42:56.356
95.05735,31.90329,6.95,0.75,2023-11-04T23:01:23.287
94.54638,31.14357,10.33,0.78,2023-11-05T03:33:22.337
96.50022,31.12367,8.73,0.9,2023-11-05T11:00:42.099
96.26539,30.85871,12.94,0.25,2023-11-05T11:13:53.926
94.54643,31.14232,12.41,0.86,2023-11-05T12:48:17.674
96.23827,30.79148,9.42,-0.04,2023-11-05T13:07:22.155
96.23739,30.78812,10.78,0.53,2023-11-05T14:04:31.950
96.23688,30.78958,9.12,0.2,2023-11-05T16:01:24.827
96.24306,30.79926,11.03,0.27,2023-11-05T16:43:14.434
96.24551,30.80548,11.29,-0.32,2023-11-05T19:52:42.914
94.5526,31.14834,7.42,0.41,2023-11-05T21:50:25.254
96.53015,31.23326,13.63,1.12,2023-11-06T00:55:32.185
94.54257,31.14552,12.22,1.48,2023-11-06T02:34:10.777
94.94112,31.22515,8.18,0.67,2023-11-06T04:43:38.263
94.94168,31.22505,8.21,0.51,2023-11-06T05:12:49.787
94.54412,31.14651,9.99,1.27,2023-11-06T06:23:40.362
94.5616,31.14837,4.45,0.23,2023-11-06T07:14:09.091
94.54975,31.14385,8.32,1.41,2023-11-06T07:15:34.714
94.63642,31.91757,5.42,1.18,2023-11-06T12:17:38.690
94.54394,31.14748,10.13,1.11,2023-11-06T12:41:57.821
95.0854,30.32779,10.08,1.45,2023-11-06T13:15:57.203
96.23737,30.78761,11.29,-0.23,2023-11-06T13:23:35.962
95.0854,30.32751,10.2,0.76,2023-11-06T13:32:07.899
95.08584,31.83391,4.98,0.79,2023-11-06T14:30:48.337
94.57923,31.07844,9.6,0.73,2023-11-06T16:09:11.865
96.23778,30.78757,11.36,0.09,2023-11-06T16:17:23.587
96.238,30.78784,11.29,0.22,2023-11-06T16:18:16.221
94.55883,31.1456,5.92,0.73,2023-11-06T16:31:33.766
94.90182,29.11558,10.8,1.11,2023-11-06T17:33:59.782
94.90145,29.11519,10.8,1.6,2023-11-06T18:04:34.499
96.23624,30.78827,9.18,-0.41,2023-11-06T20:00:07.730
96.48188,30.13569,6.78,0.67,2023-11-06T21:58:24.971
94.54572,31.14372,9.76,0.37,2023-11-06T22:40:00.184
94.54397,31.14722,10.99,0.93,2023-11-06T23:47:41.996
96.24675,30.80332,9.78,0.58,2023-11-07T01:08:50.729
96.23675,30.78981,9.18,0.32,2023-11-07T06:39:40.965
96.23684,30.78941,9.36,0.55,2023-11-07T06:41:38.864
96.23687,30.78943,9.36,0.86,2023-11-07T07:15:38.664
96.23669,30.78959,9.36,0.95,2023-11-07T07:29:32.582
96.23692,30.78971,9.19,0.51,2023-11-07T07:31:49.305
96.68799,30.46259,7.5,0.53,2023-11-07T08:28:33.456
96.23767,30.7865,11.31,0.24,2023-11-07T12:08:20.328
94.54521,31.14364,12.53,0.94,2023-11-07T13:09:32.100
96.2373,30.78649,11.28,0.38,2023-11-07T16:12:18.737
94.57827,31.07869,10.02,0.34,2023-11-07T17:30:51.930
96.23971,30.79367,10.81,-0.1,2023-11-07T18:42:02.768
94.57944,31.07869,9.97,0.75,2023-11-07T18:53:54.290
96.24514,30.8052,11.43,0.61,2023-11-07T19:27:55.901
94.54691,31.14271,10.0,1.14,2023-11-07T19:46:57.057
96.24675,30.80332,9.78,0.36,2023-11-07T19:53:04.810
95.05277,31.90203,5.74,1.01,2023-11-07T21:16:27.600
96.23859,30.79435,9.48,-0.21,2023-11-07T21:27:25.115
96.22083,30.7967,10.75,-0.14,2023-11-07T21:53:57.775
96.22079,30.79674,10.79,-0.19,2023-11-07T21:54:08.341
96.23704,30.79018,10.21,-0.5,2023-11-07T22:18:01.696
94.63243,31.90997,5.04,2.13,2023-11-07T22:39:48.001
96.53007,31.23366,13.54,0.48,2023-11-07T22:58:13.412
96.2383,30.78971,10.99,0.33,2023-11-08T00:07:14.605
94.54445,31.14731,10.15,1.3,2023-11-08T00:31:27.601
94.57944,31.07869,9.97,0.85,2023-11-08T01:28:17.229
94.57679,31.07857,10.16,0.75,2023-11-08T01:32:07.716
94.63491,31.91197,5.53,1.53,2023-11-08T02:17:00.240
96.22078,30.79662,10.67,-0.1,2023-11-08T02:26:26.500
94.54394,31.14693,12.82,0.52,2023-11-08T03:24:24.511
94.54345,31.14697,12.56,1.73,2023-11-08T03:28:12.848
94.54329,31.14739,12.46,1.38,2023-11-08T04:02:50.642
94.55176,31.14919,7.42,0.65,2023-11-08T04:04:36.201
94.54265,31.14729,12.41,1.31,2023-11-08T04:36:00.169
96.23331,30.7854,12.04,1.54,2023-11-08T05:01:57.084
96.23773,30.78705,10.91,1.74,2023-11-08T05:02:29.898
94.54505,31.14555,9.84,2.01,2023-11-08T05:02:39.763
94.55494,31.1517,5.63,0.73,2023-11-08T05:55:40.703
96.49513,31.12546,8.98,0.54,2023-11-08T10:44:52.935
96.66333,30.45034,7.85,1.15,2023-11-08T11:09:35.292
94.93977,31.89983,2.8,0.55,2023-11-08T15:38:17.384
94.63533,31.91219,5.58,1.3,2023-11-08T16:22:06.216
94.55249,31.14784,8.46,0.94,2023-11-08T16:22:19.930
94.63452,31.91107,5.45,1.37,2023-11-08T17:08:44.772
94.63433,31.91033,5.76,1.4,2023-11-08T17:20:26.857
96.22057,30.79675,10.66,-0.24,2023-11-08T18:06:31.827
94.63503,31.91089,5.61,1.32,2023-11-08T20:51:43.398
94.94044,29.90962,8.9,1.01,2023-11-08T21:44:26.892
96.23761,30.78785,11.26,0.14,2023-11-08T21:45:07.381
96.23701,30.79047,9.17,-0.18,2023-11-08T21:49:52.197
94.94002,29.90913,9.03,0.96,2023-11-08T23:22:53.875
94.93948,29.9089,9.03,1.72,2023-11-09T01:28:19.748
94.94002,29.90912,9.01,1.11,2023-11-09T01:32:30.553
96.24417,30.80216,11.38,0.55,2023-11-09T01:45:42.543
94.63612,31.91684,5.42,1.71,2023-11-09T02:14:00.463
94.93994,29.90645,8.71,1.37,2023-11-09T02:59:08.994
96.24517,30.80437,11.38,0.09,2023-11-09T04:55:16.807
95.84439,30.04529,7.4,1.42,2023-11-09T09:36:12.263
94.94031,29.90805,8.79,1.44,2023-11-09T09:42:18.841
94.94252,29.91078,9.06,1.14,2023-11-09T09:52:01.556
94.57899,31.07918,9.97,0.74,2023-11-09T10:49:23.350
94.54458,31.15007,12.31,0.97,2023-11-09T18:57:22.474
94.54543,31.15058,11.83,1.08,2023-11-09T18:58:45.526
95.00436,31.03887,8.9,0.18,2023-11-09T19:19:03.561
95.00468,31.03919,8.89,0.08,2023-11-09T19:20:38.324
95.00466,31.03896,8.97,0.32,2023-11-09T19:21:07.591
95.00453,31.03906,8.93,0.06,2023-11-09T19:24:40.912
95.00473,31.03865,8.91,-0.16,2023-11-09T19:25:06.052
95.00483,31.0392,8.9,0.35,2023-11-09T19:25:52.854
95.00484,31.03895,8.94,0.41,2023-11-09T19:40:05.566
95.00435,31.0381,8.93,-0.1,2023-11-09T19:54:18.443
96.24685,30.81003,10.24,-0.02,2023-11-09T20:18:40.249
96.24838,30.81034,10.01,-0.06,2023-11-09T20:18:59.301
95.0046,31.03795,8.88,0.33,2023-11-09T20:22:47.988
95.00476,31.03878,8.91,0.3,2023-11-09T20:41:22.361
95.00445,31.03877,9.04,0.08,2023-11-09T20:42:24.219
95.00453,31.03794,8.91,-0.1,2023-11-09T20:43:13.110
95.05324,31.89887,5.69,0.84,2023-11-09T20:47:17.831
95.00468,31.03838,8.91,-0.1,2023-11-09T20:48:27.303
95.00461,31.03836,8.94,-0.04,2023-11-09T21:01:05.320
94.54544,31.14228,12.32,0.91,2023-11-09T21:01:21.777
95.00468,31.03923,8.85,0.35,2023-11-09T21:04:20.502
95.00477,31.03831,8.98,0.23,2023-11-09T21:05:45.272
95.0046,31.03844,8.94,0.05,2023-11-09T21:14:48.002
95.0061,31.03783,8.24,-0.24,2023-11-09T21:15:39.347
95.00435,31.03754,8.83,-0.12,2023-11-09T21:27:27.426
95.00457,31.03788,8.94,-0.04,2023-11-09T21:29:13.309
95.00448,31.03807,8.88,0.21,2023-11-09T21:36:34.318
95.00453,31.03737,8.94,0.2,2023-11-09T21:40:16.238
95.00757,31.03584,10.61,0.53,2023-11-09T21:40:33.398
95.00477,31.03883,8.96,0.34,2023-11-09T21:44:51.921
95.00429,31.03883,8.93,0.32,2023-11-09T21:45:24.083
95.00424,31.03841,8.97,-0.1,2023-11-09T22:29:07.088
95.05305,31.90383,6.06,0.73,2023-11-09T22:37:27.840
94.63612,31.91684,5.42,1.57,2023-11-09T23:17:45.464
94.54628,31.14317,12.89,1.51,2023-11-10T02:11:14.845
94.54592,31.14398,10.33,0.76,2023-11-10T02:34:17.719
94.90202,29.11608,10.84,1.16,2023-11-10T02:57:37.904
94.94005,29.90823,9.14,1.24,2023-11-10T03:54:00.562
94.94037,29.90873,9.17,1.26,2023-11-10T04:45:03.838
94.93946,29.90842,9.0,1.26,2023-11-10T04:58:24.014
93.17402,29.87846,10.87,2.04,2023-11-10T06:05:52.828
94.94074,29.90932,8.91,1.12,2023-11-10T07:57:45.593
96.49956,31.12333,8.75,0.23,2023-11-10T10:42:17.264
94.93888,29.90769,9.11,1.54,2023-11-10T11:13:58.444
94.93888,29.90786,9.22,1.97,2023-11-10T11:36:19.741
94.94002,29.90837,9.14,1.09,2023-11-10T12:57:24.114
94.94049,29.90629,8.79,0.78,2023-11-10T13:37:51.818
96.23772,30.79107,9.28,-0.16,2023-11-10T15:14:04.772
96.23765,30.79097,9.29,0.33,2023-11-10T15:39:06.514
94.94441,29.90998,8.79,2.51,2023-11-10T16:37:28.059
94.94386,29.90987,8.5,1.15,2023-11-10T16:49:35.554
94.63546,31.90713,5.65,1.29,2023-11-10T16:54:20.258
94.94345,29.91045,8.54,0.89,2023-11-10T16:55:40.990
96.23702,30.79102,9.23,-0.07,2023-11-10T17:08:03.624
94.94207,29.91012,9.47,1.07,2023-11-10T17:12:50.759
96.2374,30.79059,9.29,-0.22,2023-11-10T18:00:41.591
94.54161,31.14327,18.02,1.15,2023-11-10T19:47:00.425
94.94238,29.9077,8.73,1.13,2023-11-10T19:54:11.378
96.23967,30.7965,9.65,-0.02,2023-11-10T20:15:42.681
96.24001,30.79694,9.62,0.06,2023-11-10T20:18:30.170
95.00418,31.03854,9.07,-0.24,2023-11-10T20:26:55.512
96.23737,30.79062,9.68,0.04,2023-11-10T22:18:02.002
96.23675,30.78961,10.42,-0.02,2023-11-10T22:31:47.210
94.54209,31.14213,17.68,0.49,2023-11-10T22:39:26.577
96.24878,30.81178,10.29,0.38,2023-11-10T23:12:19.026
96.23975,30.79699,9.56,0.05,2023-11-10T23:19:40.079
94.63455,31.91793,5.66,1.09,2023-11-10T23:23:42.188
94.63579,31.9171,5.48,1.23,2023-11-10T23:37:19.210
94.54575,31.14221,13.11,1.56,2023-11-11T00:00:41.394
95.00413,31.03865,9.05,-0.07,2023-11-11T01:30:32.191
95.00462,31.03789,8.91,0.24,2023-11-11T01:30:55.182
95.00448,31.03841,8.99,-0.19,2023-11-11T01:34:24.873
95.00454,31.03816,8.97,0.2,2023-11-11T01:35:51.922
95.00452,31.03847,8.9,0.19,2023-11-11T01:49:44.261
94.63288,31.90958,4.72,1.36,2023-11-11T02:51:01.984
94.63524,31.90775,4.96,1.66,2023-11-11T04:50:30.113
96.52998,31.23318,13.58,0.53,2023-11-11T05:10:22.454
96.22081,30.79657,10.71,0.02,2023-11-11T09:07:57.780
96.48168,30.13525,6.53,1.16,2023-11-11T09:11:57.300
95.00419,31.03729,8.95,0.7,2023-11-11T10:59:53.113
96.67352,30.45146,8.14,0.96,2023-11-11T12:20:15.496
96.2209,30.79603,10.8,0.01,2023-11-11T13:35:15.742
94.87059,29.93623,10.0,0.79,2023-11-11T17:50:08.631
94.87064,29.93623,10.01,0.74,2023-11-11T17:50:49.831
96.22036,30.79614,10.75,-0.05,2023-11-11T18:16:24.143
96.2373,30.7963,3.93,-0.29,2023-11-11T18:28:58.751
96.2373,30.7963,3.93,-0.24,2023-11-11T18:29:16.751
96.23615,30.78851,9.21,0.38,2023-11-11T18:34:36.837
96.23808,30.79174,9.6,-0.4,2023-11-11T19:03:12.348
96.22067,30.79619,10.61,0.03,2023-11-11T20:13:17.391
94.93806,29.90213,8.41,1.04,2023-11-11T21:39:39.699
95.05076,31.92213,8.28,0.83,2023-11-11T22:03:33.460
95.05059,31.9224,8.44,0.96,2023-11-11T22:26:41.165
96.24687,30.8034,9.7,0.08,2023-11-11T22:31:07.683
95.05121,31.92276,8.34,0.89,2023-11-11T23:22:12.834
95.05175,31.92329,7.67,0.8,2023-11-11T23:28:01.537
96.2459,30.80396,11.25,0.06,2023-11-11T23:28:48.845
94.87079,29.93654,9.96,0.88,2023-11-11T23:32:37.700
96.2459,30.80396,11.25,0.16,2023-11-11T23:40:56.865
96.24535,30.80382,11.41,0.31,2023-11-11T23:42:39.630
95.04668,29.86011,10.68,1.27,2023-11-12T02:53:09.494
95.04668,29.86011,10.68,1.81,2023-11-12T02:55:08.034
95.0567,31.9404,1.64,1.09,2023-11-12T08:05:59.250
95.04735,29.85837,10.67,1.32,2023-11-12T08:56:25.221
95.07791,31.94002,4.68,1.15,2023-11-12T13:17:56.628
95.07829,31.93838,4.5,0.8,2023-11-12T13:34:41.874
95.04194,31.94667,5.24,1.62,2023-11-12T18:04:10.041
96.23842,30.78848,10.23,-0.33,2023-11-12T18:09:11.773
95.0567,31.9404,1.64,0.75,2023-11-12T18:16:59.301
96.23817,30.78856,10.19,0.07,2023-11-12T19:06:48.700
96.22113,30.79751,10.45,-0.31,2023-11-12T22:25:08.624
94.54578,31.15056,8.4,0.5,2023-11-12T22:47:41.892
94.54559,31.15064,8.54,0.44,2023-11-12T22:47:52.652
94.54079,31.14832,9.61,1.58,2023-11-12T23:31:35.465
96.22092,30.79753,10.88,0.31,2023-11-13T00:07:17.571
94.87068,29.93611,9.85,1.12,2023-11-13T00:36:26.574
96.22071,30.79661,10.73,0.71,2023-11-13T00:40:51.660
96.22127,30.79648,10.74,-0.01,2023-11-13T01:07:00.988
94.54327,31.14655,12.41,1.51,2023-11-13T01:48:53.699
94.54393,31.14572,12.06,1.54,2023-11-13T02:34:10.309
94.5452,31.14643,9.96,0.83,2023-11-13T03:13:44.073
96.238,30.78938,10.94,0.27,2023-11-13T06:09:48.049
94.54359,31.14632,11.92,0.43,2023-11-13T09:19:10.144
96.22121,30.79627,10.78,0.2,2023-11-13T10:02:53.489
94.54418,31.14629,10.34,1.54,2023-11-13T10:17:41.619
96.68728,30.46343,7.57,1.05,2023-11-13T11:41:58.464
94.54296,31.14667,12.48,1.42,2023-11-13T12:48:22.379
94.54274,31.14594,12.44,1.11,2023-11-13T12:49:27.140
95.03076,31.93606,4.05,1.06,2023-11-13T13:19:09.080
94.54336,31.14593,12.53,1.06,2023-11-13T13:54:24.449
93.22411,29.86298,1.69,2.28,2023-11-13T15:04:55.794
93.22322,29.86349,1.69,1.6,2023-11-13T15:07:59.217
96.22022,30.79629,10.68,0.16,2023-11-13T15:08:20.928
96.36632,30.09593,8.4,0.24,2023-11-13T15:52:00.427
94.54507,31.14639,9.73,1.19,2023-11-13T15:52:51.816
94.74883,29.99117,8.36,0.62,2023-11-13T16:06:54.414
95.06846,31.83371,4.45,0.97,2023-11-13T16:35:02.268
96.23672,30.78848,10.41,0.59,2023-11-13T17:05:22.011
94.90161,29.11501,10.94,0.89,2023-11-13T17:08:21.368
94.90238,29.11665,10.82,0.91,2023-11-13T17:31:27.343
96.22037,30.79616,10.74,0.07,2023-11-13T18:11:45.173
96.22093,30.79613,10.71,-0.07,2023-11-13T18:11:57.103
94.90219,29.11663,10.8,1.15,2023-11-13T18:16:54.301
94.90199,29.11734,10.75,0.95,2023-11-13T18:20:09.913
94.90162,29.1166,10.78,1.69,2023-11-13T18:22:30.392
94.90242,29.11688,10.79,1.03,2023-11-13T18:26:46.341
95.03076,31.93606,4.05,1.08,2023-11-13T18:46:15.600
94.87082,29.93604,9.94,0.75,2023-11-13T19:42:42.603
94.54631,31.14823,9.55,1.32,2023-11-13T22:54:22.763
95.02986,31.93601,4.3,1.18,2023-11-14T05:47:20.036
95.03046,31.93478,4.92,1.75,2023-11-14T06:41:39.351
96.22084,30.79724,10.34,0.03,2023-11-14T10:34:24.956
95.02964,31.93597,4.33,1.61,2023-11-14T11:37:12.038
95.0303,31.93487,4.42,1.37,2023-11-14T14:16:30.186
96.22072,30.79731,10.35,0.04,2023-11-14T15:42:16.939
94.54259,31.14392,10.27,1.87,2023-11-14T15:47:00.626
96.22079,30.7973,10.38,0.06,2023-11-14T16:04:30.119
96.21606,30.71879,9.65,0.01,2023-11-14T16:06:09.848
96.22082,30.79783,10.33,-0.61,2023-11-14T17:17:49.236
96.22079,30.79734,10.39,0.05,2023-11-14T17:40:21.848
96.22078,30.79748,10.29,-0.42,2023-11-14T17:41:20.706
94.54172,31.14609,10.24,2.02,2023-11-14T18:44:19.434
94.54172,31.14609,10.24,2.42,2023-11-14T18:44:48.084
94.54517,31.14011,18.55,3.49,2023-11-14T18:45:41.100
94.54439,31.13877,18.26,1.05,2023-11-14T18:47:49.925
94.54166,31.14269,18.23,0.94,2023-11-14T18:48:40.307
94.54241,31.14251,18.13,1.07,2023-11-14T18:52:43.506
94.54052,31.14572,10.48,1.08,2023-11-14T18:56:49.262
94.54444,31.14228,18.01,1.0,2023-11-14T19:07:48.257
94.54091,31.15002,10.04,0.96,2023-11-14T19:26:47.104
94.54497,31.14479,9.05,1.18,2023-11-14T19:29:03.343
94.54348,31.14269,18.24,0.49,2023-11-14T19:40:11.148
94.54085,31.14849,9.79,0.91,2023-11-14T19:52:54.634
96.22073,30.79734,10.38,0.37,2023-11-14T20:05:49.840
94.54142,31.14971,10.79,0.94,2023-11-14T20:08:40.868
94.54285,31.14235,18.32,1.66,2023-11-14T20:26:16.262
94.54238,31.14248,18.27,0.93,2023-11-14T20:34:22.612
94.54252,31.14245,18.28,0.53,2023-11-14T20:35:16.793
94.54276,31.14258,18.21,0.9,2023-11-14T21:04:35.788
94.5417,31.14207,18.71,0.96,2023-11-14T22:00:55.235
96.24337,30.79825,12.43,0.46,2023-11-14T22:26:18.046
94.54226,31.14291,18.34,1.06,2023-11-14T23:11:09.188
94.54387,31.1403,10.5,0.89,2023-11-14T23:28:25.177
94.54014,31.14992,9.85,1.19,2023-11-14T23:42:48.484
94.54226,31.1426,18.12,1.43,2023-11-15T00:02:06.892
94.55831,31.14288,7.04,0.6,2023-11-15T00:50:00.518
94.54281,31.14109,10.59,1.0,2023-11-15T01:28:38.757
94.54497,31.14031,10.23,1.13,2023-11-15T01:38:25.340
94.54172,31.14543,10.46,0.87,2023-11-15T03:02:15.843
94.54406,31.14072,9.85,1.02,2023-11-15T03:31:17.907
94.55789,31.14285,6.9,0.94,2023-11-15T03:47:55.405
94.55789,31.1424,6.74,0.95,2023-11-15T04:20:39.442
94.55814,31.14194,6.83,0.57,2023-11-15T04:52:41.658
94.54004,31.14953,9.85,1.79,2023-11-15T06:14:28.043
94.54049,31.1484,9.74,3.7,2023-11-15T06:19:41.321
94.54439,31.15313,9.77,1.65,2023-11-15T06:21:00.144
94.53571,31.14441,13.51,0.81,2023-11-15T06:26:32.597
94.53989,31.15119,10.96,1.63,2023-11-15T06:29:05.666
94.53549,31.14459,13.09,0.81,2023-11-15T06:34:40.103
94.54374,31.14161,9.75,0.9,2023-11-15T07:52:08.628
94.55798,31.14165,6.96,0.62,2023-11-15T10:40:54.010
94.5439,31.14001,10.07,1.64,2023-11-15T11:26:55.674
94.54541,31.15163,8.38,0.94,2023-11-15T11:56:40.158
94.53393,31.15759,9.21,1.14,2023-11-15T12:03:35.897
94.54853,31.14073,7.55,0.71,2023-11-15T14:49:44.984
94.55813,31.14234,6.8,0.47,2023-11-15T15:06:00.496
94.53734,31.15148,10.58,0.91,2023-11-15T15:55:18.707
93.23092,29.8616,1.0,2.63,2023-11-15T16:40:21.042
93.23139,29.86178,1.0,1.89,2023-11-15T16:48:18.455
93.23204,29.86161,0.89,1.43,2023-11-15T16:50:58.803
94.54325,31.14153,10.65,0.94,2023-11-15T17:03:42.053
93.17846,29.87129,10.29,1.5,2023-11-15T17:27:46.505
93.23141,29.86085,1.0,1.56,2023-11-15T18:09:41.467
93.17832,29.87134,9.97,1.3,2023-11-15T18:46:22.743
93.17834,29.87139,9.67,1.39,2023-11-15T18:48:02.002
93.23149,29.86175,0.99,2.44,2023-11-15T19:06:09.105
94.54187,31.14791,9.78,1.5,2023-11-15T19:16:26.919
96.21654,30.71921,9.67,-0.11,2023-11-15T19:38:12.354
93.23235,29.8608,0.89,1.31,2023-11-15T19:53:49.935
93.17888,29.87198,9.63,1.33,2023-11-15T20:47:01.904
96.23842,30.78986,10.26,-0.14,2023-11-15T21:42:39.379
94.53977,31.14593,8.88,0.87,2023-11-16T00:08:47.782
96.24166,30.79354,11.79,0.14,2023-11-16T00:25:57.530
93.17621,29.87299,10.51,1.53,2023-11-16T00:53:13.873
94.53411,31.1502,14.67,1.27,2023-11-16T01:11:46.708
94.5374,31.15076,8.77,1.91,2023-11-16T07:17:16.902
94.54106,31.14468,17.14,1.59,2023-11-16T08:39:27.915
94.53797,31.15067,8.2,1.2,2023-11-16T15:24:54.698
94.53266,31.14928,14.44,1.15,2023-11-16T16:14:14.148
94.90536,29.88796,9.96,1.33,2023-11-16T17:32:23.248
96.24628,30.79806,10.66,-0.17,2023-11-16T17:36:59.094
93.17439,29.87321,11.46,1.98,2023-11-16T18:29:08.128
94.54405,31.1398,8.61,0.89,2023-11-16T18:48:19.758
94.53204,30.46756,6.45,0.62,2023-11-16T19:00:55.822
94.53162,30.46734,6.51,0.19,2023-11-16T19:09:26.420
94.90624,29.88824,10.07,0.58,2023-11-16T19:13:04.054
96.2223,30.79799,11.42,-0.07,2023-11-16T19:49:23.148
96.48077,30.13543,6.31,0.64,2023-11-16T20:34:43.399
94.53793,31.15153,9.59,0.1,2023-11-16T20:54:20.846
96.22209,30.79822,11.25,0.2,2023-11-17T00:37:07.862
96.23866,30.79472,9.4,0.08,2023-11-17T03:05:17.613
96.23712,30.78939,9.19,0.34,2023-11-17T03:27:20.941
94.23644,29.28313,14.42,0.87,2023-11-17T06:09:41.614
94.23686,29.28327,14.4,1.8,2023-11-17T06:33:04.336
94.54291,31.14422,7.87,1.24,2023-11-17T08:18:02.607
97.07302,30.64281,8.95,1.21,2023-11-17T10:49:13.899
96.23972,30.80716,11.83,0.21,2023-11-17T10:49:54.459
97.07378,30.64319,9.15,1.05,2023-11-17T17:19:53.603
96.22209,30.79833,11.23,0.2,2023-11-17T19:12:15.493
94.53102,30.46813,6.49,0.17,2023-11-17T21:42:43.340
94.53122,30.46777,6.48,0.18,2023-11-17T21:56:58.022
96.23783,30.79215,9.18,0.48,2023-11-17T22:29:47.363
96.24859,30.8032,8.92,0.3,2023-11-17T22:36:30.393
96.2219,30.79833,11.28,-0.06,2023-11-17T23:57:02.627
94.54347,31.14974,10.14,1.13,2023-11-18T00:56:38.146
94.54579,31.14387,10.29,1.58,2023-11-18T05:04:40.263
97.07032,30.64331,9.24,1.1,2023-11-18T06:47:54.688
96.68779,30.46372,7.54,1.06,2023-11-18T11:01:44.151
96.49987,31.12381,8.72,0.51,2023-11-18T11:04:41.049
96.22109,30.79689,10.68,-0.33,2023-11-18T11:28:16.072
96.22074,30.79652,10.77,-0.66,2023-11-18T12:58:59.504
96.22113,30.79687,10.63,0.27,2023-11-18T14:43:29.624
96.23921,30.79494,9.85,1.61,2023-11-18T15:02:40.513
96.2209,30.79709,10.6,-0.59,2023-11-18T15:05:12.410
96.23853,30.79499,10.09,-0.28,2023-11-18T15:13:44.645
96.23891,30.79577,9.97,-0.51,2023-11-18T15:26:32.951
96.23841,30.79492,9.77,0.15,2023-11-18T15:52:40.198
96.22054,30.79666,10.71,-0.07,2023-11-18T16:25:23.128
96.23686,30.78958,9.43,-0.35,2023-11-18T16:27:33.164
96.22049,30.79658,10.7,-0.08,2023-11-18T16:29:22.137
95.02947,29.88058,9.88,1.45,2023-11-18T16:30:04.789
94.54626,31.14449,10.2,0.81,2023-11-18T16:36:19.190
96.24233,30.7955,9.23,-0.22,2023-11-18T16:42:24.234
94.54615,31.14814,9.89,0.1,2023-11-18T17:09:53.218
96.22065,30.7967,10.75,-0.62,2023-11-18T17:19:46.498
94.91416,29.89842,10.16,1.0,2023-11-18T18:12:28.878
96.23557,30.78549,10.74,0.2,2023-11-18T18:19:19.623
94.91462,29.89835,10.12,1.0,2023-11-18T18:20:19.861
95.08585,31.83308,5.19,0.79,2023-11-18T18:27:59.900
94.91502,29.89931,10.24,0.6,2023-11-18T18:28:21.787
96.23473,30.79175,10.52,-0.18,2023-11-18T19:08:56.792
96.22077,30.79668,10.79,-0.02,2023-11-18T19:22:31.929
96.23821,30.79216,9.92,0.5,2023-11-18T19:26:23.298
94.91448,29.89817,10.29,0.99,2023-11-18T19:34:10.384
94.91425,29.89835,10.17,1.04,2023-11-18T19:51:19.237
94.63511,31.90527,5.85,1.32,2023-11-18T20:08:14.418
96.23809,30.79229,9.89,0.21,2023-11-18T20:38:22.654
94.63537,31.90593,5.78,1.32,2023-11-18T20:53:11.865
96.23819,30.79251,9.53,-0.15,2023-11-18T21:00:15.423
96.23849,30.79253,9.48,-0.14,2023-11-18T21:04:23.485
96.24056,30.79334,10.97,0.26,2023-11-18T21:05:31.015
94.91353,29.89801,10.28,0.84,2023-11-18T21:23:34.377
96.23809,30.7911,10.8,0.3,2023-11-18T22:37:00.228
94.74037,29.98763,8.08,0.48,2023-11-18T23:02:30.038
96.23911,30.78803,10.88,0.04,2023-11-19T00:54:18.759
94.57988,31.07852,9.6,0.48,2023-11-19T03:45:38.895
94.57971,31.07888,9.62,0.53,2023-11-19T05:16:35.502
96.24059,30.79322,11.1,0.14,2023-11-19T10:31:35.445
96.50003,31.12411,8.84,0.18,2023-11-19T10:48:47.707
96.2442,30.80774,11.29,-0.11,2023-11-19T10:49:23.552
94.91425,29.89866,10.19,1.47,2023-11-19T11:14:21.385
96.22035,30.79686,10.86,-0.63,2023-11-19T11:16:11.548
94.91251,29.89802,10.19,1.05,2023-11-19T14:10:45.504
96.24405,30.80774,11.2,-0.07,2023-11-19T14:25:45.561
94.5468,31.15277,9.01,0.86,2023-11-19T14:51:24.911
94.54945,31.15279,8.98,0.77,2023-11-19T15:18:58.704
96.24413,30.80774,11.3,-0.12,2023-11-19T16:37:29.552
96.63251,30.86929,9.84,0.75,2023-11-19T19:06:19.786
96.23643,30.78588,10.54,-0.42,2023-11-19T19:32:08.444
96.24056,30.79334,11.02,0.21,2023-11-19T20:13:45.171
96.24054,30.79339,10.96,0.18,2023-11-19T21:53:11.015
94.54775,31.14295,9.76,1.27,2023-11-19T22:03:11.713
96.23722,30.78667,11.12,0.16,2023-11-19T23:24:50.293
96.23667,30.79173,9.51,0.26,2023-11-20T00:30:52.623
94.91257,29.89827,10.09,1.08,2023-11-20T00:51:36.142
94.54142,31.15136,12.46,1.02,2023-11-20T02:00:47.053
94.54751,31.15148,8.77,0.87,2023-11-20T02:07:54.834
96.2359,30.78489,10.97,0.54,2023-11-20T02:20:12.986
94.54103,31.15221,12.15,1.33,2023-11-20T02:52:08.450
96.36568,30.09571,8.34,0.99,2023-11-20T03:14:37.979
94.54126,31.15061,12.35,1.05,2023-11-20T03:54:23.830
94.54106,31.15109,12.55,1.54,2023-11-20T04:42:22.868
96.23782,30.79198,9.26,0.27,2023-11-20T05:25:30.630
94.54761,31.15073,8.94,0.43,2023-11-20T05:36:44.010
94.5404,31.15055,12.73,1.57,2023-11-20T06:26:14.343
94.54273,31.15021,12.73,1.57,2023-11-20T06:40:41.542
96.26612,30.86347,12.67,0.52,2023-11-20T09:45:10.229
94.54755,31.15279,9.11,1.31,2023-11-20T10:28:30.403
96.23814,30.7919,9.96,0.54,2023-11-20T11:25:43.090
96.23826,30.79172,9.93,0.32,2023-11-20T11:32:30.058
96.23788,30.79194,9.9,0.35,2023-11-20T12:02:38.032
96.23822,30.79185,10.05,0.79,2023-11-20T13:41:33.045
95.06171,31.90687,6.96,1.27,2023-11-20T13:49:38.186
96.23816,30.78987,10.69,0.21,2023-11-20T13:53:59.637
96.23774,30.79154,10.04,0.38,2023-11-20T13:56:33.550
94.54746,31.15326,9.13,0.92,2023-11-20T15:20:02.340
96.2379,30.7924,9.98,0.01,2023-11-20T15:42:41.203
94.63511,31.90377,6.03,1.29,2023-11-20T15:52:12.101
94.55175,31.15185,6.93,0.48,2023-11-20T16:07:30.181
96.23815,30.79153,10.07,0.38,2023-11-20T16:08:48.723
94.54768,31.15288,9.47,0.81,2023-11-20T16:27:56.266
94.55175,31.15185,6.93,0.67,2023-11-20T16:55:51.681
96.23818,30.79248,9.93,0.38,2023-11-20T17:53:02.625
96.23863,30.80886,10.97,-0.19,2023-11-20T18:03:55.717
94.53615,31.15179,13.22,1.16,2023-11-20T18:07:36.567
94.54196,31.14966,10.08,0.67,2023-11-20T18:10:18.532
95.06103,31.9073,7.3,0.55,2023-11-20T18:35:12.487
94.63409,31.91076,5.58,1.32,2023-11-20T18:40:18.315
94.54558,31.15175,12.25,0.1,2023-11-20T19:22:58.606
94.53691,31.1516,12.93,1.2,2023-11-20T19:35:55.675
96.24455,30.80266,11.4,0.37,2023-11-20T20:24:42.426
94.5483,31.14472,9.0,0.73,2023-11-20T20:33:16.460
95.09923,31.23903,10.52,0.41,2023-11-20T21:34:43.080
94.54599,31.15097,10.25,0.88,2023-11-20T21:40:23.498
94.53605,31.15182,13.23,1.22,2023-11-20T21:42:51.956
95.09988,31.23893,10.56,0.26,2023-11-20T21:49:37.947
96.23816,30.78983,10.79,-0.05,2023-11-20T22:11:57.001
96.24051,30.7934,11.07,0.07,2023-11-20T22:12:06.312
95.09928,31.23891,10.53,0.41,2023-11-20T22:47:09.000
95.09939,31.23892,10.5,0.51,2023-11-20T23:06:27.703
95.10018,31.23918,10.54,0.28,2023-11-20T23:06:44.972
96.23954,30.81007,10.73,-0.51,2023-11-21T03:17:38.395
96.24471,30.80304,11.37,0.44,2023-11-21T05:57:48.340
96.68694,30.46318,7.57,0.74,2023-11-21T07:17:36.977
96.49513,31.12546,8.98,0.89,2023-11-21T10:42:11.515
96.23763,30.79219,9.44,0.19,2023-11-21T11:29:30.060
94.54322,31.15169,10.59,0.74,2023-11-21T11:31:42.511
94.63423,31.91062,5.55,1.37,2023-11-21T14:29:32.589
94.54775,31.15254,9.02,0.97,2023-11-21T14:56:00.383
95.09945,31.23917,10.54,0.4,2023-11-21T15:06:17.090
95.09934,31.23926,10.58,0.41,2023-11-21T15:29:22.991
96.24108,30.79748,10.15,-0.43,2023-11-21T18:10:58.221
94.94443,31.90217,1.81,0.93,2023-11-21T19:06:25.005
94.94362,31.90227,1.92,0.95,2023-11-21T19:08:32.035
94.54649,31.14829,9.17,0.12,2023-11-21T19:09:08.491
94.54146,31.15157,12.48,1.81,2023-11-21T19:32:56.476
95.09957,31.23923,10.62,0.45,2023-11-21T19:55:28.689
95.8443,30.04513,7.48,0.72,2023-11-21T20:08:02.137
95.09954,31.23909,10.36,0.25,2023-11-21T20:20:20.867
94.56175,31.14808,11.59,0.09,2023-11-21T22:58:31.079
96.23906,30.79535,9.53,0.36,2023-11-22T00:34:33.083
94.90199,29.11454,11.02,1.3,2023-11-22T00:36:34.516
96.24655,30.80945,11.13,0.05,2023-11-22T01:23:15.088
94.55893,31.14787,4.98,0.23,2023-11-22T02:21:21.321
96.24749,30.80946,11.11,0.88,2023-11-22T05:24:32.341
94.58252,31.07853,9.24,0.52,2023-11-22T06:49:46.701
95.09912,31.23946,10.53,0.28,2023-11-22T10:59:07.165
95.03418,31.93529,3.98,1.12,2023-11-22T11:58:48.572
94.58266,31.07927,8.99,0.42,2023-11-22T12:39:29.284
94.54152,31.15096,12.4,1.14,2023-11-22T12:44:19.848
96.23609,30.78526,10.81,0.09,2023-11-22T12:58:33.664
94.5428,31.15099,10.35,0.63,2023-11-22T13:28:22.889
94.58187,31.07904,8.87,0.38,2023-11-22T14:21:34.493
96.63236,30.8694,9.75,0.32,2023-11-22T15:41:52.358
94.54444,31.1455,10.45,1.35,2023-11-22T16:18:24.363
94.54547,31.14556,9.6,1.23,2023-11-22T16:19:02.107
94.54527,31.14496,10.32,1.51,2023-11-22T16:27:39.078
94.54459,31.1465,11.07,1.16,2023-11-22T16:56:14.377
96.23725,30.78552,11.77,0.6,2023-11-22T17:11:52.014
96.2373,30.78547,11.79,0.68,2023-11-22T17:13:05.643
96.23771,30.78544,11.77,0.33,2023-11-22T17:21:57.426
94.63254,31.90939,4.9,1.35,2023-11-22T17:34:57.877
94.54791,31.15149,8.9,0.26,2023-11-22T17:37:22.403
96.36587,30.0951,8.22,0.56,2023-11-22T17:59:00.889
94.54519,31.14588,9.78,1.14,2023-11-22T18:03:33.626
96.23744,30.78591,11.71,0.57,2023-11-22T18:13:20.986
94.55035,31.15096,8.65,0.22,2023-11-22T18:37:09.399
94.63264,31.91148,5.5,1.32,2023-11-22T19:06:26.145
96.63203,30.86971,9.9,1.01,2023-11-22T19:33:20.359
96.23955,30.79423,10.11,0.03,2023-11-22T19:34:25.679
94.55751,31.14742,5.52,0.2,2023-11-22T19:43:48.248
94.84803,29.92043,10.34,0.95,2023-11-22T20:40:28.719
94.84774,29.92083,10.45,2.29,2023-11-22T20:41:16.198
94.54387,31.14746,10.47,0.92,2023-11-22T21:13:16.379
94.54839,31.15085,9.09,0.24,2023-11-22T21:20:39.508
94.55151,31.15208,7.66,0.25,2023-11-23T00:09:51.302
94.53882,31.15082,13.41,0.96,2023-11-23T02:54:11.975
96.23833,30.78861,11.38,0.2,2023-11-23T06:19:10.619
96.23719,30.79039,9.61,0.45,2023-11-23T06:37:49.245
94.5417,31.15093,12.5,0.97,2023-11-23T07:07:15.994
96.93439,30.29067,6.36,0.93,2023-11-23T07:08:44.922
96.98749,30.26021,10.58,1.59,2023-11-23T07:38:15.697
96.9869,30.25992,10.75,0.48,2023-11-23T07:51:00.483
96.9346,30.29069,6.51,0.95,2023-11-23T07:57:37.630
94.63559,31.91718,5.61,1.11,2023-11-23T10:49:11.718
96.67017,30.45342,6.49,1.26,2023-11-23T11:00:15.056
96.98596,30.26421,7.19,0.57,2023-11-23T16:12:29.546
93.17108,29.87615,10.03,1.47,2023-11-23T17:22:23.994
94.63411,31.91048,5.44,1.31,2023-11-23T17:36:51.790
94.63419,31.91052,5.52,2.44,2023-11-23T17:38:51.018
94.63415,31.91063,5.54,1.47,2023-11-23T17:40:25.486
94.63412,31.91058,5.55,1.35,2023-11-23T17:40:51.638
94.6337,31.9111,5.5,1.35,2023-11-23T17:41:19.734
94.63419,31.91052,5.52,1.69,2023-11-23T17:41:45.758
94.63503,31.9108,5.3,1.43,2023-11-23T17:42:33.219
94.63383,31.91049,5.63,1.47,2023-11-23T17:43:24.718
94.55,31.14604,8.17,0.72,2023-11-23T17:56:45.641
94.53677,31.15116,13.28,1.11,2023-11-23T18:23:34.951
96.23671,30.78745,10.6,-0.51,2023-11-23T18:26:59.693
96.23623,30.78728,10.54,0.53,2023-11-23T18:46:48.209
96.23624,30.78703,10.67,-0.14,2023-11-23T19:09:39.086
96.2363,30.78718,10.59,-0.1,2023-11-23T19:24:54.545
96.2363,30.78718,10.59,0.02,2023-11-23T20:11:50.335
96.23623,30.78728,10.54,0.6,2023-11-23T20:45:51.809
96.24301,30.79789,11.34,-0.01,2023-11-23T20:49:11.122
96.24,30.78814,8.99,0.2,2023-11-23T21:13:23.421
94.55068,31.15185,7.77,0.39,2023-11-23T22:19:44.454
96.22231,30.79753,11.37,-0.09,2023-11-24T05:44:40.596
96.22206,30.79767,11.39,0.33,2023-11-24T05:44:56.312
94.54194,31.14545,7.58,1.09,2023-11-24T09:35:46.367
96.22192,30.79782,11.24,0.97,2023-11-24T10:06:00.937
96.23964,30.79564,9.22,0.25,2023-11-24T11:36:31.427
96.07211,30.24193,9.05,0.81,2023-11-24T18:07:28.489
96.23842,30.79157,9.96,0.94,2023-11-24T23:02:50.375
96.23985,30.79533,10.08,1.39,2023-11-25T01:05:41.898
96.26539,30.85923,12.99,0.33,2023-11-25T01:23:48.996
96.23965,30.79485,10.15,0.42,2023-11-25T01:29:31.355
96.24965,30.8107,11.33,0.12,2023-11-25T03:11:19.192
94.63568,31.9154,5.22,1.2,2023-11-25T05:30:19.412
94.54699,31.14985,14.46,1.56,2023-11-25T07:46:07.156
94.54231,31.15037,11.85,1.09,2023-11-25T07:46:26.073
96.23826,30.79216,9.21,0.54,2023-11-25T08:19:26.733
96.24537,30.80534,11.4,0.37,2023-11-25T10:08:05.399
96.23796,30.79224,9.24,0.25,2023-11-25T12:11:40.070
96.23784,30.79194,9.28,0.89,2023-11-25T12:52:16.549
97.0271,30.34328,5.57,0.92,2023-11-25T13:57:00.546
96.23764,30.79194,9.45,0.22,2023-11-25T14:47:20.166
96.23692,30.78901,9.48,0.34,2023-11-25T15:39:49.915
95.06023,31.90584,7.23,2.56,2023-11-25T16:03:49.637
95.06135,31.90683,7.17,1.09,2023-11-25T16:06:24.471
95.06101,31.90651,7.25,1.15,2023-11-25T16:06:39.397
95.06133,31.906,7.13,1.36,2023-11-25T16:07:16.141
95.06068,31.90568,7.21,1.24,2023-11-25T16:07:46.766
95.06058,31.90573,7.3,0.55,2023-11-25T16:13:59.083
94.56617,31.1288,14.94,0.52,2023-11-25T16:17:11.896
95.04575,31.91952,4.31,0.67,2023-11-25T16:19:23.906
95.04636,31.91795,4.2,0.8,2023-11-25T16:20:00.003
95.10201,31.24035,10.21,0.35,2023-11-25T16:36:49.908
95.05626,31.90623,7.32,0.77,2023-11-25T16:49:51.077
95.06139,31.90564,7.21,0.94,2023-11-25T17:01:33.561
95.06075,31.90537,7.14,1.09,2023-11-25T17:15:22.648
94.63539,31.91627,5.31,1.04,2023-11-25T17:58:53.936
94.56617,31.1288,14.94,0.57,2023-11-25T18:01:04.846
96.23726,30.78898,9.46,0.26,2023-11-25T18:31:22.616
95.06143,31.906,7.0,0.85,2023-11-25T18:51:44.986
94.54087,31.1506,12.77,1.09,2023-11-25T19:09:35.959
95.06057,31.90535,7.04,0.84,2023-11-25T19:20:13.040
93.22285,29.86491,1.8,2.22,2023-11-25T19:27:32.298
96.2205,30.79646,10.64,-0.17,2023-11-25T19:46:59.195
93.17389,29.87739,11.27,1.31,2023-11-25T20:45:32.525
95.06097,31.90568,7.14,0.6,2023-11-25T20:59:04.143
95.06164,31.90551,7.04,0.94,2023-11-25T21:14:58.657
93.17253,29.87735,10.7,1.29,2023-11-25T21:36:37.008
96.23694,30.78462,12.0,-0.02,2023-11-25T21:44:54.302
96.23859,30.80967,10.79,-0.15,2023-11-25T22:11:29.182
95.06099,31.90542,7.11,0.47,2023-11-25T22:13:49.379
96.24106,30.79651,11.02,0.26,2023-11-25T23:22:24.426
93.22508,29.86394,1.81,1.32,2023-11-25T23:39:19.358
95.00446,31.03869,9.01,-0.17,2023-11-26T00:05:45.938
93.22503,29.86394,1.82,1.64,2023-11-26T01:02:35.957
94.54348,31.14803,10.43,0.84,2023-11-26T01:19:21.640
95.10311,31.24068,10.22,0.62,2023-11-26T01:37:09.359
96.23732,30.78575,11.71,0.19,2023-11-26T02:38:14.839
95.00433,31.03867,8.98,-0.07,2023-11-26T04:43:39.378
94.56745,31.1288,14.85,0.61,2023-11-26T06:58:03.161
93.22195,29.86571,2.01,1.97,2023-11-26T07:26:04.931
94.63861,31.91534,4.58,1.37,2023-11-26T08:47:15.335
96.23704,30.78913,9.46,0.78,2023-11-26T10:11:06.842
95.06034,31.90676,7.41,0.99,2023-11-26T11:11:44.617
95.06126,31.90601,7.01,1.0,2023-11-26T11:34:29.436
96.49986,31.12407,8.73,0.85,2023-11-26T11:49:09.110
95.05977,31.90336,7.21,0.87,2023-11-26T12:12:41.601
95.0625,31.01058,10.8,-0.24,2023-11-26T13:22:30.140
96.23574,30.78997,11.6,0.26,2023-11-26T14:27:53.044
96.98756,30.26327,8.25,3.84,2023-11-26T15:33:58.875
96.98245,30.26265,7.04,0.84,2023-11-26T15:37:54.276
96.98405,30.26435,7.57,0.78,2023-11-26T15:38:38.623
96.98378,30.26121,7.65,0.52,2023-11-26T15:39:15.599
96.98262,30.26116,7.82,0.97,2023-11-26T15:39:33.618
96.98969,30.26359,9.02,1.27,2023-11-26T15:40:18.446
96.98458,30.26403,7.58,0.63,2023-11-26T15:41:43.179
96.98863,30.2632,7.69,1.27,2023-11-26T15:44:17.924
96.98559,30.25881,7.95,0.69,2023-11-26T15:44:51.969
96.98676,30.25881,7.65,0.69,2023-11-26T15:45:06.194
96.98482,30.26402,7.92,1.01,2023-11-26T15:46:38.193
96.98298,30.26123,7.86,0.53,2023-11-26T15:48:48.232
96.98335,30.26089,7.87,0.37,2023-11-26T15:49:13.399
96.98672,30.25826,8.6,0.19,2023-11-26T15:49:30.578
96.98194,30.26081,7.58,0.83,2023-11-26T15:49:49.064
96.98792,30.25788,8.63,0.83,2023-11-26T15:52:21.697
96.97875,30.26286,6.79,0.72,2023-11-26T15:53:38.300
96.98604,30.26296,6.92,0.26,2023-11-26T15:56:39.638
96.98616,30.26166,7.83,0.58,2023-11-26T15:57:20.676
96.98725,30.26173,7.83,0.78,2023-11-26T15:57:40.551
96.98845,30.25977,9.68,0.58,2023-11-26T15:58:49.404
96.98923,30.26148,10.62,0.82,2023-11-26T16:02:28.461
96.98352,30.25776,9.13,0.29,2023-11-26T16:08:04.898
96.98511,30.26444,8.21,0.38,2023-11-26T16:14:27.684
96.98329,30.26211,7.1,0.81,2023-11-26T16:16:02.272
96.98471,30.26805,7.02,0.31,2023-11-26T16:17:35.057
96.98159,30.25935,9.1,0.48,2023-11-26T16:19:37.953
96.98679,30.2599,9.98,0.35,2023-11-26T16:23:15.915
96.98974,30.26402,8.4,0.32,2023-11-26T16:24:37.662
96.98671,30.25935,10.06,0.77,2023-11-26T16:28:19.431
96.98725,30.26336,8.03,0.22,2023-11-26T16:31:08.104
96.98636,30.2647,7.58,0.44,2023-11-26T16:34:21.422
96.98306,30.26371,7.92,0.58,2023-11-26T16:35:18.517
95.0625,31.01058,10.8,-0.24,2023-11-26T16:35:59.240
95.06195,31.00967,10.92,-0.24,2023-11-26T16:38:35.213
96.98813,30.25963,10.9,0.95,2023-11-26T16:39:41.371
96.98857,30.26337,8.04,1.29,2023-11-26T16:40:08.094
96.98407,30.2639,7.62,0.71,2023-11-26T16:42:43.422
96.96988,30.27251,9.73,0.92,2023-11-26T16:49:31.092
96.98294,30.26375,7.85,0.6,2023-11-26T16:54:07.915
96.97951,30.26434,7.02,0.69,2023-11-26T16:55:35.786
94.63612,31.91684,5.42,1.34,2023-11-26T16:59:20.914
94.63612,31.91684,5.42,1.39,2023-11-26T17:00:37.944
96.98524,30.26355,8.07,0.63,2023-11-26T17:03:50.171
96.98622,30.2599,7.89,0.47,2023-11-26T17:07:14.706
96.97065,30.2728,9.59,0.67,2023-11-26T17:09:29.951
96.98749,30.26021,10.58,1.02,2023-11-26T17:11:06.878
96.98882,30.26421,8.57,0.34,2023-11-26T17:12:11.136
96.98959,30.26424,8.52,0.34,2023-11-26T17:15:55.478
96.98406,30.26075,7.37,0.55,2023-11-26T17:18:48.508
95.06305,31.00997,10.72,-0.25,2023-11-26T17:19:40.110
96.9899,30.2644,8.26,0.33,2023-11-26T17:20:27.946
96.98997,30.26291,9.35,0.29,2023-11-26T17:21:27.368
96.98981,30.26392,8.82,0.35,2023-11-26T17:27:54.995
96.986,30.26255,7.0,0.54,2023-11-26T17:35:50.519
96.9868,30.26158,7.93,0.22,2023-11-26T17:37:26.950
96.23928,30.79578,10.97,-0.4,2023-11-26T17:37:37.008
96.98673,30.26138,8.22,0.32,2023-11-26T17:38:46.558
96.98575,30.26454,7.79,0.85,2023-11-26T17:40:57.860
96.23586,30.78923,11.74,0.07,2023-11-26T17:48:18.508
96.96873,30.27287,9.73,0.71,2023-11-26T17:56:22.354
96.98908,30.26318,8.23,1.14,2023-11-26T17:57:11.569
96.98611,30.26294,7.66,1.23,2023-11-26T18:01:37.846
96.97115,30.27361,9.41,0.65,2023-11-26T18:20:13.202
96.98274,30.26448,7.73,0.65,2023-11-26T18:21:40.168
96.98347,30.26493,7.83,0.31,2023-11-26T18:24:28.618
96.23782,30.79211,9.45,0.21,2023-11-26T18:36:55.861
96.97124,30.27356,9.46,0.24,2023-11-26T18:38:39.450
96.98287,30.26088,7.76,0.32,2023-11-26T18:45:20.754
96.97934,30.25786,12.08,0.79,2023-11-26T19:01:33.529
96.98933,30.26335,9.17,0.31,2023-11-26T19:13:21.237
97.0271,30.34244,6.2,0.63,2023-11-26T19:14:42.782
97.0271,30.34328,5.57,0.75,2023-11-26T19:19:28.376
94.63576,31.91577,5.29,1.2,2023-11-26T19:35:22.702
96.96986,30.27256,10.2,0.67,2023-11-26T19:36:39.830
94.6347,31.9114,5.5,1.33,2023-11-26T19:54:28.301
96.98777,30.26454,7.96,0.22,2023-11-26T20:25:04.703
95.10241,31.24079,10.26,0.22,2023-11-26T20:26:04.243
95.05999,31.9058,6.96,0.53,2023-11-26T21:11:34.051
96.9842,30.26372,7.67,0.42,2023-11-26T21:30:24.165
95.06129,31.90637,7.08,0.99,2023-11-26T22:03:53.429
96.98664,30.25992,10.03,1.03,2023-11-26T22:07:07.683
96.98847,30.26327,8.2,1.31,2023-11-26T23:15:23.069
96.238,30.7904,9.97,0.47,2023-11-27T01:05:56.482
95.1055,31.24113,10.29,0.34,2023-11-27T01:40:12.113
96.07194,30.24233,9.05,1.27,2023-11-27T04:06:34.146
96.98483,30.26764,6.62,0.62,2023-11-27T04:27:31.602
96.99013,30.26899,6.51,0.48,2023-11-27T05:48:27.571
96.99052,30.26796,7.0,1.84,2023-11-27T05:52:26.595
96.23865,30.78636,10.18,-0.15,2023-11-27T07:05:06.318
96.9842,30.27035,5.37,0.86,2023-11-27T09:09:45.048
94.53122,31.14907,14.71,0.93,2023-11-27T11:23:05.461
96.687,30.4642,9.31,0.86,2023-11-27T12:00:00.312
96.9841,30.26643,6.37,0.69,2023-11-27T13:07:05.719
96.98368,30.26615,6.23,0.8,2023-11-27T13:24:34.348
93.22364,29.86806,3.36,2.25,2023-11-27T13:39:22.483
93.2254,29.86806,3.08,1.53,2023-11-27T13:40:48.731
95.04034,31.91867,6.34,0.97,2023-11-27T14:25:38.833
94.53733,31.14754,10.15,0.91,2023-11-27T14:32:53.424
96.98373,30.26816,6.75,0.44,2023-11-27T14:58:40.582
96.984,30.26747,6.54,0.52,2023-11-27T15:20:31.467
95.04327,31.92421,3.04,0.93,2023-11-27T15:41:59.671
95.04429,31.92585,3.14,0.83,2023-11-27T15:47:26.240
96.23846,30.78604,10.18,-0.22,2023-11-27T15:56:25.328
96.99026,30.26853,6.84,0.53,2023-11-27T16:39:25.908
95.10657,31.24127,10.22,0.09,2023-11-27T16:47:21.076
96.98528,30.26266,7.52,0.65,2023-11-27T18:10:10.201
94.5337,31.15132,14.43,1.09,2023-11-27T18:30:48.458
96.24224,30.80643,12.7,0.11,2023-11-27T19:31:37.805
96.07205,30.24233,9.01,0.7,2023-11-27T19:52:52.118
96.23819,30.79269,9.03,0.21,2023-11-27T19:53:55.721
94.53559,31.145,11.36,1.09,2023-11-27T20:00:40.439
95.03996,31.91843,6.5,0.51,2023-11-27T20:01:45.719
96.23907,30.79263,9.04,0.33,2023-11-27T21:27:50.180
94.54707,31.14614,6.65,0.6,2023-11-27T21:34:50.291
94.5397,31.14885,9.49,0.3,2023-11-27T22:52:56.753
93.22373,29.86762,2.46,2.18,2023-11-27T22:53:33.025
93.21893,29.86755,3.21,1.39,2023-11-27T23:06:24.265
96.67009,30.45393,6.41,1.02,2023-11-28T04:24:19.189
96.98701,30.26288,8.25,0.99,2023-11-28T07:51:47.984
96.24515,30.80287,11.54,0.33,2023-11-28T07:59:49.896
96.24375,30.80413,10.92,0.57,2023-11-28T08:00:16.691
96.50043,31.12416,8.78,0.8,2023-11-28T10:39:18.743
96.24669,30.80692,11.44,0.46,2023-11-28T11:08:12.016
96.24518,30.80718,11.45,0.25,2023-11-28T12:00:17.439
94.63431,31.91105,5.56,1.37,2023-11-28T12:22:30.603
96.24669,30.80702,11.43,0.09,2023-11-28T12:36:48.856
96.23717,30.79143,9.32,-0.05,2023-11-28T13:46:32.934
96.22052,30.7962,10.66,0.13,2023-11-28T14:02:04.725
96.2388,30.79129,10.87,0.33,2023-11-28T14:34:43.366
96.23781,30.79262,9.38,0.25,2023-11-28T14:45:29.192
96.23743,30.79252,9.4,0.2,2023-11-28T14:46:00.143
94.63274,31.90991,5.76,1.28,2023-11-28T15:26:24.688
96.24649,30.80701,11.4,-0.27,2023-11-28T16:08:59.999
96.24665,30.80728,11.47,0.27,2023-11-28T16:11:32.443
96.23955,30.79802,9.7,0.29,2023-11-28T16:44:25.237
96.23707,30.78646,11.69,0.24,2023-11-28T17:39:05.906
96.23685,30.78431,11.95,-0.01,2023-11-28T17:53:41.447
96.23745,30.78641,11.59,-0.32,2023-11-28T18:08:13.690
96.98554,30.26418,7.96,1.29,2023-11-28T18:28:27.586
96.24612,30.80664,11.58,-0.19,2023-11-28T18:31:48.063
96.23749,30.78651,11.65,-0.38,2023-11-28T18:50:16.615
96.23806,30.78943,10.7,-0.21,2023-11-28T19:38:59.648
96.22051,30.7958,10.73,0.15,2023-11-28T19:49:50.240
96.23748,30.79121,9.41,0.02,2023-11-28T20:08:52.282
96.23761,30.79157,9.37,-0.11,2023-11-28T20:23:36.676
96.47738,30.13633,6.81,0.33,2023-11-28T21:41:19.732
96.23748,30.7911,9.37,0.32,2023-11-28T23:09:59.270
96.98895,30.26327,8.45,1.78,2023-11-28T23:18:20.187
96.98515,30.26328,8.04,0.34,2023-11-28T23:53:02.888
94.53888,31.15339,9.7,0.45,2023-11-29T00:09:58.599
94.54083,31.14558,8.64,1.07,2023-11-29T01:07:40.509
96.98527,30.26982,5.38,0.72,2023-11-29T02:29:45.807
96.98558,30.26831,6.74,1.71,2023-11-29T04:25:44.035
96.98392,30.26815,6.61,0.84,2023-11-29T04:30:36.207
96.98409,30.26805,6.75,0.99,2023-11-29T04:40:52.416
96.24801,30.8032,9.0,0.01,2023-11-29T05:15:49.458
96.98445,30.26774,6.61,0.95,2023-11-29T06:23:58.141
96.98284,30.26702,6.23,1.37,2023-11-29T06:31:19.251
96.98461,30.26843,6.51,0.86,2023-11-29T06:38:33.967
96.24374,30.80466,12.34,0.35,2023-11-29T07:43:24.402
96.24826,30.80454,12.2,0.27,2023-11-29T10:56:52.299
95.10537,31.24172,10.29,0.35,2023-11-29T11:07:56.663
95.06738,31.89432,7.52,1.0,2023-11-29T12:11:25.340
96.48263,30.13497,6.27,0.95,2023-11-29T12:31:12.803
94.53187,31.15041,14.55,0.91,2023-11-29T12:58:49.412
96.98422,30.26944,5.43,0.59,2023-11-29T13:16:43.417
96.23686,30.78854,9.14,0.25,2023-11-29T14:31:08.306
96.98436,30.26787,6.68,0.78,2023-11-29T15:33:19.308
96.98691,30.26793,6.53,0.64,2023-11-29T16:00:56.983
96.98393,30.268,6.51,0.58,2023-11-29T17:22:07.330
94.53318,31.15058,14.22,1.22,2023-11-29T18:29:55.553
96.238,30.7925,9.05,0.01,2023-11-29T20:08:49.465
96.98625,30.26343,6.93,0.34,2023-11-29T20:56:41.730
96.23711,30.78925,9.3,1.32,2023-11-29T21:06:16.375
96.23726,30.78951,9.27,-0.4,2023-11-29T21:23:07.844
94.53318,31.14973,14.56,0.93,2023-11-29T21:30:30.929
96.23711,30.78985,9.16,0.13,2023-11-29T22:02:01.235
96.23777,30.79015,9.18,-0.55,2023-11-29T22:03:44.996
96.23722,30.78976,9.05,-0.28,2023-11-29T22:04:19.427
96.24077,30.79917,11.91,0.25,2023-11-29T22:05:31.298
94.53248,31.15046,14.29,1.62,2023-11-29T23:12:50.919
94.93854,29.89354,7.23,1.09,2023-11-29T23:41:09.305
93.22856,29.86394,1.8,1.62,2023-11-30T00:19:06.698
96.48041,30.13633,6.85,1.21,2023-11-30T00:27:13.001
94.54355,31.15069,12.48,0.94,2023-11-30T00:44:09.625
96.23704,30.78948,9.49,0.27,2023-11-30T01:02:06.110
94.942,29.89317,7.8,1.19,2023-11-30T01:02:30.922
94.94617,29.89069,9.6,1.02,2023-11-30T01:13:50.888
94.94631,29.89053,9.62,0.92,2023-11-30T01:17:42.639
94.54159,31.15172,12.41,1.33,2023-11-30T01:49:19.876
94.54908,31.15134,8.44,0.42,2023-11-30T01:50:49.489
96.23827,30.78817,11.59,0.06,2023-11-30T02:04:19.455
95.84421,30.04498,7.36,1.08,2023-11-30T02:08:04.652
94.94627,29.89023,9.53,1.83,2023-11-30T02:32:10.663
94.94582,29.89072,9.54,0.98,2023-11-30T02:32:34.856
94.54699,31.15151,9.04,1.02,2023-11-30T02:40:26.872
96.24667,30.80313,9.77,0.32,2023-11-30T02:44:03.333
96.98494,30.26318,8.57,0.97,2023-11-30T02:58:36.226
94.94581,29.89039,9.58,1.31,2023-11-30T02:59:27.298
94.54676,31.15228,8.93,0.99,2023-11-30T03:52:52.864
94.54762,31.15176,9.05,1.11,2023-11-30T04:01:33.459
94.94673,29.88875,9.88,2.97,2023-11-30T04:20:45.878
94.94658,29.88731,9.58,1.45,2023-11-30T04:24:05.273
94.94241,29.89062,9.73,0.97,2023-11-30T04:25:01.255
94.94074,29.89348,7.58,1.04,2023-11-30T04:25:43.080
93.17338,29.87716,10.75,1.52,2023-11-30T04:26:26.048
94.94765,29.89038,9.9,1.23,2023-11-30T04:28:01.008
96.23999,30.79334,11.0,-0.13,2023-11-30T04:30:58.634
94.94532,29.88605,8.8,1.1,2023-11-30T04:31:30.782
94.94827,29.89134,9.86,1.03,2023-11-30T04:58:43.270
94.94679,29.88727,9.4,2.94,2023-11-30T05:28:09.077
94.94708,29.89027,9.73,1.37,2023-11-30T05:32:03.406
94.94734,29.89064,9.54,1.06,2023-11-30T05:36:04.716
96.24059,30.79338,10.96,0.15,2023-11-30T05:41:03.463
94.54098,31.15053,12.71,0.99,2023-11-30T05:42:09.392
94.9427,29.89267,9.51,1.24,2023-11-30T06:00:09.227
94.95025,29.88986,9.72,2.79,2023-11-30T06:05:45.649
94.54824,31.15151,8.74,0.28,2023-11-30T06:09:46.563
94.94243,29.89228,9.61,1.63,2023-11-30T06:13:36.792
94.94873,29.88891,9.63,1.22,2023-11-30T06:17:41.882
94.94246,29.89164,9.51,1.14,2023-11-30T06:20:32.580
94.94839,29.89251,9.43,1.0,2023-11-30T06:20:58.615
94.94209,29.89276,9.65,1.2,2023-11-30T06:26:07.520
94.95111,29.88759,9.72,1.98,2023-11-30T07:05:39.837
94.94176,29.88811,9.65,2.08,2023-11-30T07:57:18.199
94.54095,31.15056,12.46,1.27,2023-11-30T07:58:10.808
96.23717,30.78851,9.48,0.05,2023-11-30T08:14:43.408
94.94866,29.88981,9.74,2.12,2023-11-30T09:40:32.692
96.98804,30.26222,9.31,0.35,2023-11-30T10:52:03.367
94.94162,29.89331,9.5,1.33,2023-11-30T11:17:16.318
96.23812,30.79227,9.33,0.22,2023-11-30T13:21:47.130
96.23602,30.78579,10.71,0.21,2023-11-30T14:02:17.446
96.23553,30.78534,10.83,0.11,2023-11-30T14:04:13.213
94.54324,31.15232,10.31,0.48,2023-11-30T14:57:06.876
94.54535,31.14634,9.14,0.87,2023-11-30T16:05:29.675
96.2439,30.80507,11.3,0.14,2023-11-30T16:22:21.968
96.24538,30.80564,11.34,-0.4,2023-11-30T17:31:26.905
96.24539,30.80534,11.55,0.08,2023-11-30T17:31:50.687
96.36171,30.09686,8.57,0.9,2023-11-30T18:49:35.241
94.54589,31.14514,10.23,1.14,2023-11-30T19:30:27.225
94.54508,31.14524,10.36,1.16,2023-11-30T20:34:12.021
96.98577,30.26433,7.52,0.64,2023-11-30T21:18:26.526
94.54055,31.15213,12.01,0.4,2023-11-30T21:33:20.357
96.98682,30.26425,8.35,0.37,2023-11-30T21:38:32.825
96.98816,30.26337,8.8,0.31,2023-11-30T21:39:22.322
95.06073,31.90714,7.38,0.93,2023-11-30T22:19:45.886
94.91168,29.89759,9.9,0.95,2023-11-30T22:36:57.484
96.23755,30.78832,10.83,0.24,2023-11-30T22:52:09.285
94.54342,31.153,10.4,0.59,2023-11-30T23:06:31.529
96.23733,30.78851,10.72,0.46,2023-11-30T23:07:58.782
94.54489,31.14555,9.74,1.15,2023-11-30T23:28:23.799
95.06108,31.90581,7.01,1.25,2023-11-30T23:49:50.189
96.98662,30.26282,6.81,0.99,2023-12-01T00:07:23.692
96.98681,30.26295,6.29,0.22,2023-12-01T00:08:29.863
94.53857,31.14773,8.27,1.2,2023-12-01T00:23:18.348
94.5431,31.14491,7.24,1.22,2023-12-01T00:31:23.537
96.23932,30.78911,9.83,-0.06,2023-12-01T00:45:40.263
94.5387,31.14881,8.17,0.92,2023-12-01T00:58:38.133
94.54206,31.14358,8.56,1.33,2023-12-01T02:49:36.890
96.23779,30.79209,9.08,0.09,2023-12-01T03:41:18.069
96.23681,30.78815,9.06,0.09,2023-12-01T05:31:23.379
94.53864,31.14884,8.42,1.05,2023-12-01T07:47:21.211
96.23684,30.78845,9.15,0.13,2023-12-01T09:26:31.069
96.90494,31.14442,11.84,0.28,2023-12-01T09:38:47.660
96.6878,30.4642,9.19,0.74,2023-12-01T11:15:33.590
95.06621,31.89564,7.75,0.95,2023-12-01T12:19:53.297
94.54399,31.14461,7.22,1.22,2023-12-01T13:17:18.729
96.2437,30.79943,12.79,-0.09,2023-12-01T15:44:38.867
96.98332,30.26788,7.05,0.46,2023-12-01T16:28:00.685
95.10526,31.24129,10.26,0.44,2023-12-01T17:10:31.607
95.10512,31.2413,10.32,-0.11,2023-12-01T17:12:36.893
94.53974,31.14461,7.76,1.05,2023-12-01T17:46:54.873
95.10468,31.2415,10.37,-0.09,2023-12-01T19:34:54.204
96.98407,30.26834,6.65,0.42,2023-12-01T19:36:36.269
96.23652,30.78776,9.22,-0.26,2023-12-01T22:32:26.738
94.93953,29.89106,8.47,1.06,2023-12-01T22:48:30.921
94.94004,29.8908,8.44,1.82,2023-12-01T22:57:26.627
94.53459,31.14495,14.1,0.83,2023-12-01T23:27:09.161
94.54819,31.14567,8.31,0.96,2023-12-02T03:36:44.974
94.5411,31.14356,13.64,0.39,2023-12-02T06:00:39.293
94.95047,29.89187,9.28,1.27,2023-12-02T06:25:23.012
94.94541,29.89008,9.2,1.41,2023-12-02T07:35:50.260
94.53684,31.14376,14.27,0.82,2023-12-02T11:19:16.901
96.98858,30.25589,9.62,1.3,2023-12-02T11:20:57.120
96.98875,30.25516,9.84,0.65,2023-12-02T11:26:38.081
94.94798,29.88696,9.29,1.63,2023-12-02T14:02:23.233
96.23916,30.79462,10.32,0.22,2023-12-02T18:01:24.869
94.54651,31.14812,8.16,1.21,2023-12-02T18:48:38.932
95.10073,31.24196,10.07,0.21,2023-12-02T20:13:14.226
94.55973,31.14941,6.79,0.69,2023-12-02T21:29:00.322
94.52534,31.16719,13.72,1.31,2023-12-02T22:54:05.891
96.23897,30.79559,9.6,0.77,2023-12-02T23:34:54.609
95.06147,31.90897,7.18,0.57,2023-12-03T01:29:04.385
94.54484,31.14973,8.11,0.96,2023-12-03T02:52:32.090
96.07214,30.24293,8.7,0.68,2023-12-03T04:13:49.594
94.87115,29.89095,9.19,1.44,2023-12-03T05:07:34.486
94.53194,31.14208,17.77,1.42,2023-12-03T06:35:21.726
96.07229,30.24288,8.82,1.35,2023-12-03T06:49:54.877
96.07229,30.24288,8.82,1.33,2023-12-03T09:56:49.018
96.07259,30.24273,8.96,0.86,2023-12-03T10:34:13.681
96.67928,30.4572,5.85,1.26,2023-12-03T11:27:29.753
96.23801,30.78863,10.87,0.08,2023-12-03T12:17:30.219
94.87243,29.89128,9.17,0.92,2023-12-03T12:31:11.544
94.87301,29.89131,9.36,0.8,2023-12-03T12:35:24.833
96.23756,30.78798,10.85,0.61,2023-12-03T12:41:41.199
94.95256,29.8905,9.12,1.02,2023-12-03T13:05:56.619
94.87262,29.89175,9.45,0.77,2023-12-03T13:59:26.463
96.23908,30.7944,10.38,0.16,2023-12-03T14:32:28.896
96.07229,30.24288,8.82,0.9,2023-12-03T14:36:25.518
95.16158,31.70168,3.93,0.4,2023-12-03T14:36:59.362
95.16119,31.70137,4.03,0.61,2023-12-03T14:49:04.498
94.54011,31.1377,14.22,0.86,2023-12-03T15:15:53.035
94.53929,31.13754,14.23,0.8,2023-12-03T15:29:58.110
96.07232,30.24286,8.76,0.95,2023-12-03T15:43:36.556
94.54413,31.14972,8.51,0.89,2023-12-03T16:49:11.251
95.10147,31.24134,9.97,0.36,2023-12-03T17:24:33.476
96.07229,30.24288,8.82,1.4,2023-12-03T17:37:13.928
96.07206,30.24313,9.05,0.66,2023-12-03T17:41:12.573
94.58589,31.08011,9.45,0.43,2023-12-03T19:39:51.113
96.9908,30.2664,5.1,0.37,2023-12-03T20:59:25.750
96.23729,30.78659,10.79,0.4,2023-12-03T22:32:21.368
96.23711,30.78622,10.81,0.44,2023-12-03T22:33:26.673
94.95492,29.89057,9.76,0.7,2023-12-03T22:42:09.313
94.95415,29.89053,9.52,1.09,2023-12-03T23:07:48.684
94.54501,31.14919,8.9,0.93,2023-12-04T00:25:57.287
96.9908,30.2664,5.1,0.42,2023-12-04T03:26:52.519
96.24395,30.80221,11.36,-0.23,2023-12-04T03:52:09.189
94.94708,29.88735,9.24,1.51,2023-12-04T04:38:34.001
96.23668,30.78668,10.9,0.35,2023-12-04T04:50:27.233
94.55214,31.14171,6.95,0.4,2023-12-04T08:09:26.038
96.9908,30.2664,4.77,0.36,2023-12-04T12:33:58.334
95.0625,31.90966,7.22,1.09,2023-12-04T12:47:20.481
94.5419,31.15048,9.62,1.32,2023-12-04T14:10:47.163
96.90381,30.27988,7.37,0.87,2023-12-04T14:15:12.442
94.58279,31.0805,10.27,0.36,2023-12-04T16:38:04.394
94.53922,31.13817,14.18,0.62,2023-12-04T18:45:31.308
96.24469,30.80284,11.28,0.22,2023-12-04T20:49:28.752
96.9808,30.2683,7.13,0.76,2023-12-04T21:02:58.501
96.9808,30.2683,7.13,0.78,2023-12-04T21:25:53.001
96.47888,30.13775,4.78,0.23,2023-12-04T21:30:52.181
94.62347,31.91234,4.99,1.42,2023-12-04T21:32:40.197
94.5472,31.14493,9.44,0.76,2023-12-04T21:42:15.534
96.47903,30.13795,4.99,0.27,2023-12-04T21:44:49.212
96.24887,30.80824,10.14,-0.47,2023-12-04T21:51:50.190
94.53774,31.14319,14.27,1.28,2023-12-04T21:57:20.806
94.95178,29.89078,9.34,1.87,2023-12-04T22:52:10.081
94.54788,31.14503,9.15,0.85,2023-12-04T23:18:48.310
96.90441,30.27908,6.98,1.16,2023-12-04T23:56:27.637
96.90428,30.27924,6.96,0.61,2023-12-04T23:57:06.175
94.55227,31.1463,6.99,-0.3,2023-12-05T00:59:13.381
96.98505,30.2593,10.82,0.8,2023-12-05T05:21:47.533
96.23637,30.7849,10.8,0.69,2023-12-05T08:59:36.662
96.67851,30.4554,6.24,0.85,2023-12-05T11:20:23.605
94.54312,31.14721,10.58,0.95,2023-12-05T12:32:50.888
94.54565,31.14855,9.27,0.15,2023-12-05T12:40:17.822
94.54575,31.14867,8.49,1.11,2023-12-05T12:42:21.071
94.87101,29.89168,9.18,1.56,2023-12-05T13:16:12.100
94.87112,29.89166,9.34,0.98,2023-12-05T13:17:35.572
94.54628,31.14869,9.13,0.16,2023-12-05T13:37:10.659
95.16009,31.7019,4.1,0.99,2023-12-05T14:04:26.083
94.54819,31.14356,8.73,1.41,2023-12-05T15:21:49.715
94.56138,31.14931,5.45,0.0,2023-12-05T15:31:56.169
95.16015,31.70265,4.09,0.63,2023-12-05T15:53:40.890
96.47896,30.13775,4.93,0.14,2023-12-05T15:59:33.952
94.54905,31.14388,8.96,1.29,2023-12-05T15:59:48.181
94.54661,31.14915,9.16,0.21,2023-12-05T17:50:52.902
94.63851,31.91685,4.42,1.09,2023-12-05T17:59:06.588
94.6373,31.91503,4.9,1.08,2023-12-05T18:00:44.254
94.55926,31.14884,6.49,-0.01,2023-12-05T18:02:38.847
96.23908,30.79399,10.48,-0.02,2023-12-05T18:05:13.927
96.4801,30.13849,4.8,0.14,2023-12-05T18:57:33.628
94.94805,29.89297,8.99,1.17,2023-12-05T20:29:41.506
94.87192,29.89301,9.36,0.78,2023-12-05T22:47:19.159
94.54789,31.14694,8.2,1.35,2023-12-05T23:21:06.465
94.53608,31.14386,14.33,0.74,2023-12-05T23:21:19.039
94.54454,31.15483,8.19,0.5,2023-12-05T23:29:38.363
94.54278,31.15429,9.44,0.28,2023-12-05T23:38:04.312
94.54528,31.15463,8.32,0.45,2023-12-06T04:20:57.780
94.54563,31.15276,8.1,1.09,2023-12-06T07:59:26.260
96.47873,30.138,4.96,0.86,2023-12-06T08:17:41.681
94.53769,31.14272,14.12,0.82,2023-12-06T08:26:09.208
95.16063,31.70239,4.02,0.57,2023-12-06T09:23:34.349
94.54811,31.14573,8.17,0.35,2023-12-06T10:16:00.581
95.11687,29.98082,8.65,1.23,2023-12-06T10:24:12.340
95.11673,29.98009,8.69,1.07,2023-12-06T10:25:18.842
94.52387,31.16765,13.65,1.31,2023-12-06T12:36:23.990
96.48199,30.13733,5.1,0.74,2023-12-06T12:39:31.800
94.54421,31.16917,4.97,0.39,2023-12-06T13:05:27.989
94.54413,31.15307,9.1,0.04,2023-12-06T14:09:17.821
94.54445,31.14334,8.2,0.85,2023-12-06T14:17:15.375
95.84161,30.04516,8.56,0.8,2023-12-06T16:10:07.882
94.54628,31.14396,9.54,1.5,2023-12-06T16:11:54.632
94.55441,31.14529,6.57,-0.26,2023-12-06T16:14:50.268
96.2381,30.79333,9.68,-0.33,2023-12-06T17:43:43.855
96.90549,31.14675,11.63,0.38,2023-12-06T19:24:13.760
96.23647,30.78786,10.24,-0.39,2023-12-06T20:00:13.052
95.16099,31.70269,4.08,1.74,2023-12-06T20:48:05.731
95.16153,31.702,3.91,0.37,2023-12-06T20:58:49.603
95.84149,30.04474,8.41,1.36,2023-12-06T21:20:06.720
96.23852,30.79222,9.46,0.19,2023-12-06T21:56:20.056
94.55066,31.14086,8.37,0.39,2023-12-06T22:03:42.689
94.53928,31.13836,14.12,0.7,2023-12-06T22:05:14.859
94.53923,31.13805,14.16,0.62,2023-12-06T22:11:05.043
94.55032,31.14148,8.65,0.42,2023-12-06T22:26:58.693
94.551,31.14102,8.0,0.37,2023-12-06T22:54:12.805
94.62846,31.90988,4.93,1.35,2023-12-06T22:56:56.013
96.23707,30.78644,10.59,0.25,2023-12-07T02:27:44.491
96.23708,30.78598,10.66,0.17,2023-12-07T03:15:01.798
96.23713,30.785,10.79,0.34,2023-12-07T05:48:17.842
95.11661,29.98182,8.73,0.95,2023-12-07T05:56:14.655
95.1166,29.98166,8.65,0.97,2023-12-07T06:02:41.565
94.93548,29.90731,9.06,1.1,2023-12-07T06:15:36.493
96.24219,30.79669,9.13,-0.16,2023-12-07T09:47:56.531
95.02526,31.91951,8.25,0.89,2023-12-07T11:36:05.312
94.53213,30.46303,8.41,0.28,2023-12-07T12:48:28.579
94.55007,31.14217,7.61,0.5,2023-12-07T15:05:59.325
94.55423,31.1438,7.34,0.81,2023-12-07T15:37:21.063
94.93616,29.90739,9.01,0.95,2023-12-07T18:04:35.108
94.54777,31.14399,9.04,1.18,2023-12-07T18:23:42.909
96.23715,30.79093,9.19,-0.13,2023-12-07T19:00:05.256
94.53948,31.13718,14.18,0.68,2023-12-07T20:05:29.817
94.54012,31.13719,14.11,0.65,2023-12-07T20:13:38.444
94.93642,29.90746,9.68,0.83,2023-12-07T20:19:57.851
94.53875,31.16832,5.97,0.06,2023-12-07T20:32:51.981
96.23775,30.78717,11.15,-0.25,2023-12-07T21:32:23.788
96.24274,30.7972,10.94,0.62,2023-12-07T22:24:17.089
96.23717,30.78536,10.97,0.42,2023-12-07T22:25:23.284
94.53862,31.13689,14.74,0.6,2023-12-07T22:34:58.973
96.238,30.78677,11.01,-0.24,2023-12-07T22:45:31.448
96.98724,30.25965,10.26,0.58,2023-12-07T23:33:17.165
96.24453,30.81033,11.33,0.27,2023-12-08T01:10:56.838
94.93631,29.90758,9.07,0.93,2023-12-08T01:16:19.113
94.9364,29.90767,9.12,1.82,2023-12-08T01:17:41.780
94.9352,29.90707,9.05,0.95,2023-12-08T01:22:11.582
94.47384,29.85548,11.51,1.32,2023-12-08T04:52:34.539
94.47348,29.85532,11.52,1.34,2023-12-08T04:53:10.051
94.895,30.5065,4.92,1.12,2023-12-08T04:53:35.350
94.47339,29.855,11.61,0.91,2023-12-08T04:53:48.010
94.895,30.5065,4.92,0.83,2023-12-08T05:14:19.350
96.2452,30.81045,11.41,0.13,2023-12-08T08:45:22.945
94.53982,31.13777,14.28,0.75,2023-12-08T13:37:56.353
95.02521,31.91957,8.28,0.86,2023-12-08T13:58:46.611
94.55052,31.14033,7.68,0.49,2023-12-08T16:12:44.272
94.55251,31.12995,16.58,0.58,2023-12-08T16:32:49.469
94.53994,31.13752,14.2,0.73,2023-12-08T17:08:57.237
96.24839,30.80369,8.83,0.18,2023-12-08T18:18:34.027
96.24821,30.80301,8.92,0.04,2023-12-08T18:33:23.525
94.54825,31.14468,11.09,1.12,2023-12-08T18:53:42.942
94.54883,31.14092,7.68,0.47,2023-12-08T19:35:59.278
94.55574,31.14272,5.09,0.46,2023-12-08T20:55:17.293
94.54868,31.13997,8.14,0.78,2023-12-08T21:32:33.223
96.24171,30.79535,12.14,0.17,2023-12-08T22:21:33.364
94.58572,31.08089,9.56,0.48,2023-12-08T22:23:31.896
94.55409,31.12875,16.89,0.64,2023-12-08T23:13:33.083
95.07802,31.94423,4.38,0.54,2023-12-09T00:33:21.503
94.54763,31.14497,8.1,0.97,2023-12-09T00:48:00.281
96.98634,30.25858,11.88,1.13,2023-12-09T04:01:29.477
96.98666,30.26013,10.99,0.64,2023-12-09T04:28:33.873
94.63866,31.91569,4.64,1.24,2023-12-09T05:02:01.764
96.23763,30.7926,9.64,1.12,2023-12-09T05:46:44.441
96.23772,30.79241,9.67,0.18,2023-12-09T06:37:45.758
96.23761,30.79288,9.56,0.29,2023-12-09T07:35:51.579
96.23775,30.7927,9.62,0.3,2023-12-09T07:49:39.771
96.23812,30.79293,9.53,0.08,2023-12-09T08:02:37.055
95.16068,31.70264,4.09,0.63,2023-12-09T08:10:22.164
96.24231,30.79641,9.27,0.22,2023-12-09T12:07:04.971
94.53857,31.14159,14.02,1.1,2023-12-09T12:43:24.200
96.23776,30.79322,9.63,0.65,2023-12-09T13:36:23.899
96.23813,30.79186,10.02,-0.3,2023-12-09T13:36:41.617
96.23771,30.79272,9.62,0.78,2023-12-09T13:50:01.514
94.55002,31.13891,8.14,0.44,2023-12-09T13:54:07.934
94.54784,31.14519,8.03,0.94,2023-12-09T15:51:59.631
94.53905,31.14151,14.08,1.33,2023-12-09T16:31:14.172
94.54467,31.15456,7.98,0.08,2023-12-09T16:55:12.203
95.39972,32.05627,11.87,0.6,2023-12-09T18:42:04.218
94.548,31.14548,8.32,0.94,2023-12-09T19:20:34.742
94.57459,31.14553,5.71,0.25,2023-12-09T19:39:10.081
95.39922,32.05513,11.67,0.59,2023-12-09T19:59:55.718
95.39925,32.05516,11.64,0.69,2023-12-09T20:18:33.118
94.53902,31.14538,6.69,0.82,2023-12-09T20:23:18.171
95.39929,32.05522,11.67,0.54,2023-12-09T20:25:47.485
94.54353,31.1453,5.62,0.79,2023-12-09T20:26:55.994
95.39912,32.05482,12.2,0.63,2023-12-09T21:14:28.009
96.23776,30.78814,10.98,0.22,2023-12-09T21:26:15.730
95.39925,32.05517,11.67,0.61,2023-12-09T21:26:46.217
95.39873,32.0555,11.51,0.66,2023-12-09T21:30:15.466
96.23701,30.78736,11.02,0.07,2023-12-09T21:37:41.928
96.23792,30.78853,10.97,0.26,2023-12-09T21:38:49.473
96.23853,30.79012,10.99,0.16,2023-12-09T21:43:15.511
95.39912,32.05494,11.51,0.55,2023-12-09T22:22:58.727
96.23632,30.78732,11.56,0.07,2023-12-09T22:34:47.828
96.90591,31.14485,11.83,0.39,2023-12-09T23:56:53.792
94.55057,31.13843,8.61,1.41,2023-12-10T01:18:34.693
94.9505,29.89185,9.28,2.15,2023-12-10T03:15:23.861
94.94917,29.8923,9.21,1.54,2023-12-10T03:15:59.402
96.67581,30.4564,6.61,1.0,2023-12-10T05:09:03.295
94.55131,31.13974,7.66,0.53,2023-12-10T07:39:57.888
94.94959,29.89293,9.27,1.1,2023-12-10T08:33:20.670
94.53317,30.46237,8.16,0.62,2023-12-10T10:19:39.623
94.54861,31.13918,8.51,0.56,2023-12-10T12:59:51.542
94.54898,31.1432,7.89,0.33,2023-12-10T13:53:03.263
94.92116,31.72063,8.62,0.49,2023-12-10T14:30:58.030
94.5401,31.13917,14.31,1.03,2023-12-10T16:45:50.211
94.55097,31.14012,7.59,0.37,2023-12-10T17:32:20.827
94.55107,31.13964,8.09,0.52,2023-12-10T17:32:32.366
96.98836,30.25949,11.01,0.6,2023-12-10T17:39:33.792
96.98875,30.26037,11.03,0.78,2023-12-10T18:04:25.344
94.54882,31.14313,8.12,1.26,2023-12-10T18:24:23.991
94.53671,31.13967,14.8,0.99,2023-12-10T18:45:37.826
94.5405,31.13989,14.03,0.86,2023-12-10T18:48:19.592
94.55039,31.13937,8.46,0.62,2023-12-10T19:08:23.371
94.54562,31.14211,11.54,0.7,2023-12-10T19:23:21.525
94.54102,31.14295,15.09,1.31,2023-12-10T19:43:40.680
94.54889,31.14223,8.21,0.09,2023-12-10T19:59:56.945
94.53752,31.14329,14.27,0.82,2023-12-10T20:18:36.977
97.07389,30.64195,9.08,0.51,2023-12-10T20:59:21.178
94.54852,31.14337,8.25,1.2,2023-12-10T21:00:06.273
94.54987,31.14244,8.02,0.05,2023-12-10T21:09:27.494
94.53988,31.1406,14.0,1.18,2023-12-10T21:17:31.296
94.54455,31.143,9.57,1.16,2023-12-10T21:23:51.731
94.54166,31.14709,6.77,0.59,2023-12-10T21:34:23.065
97.07291,30.64405,9.02,0.51,2023-12-10T21:44:22.774
94.53811,31.14307,14.18,1.98,2023-12-10T21:47:08.944
94.54455,31.16645,0.92,0.72,2023-12-10T22:27:51.676
94.54692,31.14386,8.57,1.28,2023-12-10T23:02:29.360
94.92101,31.71998,8.66,0.44,2023-12-10T23:25:41.025
94.54973,31.14001,8.52,0.84,2023-12-10T23:36:24.570
94.53957,31.1376,14.3,0.98,2023-12-10T23:43:05.324
94.54793,31.14352,8.51,1.16,2023-12-10T23:49:17.427
94.55208,31.14056,7.27,0.44,2023-12-11T00:37:09.716
94.92123,31.72121,8.59,0.64,2023-12-11T01:29:07.941
96.23753,30.79246,9.65,0.74,2023-12-11T02:46:04.952
94.92114,31.72083,8.56,0.84,2023-12-11T02:51:00.237
94.92293,31.71776,8.36,0.68,2023-12-11T02:56:50.875
96.2376,30.79254,9.69,0.92,2023-12-11T04:09:10.380
94.54491,31.15264,8.63,1.14,2023-12-11T04:14:31.393
96.68603,30.46496,7.55,1.04,2023-12-11T04:26:30.101
96.23796,30.78842,11.26,0.33,2023-12-11T06:08:33.601
96.23809,30.78838,11.25,0.27,2023-12-11T07:44:16.822
96.23981,30.7917,11.94,0.39,2023-12-11T08:02:43.656
95.02783,31.92092,7.95,1.08,2023-12-11T08:51:00.229
94.92128,31.72142,8.58,0.52,2023-12-11T09:22:12.513
96.23753,30.79191,9.62,0.42,2023-12-11T09:42:14.561
94.92121,31.7205,8.56,1.17,2023-12-11T10:13:15.011
94.54828,31.14392,8.12,2.04,2023-12-11T12:23:40.083
94.54004,31.14068,14.15,0.84,2023-12-11T12:54:59.978
96.23642,30.78556,10.62,0.13,2023-12-11T13:10:39.782
94.54794,31.14465,8.06,1.68,2023-12-11T13:39:17.176
94.9208,31.72061,8.64,0.47,2023-12-11T13:51:06.565
94.9202,31.7209,8.66,0.47,2023-12-11T14:31:05.090
95.0247,31.9192,7.6,0.91,2023-12-11T14:41:58.151
94.92133,31.71975,8.54,0.94,2023-12-11T14:44:41.013
94.54431,31.14356,9.33,1.36,2023-12-11T14:46:32.477
94.55065,31.13837,8.33,1.32,2023-12-11T15:46:20.325
94.92043,31.72113,8.59,0.46,2023-12-11T15:49:16.438
94.54799,31.14477,8.16,0.96,2023-12-11T16:07:18.346
94.54783,31.14458,8.54,0.27,2023-12-11T16:10:49.840
95.16128,31.70314,3.89,1.09,2023-12-11T16:11:21.696
94.53974,31.13891,14.13,0.62,2023-12-11T16:28:03.524
94.53662,31.13946,14.24,0.58,2023-12-11T16:40:32.518
94.54437,31.16638,1.0,0.73,2023-12-11T16:57:23.267
94.54109,31.14107,13.31,0.71,2023-12-11T17:29:26.128
94.92126,31.71916,8.48,0.66,2023-12-11T17:50:15.078
94.55594,31.14929,9.66,0.09,2023-12-11T17:51:15.502
96.23743,30.79208,9.57,-0.05,2023-12-11T17:56:25.377
96.23702,30.79262,9.7,0.59,2023-12-11T18:04:13.943
96.23737,30.79258,9.68,-0.24,2023-12-11T18:22:47.779
94.54368,31.16697,0.78,0.86,2023-12-11T19:29:36.610
94.55004,31.13934,8.14,1.29,2023-12-11T19:37:56.489
94.92081,31.71962,8.55,0.61,2023-12-11T19:56:54.063
94.24696,30.28938,9.71,0.43,2023-12-11T20:32:32.001
94.24624,30.28952,9.63,0.35,2023-12-11T21:03:25.651
96.23836,30.78947,10.92,0.41,2023-12-11T21:21:44.858
96.2381,30.78945,10.88,0.09,2023-12-11T21:23:30.089
94.5483,31.14358,8.21,1.43,2023-12-11T21:26:30.290
96.23763,30.7927,9.59,-0.21,2023-12-11T21:35:31.277
96.47846,30.13774,5.01,0.11,2023-12-11T22:03:34.828
96.23737,30.79231,9.73,0.75,2023-12-11T22:13:44.388
94.92085,31.71965,8.51,0.47,2023-12-11T22:37:42.130
94.92136,31.71887,8.35,0.44,2023-12-11T22:46:52.102
94.53939,31.13862,13.99,0.59,2023-12-11T23:03:57.074
96.2381,30.78911,10.97,0.65,2023-12-11T23:35:33.156
94.53927,31.14113,14.05,0.92,2023-12-12T00:09:21.736
94.53977,31.139,13.88,0.6,2023-12-12T00:19:26.747
94.53895,31.14043,13.98,1.25,2023-12-12T02:02:49.793
94.54848,31.14354,8.2,1.32,2023-12-12T02:08:31.126
94.53924,31.13642,14.51,1.32,2023-12-12T02:16:34.513
95.06161,31.90663,7.19,0.9,2023-12-12T07:43:07.760
94.89904,29.11784,10.07,1.18,2023-12-12T09:27:20.207
94.89892,29.11858,9.97,1.21,2023-12-12T09:30:11.476
94.89964,29.11832,10.01,1.04,2023-12-12T10:23:36.444
95.05731,31.90483,7.42,0.88,2023-12-12T10:24:09.026
94.54903,31.14221,7.87,0.11,2023-12-12T11:48:16.474
96.24172,30.7996,9.64,0.65,2023-12-12T12:11:35.243
96.24175,30.79962,9.63,0.06,2023-12-12T13:18:57.613
94.53982,31.1364,14.11,1.3,2023-12-12T15:35:22.140
96.24201,30.79655,11.98,-0.28,2023-12-12T16:00:49.410
94.5545,31.13986,6.61,1.23,2023-12-12T16:07:11.709
94.53949,31.139,14.04,0.57,2023-12-12T16:28:18.005
96.24854,30.80494,9.96,0.17,2023-12-12T17:51:10.658
94.53976,31.13855,14.03,0.62,2023-12-12T17:52:45.614
96.23677,30.78618,10.53,0.14,2023-12-12T19:57:02.246
94.55003,31.14117,8.26,0.77,2023-12-12T20:03:18.859
94.55038,31.14063,8.31,0.82,2023-12-12T20:06:37.058
96.23738,30.79183,9.78,-0.02,2023-12-12T21:03:05.769
94.5497,31.14166,8.07,0.42,2023-12-12T21:23:47.404
94.94973,29.89163,9.28,1.16,2023-12-12T21:31:45.444
94.54929,31.14132,8.36,0.84,2023-12-12T22:34:07.648
96.23772,30.79347,10.18,0.22,2023-12-12T22:37:48.313
94.55044,31.14211,7.58,0.86,2023-12-12T23:10:11.337
94.54735,31.14579,8.13,0.79,2023-12-12T23:17:40.929
94.5454,31.14501,8.88,0.25,2023-12-12T23:22:55.319
96.98636,30.25938,10.38,0.99,2023-12-12T23:30:42.295
96.98505,30.25894,11.25,0.84,2023-12-12T23:31:21.974
96.98569,30.25903,9.92,0.83,2023-12-12T23:31:55.488
96.98354,30.25854,11.4,0.71,2023-12-12T23:35:35.155
96.98572,30.25907,9.87,1.06,2023-12-12T23:52:34.157
94.89972,29.11779,10.37,0.99,2023-12-12T23:56:43.429
96.98582,30.25928,9.97,0.82,2023-12-13T00:00:13.942
94.89901,29.1175,10.09,1.05,2023-12-13T00:05:19.060
94.89879,29.11861,9.94,1.47,2023-12-13T01:58:10.776
94.53712,31.13906,14.18,0.62,2023-12-13T02:32:38.727
94.89948,29.11724,9.96,0.74,2023-12-13T03:31:18.561
94.5396,31.13873,14.03,0.65,2023-12-13T03:39:59.481
96.24561,30.80337,11.05,0.22,2023-12-13T03:41:49.274
96.23766,30.79302,9.54,1.74,2023-12-13T04:06:18.257
94.54583,31.14473,9.13,0.85,2023-12-13T07:17:07.011
94.55053,31.13841,8.35,2.48,2023-12-13T09:27:25.758
94.5503,31.14019,8.16,0.69,2023-12-13T10:29:55.500
94.5398,31.13656,14.05,2.2,2023-12-13T10:38:04.489
95.04017,31.91021,3.28,1.06,2023-12-13T10:57:16.293
94.53947,31.13759,14.11,1.2,2023-12-13T11:03:07.039
95.04103,31.90899,3.24,1.13,2023-12-13T11:05:47.909
94.53922,31.13723,13.84,0.45,2023-12-13T11:15:27.444
94.5501,31.13993,8.32,1.2,2023-12-13T11:26:14.174
94.55106,31.14106,7.76,0.48,2023-12-13T13:32:52.517
94.53965,31.13689,14.09,1.49,2023-12-13T13:35:24.057
94.54995,31.14043,8.43,0.94,2023-12-13T13:36:34.720
94.53267,31.14322,17.72,0.96,2023-12-13T13:40:37.777
94.53986,31.13596,14.09,1.45,2023-12-13T13:46:55.401
94.54171,31.13879,14.07,1.09,2023-12-13T13:48:42.865
94.54004,31.13619,13.86,1.48,2023-12-13T14:39:42.144
94.55107,31.13846,8.26,1.49,2023-12-13T14:45:38.467
94.53862,31.14139,14.15,1.14,2023-12-13T14:48:36.393
94.541,31.13535,14.09,0.75,2023-12-13T14:51:25.870
96.23788,30.79269,9.51,-0.02,2023-12-13T15:17:18.637
96.47686,30.13846,5.04,0.35,2023-12-13T16:03:07.134
94.53913,31.13867,14.53,1.1,2023-12-13T16:04:16.162
96.23892,30.79073,10.96,0.19,2023-12-13T16:49:58.831
94.53943,31.13861,14.1,1.25,2023-12-13T17:04:39.210
94.5385,31.13863,14.05,0.59,2023-12-13T17:10:15.577
96.98734,30.25928,12.1,0.97,2023-12-13T17:13:02.854
94.53965,31.1362,13.95,1.39,2023-12-13T17:41:15.580
94.55039,31.13937,8.46,0.69,2023-12-13T17:51:16.021
94.53993,31.13776,14.05,1.03,2023-12-13T18:15:05.967
94.55064,31.13894,8.36,0.54,2023-12-13T18:19:59.316
94.53972,31.13888,13.99,0.62,2023-12-13T18:25:41.510
94.53966,31.13856,14.04,0.64,2023-12-13T18:28:15.833
94.55059,31.14069,8.34,0.53,2023-12-13T19:05:48.942
94.53962,31.13667,14.12,1.52,2023-12-13T20:04:20.543
94.5504,31.14133,7.75,0.96,2023-12-13T20:17:53.985
94.53915,31.14075,14.19,1.76,2023-12-13T20:28:04.395
94.54936,31.14254,8.13,0.11,2023-12-13T20:38:55.539
94.55063,31.14208,8.1,0.95,2023-12-13T20:39:25.437
94.54904,31.14253,8.34,1.0,2023-12-13T20:39:48.861
94.54974,31.13989,8.44,0.72,2023-12-13T20:49:58.015
94.54062,31.14123,13.43,1.18,2023-12-13T21:31:32.736
94.53775,31.14134,14.18,0.87,2023-12-13T21:37:27.030
94.63833,31.91724,4.91,1.48,2023-12-13T21:42:48.397
96.23756,30.7927,9.6,-0.07,2023-12-13T21:49:53.937
94.53943,31.13923,14.08,0.6,2023-12-13T22:23:21.512
94.87081,29.8922,9.27,1.38,2023-12-13T22:27:44.868
94.55078,31.13937,7.83,1.41,2023-12-13T22:39:26.088
94.55101,31.13803,7.71,0.3,2023-12-13T22:47:34.651
96.23754,30.78747,10.61,0.38,2023-12-13T22:51:08.995
96.23702,30.78732,10.6,0.19,2023-12-13T22:51:47.575
94.87073,29.8922,9.35,0.89,2023-12-13T23:12:52.305
94.53896,31.14124,14.03,1.24,2023-12-13T23:14:32.923
94.54412,31.14712,5.57,0.6,2023-12-13T23:16:53.188
94.53379,31.139,17.06,1.02,2023-12-13T23:30:36.199
94.54931,31.14266,7.92,0.12,2023-12-14T00:28:34.461
96.24574,30.80421,10.96,0.46,2023-12-14T00:45:43.261
94.55184,31.13958,6.79,1.31,2023-12-14T00:46:55.501
95.16123,31.70159,3.32,0.67,2023-12-14T00:54:57.016
94.54984,31.14015,8.32,1.0,2023-12-14T01:10:39.267
94.95118,29.89242,9.43,0.94,2023-12-14T01:41:56.709
96.68647,30.46474,7.58,0.4,2023-12-14T02:16:40.149
94.53819,31.1413,14.08,1.34,2023-12-14T02:25:59.476
94.53931,31.13917,14.12,0.82,2023-12-14T03:47:22.440
94.87036,29.89237,9.25,0.92,2023-12-14T04:15:15.402
96.24554,30.80637,11.2,0.2,2023-12-14T04:26:32.907
94.87025,29.89239,9.43,0.93,2023-12-14T04:48:40.427
96.24453,30.8105,11.56,0.3,2023-12-14T05:18:44.859
96.24453,30.81052,11.56,0.22,2023-12-14T05:19:08.409
94.55098,31.13864,8.36,1.35,2023-12-14T07:26:03.971
94.94875,29.88691,9.28,1.45,2023-12-14T10:25:04.684
96.98765,30.26143,10.63,1.06,2023-12-14T10:30:12.138
94.54968,31.14151,8.17,1.0,2023-12-14T10:37:18.801
94.55084,31.14016,7.89,0.97,2023-12-14T11:16:18.207
94.54024,31.1375,14.1,1.08,2023-12-14T11:38:50.152
94.54027,31.13641,13.94,0.42,2023-12-14T11:48:44.665
94.54064,31.13597,14.07,0.93,2023-12-14T12:24:10.952
94.55191,31.14182,7.45,0.42,2023-12-14T12:30:16.303
94.55047,31.13698,8.42,0.22,2023-12-14T13:04:50.063
96.23762,30.79332,9.6,0.7,2023-12-14T13:16:00.654
94.62846,31.90988,4.93,1.37,2023-12-14T13:28:37.293
94.55079,31.13983,8.33,0.9,2023-12-14T14:02:14.437
96.2378,30.79329,9.52,0.21,2023-12-14T14:47:30.491
94.54014,31.1372,14.0,0.98,2023-12-14T15:34:21.026
94.54072,31.1363,14.0,1.05,2023-12-14T16:05:10.258
94.55314,31.1386,7.08,0.0,2023-12-14T16:48:56.508
94.54025,31.14328,13.22,0.24,2023-12-14T19:01:25.725
94.54936,31.1423,8.1,0.87,2023-12-14T19:48:27.577
96.98648,30.26699,6.63,0.34,2023-12-14T19:55:04.576
94.55115,31.13902,8.31,1.37,2023-12-14T20:26:17.212
94.54186,31.13714,13.33,0.9,2023-12-14T21:01:09.321
94.55136,31.13719,8.54,0.42,2023-12-14T21:31:22.416
94.55812,31.15136,4.55,-0.1,2023-12-14T22:10:03.505
94.54938,31.14261,8.03,0.11,2023-12-14T22:32:05.532
94.55266,31.13772,7.84,0.39,2023-12-14T22:50:40.703
94.54068,31.14355,12.92,0.26,2023-12-14T23:43:59.190
94.54048,31.14285,13.65,0.3,2023-12-14T23:50:47.607
96.23727,30.79079,9.37,0.03,2023-12-15T00:20:39.574
94.54438,31.13934,8.7,1.03,2023-12-15T00:30:22.699
96.23826,30.78686,9.95,0.03,2023-12-15T01:52:40.159
94.54068,31.13677,14.14,0.86,2023-12-15T02:31:56.946
94.53774,31.14055,14.16,1.49,2023-12-15T04:45:15.181
94.9214,31.72046,8.55,0.59,2023-12-15T05:22:34.448
94.53956,31.13749,14.12,1.0,2023-12-15T07:49:50.847
94.53932,31.13681,13.9,0.45,2023-12-15T12:02:13.988
94.55277,31.1424,5.65,0.58,2023-12-15T12:50:40.910
96.90441,31.14462,11.86,0.34,2023-12-15T13:03:54.087
94.53926,31.13728,14.28,0.99,2023-12-15T14:16:25.444
95.02054,31.91295,5.91,1.08,2023-12-15T15:18:58.692
96.23816,30.80287,8.9,0.64,2023-12-15T16:25:49.907
94.53936,31.13668,14.09,0.97,2023-12-15T16:35:30.654
96.24875,30.80427,10.62,0.29,2023-12-15T16:59:59.010
94.5444,31.1403,8.49,0.94,2023-12-15T17:05:14.691
94.87106,29.89167,9.0,0.76,2023-12-15T18:40:14.043
94.87094,29.89153,9.04,0.69,2023-12-15T18:47:13.059
94.54194,31.13349,14.21,0.66,2023-12-15T20:50:40.124
96.24248,30.80844,11.72,-0.22,2023-12-15T20:58:43.593
96.2371,30.7901,9.79,0.03,2023-12-15T22:04:02.386
94.53913,31.14874,10.43,0.91,2023-12-15T22:06:22.667
96.23688,30.7885,9.16,0.24,2023-12-15T22:31:54.556
94.54021,31.14525,8.51,0.86,2023-12-15T22:47:29.177
94.55169,31.1427,6.21,0.08,2023-12-15T23:17:14.365
96.9898,30.26747,6.81,1.0,2023-12-15T23:42:39.770
96.23778,30.79278,9.19,0.77,2023-12-16T01:17:40.996
94.53755,31.15316,9.71,0.07,2023-12-16T01:35:26.790
94.89005,29.93671,11.85,1.03,2023-12-16T02:13:36.734
94.54298,31.14257,17.04,0.53,2023-12-16T05:19:53.336
94.53533,31.14472,17.53,1.17,2023-12-16T05:52:51.960
94.88991,29.93722,11.96,1.09,2023-12-16T06:11:37.247
95.06389,31.91347,6.17,0.88,2023-12-16T06:28:56.666
95.06621,31.89302,7.06,0.66,2023-12-16T06:53:39.092
95.06331,31.90773,6.05,0.9,2023-12-16T07:55:43.284
94.53597,31.15422,10.56,0.08,2023-12-16T09:13:28.328
94.53955,31.13723,14.0,1.02,2023-12-16T10:13:20.972
94.89012,29.93695,11.78,1.13,2023-12-16T10:35:52.992
94.89023,29.93603,12.01,0.69,2023-12-16T12:30:17.547
96.90399,31.14486,11.93,0.18,2023-12-16T12:40:07.588
94.9214,31.71934,8.43,0.57,2023-12-16T13:29:07.103
94.54224,31.14252,8.71,1.1,2023-12-16T13:51:40.897
94.54163,31.13361,14.43,0.82,2023-12-16T14:07:16.107
94.53934,31.13681,14.12,0.94,2023-12-16T14:07:46.171
94.54182,31.1332,14.44,0.69,2023-12-16T14:16:53.849
96.90435,31.14482,11.91,0.56,2023-12-16T14:43:00.208
94.54059,31.14435,10.34,0.91,2023-12-16T14:51:24.573
94.54186,31.14265,8.96,0.49,2023-12-16T14:59:12.921
96.9045,31.14505,11.76,0.38,2023-12-16T15:52:48.871
94.88986,29.93752,11.9,1.42,2023-12-16T16:33:27.989
94.5399,31.13863,14.2,0.58,2023-12-16T17:15:53.209
96.90444,31.1449,11.86,0.24,2023-12-16T17:26:31.448
96.90426,31.14504,11.82,0.42,2023-12-16T17:45:52.094
94.5425,31.1421,8.79,1.05,2023-12-16T17:55:58.692
94.54072,31.13738,7.79,0.49,2023-12-16T18:13:03.981
94.54006,31.13871,14.13,0.59,2023-12-16T18:27:40.444
94.54299,31.13769,8.99,0.57,2023-12-16T18:56:28.181
94.89025,29.93654,11.88,0.96,2023-12-16T19:36:34.998
96.23922,30.79442,9.66,0.27,2023-12-16T19:36:52.504
94.89023,29.93651,12.07,0.72,2023-12-16T19:37:18.539
94.53836,31.14167,13.84,1.27,2023-12-16T19:58:45.506
94.54412,31.13804,8.35,1.5,2023-12-16T20:10:48.182
94.89034,29.93652,11.96,0.92,2023-12-16T20:41:18.360
94.54179,31.14268,9.3,0.51,2023-12-16T21:11:11.120
95.06621,31.89302,7.06,0.45,2023-12-16T21:47:03.073
94.54369,31.1383,8.42,1.23,2023-12-16T21:51:14.884
94.54403,31.13801,8.81,1.29,2023-12-16T22:24:15.124
94.53533,31.14472,17.53,1.37,2023-12-16T23:05:45.591
94.54039,31.13755,14.09,0.46,2023-12-16T23:48:39.531
96.23622,30.78619,10.64,0.23,2023-12-17T00:17:08.669
96.07232,30.24322,8.74,0.82,2023-12-17T00:57:29.809
94.54776,31.14323,8.19,1.06,2023-12-17T03:06:13.799
94.54726,31.14556,8.56,0.89,2023-12-17T04:58:05.618
95.0247,31.9192,7.6,0.9,2023-12-17T05:01:23.900
96.23664,30.78697,10.49,0.73,2023-12-17T06:18:00.476
95.16121,31.70187,3.98,0.41,2023-12-17T11:38:08.110
94.54851,31.14336,8.06,1.11,2023-12-17T12:21:33.781
94.89022,29.93648,11.82,1.38,2023-12-17T12:26:42.850
94.89056,29.93648,11.69,0.97,2023-12-17T12:28:19.228
94.89014,29.93675,11.77,0.91,2023-12-17T12:38:35.239
94.89022,29.93677,11.85,0.95,2023-12-17T12:51:12.142
94.54067,31.13684,13.84,0.45,2023-12-17T14:16:49.716
94.89036,29.93703,11.86,0.93,2023-12-17T14:20:05.747
94.9491,31.90044,1.62,0.66,2023-12-17T15:03:11.973
94.92176,31.90198,7.92,0.76,2023-12-17T15:20:00.269
95.15956,31.70134,4.29,0.56,2023-12-17T15:51:57.443
96.47844,30.13794,5.0,0.2,2023-12-17T16:47:07.765
94.92582,31.89976,8.14,0.53,2023-12-17T16:47:39.699
94.92568,31.90002,8.27,0.44,2023-12-17T17:15:01.867
94.9491,31.90044,1.62,0.67,2023-12-17T18:44:15.123
95.07831,31.94443,4.57,0.52,2023-12-17T18:59:32.205
95.07797,31.94394,4.4,0.56,2023-12-17T19:09:31.795
94.55353,31.13809,7.33,0.81,2023-12-17T20:07:14.769
94.92623,31.8992,8.04,0.53,2023-12-17T20:07:38.022
96.23702,30.78555,10.44,0.36,2023-12-17T20:09:28.494
94.92578,31.9008,8.31,0.74,2023-12-17T20:10:33.176
94.5402,31.13782,14.14,0.61,2023-12-17T20:39:07.642
94.9263,31.89916,8.04,0.49,2023-12-17T20:52:31.623
96.47911,30.13793,5.28,0.1,2023-12-17T22:08:48.533
96.2485,30.80919,10.25,-0.36,2023-12-17T22:09:32.117
94.92581,31.89976,8.11,0.87,2023-12-17T22:19:01.399
94.92627,31.89812,8.13,0.74,2023-12-17T22:24:43.560
94.92632,31.89906,8.05,0.52,2023-12-17T22:36:52.604
94.94917,31.90054,1.67,0.6,2023-12-17T22:40:05.204
94.54143,31.13432,13.92,0.65,2023-12-17T22:45:19.434
96.48144,30.13635,5.13,0.35,2023-12-17T23:32:21.947
95.4322,29.9255,12.14,1.34,2023-12-18T00:03:15.560
94.92574,31.89975,8.15,0.78,2023-12-18T00:24:49.898
94.92664,31.89989,7.96,0.51,2023-12-18T00:53:50.161
94.55299,31.13768,7.83,1.1,2023-12-18T05:33:59.185
94.55082,31.13809,8.38,1.53,2023-12-18T06:56:06.736
94.92681,31.89905,7.96,0.82,2023-12-18T09:16:05.298
94.55144,31.13753,8.37,0.46,2023-12-18T09:30:34.506
95.04277,31.89826,6.02,1.04,2023-12-18T10:58:39.669
96.23813,30.80254,9.35,0.66,2023-12-18T12:54:24.527
94.55326,31.13756,7.93,0.82,2023-12-18T14:39:56.394
94.53754,31.16653,7.33,0.53,2023-12-18T15:30:27.792
95.04225,31.89823,6.14,1.13,2023-12-18T15:57:25.631
94.9401,31.90022,3.22,0.66,2023-12-18T16:00:04.670
95.04277,31.89631,5.92,0.39,2023-12-18T16:18:58.104
95.67756,32.11338,12.65,0.83,2023-12-18T17:38:12.410
94.92655,31.89928,7.99,0.87,2023-12-18T18:07:45.822
97.47944,30.71693,0.31,1.73,2023-12-18T18:16:23.358
96.23957,30.79838,9.24,-0.08,2023-12-18T18:35:15.015
94.92587,31.8993,8.0,0.62,2023-12-18T18:38:49.797
95.4322,29.9255,12.14,3.6,2023-12-18T18:41:03.291
97.48096,30.71727,0.45,0.56,2023-12-18T18:45:18.044
96.24656,30.80632,11.69,-0.04,2023-12-18T19:06:08.526
94.54037,31.13811,14.08,0.62,2023-12-18T19:40:00.913
96.23787,30.78738,11.02,-0.02,2023-12-18T19:43:41.166
95.67761,32.11332,12.67,1.56,2023-12-18T19:49:25.292
95.67729,32.11367,12.35,0.4,2023-12-18T19:51:55.862
95.6774,32.1134,12.93,0.37,2023-12-18T19:52:20.112
95.67722,32.11254,12.41,0.84,2023-12-18T19:58:19.166
95.67727,32.1127,12.38,0.81,2023-12-18T19:59:48.641
95.67732,32.1142,12.79,0.77,2023-12-18T20:06:07.478
95.6776,32.11364,12.61,0.36,2023-12-18T20:13:46.767
95.15976,31.70153,4.19,0.49,2023-12-18T20:16:49.009
95.67677,32.11319,12.07,0.38,2023-12-18T20:19:21.324
95.67783,32.11294,12.24,0.75,2023-12-18T20:25:32.447
95.6777,32.11333,12.49,0.77,2023-12-18T20:27:22.489
95.6767,32.1133,12.12,0.38,2023-12-18T20:34:43.393
95.67724,32.1125,12.46,0.81,2023-12-18T20:51:56.568
94.54138,31.13795,14.26,0.59,2023-12-18T20:53:00.304
94.54004,31.13633,14.08,1.3,2023-12-18T20:55:52.460
95.16102,31.70161,3.87,0.58,2023-12-18T21:04:13.109
94.54097,31.13953,12.57,0.56,2023-12-18T21:07:50.077
95.67726,32.11508,13.07,0.37,2023-12-18T21:18:57.988
95.67693,32.11288,12.23,0.8,2023-12-18T21:20:30.974
94.93579,29.90136,9.39,1.41,2023-12-18T21:40:45.804
94.54964,31.13772,9.05,0.34,2023-12-18T22:03:44.928
94.92513,31.90198,8.01,0.49,2023-12-18T22:07:02.367
94.94873,31.90075,1.62,0.66,2023-12-18T22:07:35.135
95.67725,32.11274,12.36,0.82,2023-12-18T22:36:37.660
96.23924,30.7976,9.35,0.12,2023-12-18T23:20:05.164
95.67726,32.11287,12.66,0.39,2023-12-18T23:21:17.845
94.55707,31.13004,15.64,0.78,2023-12-19T00:00:58.321
96.48585,30.1377,7.63,0.81,2023-12-19T00:22:29.777
94.94201,31.90346,2.56,0.68,2023-12-19T01:08:28.685
96.48631,30.13757,7.7,0.74,2023-12-19T03:11:51.424
94.55737,31.12988,15.55,0.95,2023-12-19T06:30:15.162
94.55649,31.13184,15.63,0.54,2023-12-19T08:35:26.219
96.48619,30.13805,7.61,0.82,2023-12-19T10:43:16.363
96.48623,30.13803,7.63,0.83,2023-12-19T10:44:31.193
96.23661,30.79138,9.66,-0.02,2023-12-19T14:58:19.531
94.9259,31.8946,8.78,0.75,2023-12-19T15:00:22.661
96.23785,30.78802,11.31,0.06,2023-12-19T15:17:40.913
94.9259,31.8946,8.78,0.76,2023-12-19T15:44:21.491
94.54606,31.16297,7.85,1.53,2023-12-19T17:10:42.993
94.54185,31.1634,8.52,0.66,2023-12-19T17:16:46.653
94.5265,31.16358,13.61,0.7,2023-12-19T17:31:52.407
94.54445,31.16362,7.7,0.13,2023-12-19T17:34:21.020
94.52605,31.16486,13.86,0.56,2023-12-19T17:43:17.563
94.54454,31.16311,8.33,0.12,2023-12-19T17:54:57.249
94.54441,31.16349,7.98,0.21,2023-12-19T18:04:51.239
94.54945,31.16306,8.0,0.05,2023-12-19T18:37:07.010
94.52583,31.16536,13.7,0.61,2023-12-19T18:39:18.262
94.54174,31.16301,8.6,0.63,2023-12-19T18:58:51.761
94.54255,31.16291,7.92,0.71,2023-12-19T19:02:28.155
96.24112,30.79997,9.24,-0.03,2023-12-19T19:12:15.942
94.54505,31.16367,8.32,0.63,2023-12-19T19:47:44.092
94.55941,31.13783,9.09,0.44,2023-12-19T20:01:29.874
94.54472,31.16304,8.32,0.11,2023-12-19T20:05:03.421
94.546,31.16374,8.12,0.65,2023-12-19T20:54:44.441
94.92572,29.9091,10.27,0.81,2023-12-19T21:17:45.291
94.92611,29.90916,10.12,0.81,2023-12-19T21:19:58.126
94.79638,31.11883,8.77,0.84,2023-12-19T21:26:06.905
94.79612,31.11945,8.64,-0.33,2023-12-19T21:27:41.570
94.92666,29.9089,10.1,1.33,2023-12-19T21:36:19.710
94.52712,31.16324,13.97,0.82,2023-12-19T21:48:07.892
94.55892,31.12972,15.36,0.9,2023-12-19T22:16:08.241
94.54577,31.16211,7.85,0.39,2023-12-19T22:46:15.675
94.54459,31.16389,8.08,0.09,2023-12-19T23:12:02.434
95.04265,31.91763,5.76,0.82,2023-12-19T23:18:09.658
95.04234,31.91922,5.72,0.8,2023-12-19T23:18:27.507
95.04151,31.91905,5.83,0.52,2023-12-19T23:25:19.238
96.24238,30.79594,9.45,-0.08,2023-12-19T23:25:56.294
94.55759,31.12975,15.58,0.8,2023-12-19T23:27:13.967
94.52669,31.16538,13.9,0.61,2023-12-19T23:31:58.613
94.52644,31.16357,13.73,0.73,2023-12-19T23:47:13.180
94.54356,31.16647,0.95,1.16,2023-12-20T01:21:18.632
94.52799,31.16166,13.94,1.57,2023-12-20T02:04:47.429
94.52789,31.16248,13.16,1.09,2023-12-20T02:23:00.085
96.23721,30.78717,11.2,0.28,2023-12-20T02:24:35.746
94.52752,31.16307,13.97,0.82,2023-12-20T03:09:43.720
96.23701,30.78712,11.28,0.17,2023-12-20T04:11:29.500
94.54387,31.16637,0.96,1.66,2023-12-20T06:22:59.806
96.23615,30.78857,9.32,-0.08,2023-12-20T06:33:53.930
94.52704,31.16602,14.09,1.87,2023-12-20T06:37:07.030
94.55171,31.16067,6.48,0.8,2023-12-20T07:29:52.965
94.94304,31.90312,2.39,0.84,2023-12-20T08:28:03.871
96.99165,30.25851,11.58,0.33,2023-12-20T09:06:10.562
96.23615,30.78824,9.41,-0.21,2023-12-20T09:10:40.401
96.23798,30.78671,9.66,-0.35,2023-12-20T09:12:37.769
94.52699,31.16298,13.92,0.77,2023-12-20T09:18:15.467
96.99215,30.25789,11.28,0.34,2023-12-20T09:21:26.189
94.52634,31.1653,13.96,0.55,2023-12-20T09:31:54.454
95.15937,31.70784,3.92,1.29,2023-12-20T11:01:49.409
94.94495,31.90287,2.3,0.84,2023-12-20T11:27:29.410
94.54184,31.16344,8.56,0.82,2023-12-20T11:38:34.874
94.54593,31.1648,7.78,0.15,2023-12-20T13:06:34.964
94.52959,31.16221,14.11,1.57,2023-12-20T14:11:54.086
94.54777,31.16051,8.39,0.9,2023-12-20T14:13:05.340
94.54677,31.16203,7.99,1.13,2023-12-20T14:18:30.229
94.52897,31.163,14.32,0.7,2023-12-20T14:30:58.948
94.5294,31.16279,13.92,0.72,2023-12-20T14:36:23.147
94.52802,31.16156,14.02,1.08,2023-12-20T14:47:39.718
94.54174,31.16284,8.69,0.66,2023-12-20T14:52:37.414
94.5465,31.16334,8.14,0.2,2023-12-20T15:04:43.536
94.93783,31.90777,3.85,0.57,2023-12-20T15:14:54.756
96.24127,30.79997,9.29,0.36,2023-12-20T15:21:02.833
94.53129,31.16334,12.94,0.73,2023-12-20T15:22:45.534
94.52942,31.16285,14.12,0.8,2023-12-20T15:33:03.675
94.52796,31.16309,14.06,0.79,2023-12-20T15:37:44.754
94.54617,31.16134,8.02,1.4,2023-12-20T15:44:29.187
94.52991,31.16237,13.2,1.06,2023-12-20T15:53:16.340
94.9424,31.88987,2.96,0.58,2023-12-20T15:54:52.043
94.53069,31.16256,13.85,0.95,2023-12-20T15:55:07.808
94.94333,31.90407,2.53,0.63,2023-12-20T15:55:56.494
94.94243,31.88795,3.78,0.19,2023-12-20T16:04:43.479
94.53044,31.16207,13.9,0.84,2023-12-20T16:09:14.516
94.52686,31.1615,15.71,0.73,2023-12-20T16:15:31.073
94.54424,31.1633,8.37,0.11,2023-12-20T16:26:02.160
94.94332,31.89009,2.77,0.53,2023-12-20T16:30:38.684
94.54156,31.15947,9.59,0.4,2023-12-20T16:31:01.072
96.23658,30.78944,9.48,0.43,2023-12-20T16:35:32.101
94.94347,31.90457,2.75,0.61,2023-12-20T16:36:29.647
94.52971,31.16208,14.12,1.03,2023-12-20T16:45:11.720
94.52991,31.16207,14.29,0.98,2023-12-20T16:46:02.552
96.23658,30.78911,9.59,0.12,2023-12-20T16:48:55.921
94.52701,31.16086,13.87,1.04,2023-12-20T17:04:05.643
94.53074,31.16284,13.11,0.96,2023-12-20T17:23:41.717
96.23537,30.78781,11.01,0.48,2023-12-20T17:48:54.687
96.23599,30.78698,11.02,0.36,2023-12-20T17:51:59.108
96.23583,30.78688,11.02,0.06,2023-12-20T17:53:52.611
94.54537,31.1619,8.11,-0.09,2023-12-20T18:01:53.294
94.52674,31.16597,13.58,0.53,2023-12-20T18:14:35.129
94.52892,31.16385,14.11,0.81,2023-12-20T18:27:13.914
94.54621,31.16133,8.11,2.17,2023-12-20T18:37:24.874
94.79637,31.11883,8.75,0.51,2023-12-20T18:45:20.254
94.54655,31.1622,8.52,-0.12,2023-12-20T18:50:18.184
94.52757,31.16252,14.11,1.04,2023-12-20T18:52:09.064
94.5345,31.14137,12.22,0.58,2023-12-20T18:52:51.585
94.94285,31.9062,2.83,0.54,2023-12-20T19:03:56.486
94.54546,31.16238,8.37,0.52,2023-12-20T19:05:26.594
96.47856,30.13771,7.16,0.32,2023-12-20T19:10:25.818
94.79654,31.1189,8.68,0.5,2023-12-20T19:28:34.453
94.53412,31.14122,12.64,0.54,2023-12-20T19:29:14.377
94.5279,31.16662,13.83,0.65,2023-12-20T19:37:22.906
94.94336,31.90413,2.54,0.57,2023-12-20T19:42:43.644
94.54552,31.1591,8.73,1.34,2023-12-20T20:10:34.548
94.94243,31.88795,3.78,0.19,2023-12-20T20:20:02.279
94.55268,31.1629,6.19,0.28,2023-12-20T20:24:30.975
95.16015,31.70549,3.89,0.66,2023-12-20T20:52:44.558
94.56237,31.13369,9.23,0.08,2023-12-20T21:01:39.345
94.54681,31.16211,7.97,0.5,2023-12-20T21:06:07.411
94.56225,31.13825,7.86,0.47,2023-12-20T21:30:41.171
94.52633,31.16563,13.97,0.56,2023-12-20T21:46:17.996
94.94312,31.90312,2.51,0.92,2023-12-20T21:55:21.952
94.94363,31.90311,2.44,0.91,2023-12-20T21:55:49.751
94.52904,31.16261,14.03,0.98,2023-12-20T21:59:04.496
94.55706,31.12916,15.67,0.86,2023-12-20T22:11:04.293
94.52628,31.16582,13.88,0.59,2023-12-20T22:12:45.468
94.55555,31.16252,4.13,0.81,2023-12-20T22:14:42.784
94.54663,31.1605,7.94,0.81,2023-12-20T22:19:44.503
94.52861,31.1616,13.45,1.06,2023-12-20T22:22:40.515
96.24081,30.79311,12.13,-0.14,2023-12-20T22:36:16.965
94.54493,31.16676,1.19,0.81,2023-12-20T22:59:59.422
95.16079,31.70046,4.1,0.69,2023-12-20T23:25:59.686
94.94346,31.90261,2.62,0.62,2023-12-20T23:51:37.630
94.52681,31.16192,13.83,1.06,2023-12-20T23:54:03.818
94.52759,31.16242,13.64,0.72,2023-12-21T00:14:36.217
94.52776,31.16626,13.96,0.95,2023-12-21T00:32:30.556
96.24113,30.79997,9.24,0.17,2023-12-21T00:42:36.352
96.2413,30.79997,9.29,0.47,2023-12-21T00:46:23.532
96.48623,30.13803,7.63,1.17,2023-12-21T00:52:30.112
96.48579,30.13788,7.53,0.76,2023-12-21T01:15:19.485
94.52658,31.16544,14.43,1.23,2023-12-21T01:53:05.819
96.23612,30.78785,9.65,-0.38,2023-12-21T03:08:47.626
96.48623,30.13803,7.63,0.94,2023-12-21T03:49:02.612
94.5453,31.16175,8.11,0.5,2023-12-21T03:55:31.314
96.479,30.13799,7.22,0.44,2023-12-21T04:07:37.772
94.54728,31.16297,7.66,0.25,2023-12-21T05:39:32.379
96.24329,30.79899,12.26,0.25,2023-12-21T05:48:07.886
96.23785,30.79033,11.0,0.33,2023-12-21T07:45:15.697
96.23599,30.78707,11.01,0.56,2023-12-21T07:52:56.017
94.54784,31.16198,8.3,0.26,2023-12-21T09:11:52.888
94.52992,31.16232,14.14,1.02,2023-12-21T11:09:39.986
95.04538,31.89833,5.56,1.8,2023-12-21T11:58:31.531
95.04549,31.89829,5.44,1.27,2023-12-21T11:59:46.345
95.04498,31.89707,5.44,1.74,2023-12-21T12:01:15.925
95.04433,31.89753,5.33,1.29,2023-12-21T12:06:30.202
95.04536,31.89831,5.64,1.09,2023-12-21T12:11:01.194
95.0452,31.89784,5.36,2.18,2023-12-21T12:13:07.999
95.04434,31.89816,5.55,1.26,2023-12-21T12:14:11.989
95.04498,31.89723,5.46,1.04,2023-12-21T12:20:21.944
95.04581,31.89773,5.39,1.12,2023-12-21T12:25:18.989
95.04481,31.89775,5.51,1.3,2023-12-21T12:26:14.064
94.55501,31.13841,9.59,1.09,2023-12-21T12:47:14.642
95.03962,31.89701,6.69,0.02,2023-12-21T12:50:55.998
96.23697,30.78623,10.69,0.54,2023-12-21T13:56:55.919
94.5273,31.16578,14.09,0.79,2023-12-21T13:59:16.160
96.23712,30.78656,10.69,0.6,2023-12-21T14:09:19.910
95.85054,29.92874,15.13,0.71,2023-12-21T14:22:45.363
95.85054,29.92901,15.16,0.7,2023-12-21T14:25:24.529
95.85054,29.92877,15.12,1.22,2023-12-21T14:34:59.414
95.85079,29.92868,15.23,0.61,2023-12-21T14:40:01.148
94.54753,31.1591,7.83,1.19,2023-12-21T14:46:27.580
94.54139,31.16407,8.49,0.42,2023-12-21T15:00:31.721
94.52634,31.16609,13.46,0.99,2023-12-21T15:04:36.829
94.52583,31.16575,13.87,0.82,2023-12-21T15:16:38.896
95.04473,31.89792,5.57,1.33,2023-12-21T15:23:29.816
94.54578,31.16702,0.79,1.28,2023-12-21T15:31:59.041
94.54499,31.15965,8.81,0.56,2023-12-21T15:43:32.698
94.53104,31.16564,14.19,0.9,2023-12-21T15:57:51.800
94.52922,31.16294,14.06,0.88,2023-12-21T17:04:59.306
94.52961,31.16291,14.03,0.75,2023-12-21T17:06:44.113
94.5464,31.16247,7.88,0.25,2023-12-21T17:14:03.042
96.23601,30.78709,11.0,0.49,2023-12-21T17:32:08.168
94.527,31.16542,14.08,1.08,2023-12-21T17:35:58.080
94.54684,31.16208,8.12,0.21,2023-12-21T17:47:38.354
94.55467,31.13909,9.48,1.08,2023-12-21T17:50:51.143
94.92869,31.90129,6.27,0.44,2023-12-21T18:23:35.431
94.92986,31.90178,6.14,0.43,2023-12-21T18:26:13.730
94.54355,31.16071,8.97,0.46,2023-12-21T18:39:00.953
94.54526,31.16719,0.98,0.8,2023-12-21T18:44:27.852
94.52621,31.16539,14.07,1.04,2023-12-21T18:59:17.723
94.52628,31.16523,13.88,0.55,2023-12-21T19:06:50.397
94.90382,29.88349,10.7,0.79,2023-12-21T19:08:37.137
94.90392,29.88354,10.7,1.18,2023-12-21T19:10:37.720
94.54609,31.16248,8.09,0.48,2023-12-21T19:13:16.319
94.5263,31.16368,14.13,0.68,2023-12-21T19:20:26.882
94.90413,29.88368,10.77,0.73,2023-12-21T19:20:52.827
94.90422,29.88396,10.86,0.85,2023-12-21T19:28:06.015
94.90372,29.88387,10.74,0.91,2023-12-21T19:35:30.631
94.5291,31.16525,14.11,0.71,2023-12-21T20:02:46.185
94.94392,31.90342,2.39,0.88,2023-12-21T20:06:18.891
94.54495,31.1621,8.75,-0.09,2023-12-21T20:17:16.554
94.5289,31.16602,13.15,0.56,2023-12-21T21:16:00.979
95.04466,31.89775,5.62,0.25,2023-12-21T21:19:48.417
94.52633,31.16623,13.99,0.9,2023-12-21T21:33:37.517
94.54353,31.16298,8.57,0.1,2023-12-21T21:39:02.822
96.23613,30.78726,10.99,0.18,2023-12-21T23:15:37.755
94.79659,31.1185,8.86,0.36,2023-12-21T23:40:45.924
94.55134,31.16699,7.08,0.63,2023-12-22T00:08:46.215
94.53083,31.16714,12.19,0.95,2023-12-22T00:27:31.138
94.53467,31.16719,12.5,0.71,2023-12-22T00:28:28.267
96.2371,30.78649,10.77,0.61,2023-12-22T01:25:02.701
94.54426,31.13902,11.86,1.28,2023-12-22T05:33:52.934
96.23731,30.78922,9.95,0.74,2023-12-22T05:57:45.268
94.57171,31.14454,8.84,0.49,2023-12-22T06:54:10.561
94.54508,31.13936,12.21,1.19,2023-12-22T08:52:50.633
94.52862,31.16714,12.38,1.33,2023-12-22T09:10:08.028
94.53554,30.46734,7.05,0.64,2023-12-22T10:39:31.632
94.92842,31.90171,8.18,0.84,2023-12-22T12:45:50.262
94.54537,31.13493,11.4,0.58,2023-12-22T12:47:43.799
94.53632,31.14227,14.39,0.52,2023-12-22T15:15:51.587
94.94653,31.90435,1.59,0.62,2023-12-22T16:48:08.218
95.67722,32.11309,11.71,0.8,2023-12-22T17:17:20.034
95.67649,32.11286,12.77,0.38,2023-12-22T17:30:58.289
96.23707,30.78904,9.98,0.33,2023-12-22T17:58:04.502
96.23758,30.78866,9.87,0.27,2023-12-22T18:01:54.202
94.9261,29.904,7.84,0.56,2023-12-22T18:12:57.641
96.23733,30.78858,9.98,-0.13,2023-12-22T19:13:54.919
94.9261,29.904,7.75,0.59,2023-12-22T19:31:00.561
95.0625,31.8914,1.88,0.69,2023-12-22T19:33:00.451
95.16154,31.702,3.8,0.7,2023-12-22T19:39:42.088
94.6748,30.269,10.23,0.56,2023-12-22T19:43:13.901
94.6748,30.269,10.23,0.8,2023-12-22T19:43:30.051
95.0625,31.8914,1.88,0.68,2023-12-22T19:43:55.851
95.16075,31.70079,3.97,0.51,2023-12-22T20:35:31.639
95.0663,31.8972,7.25,0.86,2023-12-22T20:56:26.211
96.23789,30.78872,10.88,-0.11,2023-12-22T20:58:59.649
95.16199,31.70051,3.92,0.4,2023-12-22T21:31:19.132
96.23833,30.78852,11.01,0.64,2023-12-22T21:47:33.734
94.52559,31.16481,10.1,0.48,2023-12-22T23:39:59.759
94.54563,31.13347,13.85,0.78,2023-12-23T03:29:20.286
94.94756,31.90612,1.68,1.35,2023-12-23T09:34:44.984
96.25975,30.81882,12.97,0.64,2023-12-23T10:03:04.375
94.9293,31.9013,8.1,0.75,2023-12-23T10:23:00.715
94.92849,31.90174,8.13,0.64,2023-12-23T10:58:04.042
94.52803,31.15974,10.04,1.42,2023-12-23T11:07:10.967
94.52516,31.16597,10.16,0.68,2023-12-23T11:45:58.121
94.92895,31.90236,8.18,0.63,2023-12-23T12:11:34.896
94.52832,31.15964,10.11,1.16,2023-12-23T12:12:14.022
94.92903,31.90173,7.83,0.61,2023-12-23T12:14:01.409
94.54413,31.13946,12.14,1.13,2023-12-23T13:46:23.648
94.53444,31.16746,11.31,0.81,2023-12-23T14:25:33.127
95.67768,32.11076,12.75,0.92,2023-12-23T14:27:55.929
94.94742,31.90622,1.85,0.61,2023-12-23T14:38:19.727
95.0663,31.8972,7.25,0.97,2023-12-23T15:17:50.991
94.94737,31.90536,1.63,0.58,2023-12-23T15:31:32.686
94.9301,31.9017,8.0,0.62,2023-12-23T16:10:05.963
96.23697,30.78885,9.99,-0.19,2023-12-23T17:23:28.146
94.94762,31.90612,1.68,1.15,2023-12-23T18:04:36.244
96.26007,30.81856,13.02,-0.07,2023-12-23T20:24:59.807
94.94756,31.90612,1.68,1.09,2023-12-23T21:50:46.314
93.36117,29.41582,0.47,2.36,2023-12-23T22:14:45.239
94.52627,31.16469,9.87,0.5,2023-12-23T22:25:00.519
94.12485,29.828,15.22,0.73,2023-12-23T23:34:46.347
94.12337,29.82668,15.52,0.71,2023-12-23T23:40:35.996
94.12398,29.8266,15.39,0.85,2023-12-23T23:41:04.986
96.25966,30.81907,13.05,0.89,2023-12-24T04:35:33.309
94.948,31.90572,1.35,0.89,2023-12-24T06:34:52.707
94.94659,31.90647,1.72,0.66,2023-12-24T06:55:34.163
94.63618,31.9151,5.34,1.18,2023-12-24T09:33:14.847
94.94707,31.90842,1.3,0.97,2023-12-24T12:45:02.398
94.94799,31.90585,1.36,0.91,2023-12-24T13:53:59.685
94.53161,31.16079,11.74,1.1,2023-12-24T14:16:48.661
96.25983,30.81964,12.79,-0.08,2023-12-24T14:57:31.361
94.92942,31.90346,8.07,0.58,2023-12-24T16:32:49.869
94.94852,31.90644,1.22,0.91,2023-12-24T16:43:13.162
94.94618,31.90737,1.61,0.9,2023-12-24T17:13:46.300
94.94475,31.91292,2.07,0.95,2023-12-24T17:14:22.208
96.23709,30.78879,9.93,-0.13,2023-12-24T17:19:57.775
94.94172,31.90787,2.15,0.9,2023-12-24T17:20:41.546
94.12341,29.82712,15.4,0.91,2023-12-24T17:45:41.024
94.94771,31.90774,1.48,0.92,2023-12-24T17:46:13.022
94.94803,31.90774,1.42,0.91,2023-12-24T17:53:23.543
94.53207,31.16031,11.8,1.2,2023-12-24T17:53:40.188
94.94849,31.90769,1.47,0.78,2023-12-24T17:56:25.187
94.94796,31.90664,1.62,0.87,2023-12-24T18:12:55.232
94.94796,31.90571,1.35,1.03,2023-12-24T18:14:25.268
95.1597,31.70006,4.2,0.38,2023-12-24T18:34:26.391
95.16104,31.70156,4.01,0.56,2023-12-24T18:35:51.182
94.94806,31.9056,1.35,0.92,2023-12-24T19:07:24.243
94.63765,31.91468,5.24,1.46,2023-12-24T19:18:28.184
94.63636,31.91472,5.37,1.03,2023-12-24T19:19:10.666
94.63789,31.91363,5.04,1.0,2023-12-24T19:19:27.517
94.99489,31.92544,3.23,0.94,2023-12-24T19:49:53.036
94.99379,31.926,4.01,1.0,2023-12-24T19:56:08.076
94.99375,31.92711,4.28,0.91,2023-12-24T20:08:26.958
94.6364,31.91474,5.36,1.03,2023-12-24T20:18:22.045
94.52985,31.16431,11.78,0.69,2023-12-24T20:36:31.648
94.99472,31.92563,3.83,1.02,2023-12-24T20:41:02.828
94.63727,31.91405,5.26,1.88,2023-12-24T20:47:36.088
94.63666,31.91345,5.18,1.22,2023-12-24T20:48:20.964
94.63657,31.91359,5.32,1.19,2023-12-24T20:49:02.781
94.63668,31.91325,5.28,1.27,2023-12-24T20:51:18.006
94.63692,31.9139,5.26,1.22,2023-12-24T20:52:38.160
94.55291,31.1539,9.36,0.16,2023-12-24T21:25:39.598
94.55151,31.15439,9.04,1.11,2023-12-24T21:29:43.133
94.63668,31.9136,5.23,1.22,2023-12-24T21:41:44.746
94.94565,31.91048,0.87,0.9,2023-12-24T21:45:42.094
94.94769,31.90581,1.31,0.87,2023-12-24T22:10:38.714
94.94845,31.90588,1.4,0.9,2023-12-24T22:10:57.310
94.63693,31.9143,5.32,1.22,2023-12-24T22:22:58.381
94.94837,31.90737,1.43,1.12,2023-12-24T22:42:47.583
94.94827,31.90786,1.43,0.94,2023-12-24T23:07:46.758
93.36073,29.41578,0.46,1.37,2023-12-24T23:41:03.463
94.99504,31.92552,3.64,0.96,2023-12-24T23:41:36.498
94.99508,31.92549,3.65,1.18,2023-12-24T23:48:05.500
94.94788,31.90566,1.33,0.88,2023-12-24T23:50:40.808
94.99471,31.9258,3.82,1.15,2023-12-25T00:21:57.591
94.99494,31.92459,3.69,0.96,2023-12-25T00:30:00.292
94.99436,31.92459,3.75,1.01,2023-12-25T00:36:11.512
94.94654,31.91142,1.66,0.87,2023-12-25T00:57:48.663
94.94867,31.90629,1.28,0.98,2023-12-25T02:16:11.506
94.54466,31.13919,12.23,1.18,2023-12-25T03:56:27.001
94.63705,31.91513,5.26,1.24,2023-12-25T07:32:58.245
94.63704,31.91333,4.86,1.28,2023-12-25T08:26:27.352
94.63677,31.91343,5.19,1.79,2023-12-25T09:35:56.247
94.63596,31.91241,5.02,1.15,2023-12-25T09:38:53.726
95.04709,31.91477,7.07,0.94,2023-12-25T15:31:36.824
94.52505,31.16521,9.92,1.88,2023-12-25T15:47:23.521
94.54638,31.14281,8.64,1.47,2023-12-25T16:38:19.892
94.94643,31.90917,1.81,0.91,2023-12-25T16:58:35.853
94.55105,31.16677,6.79,0.09,2023-12-25T17:45:35.707
96.2375,30.78982,10.1,-0.08,2023-12-25T17:51:16.541
94.94702,31.90575,1.48,0.9,2023-12-25T18:07:08.920
96.23888,30.78945,11.15,0.74,2023-12-25T18:18:53.784
96.2371,30.78917,9.99,0.67,2023-12-25T19:48:21.979
96.23745,30.78902,9.8,0.34,2023-12-25T19:54:38.285
95.04709,31.91477,7.07,0.63,2023-12-25T20:02:18.454
95.16196,31.70249,3.91,0.64,2023-12-25T20:22:19.233
96.23831,30.7888,11.03,-0.15,2023-12-25T20:32:24.524
95.04651,31.91547,6.99,0.66,2023-12-25T20:37:35.224
96.23745,30.79211,9.68,1.08,2023-12-25T20:47:34.047
94.53276,30.46556,6.94,0.51,2023-12-25T21:04:06.170
94.55479,31.13611,8.96,0.56,2023-12-25T21:42:54.655
96.23737,30.78899,9.98,0.11,2023-12-25T22:04:11.206
96.23765,30.79229,9.65,1.35,2023-12-26T01:28:13.845
96.23791,30.78865,11.08,-0.11,2023-12-26T11:59:29.155
94.54379,31.13988,12.15,1.11,2023-12-26T12:06:23.818
94.54457,31.13928,12.3,1.05,2023-12-26T12:07:40.002
94.54449,31.14008,12.33,1.1,2023-12-26T12:16:40.766
96.23777,30.7866,11.61,0.47,2023-12-26T12:27:07.947
96.23757,30.78956,10.06,0.55,2023-12-26T12:55:34.611
94.99662,31.92575,3.77,1.02,2023-12-26T13:35:19.505
95.15964,31.70094,4.15,0.72,2023-12-26T14:09:34.067
96.24164,30.79779,10.86,0.54,2023-12-26T14:12:38.571
96.24171,30.79802,10.81,0.3,2023-12-26T14:16:46.692
95.08915,31.88045,4.25,0.85,2023-12-26T14:36:59.063
94.99651,31.92608,3.57,0.69,2023-12-26T14:37:32.968
94.99573,31.92763,4.02,1.01,2023-12-26T14:40:13.163
96.24177,30.79825,10.77,1.16,2023-12-26T15:00:10.663
95.08849,31.88025,4.25,0.9,2023-12-26T16:10:18.420
96.23777,30.7866,11.61,0.38,2023-12-26T16:49:10.047
96.23781,30.78664,11.6,0.24,2023-12-26T16:51:36.146
96.23693,30.78989,10.1,0.27,2023-12-26T16:53:32.746
95.08914,31.88063,4.31,0.93,2023-12-26T18:29:25.715
94.52512,31.16585,9.86,0.51,2023-12-26T18:37:27.820
94.95018,31.90708,1.27,0.94,2023-12-26T18:40:28.613
95.0894,31.8804,4.16,0.9,2023-12-26T18:42:14.822
95.16107,31.70175,3.9,0.79,2023-12-26T18:45:06.262
96.24171,30.79802,10.81,-0.34,2023-12-26T18:59:55.792
94.54317,31.14225,12.34,0.27,2023-12-26T19:56:59.517
95.0625,31.8914,1.88,0.95,2023-12-26T22:19:52.151
95.0625,31.8914,1.88,0.66,2023-12-26T22:20:22.751
94.54325,31.14223,12.34,0.22,2023-12-26T22:26:28.618
95.16081,31.7025,4.04,0.6,2023-12-26T22:58:02.714
94.63219,31.9088,4.74,1.48,2023-12-26T23:02:10.609
94.53112,31.1634,12.12,0.82,2023-12-26T23:35:02.742
96.23925,30.79127,9.38,0.67,2023-12-26T23:47:17.801
94.53214,31.14947,10.7,0.67,2023-12-27T01:49:06.148
96.24126,30.79838,10.64,0.17,2023-12-27T08:17:35.155
95.08854,31.8806,4.3,0.82,2023-12-27T12:56:28.953
95.08846,31.88076,4.37,0.86,2023-12-27T12:57:29.756
95.08835,31.8809,4.41,0.86,2023-12-27T13:18:23.755
95.08905,31.88104,4.33,1.08,2023-12-27T17:15:22.024
94.53059,31.16657,12.38,1.25,2023-12-27T17:57:18.581
96.237,30.78597,10.71,0.44,2023-12-27T18:30:19.804
94.63745,31.91336,4.89,1.12,2023-12-27T19:28:56.893
94.63753,31.91325,5.04,1.07,2023-12-27T19:31:02.916
94.63853,31.91307,4.98,1.14,2023-12-27T19:32:27.794
96.24377,30.80332,10.02,-0.16,2023-12-27T21:58:22.612
95.08882,31.88136,4.39,0.69,2023-12-27T22:13:08.301
96.23718,30.78553,10.77,0.3,2023-12-27T23:42:16.129
95.05276,31.90584,2.29,0.87,2023-12-28T00:35:54.415
96.24822,30.80315,7.69,1.07,2023-12-28T00:54:09.232
96.24754,30.80278,7.81,0.55,2023-12-28T02:04:47.794
95.04453,31.90602,4.68,0.86,2023-12-28T03:05:20.997
94.99631,31.9274,4.43,1.21,2023-12-28T03:26:37.980
94.54383,31.15239,11.55,0.52,2023-12-28T04:05:51.134
96.23867,30.7858,11.23,0.09,2023-12-28T04:57:31.213
96.2383,30.79039,9.42,0.32,2023-12-28T08:24:52.662
97.4877,30.7159,0.09,1.07,2023-12-28T09:10:04.210
96.5564,30.3138,12.28,1.43,2023-12-28T09:26:21.501
97.4877,30.7159,0.09,1.98,2023-12-28T09:32:46.191
95.06568,31.89857,7.29,2.18,2023-12-28T15:48:38.553
95.06501,31.89934,7.56,1.03,2023-12-28T15:58:11.496
95.06498,31.90011,7.42,1.01,2023-12-28T16:00:39.434
96.24338,30.78909,10.0,0.35,2023-12-28T16:36:32.047
94.54466,31.15197,10.78,0.27,2023-12-28T16:56:34.666
95.16186,31.70291,3.8,0.66,2023-12-28T17:00:58.364
97.02505,30.31879,7.67,0.73,2023-12-28T17:03:53.993
96.87699,30.08176,11.45,0.6,2023-12-28T17:34:32.553
95.84869,30.04796,6.76,0.51,2023-12-28T17:49:04.026
96.87801,30.08164,11.46,0.88,2023-12-28T18:08:25.699
97.02406,30.31918,7.33,0.92,2023-12-28T19:28:35.048
95.16036,31.70056,4.05,0.44,2023-12-28T19:52:18.368
97.02462,30.31875,7.46,0.15,2023-12-28T20:25:08.448
97.02479,30.3187,7.62,0.7,2023-12-28T20:26:40.436
97.02432,30.31864,7.36,0.39,2023-12-28T20:28:20.211
97.02431,30.31893,7.44,0.38,2023-12-28T20:35:13.471
96.24822,30.80315,7.69,1.08,2023-12-28T20:45:12.833
97.02459,30.31847,7.32,0.6,2023-12-28T21:09:06.932
94.99566,31.92639,4.76,0.73,2023-12-28T23:20:17.764
94.99661,31.92498,4.24,1.04,2023-12-28T23:49:29.202
94.99613,31.92511,4.5,0.66,2023-12-29T00:04:36.485
97.02423,30.31831,7.59,0.43,2023-12-29T00:33:22.523
96.37303,30.28539,8.64,0.72,2023-12-29T04:06:30.565
96.24264,30.80084,9.48,0.44,2023-12-29T07:00:31.729
94.55612,31.14254,6.7,0.94,2023-12-29T07:53:42.308
96.4975,31.1262,8.95,0.87,2023-12-29T11:07:35.391
94.5221,31.1617,13.53,1.17,2023-12-29T11:13:57.161
96.2402,30.80898,11.64,0.56,2023-12-29T11:26:10.062
96.23772,30.78756,10.39,0.16,2023-12-29T12:16:24.820
94.5226,31.16769,9.9,1.01,2023-12-29T13:02:43.644
94.5221,31.1617,13.53,1.08,2023-12-29T13:21:16.091
96.23901,30.79201,9.31,0.24,2023-12-29T14:07:44.056
95.16041,31.70058,4.05,0.46,2023-12-29T14:53:11.758
96.23934,30.80234,9.11,0.01,2023-12-29T15:15:30.905
94.52128,31.16468,12.65,0.89,2023-12-29T15:38:53.615
96.5564,30.3138,12.28,0.82,2023-12-29T16:52:49.251
95.05305,31.90385,2.42,0.96,2023-12-29T17:10:42.859
97.02502,30.31853,7.9,0.48,2023-12-29T17:13:20.845
96.23766,30.78757,10.46,0.54,2023-12-29T17:14:39.438
96.2382,30.78806,10.41,0.48,2023-12-29T17:27:20.582
96.23712,30.78789,10.41,-0.39,2023-12-29T17:33:29.685
96.23786,30.78814,10.41,0.51,2023-12-29T17:39:16.385
96.23888,30.79194,9.32,0.32,2023-12-29T18:24:15.609
94.01789,30.05046,11.25,0.95,2023-12-29T18:30:14.584
94.01797,30.05039,11.22,0.42,2023-12-29T18:34:53.367
94.02504,30.05004,8.26,0.84,2023-12-29T18:35:11.252
96.25616,30.86468,8.98,-0.06,2023-12-29T19:11:56.727
96.25616,30.86468,8.98,-0.07,2023-12-29T19:14:32.307
96.25617,30.86475,9.01,-0.06,2023-12-29T19:16:05.104
94.99672,31.9262,4.29,0.65,2023-12-29T19:52:07.500
96.23719,30.78975,9.83,0.13,2023-12-29T20:14:42.939
95.84546,30.04705,7.44,0.3,2023-12-29T20:57:17.680
96.25587,30.86468,8.91,-0.24,2023-12-29T21:10:07.828
96.23813,30.78631,10.59,-0.16,2023-12-29T23:08:16.155
96.25599,30.86445,9.12,-0.18,2023-12-30T01:58:05.133
96.24338,30.79817,11.1,0.43,2023-12-30T05:23:25.741
94.94672,29.89002,8.91,1.29,2023-12-30T08:20:28.651
96.25465,30.86477,8.95,-0.06,2023-12-30T09:43:02.756
94.5422,31.15088,12.88,1.33,2023-12-30T10:45:42.484
96.24366,30.79802,11.06,0.21,2023-12-30T10:54:29.128
96.23623,30.78986,11.76,0.06,2023-12-30T16:53:58.936
96.23537,30.78934,11.58,0.06,2023-12-30T16:57:27.366
95.16174,31.70257,3.7,0.8,2023-12-30T17:27:50.681
94.5226,31.16746,9.71,0.98,2023-12-30T20:45:00.465
94.5262,31.16799,9.01,0.5,2023-12-30T21:01:32.925
96.23772,30.78761,10.33,1.37,2023-12-30T21:15:47.310
96.2382,30.78791,10.35,0.17,2023-12-30T21:16:45.815
94.97417,31.15545,8.82,0.07,2023-12-30T22:00:06.014
94.52223,31.16781,10.41,0.67,2023-12-30T23:21:34.082
94.97417,31.15545,8.82,0.11,2023-12-31T00:05:28.413
96.24932,30.81108,10.65,0.1,2023-12-31T01:39:35.492
94.97417,31.15545,8.82,0.3,2023-12-31T05:29:26.013
94.52339,31.16754,9.38,0.56,2023-12-31T06:57:55.138
96.23901,30.79183,9.4,0.36,2023-12-31T09:41:31.079
94.95155,29.8888,9.06,1.45,2023-12-31T09:52:23.648
94.95073,29.88918,9.24,1.07,2023-12-31T09:52:55.403
96.23798,30.78617,10.61,0.47,2023-12-31T11:19:49.788
96.26421,30.85978,13.37,0.25,2023-12-31T11:23:57.553
96.2095,30.70762,9.46,0.25,2023-12-31T14:15:21.144
96.21167,30.70963,9.55,0.18,2023-12-31T17:53:14.505
95.05048,31.90113,5.43,0.53,2023-12-31T19:21:59.820
96.24244,30.79584,10.67,-0.45,2023-12-31T20:21:01.016
94.97417,31.15545,8.82,0.13,2023-12-31T20:29:07.834
97.07042,30.64499,8.96,0.71,2023-12-31T20:55:49.194
94.52401,31.16775,8.96,0.42,2023-12-31T21:43:39.926
96.23905,30.79259,9.58,0.64,2023-12-31T22:32:24.726
94.94946,31.90204,1.96,0.53,2023-12-31T23:17:37.992
94.52268,31.16702,9.79,1.05,2024-01-01T01:50:27.992
94.5439,31.14808,12.26,1.26,2024-01-01T05:15:10.732
96.4978,31.1261,9.04,1.07,2024-01-01T10:49:25.161
96.23874,30.78899,10.7,0.65,2024-01-01T10:50:27.492
95.16048,31.70122,3.97,0.4,2024-01-01T13:38:40.829
95.42485,32.12104,10.5,0.8,2024-01-01T14:17:56.609
94.52235,31.16741,9.74,1.28,2024-01-01T15:12:32.334
96.24456,30.80109,11.5,0.04,2024-01-01T15:23:00.112
93.99365,30.41811,8.79,1.32,2024-01-01T15:27:37.961
94.52216,31.16769,9.71,0.8,2024-01-01T15:52:17.206
94.538,31.1444,14.54,1.27,2024-01-01T16:07:47.451
94.52206,31.16774,9.46,1.0,2024-01-01T16:45:55.278
94.52607,31.16758,8.97,0.52,2024-01-01T16:50:22.129
94.52118,31.16723,9.39,0.92,2024-01-01T16:56:31.156
94.51885,31.16671,12.33,0.71,2024-01-01T17:36:00.288
93.99265,30.41979,8.96,0.79,2024-01-01T17:43:03.791
94.52171,31.16758,9.47,0.81,2024-01-01T19:13:16.508
94.52229,31.16743,9.74,1.09,2024-01-01T19:40:04.663
94.52218,31.16769,9.6,0.98,2024-01-01T19:46:13.175
96.24311,30.79703,11.36,-0.4,2024-01-01T19:53:25.532
96.23835,30.79104,9.54,0.4,2024-01-01T20:07:54.178
94.97417,31.15545,8.82,0.11,2024-01-01T20:55:05.014
94.54861,31.14855,10.8,0.94,2024-01-01T21:05:53.974
94.538,31.1444,14.54,1.55,2024-01-01T21:16:35.201
94.94849,31.90246,2.06,0.58,2024-01-01T21:33:08.929
96.26439,30.85992,13.36,-0.28,2024-01-01T22:26:44.749
94.92092,31.9001,8.04,0.43,2024-01-01T23:17:04.494
94.91669,31.90589,6.94,0.48,2024-01-02T00:07:10.784
94.91664,31.90593,6.95,0.51,2024-01-02T04:28:37.003
96.24657,30.80579,11.68,0.61,2024-01-02T05:43:52.298
94.91659,31.90593,6.94,0.5,2024-01-02T05:47:58.502
94.91313,31.90591,7.19,0.51,2024-01-02T05:48:44.660
94.9143,31.9064,7.12,0.53,2024-01-02T05:54:12.640
94.91662,31.90593,6.94,0.53,2024-01-02T07:34:17.102
96.24654,30.80594,11.64,1.03,2024-01-02T09:01:04.952
96.24537,30.80604,11.77,0.48,2024-01-02T09:01:23.161
96.24699,30.80627,11.56,0.24,2024-01-02T09:04:33.718
96.24538,30.80352,11.66,2.9,2024-01-02T09:04:56.983
96.24514,30.80178,11.29,4.05,2024-01-02T09:05:26.280
96.23948,30.79101,11.22,1.95,2024-01-02T09:07:08.853
96.24649,30.8056,11.56,2.89,2024-01-02T09:08:28.086
96.24087,30.79405,10.47,3.66,2024-01-02T09:09:15.079
96.23892,30.79085,10.21,1.57,2024-01-02T09:11:13.798
96.24736,30.80807,10.83,0.89,2024-01-02T09:12:59.010
96.24201,30.79727,10.43,1.12,2024-01-02T09:13:30.195
96.24645,30.8053,11.74,0.8,2024-01-02T09:14:25.298
96.24351,30.79818,11.92,0.45,2024-01-02T09:14:44.441
96.23856,30.79345,10.34,-0.04,2024-01-02T09:17:44.567
96.24171,30.79428,11.31,0.67,2024-01-02T09:18:24.614
96.24186,30.79679,10.37,0.83,2024-01-02T09:18:48.274
96.23855,30.79208,10.0,0.86,2024-01-02T09:18:59.718
96.24425,30.8031,11.32,0.88,2024-01-02T09:20:24.143
96.24158,30.79929,9.96,0.28,2024-01-02T09:20:44.142
96.24036,30.79152,11.39,0.66,2024-01-02T09:23:25.440
96.24514,30.80328,10.85,-0.04,2024-01-02T09:23:41.676
96.24047,30.79122,11.31,0.51,2024-01-02T09:24:13.042
96.23927,30.79184,10.45,0.24,2024-01-02T09:25:18.731
96.24097,30.79399,10.33,0.46,2024-01-02T09:25:33.899
96.23789,30.79488,9.81,-0.22,2024-01-02T09:25:59.489
96.23784,30.79215,9.96,0.7,2024-01-02T09:26:47.323
96.23854,30.79118,9.99,0.46,2024-01-02T09:27:09.047
96.24638,30.80531,11.73,0.73,2024-01-02T09:28:43.204
96.23903,30.79076,12.16,0.32,2024-01-02T09:29:00.449
96.24396,30.8015,11.51,0.9,2024-01-02T09:29:12.630
96.24414,30.80005,11.6,0.22,2024-01-02T09:29:44.233
96.23688,30.7944,10.4,0.23,2024-01-02T09:31:48.477
96.2379,30.79171,10.02,2.55,2024-01-02T09:32:07.148
96.23838,30.7912,9.99,0.81,2024-01-02T09:32:44.505
96.24312,30.80155,10.47,0.3,2024-01-02T09:33:53.126
96.24177,30.79986,9.99,0.39,2024-01-02T09:34:09.314
96.24041,30.7968,10.28,0.41,2024-01-02T09:35:36.705
96.24199,30.7969,10.39,2.61,2024-01-02T09:35:55.458
96.24075,30.79629,10.0,0.06,2024-01-02T09:44:01.379
96.24736,30.80807,10.83,0.57,2024-01-02T09:44:23.811
96.22999,30.79876,10.7,0.57,2024-01-02T09:45:03.787
96.22879,30.79841,11.04,0.59,2024-01-02T09:50:25.012
96.24089,30.7952,10.38,0.44,2024-01-02T09:54:07.541
96.2389,30.79086,10.01,0.49,2024-01-02T09:54:38.523
96.23853,30.79009,10.01,-0.13,2024-01-02T09:55:43.247
96.238,30.78805,9.89,0.56,2024-01-02T10:05:53.726
96.2446,30.79936,11.54,0.36,2024-01-02T10:08:55.192
96.23977,30.79981,10.41,0.16,2024-01-02T10:11:22.450
96.23791,30.79441,9.74,0.28,2024-01-02T10:11:33.754
96.23885,30.79156,10.32,0.35,2024-01-02T10:18:52.588
96.24485,30.80291,11.35,0.34,2024-01-02T10:20:09.159
96.24447,30.80015,11.7,0.99,2024-01-02T10:24:26.773
96.23795,30.79151,10.15,0.13,2024-01-02T10:26:31.218
96.24034,30.79577,10.34,0.46,2024-01-02T10:28:20.984
96.23869,30.79373,10.13,0.19,2024-01-02T10:28:56.028
96.24011,30.79041,11.57,0.56,2024-01-02T10:32:18.138
96.24382,30.79845,11.79,-0.48,2024-01-02T10:40:49.708
96.2433,30.79815,10.9,0.34,2024-01-02T11:00:45.193
96.23907,30.79409,9.61,-0.06,2024-01-02T11:01:43.285
96.24073,30.79235,10.65,0.03,2024-01-02T11:07:34.861
96.22988,30.79827,10.9,0.65,2024-01-02T11:19:37.655
96.2404,30.79197,10.69,0.05,2024-01-02T11:24:26.225
96.2405,30.79661,10.26,0.39,2024-01-02T11:27:23.165
96.24027,30.79659,10.29,0.1,2024-01-02T11:32:38.514
96.2472,30.80979,9.32,0.35,2024-01-02T11:35:59.595
96.23929,30.78989,11.05,0.48,2024-01-02T11:37:05.413
96.24379,30.80058,11.62,0.41,2024-01-02T11:42:00.370
96.23994,30.79083,11.89,0.11,2024-01-02T11:44:58.316
96.23801,30.79094,10.81,0.14,2024-01-02T11:52:56.599
96.24131,30.79213,11.71,0.19,2024-01-02T11:54:01.736
96.2473,30.808,11.75,0.64,2024-01-02T12:01:43.753
96.24003,30.79541,10.01,0.31,2024-01-02T12:07:46.439
96.24522,30.80327,11.5,-0.09,2024-01-02T12:16:24.134
96.24324,30.79867,11.44,0.29,2024-01-02T12:17:37.701
96.24063,30.79023,11.72,0.46,2024-01-02T12:23:33.550
96.24702,30.80642,11.43,-0.17,2024-01-02T12:23:54.169
96.24006,30.79606,10.16,0.21,2024-01-02T12:27:51.479
96.24419,30.8017,11.6,0.09,2024-01-02T12:30:59.056
96.23987,30.79676,10.17,0.46,2024-01-02T12:33:06.083
96.24216,30.79634,10.64,0.51,2024-01-02T12:36:04.919
96.23993,30.79474,10.25,-0.19,2024-01-02T12:43:18.476
96.23835,30.79453,9.85,0.55,2024-01-02T12:45:58.198
96.24011,30.79415,10.47,0.1,2024-01-02T13:07:38.077
96.23942,30.79173,10.42,0.56,2024-01-02T13:09:24.431
96.24157,30.79286,11.6,0.26,2024-01-02T13:13:39.021
96.24141,30.7996,10.04,0.15,2024-01-02T13:19:33.379
96.24495,30.80174,11.55,0.45,2024-01-02T13:30:45.325
96.24059,30.79247,11.86,0.31,2024-01-02T13:34:59.871
96.24232,30.79492,11.31,0.42,2024-01-02T13:48:57.577
96.23755,30.78573,10.6,0.22,2024-01-02T14:20:20.408
96.24737,30.80908,9.6,0.06,2024-01-02T14:22:13.447
94.635,31.91292,5.66,1.31,2024-01-02T14:32:46.275
96.23982,30.79452,10.28,-0.18,2024-01-02T14:35:00.855
96.23726,30.79003,10.07,0.31,2024-01-02T14:55:13.456
96.23761,30.79087,9.68,-0.14,2024-01-02T15:02:01.043
96.24453,30.80013,11.8,0.26,2024-01-02T15:05:33.561
96.24396,30.79987,11.79,0.34,2024-01-02T15:19:04.872
96.24144,30.80072,9.42,-0.58,2024-01-02T15:22:48.515
94.52117,31.16932,9.88,1.11,2024-01-02T15:35:25.329
96.23741,30.78922,10.17,-0.2,2024-01-02T15:39:56.525
94.52107,31.16928,9.94,0.94,2024-01-02T15:42:46.009
96.2418,30.79577,10.56,0.25,2024-01-02T15:44:35.053
96.23781,30.7892,10.25,0.12,2024-01-02T15:45:37.632
96.23832,30.78859,10.68,-0.08,2024-01-02T15:46:14.915
96.24427,30.79747,9.94,0.27,2024-01-02T15:59:59.314
96.23902,30.79226,10.36,0.25,2024-01-02T16:02:21.736
96.24163,30.79878,10.21,-0.3,2024-01-02T16:09:18.354
96.24143,30.79282,11.67,-0.25,2024-01-02T16:10:32.873
96.24832,30.80965,9.88,0.56,2024-01-02T16:11:29.303
96.23927,30.79229,10.12,0.33,2024-01-02T16:12:02.329
96.24076,30.79447,10.43,0.32,2024-01-02T16:23:45.749
96.24205,30.79666,10.56,-0.44,2024-01-02T16:24:32.856
96.2486,30.809,11.99,1.12,2024-01-02T16:40:03.517
96.24842,30.8089,11.87,0.8,2024-01-02T16:40:13.742
96.24551,30.80181,10.96,-0.31,2024-01-02T16:41:58.682
94.52149,31.16876,9.56,0.88,2024-01-02T16:48:24.632
96.23894,30.79315,10.09,0.34,2024-01-02T16:49:24.360
96.248,30.80834,11.8,-0.29,2024-01-02T16:50:34.601
96.24471,30.80163,10.88,-0.31,2024-01-02T16:51:04.567
96.24242,30.80061,10.22,0.4,2024-01-02T16:52:47.580
96.24815,30.80797,11.94,0.28,2024-01-02T16:59:48.851
96.24827,30.81065,10.71,-0.36,2024-01-02T17:05:33.788
94.63497,31.9129,5.66,1.25,2024-01-02T17:08:20.805
96.24081,30.80031,9.79,-0.57,2024-01-02T17:11:12.709
96.24491,30.80318,11.51,0.16,2024-01-02T17:12:55.809
96.24204,30.79664,10.54,-0.29,2024-01-02T17:19:52.187
96.24319,30.79839,10.69,-0.37,2024-01-02T17:20:38.964
96.24601,30.80079,11.24,0.13,2024-01-02T17:36:23.577
94.63643,31.91278,5.32,0.98,2024-01-02T17:37:54.523
96.23739,30.79228,9.88,0.15,2024-01-02T18:23:50.431
95.04664,31.91933,4.84,0.78,2024-01-02T18:30:46.573
96.24063,30.79804,10.19,-0.28,2024-01-02T18:38:14.687
94.91544,31.90525,7.14,0.44,2024-01-02T18:42:07.410
94.91985,31.90469,7.5,0.43,2024-01-02T18:46:57.593
96.2438,30.8012,10.88,-0.46,2024-01-02T18:56:08.679
96.23696,30.79027,9.76,0.41,2024-01-02T19:00:20.096
96.24312,30.80176,10.28,-0.09,2024-01-02T19:05:53.238
96.23739,30.79263,9.71,-0.27,2024-01-02T19:07:51.136
95.02498,31.91869,8.32,0.72,2024-01-02T19:14:37.827
94.52074,31.16781,9.3,0.85,2024-01-02T19:26:48.324
94.52153,31.16939,9.67,0.55,2024-01-02T19:30:24.558
96.24504,30.80098,11.66,-0.15,2024-01-02T19:45:19.598
96.24113,30.80013,10.22,0.32,2024-01-02T20:00:13.067
96.24322,30.80042,10.64,0.36,2024-01-02T20:05:51.647
96.24841,30.8092,11.97,-0.09,2024-01-02T20:39:27.779
94.52175,31.16813,8.66,0.75,2024-01-02T20:43:17.941
94.92485,31.89781,8.45,0.43,2024-01-02T20:43:48.529
94.9191,31.90279,8.67,0.43,2024-01-02T20:47:05.788
96.24815,30.80901,9.75,0.19,2024-01-02T20:48:22.292
96.24443,30.80208,11.65,-0.07,2024-01-02T20:50:01.724
94.92595,31.89789,8.32,0.68,2024-01-02T20:56:05.623
96.2433,30.7986,11.64,1.06,2024-01-02T21:19:35.286
96.2383,30.78997,10.31,-0.16,2024-01-02T21:41:02.606
94.91634,31.90528,6.78,0.44,2024-01-02T21:44:19.608
95.04703,31.92047,4.78,0.98,2024-01-02T22:13:06.811
95.02722,31.92131,8.0,0.71,2024-01-02T22:13:50.175
94.9166,31.90731,6.93,0.41,2024-01-02T22:25:32.711
96.23834,30.79,10.28,-0.06,2024-01-02T22:26:36.757
96.23809,30.79424,9.77,0.6,2024-01-02T22:28:06.182
95.04764,31.9187,4.78,0.71,2024-01-02T22:45:31.419
94.91669,31.90589,6.94,0.42,2024-01-02T22:52:17.655
96.23781,30.7892,10.25,0.14,2024-01-02T22:59:25.382
94.5219,31.16874,9.55,0.56,2024-01-02T23:02:07.777
96.24492,30.80055,11.68,-0.11,2024-01-02T23:11:14.101
96.23729,30.79064,9.69,-0.39,2024-01-02T23:23:35.886
96.23861,30.78966,11.21,0.27,2024-01-02T23:29:10.878
94.52185,31.16918,10.01,1.02,2024-01-02T23:34:59.289
96.24098,30.79446,10.46,0.16,2024-01-03T00:07:07.345
96.24252,30.80135,9.28,0.46,2024-01-03T01:49:48.770
96.2387,30.7925,9.48,0.78,2024-01-03T02:01:19.778
96.24435,30.80192,9.62,0.25,2024-01-03T02:14:23.507
96.23869,30.79105,9.88,0.33,2024-01-03T02:26:14.641
96.24253,30.80123,9.23,0.76,2024-01-03T02:28:01.349
96.23964,30.79165,10.21,0.55,2024-01-03T02:31:48.768
94.99613,31.9248,4.31,1.15,2024-01-03T02:47:53.596
94.99625,31.92481,4.29,1.01,2024-01-03T02:51:28.026
96.24472,30.80097,11.69,0.51,2024-01-03T03:35:33.755
96.2447,30.80101,11.65,0.67,2024-01-03T03:56:53.834
95.1007,31.2406,9.86,0.48,2024-01-03T06:03:54.149
96.24174,30.79048,11.61,0.37,2024-01-03T06:35:43.976
95.1007,31.2406,9.96,0.54,2024-01-03T07:10:08.651
96.37257,30.28521,8.58,0.78,2024-01-03T08:58:50.785
95.16089,31.69593,4.94,0.65,2024-01-03T10:16:40.321
94.52096,31.16768,9.31,1.02,2024-01-03T11:07:07.088
96.24381,30.79976,11.61,0.69,2024-01-03T11:17:29.127
96.23863,30.79089,9.51,1.09,2024-01-03T11:36:53.479
96.23873,30.79141,9.44,0.44,2024-01-03T11:37:47.447
96.23851,30.79351,9.4,0.01,2024-01-03T12:00:54.808
94.97417,31.15545,8.82,0.1,2024-01-03T12:25:12.814
94.52205,31.16843,9.67,1.19,2024-01-03T12:44:36.277
96.24366,30.79903,11.06,-0.1,2024-01-03T12:52:34.178
96.23846,30.79118,9.46,0.24,2024-01-03T13:20:54.318
96.23963,30.79338,9.6,0.0,2024-01-03T13:39:11.665
94.54341,31.15279,11.25,1.19,2024-01-03T14:00:00.138
96.24074,30.79572,9.8,-0.05,2024-01-03T14:11:59.519
96.23916,30.78627,10.95,0.12,2024-01-03T14:20:10.010
96.24053,30.79372,8.42,0.34,2024-01-03T14:21:57.259
96.24169,30.79576,10.43,-0.1,2024-01-03T14:22:10.943
96.24012,30.79444,9.97,-0.2,2024-01-03T15:02:42.675
95.42479,32.12096,9.52,0.78,2024-01-03T15:24:49.852
96.23875,30.79134,10.15,0.79,2024-01-03T15:48:29.931
96.23835,30.79108,9.74,0.15,2024-01-03T15:54:09.762
96.24279,30.79754,10.9,-0.16,2024-01-03T16:12:13.365
95.15925,31.7004,4.24,0.54,2024-01-03T16:37:31.940
94.52219,31.16849,9.43,0.51,2024-01-03T16:54:32.100
96.245,30.80101,11.94,-0.1,2024-01-03T17:42:02.576
96.21326,30.71077,9.49,-0.02,2024-01-03T17:50:26.325
96.23995,30.79194,10.4,-0.04,2024-01-03T17:57:12.598
94.52223,31.16875,9.61,1.03,2024-01-03T18:36:02.026
94.52213,31.16814,9.62,0.8,2024-01-03T18:49:09.257
95.16299,31.70174,3.66,0.24,2024-01-03T19:00:21.494
96.239,30.79241,9.25,0.38,2024-01-03T19:04:55.327
96.24491,30.80155,11.66,-0.28,2024-01-03T19:14:01.469
94.52245,31.16647,8.77,0.36,2024-01-03T19:20:02.938
94.94848,31.90117,1.86,0.56,2024-01-03T19:40:12.875
94.53708,31.15016,5.67,0.65,2024-01-03T19:49:58.193
96.23896,30.79162,9.94,-0.33,2024-01-03T19:57:48.265
95.84535,30.047,7.11,1.22,2024-01-03T20:19:50.197
96.23853,30.79337,9.42,-0.19,2024-01-03T20:31:45.089
96.21367,30.71188,9.7,0.01,2024-01-03T20:51:41.630
95.0543,31.90565,2.24,0.62,2024-01-03T21:15:32.682
96.2429,30.79766,10.59,-0.32,2024-01-03T21:40:41.415
94.52174,31.16796,9.58,1.1,2024-01-03T21:45:44.334
95.16216,31.70346,3.42,0.51,2024-01-03T22:02:12.787
94.52157,31.16896,9.64,0.95,2024-01-03T22:26:33.558
96.23758,30.78594,10.59,0.38,2024-01-03T22:30:54.150
96.24487,30.80101,11.66,1.15,2024-01-03T22:34:52.580
94.52375,31.16819,9.19,0.45,2024-01-03T23:04:50.910
96.2402,30.7982,11.62,-0.14,2024-01-03T23:20:18.297
96.2452,30.80121,11.65,0.51,2024-01-03T23:22:17.775
96.23838,30.79346,9.16,0.46,2024-01-03T23:35:53.341
96.24193,30.79541,9.67,0.15,2024-01-04T00:05:32.128
96.24026,30.79264,11.04,0.47,2024-01-04T00:49:23.109
96.23927,30.79264,10.2,0.61,2024-01-04T03:07:40.629
96.24459,30.80031,11.81,0.19,2024-01-04T03:53:24.774
94.51987,31.16726,11.17,1.04,2024-01-04T04:31:55.174
96.24088,30.79933,9.27,-0.22,2024-01-04T06:23:54.649
96.24112,30.79882,9.48,0.32,2024-01-04T07:36:18.196
96.23726,30.78558,10.58,0.59,2024-01-04T08:17:14.323
96.23952,30.80898,11.47,0.18,2024-01-04T08:51:27.165
96.24061,30.7991,9.29,0.45,2024-01-04T09:06:26.511
96.24291,30.80146,9.29,0.68,2024-01-04T11:18:19.000
94.5437,31.14744,12.7,1.23,2024-01-04T11:46:45.278
96.24081,30.79866,9.41,-0.01,2024-01-04T12:33:41.027
94.52433,31.16773,9.46,0.51,2024-01-04T13:27:08.145
95.42479,32.12096,9.52,0.92,2024-01-04T15:29:58.592
95.42498,32.12052,10.14,0.75,2024-01-04T15:31:21.574
97.06868,30.64751,8.68,0.2,2024-01-04T15:45:15.608
95.42467,32.11995,9.97,0.74,2024-01-04T15:50:05.438
95.42452,32.12087,9.75,0.68,2024-01-04T16:34:32.315
96.23799,30.79374,9.03,-0.26,2024-01-04T16:48:57.429
96.23499,30.79662,10.47,-0.19,2024-01-04T16:53:06.743
95.42432,32.11983,9.88,0.71,2024-01-04T16:56:16.871
95.42423,32.1205,9.39,0.64,2024-01-04T17:19:18.431
96.24226,30.7972,10.55,0.24,2024-01-04T17:25:41.303
94.94842,31.9007,1.81,0.52,2024-01-04T17:45:11.512
96.24226,30.80129,9.32,0.29,2024-01-04T17:56:55.579
96.23994,30.79193,10.34,0.11,2024-01-04T18:00:10.789
94.94946,31.90204,1.96,0.55,2024-01-04T18:01:30.542
94.92148,31.9001,7.91,0.67,2024-01-04T18:02:09.608
96.23902,30.79118,11.51,0.46,2024-01-04T18:12:30.362
95.42425,32.11987,10.16,0.7,2024-01-04T18:46:43.677
94.94848,31.90117,1.86,0.56,2024-01-04T19:35:23.655
96.23893,30.79308,9.54,0.97,2024-01-04T19:40:40.159
94.52161,31.16858,9.75,0.5,2024-01-04T20:03:33.404
95.16034,31.70062,4.07,0.44,2024-01-04T20:26:01.617
96.24456,30.80061,11.8,0.44,2024-01-04T20:45:15.923
96.23495,30.78172,9.96,-0.5,2024-01-04T20:54:46.680
96.24491,30.80135,11.67,-0.03,2024-01-04T21:25:35.139
96.23988,30.79221,10.24,0.4,2024-01-04T21:47:34.249
94.52877,31.16839,8.01,0.49,2024-01-04T22:55:15.294
96.23948,30.79456,10.27,-0.01,2024-01-05T00:18:21.784
96.24249,30.79019,9.02,0.12,2024-01-05T00:28:19.673
96.21186,30.70882,9.68,0.17,2024-01-05T02:23:14.412
94.96537,31.16482,4.42,0.31,2024-01-05T03:03:33.769
94.97647,31.1585,8.54,0.82,2024-01-05T03:15:42.813
95.10047,31.23884,10.73,-0.03,2024-01-05T03:29:03.720
94.9654,31.16477,4.57,0.79,2024-01-05T03:50:19.898
96.23172,30.78609,11.91,0.17,2024-01-05T03:52:36.872
94.9654,31.16462,4.4,0.59,2024-01-05T05:13:37.598
97.05273,30.65071,10.93,0.2,2024-01-05T06:13:02.933
94.54881,31.15174,10.29,1.19,2024-01-05T08:08:02.426
96.23683,30.78356,10.86,-0.08,2024-01-05T08:41:03.866
96.49842,31.12327,8.38,0.92,2024-01-05T11:31:03.157
96.23683,30.78356,10.86,-0.14,2024-01-05T11:44:18.547
96.24487,30.80065,11.96,-0.07,2024-01-05T11:55:30.298
95.42518,32.1217,10.76,0.75,2024-01-05T14:46:12.963
96.20661,30.70501,9.67,-0.19,2024-01-05T15:16:12.683
95.42531,32.12169,10.74,0.77,2024-01-05T15:25:06.522
96.21297,30.71013,9.65,0.36,2024-01-05T15:53:43.895
96.2364,30.8,8.59,-0.09,2024-01-05T16:56:02.261
96.24485,30.80072,11.97,-0.03,2024-01-05T17:32:10.325
96.24365,30.79869,12.26,-0.27,2024-01-05T17:45:23.190
96.24406,30.80007,12.02,0.05,2024-01-05T18:50:49.238
94.63516,31.91432,5.43,1.08,2024-01-05T18:57:14.551
94.56071,31.15226,6.28,-0.01,2024-01-05T19:25:26.485
94.55063,31.13821,9.81,0.68,2024-01-05T19:34:52.520
94.23677,29.28299,14.4,1.36,2024-01-05T19:47:43.091
94.23653,29.28341,14.42,0.89,2024-01-05T19:51:48.211
94.55246,31.1384,9.24,0.64,2024-01-05T20:06:47.826
94.55477,31.13964,7.43,0.44,2024-01-05T20:18:29.718
94.55496,31.13835,8.47,0.54,2024-01-05T20:28:49.634
96.23849,30.7916,10.61,0.67,2024-01-05T20:37:36.156
94.54292,31.15308,10.18,0.06,2024-01-05T21:08:52.594
96.2465,30.80593,12.02,0.06,2024-01-05T21:40:33.039
94.54116,31.15365,12.91,1.29,2024-01-05T23:27:29.031
96.23957,30.7926,10.61,0.54,2024-01-05T23:52:54.117
94.54348,31.15391,13.03,1.26,2024-01-06T00:05:32.353
95.0601,31.8523,4.5,1.21,2024-01-06T00:42:27.330
95.0601,31.8523,4.5,1.28,2024-01-06T00:43:28.270
95.4246,32.12094,9.95,0.81,2024-01-06T04:37:42.445
96.24312,30.79714,11.39,0.47,2024-01-06T05:29:22.744
96.23743,30.79385,9.43,0.44,2024-01-06T06:52:36.156
96.21485,30.70976,9.19,0.18,2024-01-06T08:06:43.744
94.51874,31.16933,11.28,0.85,2024-01-06T08:11:25.689
94.99244,31.4249,4.98,0.97,2024-01-06T08:24:53.301
94.94803,29.90157,10.78,1.15,2024-01-06T08:45:34.809
96.24399,30.80979,8.53,-0.1,2024-01-06T08:58:14.532
94.54895,31.15115,9.35,1.29,2024-01-06T09:02:13.396
94.54257,31.15371,13.11,1.39,2024-01-06T10:54:51.070
94.54167,31.15366,13.05,1.72,2024-01-06T11:33:04.450
94.55346,31.15638,8.26,1.28,2024-01-06T12:07:46.889
96.24406,30.79996,12.04,0.09,2024-01-06T12:37:47.819
96.98953,30.26008,10.58,1.4,2024-01-06T12:52:28.473
96.99183,30.26057,10.77,0.7,2024-01-06T12:54:46.543
96.24399,30.7996,12.08,0.14,2024-01-06T12:55:16.417
96.98869,30.25986,10.55,0.79,2024-01-06T13:01:15.405
96.9886,30.25992,10.45,0.65,2024-01-06T13:02:30.607
94.94817,29.90195,10.78,1.16,2024-01-06T13:20:02.889
96.24088,30.79051,10.9,0.3,2024-01-06T13:21:56.529
94.5467,31.15116,11.81,1.07,2024-01-06T13:30:50.575
94.94839,29.90218,10.79,1.15,2024-01-06T14:26:48.214
95.10667,31.88524,4.93,0.2,2024-01-06T15:38:03.345
95.10794,31.88484,4.63,0.36,2024-01-06T15:43:40.057
95.03101,31.94862,5.28,0.99,2024-01-06T15:57:18.027
94.55093,31.13861,9.86,0.67,2024-01-06T16:08:15.480
94.55106,31.13749,9.56,0.51,2024-01-06T16:12:27.561
96.25113,30.82063,12.81,0.31,2024-01-06T16:39:57.722
94.99216,31.4249,4.48,0.57,2024-01-06T17:34:25.700
94.55038,31.13866,9.6,0.71,2024-01-06T17:36:47.167
96.24443,30.80046,11.84,0.47,2024-01-06T17:44:03.062
95.10794,31.88484,4.63,0.35,2024-01-06T18:23:10.707
95.10665,31.88508,4.8,0.18,2024-01-06T18:29:46.696
94.63477,31.90899,5.73,1.24,2024-01-06T19:26:28.751
95.42512,32.12037,10.27,0.73,2024-01-06T20:37:47.605
96.24307,30.79816,12.01,0.35,2024-01-06T20:49:11.975
96.21243,30.70947,9.68,0.13,2024-01-06T21:03:42.846
94.94771,29.90143,10.84,1.1,2024-01-06T21:49:27.505
94.94714,29.90157,10.73,1.19,2024-01-06T22:01:37.915
95.42494,32.12051,9.97,0.76,2024-01-06T23:53:27.691
94.55409,31.13841,8.8,0.61,2024-01-07T00:19:40.998
94.94707,29.90136,10.63,1.03,2024-01-07T00:27:51.871
96.24507,30.80373,10.62,0.24,2024-01-07T00:33:02.261
94.55033,31.13684,9.82,1.66,2024-01-07T03:57:16.189
94.9654,31.16484,4.47,0.62,2024-01-07T04:47:57.547
94.9654,31.16477,4.59,0.55,2024-01-07T05:05:41.940
94.5485,31.14431,10.91,1.04,2024-01-07T05:36:50.133
94.54189,31.15434,13.04,1.59,2024-01-07T06:09:58.279
94.54675,31.13608,12.82,1.03,2024-01-07T06:53:07.770
96.23818,30.79165,10.66,0.64,2024-01-07T07:27:09.799
94.55077,31.13779,9.85,1.18,2024-01-07T07:34:22.154
94.54582,31.13997,12.79,1.15,2024-01-07T07:36:32.397
94.55077,31.13779,9.85,1.97,2024-01-07T07:42:27.024
94.5475,31.1358,13.0,0.78,2024-01-07T07:53:45.346
94.55105,31.13856,10.13,1.44,2024-01-07T09:00:56.000
94.55223,31.13824,9.91,0.69,2024-01-07T10:18:36.767
94.55295,31.13784,9.08,0.69,2024-01-07T10:30:43.859
94.55057,31.13887,9.63,1.17,2024-01-07T10:33:16.531
94.86921,29.89164,9.52,1.43,2024-01-07T11:36:29.066
94.86908,29.89112,9.52,1.21,2024-01-07T11:36:42.592
94.55097,31.1374,9.7,0.63,2024-01-07T12:00:46.964
94.86955,29.8923,9.4,1.03,2024-01-07T12:14:59.631
94.86937,29.892,9.28,0.89,2024-01-07T13:09:44.900
96.24359,30.79816,11.45,-0.16,2024-01-07T14:55:11.182
97.05227,30.65039,11.18,0.4,2024-01-07T15:08:34.518
94.55052,31.13795,9.88,0.64,2024-01-07T15:16:13.388
96.24368,30.79839,11.23,-0.22,2024-01-07T15:28:23.742
94.55065,31.13623,9.57,0.23,2024-01-07T15:37:24.990
94.54692,31.13798,12.84,0.94,2024-01-07T16:04:18.108
94.551,31.13643,9.74,1.28,2024-01-07T16:17:48.740
94.54295,31.15361,13.11,1.22,2024-01-07T16:52:41.776
94.51707,31.1696,8.56,-0.05,2024-01-07T17:17:23.423
95.42494,32.12051,9.97,1.3,2024-01-07T17:32:34.211
96.2437,30.79832,11.86,-0.03,2024-01-07T17:49:09.517
96.24387,30.79802,12.13,0.38,2024-01-07T17:56:08.042
94.54538,31.14561,11.17,1.19,2024-01-07T18:58:49.637
94.54975,31.13796,9.71,0.34,2024-01-07T19:01:16.712
94.54134,31.15366,13.08,1.3,2024-01-07T19:05:59.402
94.53839,31.15228,11.15,0.92,2024-01-07T19:29:43.423
94.51707,31.1696,8.56,-0.07,2024-01-07T19:30:19.913
94.55114,31.13824,9.99,0.64,2024-01-07T19:36:15.098
94.55213,31.13693,9.17,0.38,2024-01-07T19:44:51.961
96.2382,30.79115,11.59,0.04,2024-01-07T19:55:37.627
96.23843,30.79511,11.9,0.59,2024-01-07T20:19:38.231
96.23963,30.79448,10.6,0.29,2024-01-07T21:17:51.731
94.55231,31.13809,9.39,0.54,2024-01-07T21:24:46.468
94.54654,31.13065,13.78,0.69,2024-01-07T21:49:39.856
96.24593,30.80462,11.71,-0.44,2024-01-07T21:52:18.532
94.53294,31.15054,12.0,1.0,2024-01-07T22:11:07.246
96.23717,30.79246,9.6,-0.01,2024-01-07T22:39:48.272
94.54591,31.13558,12.68,0.68,2024-01-07T22:46:58.687
96.24453,30.80121,11.87,0.05,2024-01-07T22:52:23.279
94.54679,31.13559,12.78,0.73,2024-01-07T22:56:17.784
96.23743,30.78999,10.43,-0.13,2024-01-07T23:17:09.326
96.25581,30.81834,13.68,0.76,2024-01-07T23:18:17.143
95.42463,32.11978,9.88,0.73,2024-01-08T01:01:36.216
96.23876,30.79536,10.1,-0.03,2024-01-08T01:10:28.871
94.55102,31.13653,9.68,0.79,2024-01-08T01:18:11.255
96.23691,30.79339,9.53,0.6,2024-01-08T02:18:19.234
96.23638,30.79386,9.13,0.38,2024-01-08T02:19:37.997
96.23871,30.79108,10.7,0.02,2024-01-08T02:38:08.702
95.42515,32.11953,9.9,0.73,2024-01-08T03:46:17.836
94.55089,31.13956,9.75,1.43,2024-01-08T05:49:17.760
95.4239,32.12032,9.74,0.87,2024-01-08T05:57:14.655
94.55375,31.14125,7.75,0.59,2024-01-08T06:41:47.846
96.2377,30.79065,9.74,0.16,2024-01-08T07:23:28.523
94.54677,31.13519,12.84,0.98,2024-01-08T11:38:44.973
96.23921,30.79439,10.52,-0.56,2024-01-08T13:28:51.156
94.96526,31.16508,4.46,0.22,2024-01-08T13:40:52.386
94.54793,31.13517,12.6,0.94,2024-01-08T14:34:57.545
95.16004,31.70393,3.96,0.66,2024-01-08T15:01:15.754
94.63528,31.91325,5.72,1.57,2024-01-08T15:06:05.951
96.2403,30.79544,10.99,0.16,2024-01-08T15:53:10.553
96.23802,30.79081,9.73,0.34,2024-01-08T16:29:36.945
96.23897,30.79069,11.32,-0.27,2024-01-08T17:34:17.474
96.23731,30.7909,9.62,0.14,2024-01-08T17:40:32.418
96.2388,30.79115,11.52,0.29,2024-01-08T18:04:08.125
96.23761,30.79069,9.65,1.13,2024-01-08T18:56:24.382
96.23702,30.79014,9.71,-0.28,2024-01-08T18:58:04.388
96.23765,30.79051,9.53,-0.26,2024-01-08T18:58:22.011
96.60188,31.522,0.86,0.79,2024-01-08T19:09:46.105
96.23695,30.79312,10.39,0.08,2024-01-08T19:10:53.051
94.54569,31.13935,12.69,0.61,2024-01-08T19:38:19.968
95.42551,32.12064,10.14,0.71,2024-01-08T20:47:12.616
94.52116,31.16717,11.56,1.22,2024-01-08T21:22:59.262
96.23683,30.78589,10.66,-0.23,2024-01-08T23:05:17.705
96.6016,31.52229,0.95,0.91,2024-01-08T23:17:52.487
96.23919,30.79199,10.76,-0.27,2024-01-09T00:06:27.804
95.49024,29.562,13.29,1.04,2024-01-09T00:12:57.672
96.60161,31.52225,0.95,0.84,2024-01-09T02:26:12.156
95.4894,29.56211,13.24,0.91,2024-01-09T03:06:15.227
96.83204,31.15662,6.18,-0.15,2024-01-09T03:26:13.677
96.83369,31.13708,8.28,0.48,2024-01-09T03:57:34.564
96.60131,31.52185,1.04,0.97,2024-01-09T06:29:07.304
96.21194,30.70928,9.71,0.29,2024-01-09T08:48:46.486
96.24503,30.80285,11.89,0.63,2024-01-09T09:32:29.105
96.23761,30.78859,10.6,0.09,2024-01-09T12:50:19.470
96.24406,30.79965,11.86,0.34,2024-01-09T13:10:51.395
96.83168,31.15551,6.33,0.0,2024-01-09T14:22:47.096
96.83165,31.15672,6.22,0.56,2024-01-09T15:02:05.821
96.23759,30.78866,10.51,-0.2,2024-01-09T17:23:30.690
95.42356,32.12031,9.48,0.76,2024-01-09T17:25:57.233
96.24421,30.79959,11.88,-0.27,2024-01-09T18:07:21.502
96.23765,30.79087,9.63,0.18,2024-01-09T18:24:05.004
94.8658,31.095,12.76,-0.16,2024-01-09T18:48:46.661
94.55325,31.14064,7.9,0.42,2024-01-09T19:24:56.918
95.08893,31.87685,4.18,0.65,2024-01-09T19:42:03.163
96.2397,30.79269,10.76,-0.19,2024-01-09T19:58:15.811
96.23361,30.80241,8.49,-0.11,2024-01-09T20:02:22.869
95.0142,31.9343,1.48,1.25,2024-01-09T20:32:00.401
95.0142,31.9343,1.48,0.83,2024-01-09T21:11:41.051
95.42392,32.12013,9.29,0.73,2024-01-09T21:26:29.823
95.42347,32.12049,9.13,0.79,2024-01-09T21:38:15.306
94.32435,29.14825,15.41,0.57,2024-01-09T21:46:37.081
96.23824,30.79055,10.44,-0.29,2024-01-09T21:54:58.664
96.23921,30.79461,10.08,-0.04,2024-01-09T21:57:25.869
94.8658,31.095,12.76,-0.15,2024-01-09T21:58:49.291
94.94819,29.90185,10.62,1.1,2024-01-10T00:52:41.101
95.42402,32.12076,9.48,0.87,2024-01-10T01:42:15.461
96.23914,30.79105,10.72,0.6,2024-01-10T02:14:17.891
96.2373,30.78931,9.97,-0.24,2024-01-10T04:05:22.255
96.23921,30.79461,10.0,1.36,2024-01-10T04:07:57.155
96.23822,30.79083,10.5,0.4,2024-01-10T05:16:17.530
94.55334,31.14041,8.41,0.32,2024-01-10T07:28:46.825
94.55099,31.14053,8.68,0.29,2024-01-10T07:57:59.361
94.54355,31.14465,13.11,1.38,2024-01-10T08:35:42.159
96.21235,30.71,9.61,0.37,2024-01-10T10:05:24.023
94.54363,31.1467,13.07,1.25,2024-01-10T10:07:30.600
96.23763,30.79173,9.71,0.36,2024-01-10T10:10:55.171
96.49657,31.12479,8.21,0.27,2024-01-10T11:00:38.167
96.23833,30.79159,10.65,1.09,2024-01-10T12:14:52.152
94.54414,31.14226,9.79,1.06,2024-01-10T12:41:32.950
95.0245,31.9182,7.49,1.16,2024-01-10T13:31:32.436
95.0245,31.9182,7.49,0.99,2024-01-10T13:32:11.896
95.0245,31.9182,7.49,0.98,2024-01-10T13:36:27.996
95.0245,31.9182,7.49,0.99,2024-01-10T13:40:23.186
95.0245,31.9182,7.49,0.91,2024-01-10T13:42:41.246
95.02554,31.91781,7.31,0.94,2024-01-10T13:43:04.912
94.55112,31.14053,8.82,0.26,2024-01-10T13:45:52.897
94.32435,29.14725,15.51,1.07,2024-01-10T13:53:02.221
96.23885,30.79173,10.59,0.53,2024-01-10T14:58:48.997
94.55022,31.14613,9.61,0.07,2024-01-10T15:03:55.909
97.06457,30.50832,7.59,0.21,2024-01-10T15:25:27.758
95.08851,31.87641,4.17,0.93,2024-01-10T15:32:52.163
95.02612,31.91711,7.34,0.92,2024-01-10T15:40:40.388
97.06457,30.50832,7.59,0.25,2024-01-10T16:08:55.058
97.06457,30.50832,7.59,0.25,2024-01-10T16:38:03.358
94.86963,29.89155,9.43,0.8,2024-01-10T17:38:55.196
95.42475,32.11981,9.34,0.78,2024-01-10T17:42:51.926
94.97559,31.15364,9.05,-0.22,2024-01-10T19:13:09.017
97.06469,30.50823,7.27,0.13,2024-01-10T19:27:31.631
96.24018,30.79427,10.75,-0.07,2024-01-10T19:43:26.503
96.21129,30.70932,9.73,0.33,2024-01-10T20:05:07.867
94.54884,31.14071,10.21,0.82,2024-01-10T22:03:40.313
95.0245,31.9182,7.49,0.93,2024-01-10T22:53:42.746
95.0245,31.9182,7.49,0.87,2024-01-10T23:16:40.266
94.9757,31.15362,9.11,0.1,2024-01-10T23:17:38.204
94.54867,31.14939,8.75,1.26,2024-01-10T23:41:00.526
96.24035,30.79651,10.22,0.12,2024-01-10T23:47:08.413
96.23848,30.79034,10.45,-0.31,2024-01-11T04:50:55.978
94.97581,31.15374,9.05,0.45,2024-01-11T05:40:01.431
96.24477,30.80093,11.72,0.52,2024-01-11T06:09:08.698
94.54524,31.13745,10.75,1.08,2024-01-11T07:03:11.600
96.21182,30.70906,9.57,0.32,2024-01-11T10:54:34.960
95.48991,29.56281,13.24,1.15,2024-01-11T12:27:06.001
95.0894,31.87556,3.82,0.86,2024-01-11T13:05:48.808
94.55089,31.13949,9.9,0.74,2024-01-11T14:33:26.953
94.54608,31.13897,12.86,0.76,2024-01-11T14:53:48.298
94.55054,31.1394,9.7,0.47,2024-01-11T15:09:37.298
94.5465,31.13883,13.13,0.89,2024-01-11T16:15:00.471
96.20637,30.70416,9.57,0.2,2024-01-11T17:07:20.145
94.5468,31.14038,12.75,1.35,2024-01-11T18:09:18.284
96.2405,30.79634,10.82,0.64,2024-01-11T18:17:20.027
95.08982,31.87696,4.19,0.61,2024-01-11T18:23:35.703
96.23782,30.79058,9.62,-0.07,2024-01-11T20:45:43.544
96.23758,30.79101,9.62,0.17,2024-01-11T20:51:07.705
96.2384,30.79152,10.65,0.56,2024-01-11T21:05:36.921
96.24381,30.79983,10.69,1.01,2024-01-11T21:26:55.721
95.16016,31.70466,3.95,0.63,2024-01-12T00:05:22.819
95.08935,31.87633,4.04,0.75,2024-01-12T01:35:37.077
95.08842,31.87347,3.47,0.78,2024-01-12T01:37:01.932
96.21231,30.7098,9.65,0.41,2024-01-12T01:50:50.020
95.08757,31.87628,4.18,1.26,2024-01-12T03:30:06.888
95.08776,31.87653,4.21,1.78,2024-01-12T03:30:52.287
95.0319,31.9358,4.03,1.21,2024-01-12T03:37:20.070
95.09013,31.88296,5.51,1.3,2024-01-12T03:38:46.450
95.08765,31.87617,4.05,1.29,2024-01-12T03:39:17.895
95.08848,31.87666,4.19,1.33,2024-01-12T04:11:23.242
95.089,31.87576,4.07,1.24,2024-01-12T04:12:01.198
95.08786,31.87599,4.0,2.1,2024-01-12T04:45:16.497
96.24703,30.8018,11.86,0.55,2024-01-12T05:06:57.958
95.0879,31.87571,3.95,1.56,2024-01-12T06:25:37.274
95.0879,31.87571,3.95,1.67,2024-01-12T06:51:11.644
95.10084,31.23904,10.4,0.35,2024-01-12T07:01:48.249
95.08902,31.87748,4.55,0.64,2024-01-12T07:14:20.550
95.08869,31.87578,3.83,0.95,2024-01-12T07:24:52.307
95.08826,31.87632,4.07,2.25,2024-01-12T07:34:10.241
95.08797,31.87611,4.29,1.32,2024-01-12T07:35:49.668
95.08683,31.87503,4.04,0.84,2024-01-12T07:42:27.234
95.08896,31.874,3.62,1.06,2024-01-12T07:58:39.082
95.08929,31.87374,3.52,1.11,2024-01-12T08:09:55.511
95.08829,31.87636,4.07,1.34,2024-01-12T08:34:53.940
95.09033,31.87594,4.1,0.79,2024-01-12T09:33:59.174
95.08797,31.87909,4.1,1.07,2024-01-12T09:35:51.328
95.08899,31.87559,3.92,0.92,2024-01-12T09:39:10.431
95.08792,31.87577,4.1,0.96,2024-01-12T10:09:00.533
95.08723,31.8751,4.01,1.29,2024-01-12T10:15:11.161
95.08753,31.8754,3.92,0.86,2024-01-12T10:15:29.808
94.54586,31.13808,12.86,1.05,2024-01-12T12:36:55.631
96.23883,30.79232,10.31,-0.04,2024-01-12T13:01:35.703
96.24031,30.7921,8.73,0.15,2024-01-12T13:18:14.168
95.48935,29.56254,13.26,1.05,2024-01-12T13:43:35.978
96.83204,31.15616,6.26,-0.22,2024-01-12T14:09:57.695
95.09003,31.87692,4.08,0.79,2024-01-12T17:22:24.850
95.08756,31.876,4.29,0.69,2024-01-12T19:31:32.295
96.24483,30.80552,10.38,-0.32,2024-01-12T19:37:18.612
95.08882,31.87709,4.3,0.59,2024-01-12T20:29:45.017
95.08987,31.87745,4.29,0.79,2024-01-12T20:51:09.579
95.09077,31.87447,2.48,0.88,2024-01-12T21:23:54.973
96.2364,30.8,8.59,-0.09,2024-01-12T21:48:46.841
94.55387,31.14024,9.0,0.82,2024-01-12T22:12:05.673
94.54847,31.13501,13.84,0.92,2024-01-12T23:01:20.668
95.48971,29.56194,13.23,0.78,2024-01-12T23:12:59.776
95.08747,31.87625,4.18,1.1,2024-01-13T01:15:34.477
95.08867,31.87579,4.19,1.33,2024-01-13T04:04:10.419
95.08904,31.87655,4.11,1.0,2024-01-13T04:13:27.372
95.08898,31.87597,4.15,1.26,2024-01-13T04:15:41.210
96.98954,30.26028,11.07,1.28,2024-01-13T04:19:30.775
95.08851,31.87665,4.36,1.2,2024-01-13T04:40:58.261
95.0891,31.8767,4.22,0.7,2024-01-13T04:51:40.835
96.21221,30.70958,9.61,0.25,2024-01-13T06:53:57.926
95.08953,31.87879,3.94,0.73,2024-01-13T07:06:36.111
96.21253,30.71012,9.59,0.35,2024-01-13T07:13:53.321
95.08837,31.87715,4.17,0.53,2024-01-13T08:00:28.373
96.21211,30.70989,9.66,0.39,2024-01-13T08:05:17.684
96.21233,30.71002,9.61,0.2,2024-01-13T08:07:16.851
96.21131,30.70862,9.72,0.32,2024-01-13T08:07:54.097
96.21227,30.70976,9.64,-0.1,2024-01-13T09:21:21.055
96.2116,30.70905,9.66,0.4,2024-01-13T09:30:07.673
95.08866,31.87603,4.1,1.18,2024-01-13T10:25:23.453
95.08947,31.87708,4.0,0.57,2024-01-13T11:56:06.288
96.20954,30.70759,9.81,0.23,2024-01-13T13:22:31.187
96.21139,30.70899,9.71,0.03,2024-01-13T14:22:55.028
95.08822,31.87742,4.21,0.55,2024-01-13T14:23:26.370
96.21317,30.7106,9.41,0.53,2024-01-13T14:24:11.775
96.21323,30.71037,9.61,0.15,2024-01-13T14:26:16.454
96.21231,30.7094,9.65,0.06,2024-01-13T14:26:55.905
95.08981,31.87571,3.06,0.46,2024-01-13T14:37:54.085
96.21299,30.71005,9.71,0.27,2024-01-13T15:43:08.271
96.24313,30.79636,11.64,-0.41,2024-01-13T15:43:56.218
95.08881,31.87748,4.12,0.3,2024-01-13T16:27:07.173
95.08936,31.87704,3.94,0.61,2024-01-13T16:41:57.127
95.08893,31.87773,4.19,0.53,2024-01-13T17:04:21.144
95.1009,31.23906,10.51,0.31,2024-01-13T17:13:04.001
95.10476,31.87049,1.85,0.54,2024-01-13T17:37:17.894
95.08775,31.87589,3.82,0.9,2024-01-13T17:49:12.993
95.08789,31.87712,3.99,0.48,2024-01-13T17:51:35.004
95.10304,31.86951,1.89,0.53,2024-01-13T17:56:10.308
95.08892,31.87703,4.23,0.57,2024-01-13T18:26:59.912
95.09368,31.87679,2.87,0.49,2024-01-13T18:30:22.230
96.2437,30.7988,11.47,-0.06,2024-01-13T18:48:16.210
95.10066,31.23856,10.4,0.31,2024-01-13T18:56:07.167
95.10403,31.2398,10.33,0.27,2024-01-13T18:59:17.013
95.10044,31.23799,10.33,0.24,2024-01-13T19:09:33.110
94.51716,31.1696,8.97,-0.07,2024-01-13T19:46:31.367
95.10097,31.23871,10.37,0.21,2024-01-13T20:53:43.644
95.08712,31.87697,4.22,0.49,2024-01-13T21:31:32.597
95.09039,31.87674,4.02,0.67,2024-01-13T21:37:01.981
96.23849,30.79117,10.49,0.41,2024-01-13T22:19:14.124
96.24432,30.8011,11.78,-0.58,2024-01-13T22:21:28.127
96.23841,30.79159,10.32,0.24,2024-01-13T22:46:02.327
96.23827,30.79174,10.37,-0.21,2024-01-13T22:49:12.929
95.08856,31.8754,4.25,0.6,2024-01-13T22:50:08.048
95.08904,31.87316,3.6,0.93,2024-01-14T00:25:06.723
94.9793,31.0138,8.57,0.61,2024-01-14T08:01:24.710
96.4977,31.12414,8.38,0.99,2024-01-14T11:00:28.929
94.54392,31.14809,12.77,0.53,2024-01-14T13:33:50.044
96.23493,30.79253,9.79,-0.33,2024-01-14T13:54:14.594
94.56236,31.15179,6.67,0.08,2024-01-14T15:06:05.016
95.1601,31.70522,4.0,0.58,2024-01-14T15:55:52.030
94.63528,31.91325,5.72,1.41,2024-01-14T17:01:59.301
95.088,31.87426,3.82,0.91,2024-01-14T17:48:22.593
94.87066,29.89229,9.49,1.09,2024-01-14T19:59:01.321
96.21189,30.70896,9.7,0.0,2024-01-14T20:11:23.456
95.02494,31.91783,7.76,0.89,2024-01-14T21:01:26.901
95.0245,31.9182,7.49,0.92,2024-01-14T21:13:54.116
94.9793,31.0138,8.57,0.35,2024-01-14T21:59:02.141
96.23698,30.78862,9.88,-0.14,2024-01-14T22:31:20.076
95.0319,31.9358,4.03,0.92,2024-01-14T23:45:57.581
95.07378,31.93538,4.09,1.02,2024-01-15T01:31:43.727
95.0742,31.93437,4.17,1.64,2024-01-15T03:06:44.198
96.6839,30.466,8.13,1.15,2024-01-15T04:09:40.600
95.07492,31.93435,4.13,1.21,2024-01-15T05:09:04.275
95.0901,31.87895,4.02,0.92,2024-01-15T06:54:29.466
95.08998,31.87464,3.9,0.7,2024-01-15T07:27:56.262
95.08954,31.87889,3.9,0.68,2024-01-15T07:35:15.250
95.09074,31.87879,3.76,0.75,2024-01-15T07:52:02.008
95.08973,31.87951,4.02,0.67,2024-01-15T08:40:05.890
95.09006,31.87909,4.08,0.75,2024-01-15T10:14:11.471
96.24089,30.79341,9.88,0.37,2024-01-15T12:32:07.837
96.83206,31.14913,7.31,0.48,2024-01-15T13:40:08.308
96.23992,30.7924,10.39,0.49,2024-01-15T13:41:37.369
96.23942,30.79277,10.42,-0.24,2024-01-15T14:22:36.951
96.23999,30.79278,10.27,0.37,2024-01-15T15:46:23.905
96.21412,30.7068,9.65,0.18,2024-01-15T16:58:56.930
96.20788,30.71034,9.69,0.22,2024-01-15T17:19:57.871
94.99801,31.93082,4.45,0.62,2024-01-15T17:34:54.035
94.99813,31.93071,4.42,0.63,2024-01-15T17:49:15.406
95.09024,31.87859,3.65,0.68,2024-01-15T18:48:55.925
96.23824,30.79483,9.39,0.28,2024-01-15T19:38:46.668
94.53844,31.14056,9.03,1.21,2024-01-15T20:03:23.027
94.99787,31.93226,4.55,0.63,2024-01-15T20:19:51.489
94.99811,31.93077,4.43,0.71,2024-01-15T20:52:22.405
95.08964,31.87905,3.89,0.64,2024-01-15T21:46:49.315
95.89519,31.07806,13.14,0.21,2024-01-15T22:13:08.730
96.23598,30.79342,9.68,0.73,2024-01-15T22:17:41.745
95.08684,31.87439,4.23,0.63,2024-01-15T23:15:20.684
95.8953,31.07793,13.35,0.11,2024-01-16T00:05:32.759
94.53825,31.1413,9.89,1.28,2024-01-16T01:06:03.108
94.53817,31.14132,9.83,1.6,2024-01-16T01:35:47.627
95.55883,29.63932,7.89,1.95,2024-01-16T02:18:58.021
95.55978,29.63886,7.88,1.96,2024-01-16T02:26:06.401
95.56039,29.63882,7.94,1.76,2024-01-16T02:42:20.128
96.6839,30.466,8.13,0.92,2024-01-16T04:11:37.400
93.36095,29.4158,0.46,1.86,2024-01-16T05:44:47.845
95.09845,31.23738,10.3,0.35,2024-01-16T08:17:43.751
96.83234,31.14463,7.54,0.96,2024-01-16T08:19:27.091
96.8329,31.14506,7.57,0.48,2024-01-16T08:20:39.584
96.83272,31.14486,7.6,0.2,2024-01-16T08:29:52.056
96.83138,31.16355,4.95,-0.28,2024-01-16T08:32:31.940
94.5383,31.14158,8.69,1.09,2024-01-16T08:38:49.291
96.83271,31.14274,7.86,0.5,2024-01-16T08:42:16.457
96.83235,31.14451,7.55,0.52,2024-01-16T09:00:56.690
96.83252,31.14547,7.39,0.49,2024-01-16T09:02:36.099
94.53776,31.14272,10.01,1.48,2024-01-16T09:06:10.361
94.5377,31.14273,9.99,1.54,2024-01-16T10:21:12.061
96.83265,31.14479,7.61,0.36,2024-01-16T11:50:21.923
96.83272,31.15321,6.31,0.43,2024-01-16T14:09:38.950
96.23858,30.79189,9.83,2.24,2024-01-16T15:04:28.472
95.08869,31.87863,3.84,0.53,2024-01-16T15:53:50.664
96.21176,30.71118,9.3,0.16,2024-01-16T16:22:23.878
95.08934,31.87903,3.78,0.51,2024-01-16T17:05:25.720
95.0881,31.87799,4.05,0.55,2024-01-16T17:19:14.470
94.54125,31.15176,11.4,0.9,2024-01-16T17:30:22.828
95.08863,31.87964,3.73,0.48,2024-01-16T17:46:50.475
96.24027,30.79411,10.2,-0.17,2024-01-16T18:25:13.318
96.23847,30.79185,9.89,0.22,2024-01-16T18:47:57.393
95.89491,31.07781,13.15,0.15,2024-01-16T19:39:17.013
96.23791,30.79078,9.74,0.19,2024-01-16T19:46:06.083
96.83276,31.14498,7.58,0.45,2024-01-16T19:48:52.931
96.83276,31.14993,6.98,0.42,2024-01-16T20:40:34.884
96.8328,31.14467,7.54,0.05,2024-01-16T22:22:51.224
96.8326,31.14717,7.32,-0.1,2024-01-17T04:10:29.964
96.24222,30.79832,10.65,0.52,2024-01-17T10:26:32.844
96.2372,30.78867,9.43,0.86,2024-01-17T14:39:30.865
96.24001,30.79189,10.46,-0.01,2024-01-17T14:43:01.085
96.83164,31.1532,6.73,0.43,2024-01-17T15:28:08.205
96.23674,30.788,9.51,-0.43,2024-01-17T16:09:15.813
94.99737,31.93044,4.35,0.67,2024-01-17T16:44:13.670
96.23673,30.78811,9.47,-0.21,2024-01-17T17:14:37.442
96.2367,30.78806,9.39,-0.48,2024-01-17T17:29:44.860
96.23721,30.78891,9.45,0.12,2024-01-17T18:13:32.842
96.23964,30.79169,10.12,-0.27,2024-01-17T19:38:30.339
93.36095,29.4158,0.46,1.14,2024-01-17T21:02:28.006
94.54198,31.14198,8.15,0.65,2024-01-17T21:57:22.188
94.86867,31.84385,7.49,0.22,2024-01-17T22:48:17.210
96.21139,30.71038,9.47,0.21,2024-01-17T23:39:41.841
95.09834,31.23735,10.43,0.22,2024-01-18T06:49:23.654
94.53851,31.14121,9.77,1.3,2024-01-18T07:08:33.491
94.86872,31.84377,7.67,0.27,2024-01-18T12:33:40.536
94.86802,31.84298,7.61,0.25,2024-01-18T12:35:29.946
94.86944,31.84402,7.59,0.26,2024-01-18T14:26:54.073
96.21167,30.7105,9.41,0.28,2024-01-18T15:44:46.434
96.21146,30.7107,9.45,-0.29,2024-01-18T15:48:28.451
96.21193,30.71089,9.38,0.67,2024-01-18T16:18:21.777
94.86866,31.84387,7.49,0.25,2024-01-18T16:29:28.790
96.21068,30.70702,9.5,0.12,2024-01-18T16:42:52.534
96.21215,30.7113,9.39,0.39,2024-01-18T16:52:28.806
96.21253,30.71135,9.43,0.19,2024-01-18T16:55:23.577
95.09894,31.23869,10.32,0.69,2024-01-18T18:02:40.568
96.23682,30.78853,9.45,0.09,2024-01-18T18:37:57.960
96.21246,30.71125,9.31,0.01,2024-01-18T18:52:04.674
96.23755,30.78939,9.57,-0.02,2024-01-18T19:13:02.874
95.09899,31.23851,10.31,0.23,2024-01-18T19:53:29.064
96.21229,30.71181,9.34,-0.35,2024-01-18T20:11:46.542
96.21379,30.71278,9.6,0.34,2024-01-18T21:27:17.151
95.09894,31.23854,10.36,0.44,2024-01-18T21:31:13.234
94.54105,31.15194,11.37,0.12,2024-01-18T21:53:35.474
96.21214,30.71097,9.47,-0.07,2024-01-18T22:46:59.200
95.09947,31.23825,10.24,0.48,2024-01-18T23:46:17.578
96.21138,30.71052,9.43,0.36,2024-01-18T23:47:42.811
95.09875,31.23799,10.44,0.08,2024-01-18T23:52:37.039
96.2125,30.71097,9.4,0.05,2024-01-19T00:15:28.174
96.2379,30.79044,9.28,0.32,2024-01-19T11:15:39.902
96.20608,30.70292,9.24,0.08,2024-01-19T13:46:03.469
96.23782,30.79014,7.92,0.0,2024-01-19T15:00:08.590
96.23785,30.78952,9.58,0.14,2024-01-19T15:21:39.815
96.23845,30.79179,9.84,0.0,2024-01-19T15:56:53.425
96.2388,30.7957,9.35,-0.02,2024-01-19T17:37:08.118
95.08951,31.87854,3.88,0.86,2024-01-19T17:47:38.425
95.08844,31.87825,4.19,0.49,2024-01-19T17:52:26.283
95.08954,31.8787,3.83,0.68,2024-01-19T18:19:39.390
95.08961,31.8795,3.81,0.73,2024-01-19T18:37:23.275
95.0899,31.87884,3.86,0.43,2024-01-19T18:37:46.195
95.08907,31.87867,4.02,0.73,2024-01-19T18:39:25.773
96.2399,30.7921,10.45,0.85,2024-01-19T19:01:19.193
96.2107,30.70987,9.44,0.37,2024-01-19T20:40:27.017
95.09046,31.87846,3.0,0.69,2024-01-19T21:57:55.227
95.08466,31.87374,3.97,1.09,2024-01-19T22:05:37.899
96.21588,30.7086,9.69,0.2,2024-01-19T22:34:55.672
96.21151,30.71086,9.58,0.33,2024-01-19T22:35:25.809
96.23999,30.792,10.31,0.03,2024-01-19T23:30:26.816
95.09802,31.23779,10.45,0.03,2024-01-19T23:33:36.868
95.10461,31.87228,1.4,0.75,2024-01-20T00:32:34.421
95.08849,31.88618,5.24,0.78,2024-01-20T00:37:14.177
95.10336,31.87334,1.44,0.73,2024-01-20T00:41:36.683
95.0891,31.88648,4.54,0.5,2024-01-20T01:56:07.155
94.54274,31.14597,8.7,1.14,2024-01-20T02:33:03.963
96.21396,30.70891,9.56,0.69,2024-01-20T08:55:12.034
96.21227,30.70923,10.05,0.32,2024-01-20T09:21:08.151
96.21395,30.70904,9.58,0.42,2024-01-20T09:31:17.573
96.24629,30.79858,11.62,0.82,2024-01-20T09:36:38.293
96.21373,30.70856,9.59,0.8,2024-01-20T11:25:08.854
96.21405,30.70892,9.54,0.31,2024-01-20T11:26:06.350
96.20548,30.70632,10.03,0.53,2024-01-20T11:28:32.286
96.21334,30.70857,9.64,0.44,2024-01-20T11:31:03.291
96.21424,30.70947,9.81,0.24,2024-01-20T14:04:25.347
96.20916,30.70802,9.67,0.23,2024-01-20T14:10:22.839
96.24011,30.79227,10.23,-0.09,2024-01-20T14:55:11.481
96.21371,30.70839,9.59,0.11,2024-01-20T19:17:48.103
94.5412,31.13728,13.49,1.27,2024-01-20T20:24:51.870
96.21413,30.70891,9.62,0.13,2024-01-20T23:43:26.098
96.24629,30.79858,11.62,0.33,2024-01-21T05:11:42.162
95.10162,31.23901,10.13,1.77,2024-01-21T08:39:09.190
96.71124,31.1601,8.29,0.6,2024-01-21T08:54:46.138
95.09451,31.24441,10.37,0.79,2024-01-21T09:31:42.788
95.10048,31.23818,10.82,0.64,2024-01-21T10:21:51.679
95.10034,31.23814,10.28,0.45,2024-01-21T11:17:32.641
95.10136,31.2392,10.2,0.15,2024-01-21T12:33:54.200
95.10279,31.23359,10.1,0.23,2024-01-21T14:03:42.914
95.10181,31.23924,10.28,0.48,2024-01-21T16:36:01.841
94.54219,31.15261,8.35,1.41,2024-01-21T16:56:01.134
95.09949,31.2384,10.29,0.87,2024-01-21T17:18:24.847
97.0469,30.6506,12.92,0.48,2024-01-21T17:54:28.431
96.23808,30.78947,9.54,0.35,2024-01-21T18:09:53.375
96.8325,31.14616,7.29,0.43,2024-01-21T19:36:51.464
96.8325,31.14584,7.49,0.42,2024-01-21T19:37:17.738
94.9979,31.931,4.44,0.53,2024-01-21T19:55:31.221
96.23792,30.78915,9.69,-0.37,2024-01-21T19:59:14.436
94.9979,31.931,4.44,0.64,2024-01-21T20:11:03.431
96.71169,31.16013,8.31,0.14,2024-01-21T20:16:25.597
96.21614,30.71228,9.43,0.22,2024-01-21T20:43:50.613
96.23772,30.78886,9.52,0.31,2024-01-21T20:54:27.432
96.23799,30.78948,9.47,0.94,2024-01-21T22:20:35.863
96.70941,31.15695,8.69,0.05,2024-01-21T22:34:10.723
96.71143,31.15962,8.24,0.05,2024-01-21T23:22:32.654
96.21228,30.70888,10.31,0.27,2024-01-21T23:25:44.132
95.10142,31.23856,10.29,0.0,2024-01-21T23:28:52.497
96.71103,31.15881,8.35,0.03,2024-01-22T00:11:08.690
96.21391,30.70882,9.65,0.94,2024-01-22T01:24:49.315
95.10161,31.23884,10.11,0.22,2024-01-22T01:31:49.588
96.21295,30.71101,10.21,0.01,2024-01-22T02:33:24.116
96.21488,30.70955,9.69,0.3,2024-01-22T03:40:25.352
96.24424,30.80148,11.36,0.04,2024-01-22T04:20:42.520
96.21338,30.70874,9.6,0.64,2024-01-22T09:01:14.992
96.21376,30.70882,9.56,0.2,2024-01-22T09:36:52.893
94.90087,31.19908,6.07,-0.26,2024-01-22T10:14:16.050
96.21364,30.70874,9.58,0.4,2024-01-22T10:20:01.343
97.0469,30.6506,12.92,0.4,2024-01-22T10:39:01.971
95.10155,31.23882,10.2,0.32,2024-01-22T10:56:52.619
95.08927,31.88597,4.87,0.76,2024-01-22T12:20:19.048
95.08885,31.88644,4.89,0.72,2024-01-22T12:24:21.587
95.08846,31.88458,5.11,0.46,2024-01-22T12:26:55.922
95.10563,31.87998,1.06,0.75,2024-01-22T13:32:36.547
96.23797,30.78988,9.37,0.48,2024-01-22T13:55:18.094
96.2131,30.70841,9.63,0.27,2024-01-22T15:01:01.510
96.21375,30.70918,9.47,0.33,2024-01-22T15:16:23.628
95.08858,31.88592,5.2,0.49,2024-01-22T15:33:57.785
96.21346,30.70861,9.57,-0.1,2024-01-22T15:39:30.780
94.5492,31.14407,6.75,0.52,2024-01-22T15:40:57.815
96.21322,30.70804,9.64,0.26,2024-01-22T15:41:32.869
96.21174,30.70668,9.47,0.15,2024-01-22T16:10:07.813
95.1012,31.23852,10.25,0.24,2024-01-22T17:28:50.662
96.21049,30.70547,9.52,0.25,2024-01-22T17:40:41.858
96.21777,30.71069,9.14,0.2,2024-01-22T17:44:43.293
95.15998,31.70371,4.08,1.12,2024-01-22T19:14:07.125
94.54342,31.14574,8.57,1.06,2024-01-22T20:38:50.622
95.10149,31.23851,10.23,-0.4,2024-01-22T22:10:31.566
94.54333,31.14568,8.42,1.25,2024-01-22T23:17:07.428
94.5429,31.14559,8.8,1.54,2024-01-22T23:17:36.435
94.54415,31.1449,8.64,0.95,2024-01-22T23:17:48.786
95.32942,32.03433,10.0,0.97,2024-01-22T23:44:03.730
96.21481,30.70967,9.66,0.13,2024-01-22T23:47:53.087
96.4761,30.13327,6.54,0.7,2024-01-23T00:54:59.393
94.54543,31.13703,14.41,1.72,2024-01-23T02:19:07.337
94.54543,31.13703,14.41,1.67,2024-01-23T02:20:50.557
96.21383,30.71004,9.65,0.01,2024-01-23T03:03:54.954
96.4761,30.13313,6.74,0.8,2024-01-23T04:40:37.507
96.21376,30.71042,9.59,-0.03,2024-01-23T06:38:52.845
94.54717,31.14154,11.88,1.17,2024-01-23T07:07:56.273
96.2139,30.71052,9.56,-0.02,2024-01-23T09:01:48.986
96.23826,30.79057,9.65,-0.04,2024-01-23T10:37:17.996
96.24662,30.79865,11.8,0.43,2024-01-23T12:12:37.397
95.0897,31.88763,6.08,0.81,2024-01-23T12:42:36.334
94.54365,31.13728,12.89,1.22,2024-01-23T12:51:53.379
94.89957,31.19875,6.0,0.08,2024-01-23T14:24:56.262
96.21384,30.71096,9.59,0.19,2024-01-23T15:30:31.879
96.21421,30.71113,9.56,0.37,2024-01-23T15:33:05.470
96.21357,30.71072,9.57,0.29,2024-01-23T15:34:32.223
95.0667,31.8908,7.45,0.6,2024-01-23T15:48:16.394
95.0667,31.8908,7.45,0.5,2024-01-23T15:49:40.594
96.21477,30.70965,9.6,0.1,2024-01-23T16:01:42.734
96.21375,30.71086,9.54,0.33,2024-01-23T17:38:00.607
96.21334,30.71016,9.59,0.15,2024-01-23T17:38:52.198
96.21384,30.71108,9.61,0.12,2024-01-23T17:41:53.776
96.21277,30.70958,9.6,0.12,2024-01-23T17:42:55.629
94.5663,31.15343,2.53,0.08,2024-01-23T17:50:59.775
94.89908,31.19858,6.36,0.14,2024-01-23T18:05:08.674
96.21333,30.71072,9.6,0.12,2024-01-23T19:04:24.700
96.21375,30.71086,9.65,0.35,2024-01-23T19:04:52.640
94.545,31.13777,14.36,1.48,2024-01-23T19:52:49.509
96.23803,30.79007,9.83,0.1,2024-01-23T20:00:23.552
96.21364,30.71101,9.61,0.23,2024-01-23T21:53:30.742
96.23803,30.79023,9.84,0.31,2024-01-23T21:53:48.391
96.21396,30.711,9.66,0.14,2024-01-23T22:02:11.319
96.2145,30.71149,9.65,0.12,2024-01-23T22:15:24.429
96.21607,30.71084,9.61,-0.07,2024-01-23T22:50:47.684
96.21424,30.70866,9.7,0.46,2024-01-23T22:57:28.947
96.23893,30.7911,9.57,0.1,2024-01-23T23:15:50.067
96.21688,30.71192,9.37,0.15,2024-01-23T23:25:16.928
96.2082,30.70836,10.36,0.2,2024-01-23T23:44:12.389
96.2132,30.70799,9.7,0.17,2024-01-24T02:12:19.047
94.5693,31.15217,2.51,0.33,2024-01-24T03:40:07.776
96.21962,30.71069,8.95,0.01,2024-01-24T03:57:10.151
96.23839,30.79085,10.49,-0.01,2024-01-24T04:10:15.940
94.54031,31.13934,14.7,1.09,2024-01-24T07:26:29.286
94.89798,31.19869,6.27,-0.11,2024-01-24T07:34:58.317
96.2135,30.70834,9.62,0.37,2024-01-24T07:56:01.361
95.10204,31.23877,10.11,0.92,2024-01-24T08:37:37.580
96.23818,30.78989,9.59,1.53,2024-01-24T08:48:10.796
96.23761,30.7891,9.57,-0.18,2024-01-24T11:49:04.450
96.23768,30.78898,9.6,-0.18,2024-01-24T11:49:14.977
94.53979,31.13876,14.74,1.02,2024-01-24T13:23:04.365
95.63977,30.21864,8.27,0.69,2024-01-24T13:38:08.498
95.16022,31.70549,3.86,0.6,2024-01-24T13:42:22.977
95.63992,30.21876,8.2,0.64,2024-01-24T13:54:17.012
96.21388,30.71105,9.61,0.13,2024-01-24T14:15:58.325
96.21383,30.70886,9.65,0.36,2024-01-24T14:24:57.614
95.63996,30.2188,8.16,1.34,2024-01-24T14:29:49.791
95.64005,30.21929,8.13,0.77,2024-01-24T14:30:34.302
96.24149,30.79322,10.19,0.33,2024-01-24T15:12:49.812
96.21365,30.70659,9.39,0.14,2024-01-24T15:17:27.483
96.21367,30.70843,9.62,0.28,2024-01-24T15:47:07.461
96.21196,30.70636,9.59,-0.07,2024-01-24T16:17:15.960
96.24406,30.80192,11.21,0.38,2024-01-24T16:19:49.281
95.32918,32.03507,9.5,0.79,2024-01-24T16:48:33.472
96.21306,30.70822,9.66,0.23,2024-01-24T18:47:57.584
95.0667,31.8908,7.45,0.57,2024-01-24T20:00:19.764
96.21314,30.70842,9.57,0.57,2024-01-24T22:03:51.478
96.21374,30.70853,9.62,0.28,2024-01-24T22:25:22.279
95.08919,31.88569,4.92,0.9,2024-01-24T22:33:24.262
95.08871,31.88516,5.28,0.79,2024-01-24T22:33:58.196
95.08875,31.88506,4.46,0.71,2024-01-24T22:57:26.092
94.53884,31.13753,15.82,1.41,2024-01-25T00:14:18.177
95.0649,31.89785,7.31,0.99,2024-01-25T00:20:20.494
94.54351,31.13817,14.96,0.37,2024-01-25T00:53:43.251
95.15932,31.70341,4.19,1.34,2024-01-25T00:54:42.242
96.23801,30.78952,10.09,0.21,2024-01-25T01:01:41.274
94.54298,31.13729,14.95,1.4,2024-01-25T04:24:04.257
95.09046,31.88377,4.73,0.84,2024-01-25T09:23:31.714
95.09945,31.23839,10.12,0.49,2024-01-25T12:19:51.071
96.21304,30.70909,9.57,0.28,2024-01-25T13:29:49.935
94.89914,31.20289,6.08,0.01,2024-01-25T16:32:51.478
95.09039,31.88404,4.9,0.65,2024-01-25T17:01:56.537
95.09098,31.88372,4.59,0.87,2024-01-25T17:23:24.589
94.89895,31.20305,6.13,-0.2,2024-01-25T17:54:33.534
95.06424,31.89647,7.26,0.46,2024-01-25T18:31:53.004
94.54291,31.13591,14.88,1.23,2024-01-25T18:46:20.761
95.16049,31.70547,3.79,0.47,2024-01-25T18:57:16.831
94.56701,31.14453,6.97,0.42,2024-01-25T19:30:08.708
94.57014,31.14817,5.71,0.23,2024-01-25T19:36:42.804
96.21314,30.71069,9.62,0.16,2024-01-25T21:14:24.203
96.21545,30.70907,9.83,0.1,2024-01-25T21:14:51.174
95.06484,31.89689,7.67,0.51,2024-01-25T22:08:13.254
94.54095,31.14192,14.09,1.09,2024-01-25T22:23:23.726
96.21327,30.71075,9.57,0.2,2024-01-25T22:38:21.140
96.21735,30.70963,9.68,0.24,2024-01-25T23:56:03.128
95.08772,31.88154,4.87,0.68,2024-01-26T01:23:40.897
96.24063,30.79132,10.46,0.02,2024-01-26T01:54:12.695
96.23958,30.79122,10.26,0.62,2024-01-26T01:54:35.690
94.54307,31.1376,14.97,1.27,2024-01-26T02:17:22.967
96.25883,30.82287,10.76,-0.09,2024-01-26T02:42:16.617
96.24089,30.79132,10.43,0.44,2024-01-26T04:56:21.210
95.09008,31.88245,5.0,0.8,2024-01-26T05:57:26.630
94.54365,31.13616,14.95,1.51,2024-01-26T07:21:29.880
94.5417,31.13694,14.97,0.92,2024-01-26T07:24:28.990
95.08915,31.88343,4.91,1.08,2024-01-26T08:15:57.412
94.54161,31.13692,15.2,0.71,2024-01-26T09:35:17.003
95.05588,31.89912,4.68,0.59,2024-01-26T12:11:34.373
94.53923,31.1362,15.22,0.95,2024-01-26T13:12:57.215
95.09843,31.23877,10.24,0.18,2024-01-26T14:14:27.810
94.54228,31.13836,15.02,1.48,2024-01-26T15:23:21.794
94.54465,31.14037,8.39,0.84,2024-01-26T15:30:28.416
94.54271,31.13679,14.82,1.19,2024-01-26T16:24:39.102
94.54542,31.14121,8.23,0.64,2024-01-26T16:48:00.956
94.54569,31.13997,8.31,0.86,2024-01-26T19:48:25.518
96.21259,30.7094,9.54,0.16,2024-01-26T19:57:05.821
95.08819,31.88158,5.24,0.83,2024-01-26T20:10:00.816
96.60245,31.5179,0.8,-0.07,2024-01-26T20:11:41.673
96.25065,30.8058,11.02,-0.09,2024-01-26T20:30:29.475
96.25813,30.81722,10.94,-0.5,2024-01-26T20:32:48.578
96.25847,30.81729,10.92,-0.35,2024-01-26T20:35:23.825
96.2583,30.81719,11.07,0.15,2024-01-26T20:38:02.843
94.57014,31.14817,5.71,0.25,2024-01-26T20:43:04.434
96.25751,30.81708,11.2,0.11,2024-01-26T20:44:33.717
96.25844,30.81707,11.02,0.34,2024-01-26T20:49:41.128
96.25841,30.81701,11.1,-0.59,2024-01-26T20:54:12.980
96.26118,30.81742,10.69,0.01,2024-01-26T21:01:13.599
94.63629,31.91574,4.97,1.09,2024-01-26T21:06:30.235
96.25712,30.81684,11.49,0.01,2024-01-26T21:13:49.340
95.08819,31.88158,5.24,0.85,2024-01-26T21:36:06.846
96.25862,30.81736,10.94,0.35,2024-01-26T21:37:11.702
95.05793,31.9646,3.8,0.66,2024-01-26T21:39:53.455
95.05896,31.96224,3.15,0.75,2024-01-26T21:43:36.173
96.2583,30.81704,10.97,-0.15,2024-01-26T22:02:54.949
95.05718,31.96516,4.16,1.03,2024-01-26T22:23:39.528
96.25831,30.81687,10.98,0.23,2024-01-26T22:25:40.672
96.25828,30.81698,10.96,0.09,2024-01-26T22:27:48.581
96.25836,30.8169,11.03,-0.17,2024-01-26T23:16:43.531
96.25849,30.81702,10.96,0.64,2024-01-27T01:51:04.366
96.25814,30.81703,10.77,0.05,2024-01-27T02:51:02.143
96.23794,30.78862,10.62,0.21,2024-01-27T03:22:59.863
97.07613,30.66018,9.18,0.91,2024-01-27T04:00:12.104
96.23967,30.79868,11.94,0.45,2024-01-27T06:51:42.463
95.09842,31.23835,10.33,0.85,2024-01-27T08:18:08.871
94.54384,31.13824,14.81,1.27,2024-01-27T08:36:04.169
96.2444,30.79897,10.84,0.34,2024-01-27T11:03:09.515
94.54781,31.14057,6.94,0.73,2024-01-27T12:03:10.564
94.54313,31.13708,14.92,1.17,2024-01-27T12:41:29.096
96.25829,30.81746,10.83,0.17,2024-01-27T13:15:12.478
96.63731,30.86655,8.92,0.36,2024-01-27T13:42:56.968
96.25859,30.81712,10.98,0.14,2024-01-27T13:48:52.242
96.25838,30.81702,10.98,0.74,2024-01-27T14:28:08.968
96.23811,30.78965,9.73,-0.02,2024-01-27T15:15:04.248
96.25847,30.81735,10.93,0.07,2024-01-27T15:20:29.744
94.55827,31.13642,12.13,0.88,2024-01-27T15:46:23.833
96.25858,30.8176,10.86,-0.05,2024-01-27T15:54:50.047
96.63731,30.86655,8.92,0.28,2024-01-27T16:29:56.948
96.2382,30.78987,10.06,0.12,2024-01-27T16:53:37.120
96.63727,30.86676,9.03,0.43,2024-01-27T17:30:10.057
97.07607,30.66022,8.9,0.6,2024-01-27T17:38:31.547
96.25843,30.81747,10.98,0.02,2024-01-27T17:56:48.155
96.21333,30.7112,9.48,-0.12,2024-01-27T18:02:58.721
96.24129,30.79594,10.53,-0.42,2024-01-27T18:16:24.932
96.60205,31.51832,0.88,-0.25,2024-01-27T18:59:11.930
95.03907,31.90222,6.49,1.6,2024-01-27T19:14:05.777
95.0551,31.90057,4.15,0.88,2024-01-27T19:27:22.064
96.60229,31.51834,0.93,-0.25,2024-01-27T19:33:30.204
96.2438,30.79893,10.92,0.31,2024-01-27T21:01:04.290
96.60229,31.51878,0.84,-0.06,2024-01-27T21:07:13.198
95.10749,31.88541,4.83,0.29,2024-01-27T21:11:10.799
95.08804,31.8818,5.15,0.72,2024-01-27T21:18:25.759
96.25841,30.81715,10.91,0.16,2024-01-27T21:25:28.077
95.10711,31.88459,4.67,0.19,2024-01-27T21:56:13.653
94.54267,31.138,14.91,1.32,2024-01-28T02:35:04.296
94.54633,31.14187,8.58,1.15,2024-01-28T03:13:10.478
96.21326,30.7093,9.6,0.38,2024-01-28T04:25:47.104
94.64011,31.91666,4.47,1.19,2024-01-28T04:40:51.016
94.54106,31.13885,14.81,1.13,2024-01-28T06:06:41.087
94.54311,31.13989,14.61,1.6,2024-01-28T08:45:52.065
96.20776,30.70346,9.58,0.17,2024-01-28T08:59:53.846
94.54139,31.14108,15.1,2.15,2024-01-28T10:58:34.349
96.2134,30.70957,9.5,0.52,2024-01-28T11:28:28.015
94.54118,31.14055,15.34,1.53,2024-01-28T11:51:46.816
96.25844,30.81719,10.87,1.09,2024-01-28T13:03:03.151
95.03867,31.90075,6.72,0.75,2024-01-28T13:09:02.039
95.16071,31.70633,3.76,0.64,2024-01-28T14:17:10.622
96.23745,30.79034,9.71,0.65,2024-01-28T14:30:44.155
94.89922,31.20305,5.96,-0.36,2024-01-28T14:36:24.591
94.55774,31.1472,10.98,0.34,2024-01-28T14:48:13.368
96.21359,30.7095,9.77,-0.05,2024-01-28T15:44:38.323
96.24457,30.80054,11.49,0.17,2024-01-28T15:47:55.341
96.25836,30.81713,10.85,0.27,2024-01-28T18:54:03.846
95.0591,31.96241,3.05,1.52,2024-01-28T19:02:08.057
95.0585,31.9639,3.35,0.88,2024-01-28T19:04:44.226
95.05615,31.96785,4.02,0.63,2024-01-28T19:08:25.121
96.21407,30.70983,9.68,0.11,2024-01-28T19:08:34.853
95.56928,31.03274,14.05,0.6,2024-01-28T19:09:07.885
95.5691,31.03244,14.15,0.34,2024-01-28T19:09:51.954
95.56931,31.03274,14.03,-0.24,2024-01-28T19:10:28.277
95.56925,31.03321,13.72,-0.15,2024-01-28T19:10:37.356
95.56934,31.03277,13.99,-0.29,2024-01-28T19:11:27.700
95.56919,31.03195,14.58,0.36,2024-01-28T19:11:40.652
95.56929,31.03252,14.34,0.54,2024-01-28T19:13:09.029
95.56936,31.03274,14.23,-0.25,2024-01-28T19:13:43.965
95.56945,31.03253,14.07,0.14,2024-01-28T19:21:52.267
95.5691,31.03266,14.04,0.35,2024-01-28T19:25:47.462
95.56917,31.03255,14.01,0.0,2024-01-28T19:27:19.532
95.56929,31.03266,14.06,0.59,2024-01-28T19:28:28.584
95.15869,31.70283,4.26,0.44,2024-01-28T19:28:51.964
95.56935,31.03248,14.06,-0.14,2024-01-28T19:34:38.877
95.56909,31.03228,13.9,-0.03,2024-01-28T19:43:14.869
95.56917,31.03243,14.0,0.06,2024-01-28T19:45:00.379
95.56942,31.03311,14.12,0.38,2024-01-28T19:49:13.081
95.56933,31.03259,14.07,0.36,2024-01-28T19:52:44.150
95.0582,31.96492,3.82,1.22,2024-01-28T19:53:34.384
95.56942,31.0334,14.14,0.4,2024-01-28T20:00:37.752
95.56899,31.03248,14.25,0.6,2024-01-28T20:01:28.631
95.56929,31.03289,13.94,0.26,2024-01-28T20:03:47.264
95.56919,31.03209,14.12,0.4,2024-01-28T20:04:09.364
95.05814,31.96476,3.74,0.64,2024-01-28T20:17:25.000
95.56931,31.03291,13.72,0.0,2024-01-28T20:18:28.940
95.05762,31.96626,3.83,0.62,2024-01-28T20:19:45.877
95.16114,31.7063,3.66,0.46,2024-01-28T20:26:33.423
95.05969,31.96251,3.11,1.0,2024-01-28T20:44:59.217
96.21194,30.70817,9.67,0.26,2024-01-28T21:08:38.392
95.56993,31.03345,13.64,0.39,2024-01-28T21:14:21.023
96.21413,30.70982,9.76,-0.34,2024-01-28T22:16:15.034
95.15932,31.70341,4.19,0.55,2024-01-28T22:45:31.623
96.24457,30.80072,11.48,0.45,2024-01-28T23:03:18.328
95.56915,31.0327,14.08,1.03,2024-01-28T23:11:05.640
95.0574,31.93416,1.83,0.93,2024-01-28T23:14:47.432
95.56953,31.03255,14.0,0.62,2024-01-28T23:15:46.795
95.56904,31.0327,13.98,0.29,2024-01-28T23:52:14.063
96.23713,30.78885,9.61,0.13,2024-01-28T23:57:38.427
96.23713,30.79074,9.22,0.4,2024-01-29T01:48:39.666
95.5681,31.03258,14.35,0.48,2024-01-29T02:45:05.629
96.25932,30.81637,11.35,0.47,2024-01-29T03:10:56.094
95.56915,31.03347,14.23,0.68,2024-01-29T04:10:19.496
94.54257,31.13895,14.92,0.92,2024-01-29T05:40:47.939
96.21416,30.70996,9.69,0.02,2024-01-29T06:16:06.279
95.56966,31.03361,14.17,0.67,2024-01-29T07:20:34.378
95.51375,30.20302,9.67,1.37,2024-01-29T09:01:40.535
95.51381,30.20308,9.59,0.75,2024-01-29T09:22:11.849
95.05793,31.9646,3.8,1.43,2024-01-29T09:53:23.225
95.05811,31.96243,3.35,1.23,2024-01-29T10:08:55.702
95.56915,31.03336,14.0,-0.22,2024-01-29T10:32:09.376
95.51369,30.20299,9.46,1.43,2024-01-29T10:32:23.030
95.51393,30.20252,9.57,0.79,2024-01-29T10:33:56.493
95.0574,31.93416,1.83,1.36,2024-01-29T12:09:23.102
95.51381,30.2031,9.52,0.81,2024-01-29T12:29:34.997
95.56907,31.03246,13.94,1.49,2024-01-29T13:11:53.271
95.56949,31.03302,14.05,0.95,2024-01-29T13:12:25.305
95.56866,31.03165,14.06,-0.05,2024-01-29T13:14:32.250
95.57292,31.03395,7.91,-0.31,2024-01-29T13:15:52.064
95.56832,31.03172,13.96,0.77,2024-01-29T13:17:46.233
95.56869,31.03175,13.88,0.03,2024-01-29T13:19:20.314
96.60249,31.51548,0.85,0.8,2024-01-29T13:21:15.162
95.56791,31.03157,13.99,-0.04,2024-01-29T13:21:37.692
95.57316,31.03327,8.11,-0.31,2024-01-29T13:22:02.219
95.56848,31.03156,13.73,-0.06,2024-01-29T13:24:28.795
95.56829,31.03112,14.63,0.36,2024-01-29T13:28:12.892
95.57305,31.03284,8.53,-0.29,2024-01-29T13:29:26.268
95.56886,31.03504,12.66,0.77,2024-01-29T13:29:40.523
95.56874,31.03259,14.15,0.04,2024-01-29T13:42:31.421
96.60229,31.51871,1.05,0.85,2024-01-29T14:21:35.337
95.56783,31.03189,13.92,-0.09,2024-01-29T14:26:05.281
96.46255,30.01629,8.81,0.52,2024-01-29T14:39:53.778
95.56917,31.0333,14.05,-0.23,2024-01-29T15:33:50.317
95.56796,31.03184,13.97,-0.08,2024-01-29T16:53:32.696
95.56879,31.03312,14.45,0.36,2024-01-29T17:42:05.956
96.23804,30.78823,10.35,-0.33,2024-01-29T18:44:00.580
95.57364,31.0349,8.34,-0.2,2024-01-29T19:42:52.177
95.56898,31.03319,14.11,0.49,2024-01-29T19:44:30.188
95.56925,31.03363,14.21,0.52,2024-01-29T20:05:02.551
95.05709,31.9663,4.12,1.1,2024-01-29T20:17:47.459
94.567,31.15484,5.86,-0.02,2024-01-29T20:42:48.663
95.06492,31.897,7.35,0.46,2024-01-29T21:43:33.550
96.23689,30.78822,9.59,0.2,2024-01-29T21:45:09.311
96.21212,30.71694,9.44,0.07,2024-01-29T22:16:27.914
95.161,31.70575,3.75,0.51,2024-01-29T22:18:44.013
96.23701,30.78885,9.46,0.39,2024-01-29T23:29:12.400
95.08916,31.88261,4.62,0.4,2024-01-29T23:46:14.262
95.08847,31.88386,5.18,0.84,2024-01-29T23:50:00.294
95.5736,31.03502,8.28,0.06,2024-01-30T01:02:52.540
96.25865,30.81737,10.96,0.12,2024-01-30T02:07:17.341
96.25867,30.81742,10.91,0.3,2024-01-30T02:11:30.881
95.56878,31.03321,14.58,0.71,2024-01-30T03:16:59.308
95.57001,31.03398,14.19,0.57,2024-01-30T09:13:31.886
95.56883,31.03287,14.33,0.59,2024-01-30T09:21:21.062
96.21665,30.71027,9.11,0.29,2024-01-30T09:24:05.390
95.56962,31.03372,14.1,1.01,2024-01-30T09:39:17.047
96.21331,30.70948,9.5,0.2,2024-01-30T13:22:11.997
94.54197,31.1364,15.02,1.09,2024-01-30T13:31:29.179
94.5425,31.14395,8.47,0.89,2024-01-30T15:22:20.110
95.0591,31.96241,3.05,1.68,2024-01-30T15:40:39.527
96.71113,31.15918,8.41,0.31,2024-01-30T16:28:06.470
95.09049,31.88954,4.38,0.69,2024-01-30T16:29:30.487
96.24493,30.80073,11.48,0.46,2024-01-30T16:43:25.706
95.56867,31.03239,13.9,0.63,2024-01-30T16:53:59.681
96.21374,30.71033,9.68,0.23,2024-01-30T16:57:16.646
95.57195,31.04668,4.51,-0.25,2024-01-30T16:57:38.226
95.57466,31.03549,8.54,-0.3,2024-01-30T17:35:10.464
96.24648,30.80664,11.73,-0.29,2024-01-30T17:41:43.063
96.24655,30.80667,11.72,-0.11,2024-01-30T17:56:39.393
96.24682,30.80697,11.72,-0.3,2024-01-30T18:04:07.054
96.2473,30.80681,11.62,0.42,2024-01-30T18:06:24.747
96.21307,30.70954,9.58,0.26,2024-01-30T18:21:47.556
96.24431,30.80097,11.38,0.36,2024-01-30T18:36:07.987
96.25859,30.81775,10.85,-0.07,2024-01-30T18:50:44.444
96.25835,30.81779,10.92,-0.45,2024-01-30T19:01:28.580
95.57262,31.04761,5.5,0.04,2024-01-30T19:38:32.546
95.0584,31.96359,3.37,0.93,2024-01-30T20:15:14.864
95.05806,31.9629,3.19,0.94,2024-01-30T22:00:00.018
95.56918,31.03404,13.76,0.63,2024-01-30T22:29:20.009
95.56961,31.03409,13.99,0.86,2024-01-31T00:07:45.009
95.56949,31.03405,13.94,0.55,2024-01-31T00:07:58.520
95.56972,31.03402,13.96,0.44,2024-01-31T00:11:07.049
94.54045,31.14035,15.04,1.45,2024-01-31T01:18:32.505
95.57381,31.03497,8.41,-0.17,2024-01-31T03:19:45.835
94.54174,31.13591,14.59,0.73,2024-01-31T04:57:15.578
96.60253,31.51777,0.9,1.16,2024-01-31T05:51:20.103
96.24497,30.80015,11.43,0.53,2024-01-31T07:49:29.077
95.15925,31.70331,4.2,0.68,2024-01-31T09:03:58.145
95.05868,31.95207,1.94,1.12,2024-01-31T09:33:06.818
95.00189,31.92249,2.79,1.87,2024-01-31T12:06:30.525
95.00184,31.92256,2.64,1.11,2024-01-31T13:22:54.825
95.5696,31.03231,14.47,0.6,2024-01-31T13:25:21.646
94.54304,31.14322,8.48,1.93,2024-01-31T14:03:54.267
94.54328,31.14296,8.5,1.6,2024-01-31T14:04:29.471
94.54319,31.14312,8.57,1.59,2024-01-31T14:04:57.669
94.54426,31.13503,14.85,1.14,2024-01-31T14:17:35.006
95.00297,31.92261,2.57,1.19,2024-01-31T14:42:47.123
95.16109,31.70642,3.67,0.66,2024-01-31T15:15:47.171
96.24409,30.79995,11.41,0.15,2024-01-31T15:24:40.002
94.54277,31.14261,9.13,1.24,2024-01-31T15:31:01.689
94.54249,31.1381,14.96,1.35,2024-01-31T15:43:38.466
96.24579,30.80158,11.37,-0.11,2024-01-31T16:19:48.608
95.00164,31.92318,2.87,1.07,2024-01-31T17:02:16.521
94.54337,31.14227,8.65,0.84,2024-01-31T17:03:29.887
94.54241,31.13627,15.02,0.64,2024-01-31T17:06:27.066
94.54377,31.14217,8.45,0.2,2024-01-31T17:25:28.210
94.54232,31.1378,15.06,1.91,2024-01-31T17:51:29.795
94.54277,31.13763,15.04,2.0,2024-01-31T17:51:39.177
94.57264,31.14235,7.81,0.52,2024-01-31T17:53:16.162
94.54413,31.1429,8.33,0.73,2024-01-31T17:54:44.494
95.08962,31.88328,4.96,0.74,2024-01-31T18:04:29.885
96.24722,30.80595,11.61,-0.32,2024-01-31T18:05:02.768
94.54322,31.14196,8.55,0.91,2024-01-31T18:16:17.710
94.66623,31.20652,6.52,-0.03,2024-01-31T18:33:37.212
94.54356,31.14212,8.82,1.04,2024-01-31T18:44:55.307
94.54185,31.13852,14.91,1.04,2024-01-31T18:45:12.932
94.54557,31.14217,7.92,0.21,2024-01-31T18:49:03.961
94.54279,31.13686,14.98,1.06,2024-01-31T20:05:30.765
94.54386,31.14304,8.43,0.15,2024-01-31T20:27:04.729
94.54399,31.14158,8.83,1.13,2024-01-31T20:37:17.044
94.54377,31.1431,8.43,0.16,2024-01-31T20:38:36.977
94.54263,31.14182,8.36,0.72,2024-01-31T20:45:16.721
94.54344,31.14082,8.55,2.26,2024-01-31T21:19:03.670
94.54069,31.13913,15.13,1.09,2024-01-31T21:31:02.362
95.00277,31.92336,2.67,0.93,2024-01-31T21:37:02.412
94.57176,31.14225,7.73,0.47,2024-01-31T22:29:17.940
94.5454,31.13901,8.18,1.06,2024-01-31T23:07:10.938
94.54659,31.13911,7.76,1.01,2024-01-31T23:38:22.857
95.57382,31.03516,8.36,-0.2,2024-01-31T23:50:00.366
95.56892,31.03345,13.87,0.56,2024-02-01T00:03:46.495
95.57014,31.03503,13.99,0.46,2024-02-01T00:16:21.510
95.57353,31.03503,8.18,0.01,2024-02-01T00:19:55.971
96.46277,30.0161,8.97,0.85,2024-02-01T01:08:41.818
94.5435,31.14274,8.71,1.45,2024-02-01T03:19:43.928
96.25885,30.81717,11.11,0.11,2024-02-01T04:14:40.459
94.5432,31.14244,8.88,0.97,2024-02-01T04:58:47.075
95.56944,31.03439,14.03,0.54,2024-02-01T06:43:43.076
96.21271,30.71156,9.69,0.38,2024-02-01T06:57:36.488
94.54744,31.14016,7.88,0.77,2024-02-01T08:41:19.347
94.54309,31.14288,8.56,1.52,2024-02-01T08:41:40.360
95.16009,31.70554,3.84,0.63,2024-02-01T10:11:07.749
96.25874,30.81697,11.12,0.51,2024-02-01T12:53:49.940
96.25838,30.81737,11.06,0.18,2024-02-01T13:25:40.665
96.24216,30.79698,10.6,0.18,2024-02-01T14:01:35.648
96.2587,30.81711,11.07,0.66,2024-02-01T15:01:35.471
96.25913,30.81717,10.86,0.05,2024-02-01T15:17:36.450
96.21333,30.71168,9.66,0.05,2024-02-01T15:31:13.463
96.24056,30.79298,10.35,0.02,2024-02-01T15:46:37.886
96.24056,30.79298,10.14,0.02,2024-02-01T16:06:44.236
96.25917,30.81733,11.11,0.22,2024-02-01T16:49:37.098
96.46235,30.01603,8.83,0.81,2024-02-01T18:18:54.212
96.6372,30.86655,8.79,-0.22,2024-02-01T18:57:56.832
96.71105,31.15925,8.35,0.33,2024-02-01T19:43:02.835
96.71113,31.15918,8.41,0.22,2024-02-01T19:46:23.470
96.71089,31.15939,8.38,0.29,2024-02-01T19:46:48.429
95.56878,31.03375,13.91,1.46,2024-02-01T21:06:29.247
95.56882,31.03315,13.92,0.65,2024-02-01T21:08:47.260
95.57153,31.04631,5.66,-0.26,2024-02-01T21:10:16.630
95.5732,31.03443,8.19,-0.56,2024-02-01T21:11:35.970
95.57293,31.03523,8.37,-0.58,2024-02-01T21:22:56.495
95.57331,31.0355,8.37,0.51,2024-02-01T21:25:21.846
95.56827,31.03251,14.26,0.64,2024-02-01T21:34:17.368
95.56772,31.03324,13.64,0.06,2024-02-01T21:35:10.852
95.56336,31.03397,16.67,-0.1,2024-02-01T21:46:26.783
95.57331,31.0355,8.37,0.62,2024-02-01T21:48:00.126
95.56742,31.03373,13.34,-0.32,2024-02-01T21:48:54.280
95.56902,31.03288,12.52,-0.32,2024-02-01T21:49:38.605
95.5694,31.03248,13.89,0.34,2024-02-01T21:51:28.006
96.23802,30.7934,10.32,-0.19,2024-02-01T22:08:28.793
96.21212,30.70867,9.69,0.14,2024-02-01T22:12:20.208
95.56231,31.03708,15.58,-0.1,2024-02-01T22:19:50.655
95.56786,31.03387,14.26,0.72,2024-02-01T22:43:57.523
96.23838,30.7938,10.06,-0.27,2024-02-01T22:46:04.709
95.56805,31.03416,13.89,0.63,2024-02-01T22:54:40.533
95.56864,31.03334,13.82,0.67,2024-02-01T23:09:46.612
95.56835,31.03353,13.87,-0.09,2024-02-01T23:28:03.751
96.25839,30.81711,11.08,-0.01,2024-02-01T23:33:31.898
95.56875,31.03312,12.91,-0.36,2024-02-02T00:26:43.911
95.16001,31.70181,4.36,0.62,2024-02-02T01:42:20.226
94.54605,31.13428,14.48,1.29,2024-02-02T04:36:13.664
94.5448,31.13396,14.83,1.28,2024-02-02T08:55:55.233
94.54399,31.13447,14.79,1.42,2024-02-02T10:12:08.572
94.5442,31.13449,14.87,1.4,2024-02-02T10:41:26.122
94.54999,31.13512,13.3,0.89,2024-02-02T11:19:54.329
94.54657,31.13824,8.34,1.8,2024-02-02T14:37:34.157
94.54421,31.13413,14.89,0.24,2024-02-02T16:34:20.721
94.54424,31.13419,15.01,0.27,2024-02-02T17:12:38.370
94.54604,31.13827,8.4,1.42,2024-02-02T17:17:57.905
94.54557,31.13858,8.51,2.58,2024-02-02T17:23:45.342
94.54335,31.13538,14.8,0.96,2024-02-02T17:25:25.844
94.54362,31.13557,14.9,0.1,2024-02-02T17:28:29.968
94.54437,31.14023,8.35,1.42,2024-02-02T17:30:04.627
94.54509,31.13815,8.7,1.25,2024-02-02T17:32:28.297
94.54407,31.13407,14.82,0.87,2024-02-02T17:49:58.135
94.54274,31.14309,8.99,1.49,2024-02-02T18:01:44.480
94.54561,31.14019,8.03,0.97,2024-02-02T18:05:04.235
94.54497,31.14013,8.54,1.32,2024-02-02T18:06:26.849
94.54329,31.13638,14.95,1.25,2024-02-02T18:08:37.843
94.54349,31.13604,14.96,1.28,2024-02-02T19:21:11.544
94.54335,31.13545,14.93,1.41,2024-02-02T19:28:27.245
94.54375,31.13502,14.84,1.14,2024-02-02T19:41:07.505
94.54386,31.14087,8.37,1.19,2024-02-02T19:48:24.540
94.55224,31.14055,5.04,0.91,2024-02-02T20:17:56.643
94.54291,31.13492,14.95,0.96,2024-02-02T20:28:38.368
94.54143,31.13916,14.85,0.88,2024-02-02T20:38:48.900
94.54285,31.1432,8.8,1.39,2024-02-02T20:45:49.576
94.54522,31.13926,8.58,0.66,2024-02-02T20:54:26.923
94.54148,31.1296,16.42,0.13,2024-02-02T20:56:12.072
94.54331,31.13571,15.07,0.3,2024-02-02T20:56:54.809
94.54352,31.13543,15.06,1.35,2024-02-02T21:03:28.548
96.23847,30.79386,9.84,-0.35,2024-02-02T21:28:17.718
94.54346,31.14087,8.79,1.34,2024-02-02T21:30:11.559
94.5439,31.13388,14.78,0.79,2024-02-02T21:35:15.501
94.54564,31.13785,8.7,1.32,2024-02-02T21:38:35.016
94.54588,31.13789,8.51,1.32,2024-02-02T22:06:41.747
95.05845,31.96534,4.06,1.16,2024-02-02T22:31:14.984
94.54565,31.13872,8.3,0.63,2024-02-02T22:48:08.229
96.25917,30.81732,11.03,0.13,2024-02-02T22:48:33.007
95.57365,31.03482,8.37,0.05,2024-02-02T22:50:30.169
94.54578,31.13823,8.72,0.75,2024-02-02T23:12:08.978
94.54355,31.13493,14.95,2.1,2024-02-03T00:23:09.852
94.56641,31.13557,8.81,1.2,2024-02-03T00:24:39.031
94.55902,31.13621,11.88,0.96,2024-02-03T00:25:39.937
94.54491,31.13832,8.48,1.24,2024-02-03T00:59:19.626
94.54421,31.13932,8.48,0.59,2024-02-03T01:05:55.092
94.54398,31.13616,15.04,0.88,2024-02-03T01:13:43.316
94.54439,31.14079,8.79,1.56,2024-02-03T01:31:57.507
94.54363,31.13637,14.91,1.28,2024-02-03T01:37:51.284
94.54441,31.13948,8.71,1.74,2024-02-03T01:41:20.021
94.5451,31.13962,8.04,0.74,2024-02-03T01:58:34.589
95.56937,31.03391,13.89,0.77,2024-02-03T02:16:40.097
94.54632,31.14203,7.34,0.42,2024-02-03T02:37:08.857
94.54277,31.13652,15.0,1.02,2024-02-03T04:30:14.055
94.54377,31.14108,8.63,2.21,2024-02-03T05:01:29.427
94.54616,31.14161,8.31,1.23,2024-02-03T05:05:22.480
94.54464,31.14138,8.55,1.39,2024-02-03T05:40:52.568
94.54365,31.13833,9.16,0.63,2024-02-03T06:07:41.185
94.54448,31.13823,8.59,1.71,2024-02-03T06:29:57.833
95.56903,31.03288,14.36,0.51,2024-02-03T06:42:51.573
94.54444,31.14197,8.43,1.68,2024-02-03T07:13:55.256
95.68083,29.97808,9.59,0.88,2024-02-03T08:14:56.957
94.54253,31.13803,15.12,1.74,2024-02-03T08:49:34.724
95.68053,29.97817,9.6,2.04,2024-02-03T08:55:40.921
96.46243,30.01597,9.01,2.54,2024-02-03T09:16:37.444
94.54215,31.13811,15.01,1.34,2024-02-03T09:23:48.282
94.54347,31.14224,8.46,1.44,2024-02-03T09:36:08.724
94.54377,31.14191,8.39,1.92,2024-02-03T09:51:16.627
94.54286,31.13589,14.97,1.7,2024-02-03T10:08:29.240
94.54282,31.13717,14.93,0.75,2024-02-03T11:05:24.221
94.54492,31.13964,8.53,0.69,2024-02-03T11:17:58.809
94.7665,29.76594,8.32,0.78,2024-02-03T11:57:31.067
94.54339,31.13658,14.89,1.29,2024-02-03T12:28:59.254
94.54717,31.13767,7.79,0.48,2024-02-03T12:51:23.981
94.54456,31.13363,14.85,0.74,2024-02-03T13:24:29.941
94.54456,31.13356,14.91,0.87,2024-02-03T13:27:15.160
94.545,31.13782,8.33,0.78,2024-02-03T13:44:19.327
94.54393,31.14235,8.55,1.17,2024-02-03T14:13:26.132
94.54485,31.1388,8.21,0.97,2024-02-03T15:19:15.691
95.00189,31.9227,2.53,1.27,2024-02-03T15:20:11.700
94.54372,31.14271,8.45,0.09,2024-02-03T15:35:29.559
94.54316,31.13486,14.94,1.04,2024-02-03T15:47:13.297
94.54417,31.1394,8.58,1.34,2024-02-03T16:28:37.255
94.54174,31.13612,15.08,1.34,2024-02-03T16:47:46.130
94.54504,31.13979,8.48,1.07,2024-02-03T16:54:32.404
94.54421,31.14165,9.0,0.07,2024-02-03T17:21:11.748
94.54317,31.13399,14.96,0.76,2024-02-03T17:30:38.330
94.54359,31.13472,14.88,0.82,2024-02-03T17:32:48.074
94.54166,31.14335,9.32,0.83,2024-02-03T18:00:30.256
94.54576,31.14124,8.11,0.48,2024-02-03T18:02:43.283
94.54409,31.13398,14.85,0.74,2024-02-03T18:37:12.856
94.54649,31.13357,15.37,0.68,2024-02-03T18:41:33.538
94.54071,31.13987,15.32,1.25,2024-02-03T19:04:44.142
94.54112,31.13968,15.13,1.22,2024-02-03T19:05:29.198
94.53883,31.14146,9.94,0.53,2024-02-03T19:19:09.254
94.5435,31.13616,14.97,1.18,2024-02-03T19:28:34.197
94.54258,31.14376,9.4,1.3,2024-02-03T19:37:08.594
94.7665,29.76556,8.33,0.87,2024-02-03T19:44:54.585
95.0574,31.93416,1.83,0.97,2024-02-03T19:49:05.382
94.54276,31.13822,15.1,1.15,2024-02-03T19:53:00.550
94.54323,31.13497,14.99,0.9,2024-02-03T19:55:40.857
94.54372,31.13583,14.77,0.46,2024-02-03T20:13:18.832
96.245,30.80158,11.28,-0.45,2024-02-03T20:38:53.804
94.54154,31.14351,8.94,1.31,2024-02-03T20:57:33.594
94.54285,31.13736,9.67,0.43,2024-02-03T20:59:37.001
94.54306,31.13538,14.97,0.69,2024-02-03T21:22:57.356
94.54269,31.14403,7.99,1.93,2024-02-03T21:44:04.614
94.54074,31.13992,15.3,1.38,2024-02-03T21:47:55.343
94.54756,31.13782,7.8,0.43,2024-02-03T22:03:03.745
94.53968,31.14342,9.83,0.54,2024-02-03T22:36:28.839
94.54298,31.14364,9.75,0.98,2024-02-03T22:49:53.074
94.54269,31.14403,7.99,2.04,2024-02-03T23:29:52.064
94.54352,31.14081,8.22,3.44,2024-02-03T23:39:09.466
94.54421,31.14051,8.62,1.07,2024-02-03T23:41:40.058
94.54193,31.13849,15.26,1.36,2024-02-03T23:43:07.022
94.5589,31.14457,10.71,1.16,2024-02-03T23:45:24.925
94.53831,31.14289,10.34,1.29,2024-02-03T23:46:38.158
94.54465,31.14232,8.62,0.45,2024-02-03T23:48:01.004
94.54358,31.14488,8.19,0.73,2024-02-03T23:51:20.184
94.54235,31.14345,8.87,1.47,2024-02-03T23:51:57.571
94.55168,31.14157,7.83,0.38,2024-02-03T23:53:34.578
94.54408,31.13571,14.92,0.73,2024-02-03T23:54:59.069
94.54705,31.14108,7.2,0.51,2024-02-03T23:56:58.379
94.54411,31.14217,8.43,2.15,2024-02-03T23:57:41.342
94.53773,31.13722,15.56,1.37,2024-02-04T00:04:24.863
94.53997,31.1422,14.94,0.34,2024-02-04T00:12:25.298
94.56482,31.14265,5.68,0.48,2024-02-04T00:14:38.928
94.54073,31.14156,15.1,0.98,2024-02-04T00:17:17.162
94.54286,31.13615,14.76,0.83,2024-02-04T00:28:57.042
94.55218,31.13846,9.99,1.55,2024-02-04T00:30:14.630
94.55936,31.14214,6.8,0.65,2024-02-04T00:35:32.714
96.2416,30.79209,9.63,0.52,2024-02-04T01:30:29.797
94.55541,31.14017,8.51,0.99,2024-02-04T01:30:49.951
94.54291,31.12481,16.75,0.77,2024-02-04T01:36:39.937
94.55271,31.14416,8.24,0.51,2024-02-04T01:51:03.286
94.55262,31.14456,8.07,1.21,2024-02-04T02:09:08.498
94.55587,31.13903,8.47,1.45,2024-02-04T03:57:51.464
94.54397,31.13265,14.71,0.89,2024-02-04T04:07:56.302
94.54354,31.13573,15.1,1.29,2024-02-04T04:15:50.878
94.54333,31.14323,13.28,0.85,2024-02-04T05:36:39.434
96.23778,30.78764,10.04,0.25,2024-02-04T07:33:13.340
94.548,31.1463,6.55,0.6,2024-02-04T07:57:12.870
94.548,31.1463,6.09,0.6,2024-02-04T08:20:04.780
95.10705,31.8846,4.75,0.62,2024-02-04T08:24:04.485
94.55302,31.13753,12.12,0.82,2024-02-04T10:26:15.577
95.10705,31.8846,4.75,0.25,2024-02-04T11:13:42.096
94.55367,31.13626,10.77,1.19,2024-02-04T12:35:34.301
96.23539,30.7956,10.65,0.3,2024-02-04T14:12:02.348
95.10705,31.8846,4.75,0.3,2024-02-04T14:13:19.336
95.10705,31.8846,4.75,0.32,2024-02-04T14:14:13.236
94.53617,31.14573,14.95,2.8,2024-02-04T17:41:46.752
94.55026,31.14436,7.19,0.85,2024-02-04T17:51:03.340
94.5361,31.14476,15.51,1.2,2024-02-04T18:18:43.573
94.55508,31.13953,8.35,0.62,2024-02-04T19:27:44.956
94.54843,31.14268,9.38,1.25,2024-02-04T20:41:34.757
94.54031,31.13712,10.27,0.78,2024-02-05T00:29:50.078
94.53735,31.14563,14.81,1.42,2024-02-05T04:25:07.723
94.66717,31.20038,7.96,0.56,2024-02-05T06:52:11.239
94.5385,31.14918,7.35,1.16,2024-02-05T08:22:57.018
96.23737,30.78838,9.61,0.24,2024-02-05T09:31:50.093
96.23784,30.78805,9.64,-0.17,2024-02-05T14:10:51.231
94.54968,31.14191,7.48,1.2,2024-02-05T15:04:06.287
95.05601,31.93305,1.73,1.06,2024-02-05T15:34:40.272
96.23728,30.78834,10.42,-0.27,2024-02-05T16:08:31.527
94.56861,31.15649,5.64,0.87,2024-02-05T16:17:01.846
96.21449,30.70988,9.7,-0.41,2024-02-05T16:40:06.941
96.24293,30.796,11.25,-0.23,2024-02-05T17:12:00.785
94.53709,31.14564,14.79,1.19,2024-02-05T18:00:49.873
94.54519,31.13213,14.72,1.14,2024-02-05T19:22:53.555
94.54926,31.13293,14.12,1.15,2024-02-05T19:26:27.903
94.53746,31.14805,9.37,0.62,2024-02-05T21:02:41.315
95.03674,31.92786,5.68,1.07,2024-02-05T21:03:26.783
94.54142,31.13909,14.94,0.97,2024-02-05T21:15:33.082
94.54533,31.13191,14.9,1.32,2024-02-05T21:36:32.995
94.53713,31.14844,8.64,0.78,2024-02-05T21:52:32.822
96.24434,30.80015,11.36,0.41,2024-02-05T23:17:35.294
95.68064,29.97845,9.61,0.68,2024-02-05T23:37:20.523
95.9414,30.9461,7.8,0.37,2024-02-06T01:54:06.120
94.54591,31.14143,11.83,0.69,2024-02-06T04:39:18.803
94.53915,31.14732,12.18,1.4,2024-02-06T05:17:55.451
95.02566,31.91386,6.86,1.23,2024-02-06T05:50:17.560
95.05991,31.94501,1.57,1.19,2024-02-06T08:22:45.935
94.53497,31.15058,11.94,1.48,2024-02-06T08:33:29.985
96.24101,30.79567,10.49,-0.06,2024-02-06T11:47:55.987
96.23879,30.79131,9.54,0.27,2024-02-06T13:15:23.912
96.23888,30.79236,10.43,-0.07,2024-02-06T14:57:42.917
96.2386,30.79205,10.35,0.52,2024-02-06T15:03:18.228
96.23873,30.79208,10.47,1.12,2024-02-06T15:06:46.908
94.54213,31.14834,12.93,1.2,2024-02-06T15:13:30.147
96.21226,30.7104,9.66,0.19,2024-02-06T15:33:32.453
96.23892,30.79239,10.49,0.43,2024-02-06T16:03:47.899
95.16059,31.69918,4.23,0.56,2024-02-06T16:38:40.408
96.23833,30.79175,10.52,0.29,2024-02-06T16:40:46.649
94.54491,31.13605,9.59,0.92,2024-02-06T18:19:43.452
94.54249,31.14437,12.48,0.82,2024-02-06T18:55:18.086
95.32836,32.03149,10.06,0.55,2024-02-06T19:12:41.322
95.32836,32.03149,10.06,0.51,2024-02-06T19:30:50.052
95.16142,31.70044,3.95,0.54,2024-02-06T19:46:22.639
94.53741,31.14416,10.77,1.36,2024-02-06T20:26:56.919
94.53824,31.14514,10.44,0.96,2024-02-06T20:44:32.818
96.21184,30.70974,9.61,0.4,2024-02-06T20:47:09.331
96.24072,30.79491,9.4,0.21,2024-02-06T20:47:44.777
94.54733,31.13467,12.54,0.85,2024-02-06T21:12:10.659
96.21275,30.71032,9.64,0.34,2024-02-06T21:30:13.057
96.21211,30.7099,9.6,0.16,2024-02-06T21:36:56.810
94.53722,31.14415,10.66,1.25,2024-02-06T22:30:55.309
96.23866,30.79454,9.71,0.22,2024-02-06T22:37:14.310
94.54977,31.13663,8.81,1.15,2024-02-06T23:13:52.706
95.02566,31.91386,6.86,0.86,2024-02-07T00:03:30.540
94.54047,31.13947,11.35,1.33,2024-02-07T00:12:53.468
96.24022,30.79556,9.29,0.12,2024-02-07T00:30:17.103
95.02566,31.91374,7.33,0.92,2024-02-07T00:31:11.443
96.21209,30.70969,9.65,-0.01,2024-02-07T01:32:51.331
94.54322,31.14364,12.64,0.77,2024-02-07T02:32:00.358
94.54431,31.13835,12.46,1.21,2024-02-07T02:47:16.671
94.54535,31.13839,12.56,0.35,2024-02-07T03:16:29.567
95.32836,32.03149,10.06,0.75,2024-02-07T04:57:08.501
94.54185,31.13967,10.46,1.32,2024-02-07T05:44:37.134
95.32797,32.03187,9.12,0.6,2024-02-07T06:03:05.495
94.54218,31.14428,12.45,1.39,2024-02-07T07:31:04.662
96.21184,30.70974,9.61,0.43,2024-02-07T07:43:06.530
96.46184,30.01651,8.86,0.68,2024-02-07T12:11:19.286
94.57576,31.16191,2.49,0.84,2024-02-07T13:31:51.853
94.53712,31.14486,10.56,0.83,2024-02-07T13:45:26.618
96.24006,30.79523,9.29,-0.23,2024-02-07T13:51:23.323
94.57576,31.16191,2.49,1.0,2024-02-07T14:10:29.403
96.23389,30.7992,11.71,-0.18,2024-02-07T15:39:55.798
94.56783,31.15689,7.43,0.67,2024-02-07T15:52:23.044
94.53326,31.15352,12.14,0.72,2024-02-07T17:00:30.405
94.53656,31.14957,10.42,1.17,2024-02-07T17:06:31.269
95.05793,31.91708,6.08,0.34,2024-02-07T17:08:21.667
96.20919,30.70743,9.57,0.16,2024-02-07T17:27:49.750
95.05866,31.91753,5.89,0.37,2024-02-07T17:47:25.290
95.10082,31.23892,10.08,0.56,2024-02-07T17:50:10.269
95.05789,31.91874,5.96,0.36,2024-02-07T17:51:19.319
94.53652,31.14475,11.18,1.31,2024-02-07T18:07:39.272
95.10017,31.23937,10.1,0.37,2024-02-07T18:51:02.471
96.21163,30.70956,9.57,-0.46,2024-02-07T19:14:27.503
94.57188,31.15858,0.78,0.93,2024-02-07T19:14:46.197
95.05862,31.91751,5.92,0.36,2024-02-07T19:20:11.561
95.0583,31.9173,5.86,0.37,2024-02-07T19:20:24.441
95.0583,31.9173,6.07,0.33,2024-02-07T19:23:15.811
95.05862,31.91751,5.92,0.37,2024-02-07T21:49:28.261
95.05862,31.91751,5.92,0.4,2024-02-07T21:56:44.191
95.05864,31.9174,5.94,0.35,2024-02-07T22:01:00.045
94.5378,31.14496,10.34,0.85,2024-02-07T22:10:47.574
95.05853,31.91751,5.94,0.36,2024-02-07T22:17:50.221
95.05858,31.91575,5.54,0.35,2024-02-07T22:19:30.239
94.54331,31.13571,10.73,1.12,2024-02-08T01:27:03.123
94.55482,31.1378,6.73,1.15,2024-02-08T01:37:20.178
94.54517,31.13794,12.52,1.46,2024-02-08T01:43:48.491
94.53635,31.14468,11.07,1.35,2024-02-08T02:19:16.861
94.54612,31.13539,11.81,0.48,2024-02-08T02:54:44.670
95.03681,31.92979,5.77,0.77,2024-02-08T04:30:27.711
94.5433,31.13763,8.94,1.46,2024-02-08T04:33:04.100
95.05862,31.91751,5.92,0.52,2024-02-08T04:57:51.470
96.21184,30.70974,9.61,0.33,2024-02-08T06:17:09.080
95.05782,31.91812,6.18,0.4,2024-02-08T07:19:21.044
95.05815,31.91877,5.98,0.89,2024-02-08T07:44:45.491
96.46239,30.01634,8.9,2.32,2024-02-08T08:14:41.713
95.16185,31.69893,4.01,0.4,2024-02-08T12:45:14.296
94.55055,31.13559,8.7,1.04,2024-02-08T12:55:00.595
96.24007,30.79703,10.24,-0.26,2024-02-08T16:44:55.359
95.10012,31.23889,10.17,0.53,2024-02-08T16:54:25.135
94.5418,31.14045,10.99,0.78,2024-02-08T17:45:26.266
94.53835,31.14672,9.49,1.27,2024-02-08T19:01:38.188
95.32894,32.03216,9.37,0.56,2024-02-08T19:15:55.583
94.54473,31.13693,9.91,1.2,2024-02-08T20:46:40.192
94.53541,31.15111,12.0,1.29,2024-02-08T20:49:21.969
94.5392,31.13686,10.33,0.92,2024-02-08T22:19:23.002
94.54473,31.13693,9.91,1.73,2024-02-08T22:35:57.192
94.54503,31.13622,10.77,0.39,2024-02-08T22:41:55.170
94.53384,31.14558,11.16,1.04,2024-02-08T22:42:10.446
94.54634,31.1244,15.07,0.61,2024-02-08T22:58:32.674
94.54775,31.13428,12.53,0.93,2024-02-08T23:51:03.394
94.54451,31.1365,9.4,0.97,2024-02-09T00:00:54.946
94.53837,31.1463,9.46,1.2,2024-02-09T00:11:33.973
94.54672,31.13641,12.53,1.14,2024-02-09T02:03:39.189
95.05802,31.91885,6.38,0.44,2024-02-09T03:08:18.262
95.03647,31.92938,6.03,2.01,2024-02-09T05:55:18.941
95.03221,31.94173,7.14,0.78,2024-02-09T06:20:20.315
94.61542,30.31661,9.24,2.16,2024-02-09T07:14:14.983
94.54435,31.13674,10.14,1.34,2024-02-09T08:03:50.393
94.54645,31.13589,12.51,0.77,2024-02-09T08:04:20.581
94.53816,31.14666,9.43,0.98,2024-02-09T08:26:23.051
94.53998,31.14835,12.42,1.78,2024-02-09T08:33:19.890
94.54069,31.14634,10.04,1.39,2024-02-09T08:51:38.568
94.5415,31.13836,10.8,1.12,2024-02-09T09:20:25.028
95.09893,31.23812,10.09,0.82,2024-02-09T10:04:12.391
94.61358,30.31749,9.5,1.28,2024-02-09T10:23:39.118
94.53837,31.1463,9.46,1.13,2024-02-09T11:41:07.144
94.53687,31.1446,11.19,1.36,2024-02-09T12:50:58.457
94.53636,31.15038,12.23,1.24,2024-02-09T13:47:03.296
94.54516,31.13866,12.58,0.92,2024-02-09T15:01:50.758
96.23928,30.7932,10.36,-0.05,2024-02-09T15:23:16.515
94.54958,31.13223,12.44,0.94,2024-02-09T17:22:51.237
95.09987,31.23821,10.17,0.77,2024-02-09T18:21:10.446
94.54719,31.1364,12.52,0.76,2024-02-09T18:55:32.745
96.47985,30.13627,6.06,0.21,2024-02-09T19:23:36.928
94.54046,31.14482,12.06,0.51,2024-02-09T19:38:58.726
94.54749,31.13655,12.13,0.68,2024-02-09T19:45:55.706
94.54686,31.13619,12.53,0.94,2024-02-09T19:49:21.687
94.55649,31.13405,6.61,0.88,2024-02-09T19:54:40.624
94.53874,31.14513,9.71,1.67,2024-02-09T19:55:08.695
95.10026,31.2381,10.11,0.16,2024-02-09T20:25:26.055
94.54748,31.13445,12.7,0.42,2024-02-09T20:56:56.265
94.63437,31.91533,5.21,1.17,2024-02-09T22:42:41.384
96.94592,30.2966,4.97,0.57,2024-02-09T22:50:19.123
96.94592,30.29636,4.96,0.91,2024-02-09T23:02:09.230
94.5424,31.13867,11.11,0.61,2024-02-09T23:06:04.810
94.64203,31.91707,4.23,1.15,2024-02-09T23:39:37.118
95.10027,31.23805,10.02,1.61,2024-02-09T23:44:13.811
94.53827,31.14767,10.02,0.66,2024-02-10T01:24:54.364
94.53811,31.14271,11.47,1.51,2024-02-10T02:50:43.080
95.0994,31.23755,10.06,0.37,2024-02-10T04:16:43.201
94.53485,31.1465,11.28,1.34,2024-02-10T04:45:19.217
96.94568,30.29682,4.93,0.66,2024-02-10T05:23:23.546
94.53917,31.14444,10.13,0.94,2024-02-10T05:31:24.222
96.94575,30.29624,4.67,1.05,2024-02-10T06:17:24.957
96.24127,30.79274,9.53,-0.09,2024-02-10T07:21:17.158
94.53904,31.14983,12.34,1.39,2024-02-10T07:37:22.295
96.94545,30.29614,5.01,0.92,2024-02-10T07:48:34.629
95.10046,31.23878,10.1,0.61,2024-02-10T07:59:00.133
94.53864,31.15051,12.06,1.24,2024-02-10T09:31:21.371
94.92296,29.90355,9.21,0.87,2024-02-10T10:54:40.962
96.94538,30.29597,4.86,0.73,2024-02-10T10:55:21.509
95.06145,31.90916,1.88,0.75,2024-02-10T10:58:00.459
94.54526,31.13371,13.08,1.25,2024-02-10T11:06:06.295
94.548,31.13426,12.48,0.86,2024-02-10T12:07:51.478
96.24073,30.79306,9.63,-0.07,2024-02-10T13:18:38.993
95.16094,31.69904,3.98,0.37,2024-02-10T13:46:35.669
95.9414,30.9461,7.8,0.37,2024-02-10T14:19:26.731
96.94585,30.29645,4.98,0.79,2024-02-10T15:12:14.643
94.53938,31.14609,10.69,0.89,2024-02-10T15:30:08.357
96.23767,30.78883,9.65,-0.22,2024-02-10T15:58:29.884
96.94602,30.296,4.74,0.8,2024-02-10T16:16:34.074
96.24875,30.82745,12.45,-0.2,2024-02-10T16:51:01.181
94.54754,31.13531,11.78,0.84,2024-02-10T16:55:20.531
96.9461,30.29578,4.92,0.61,2024-02-10T16:59:23.301
94.92264,29.90305,8.87,1.28,2024-02-10T17:23:18.790
96.2371,30.78765,9.52,0.32,2024-02-10T18:08:12.514
94.54743,31.13708,12.09,0.66,2024-02-10T18:10:18.204
94.53561,31.15371,12.32,1.27,2024-02-10T18:30:35.735
96.23666,30.78762,9.57,-0.26,2024-02-10T18:33:28.051
96.23747,30.78886,9.66,1.53,2024-02-10T19:10:12.113
96.23705,30.78916,9.66,-0.33,2024-02-10T19:11:48.000
96.23754,30.78877,9.73,0.05,2024-02-10T19:16:21.124
96.23683,30.78945,9.92,0.24,2024-02-10T19:28:05.668
94.54723,31.12373,15.1,0.98,2024-02-10T19:45:56.164
94.5472,31.13641,12.59,0.93,2024-02-10T20:46:44.655
96.23756,30.78885,9.57,0.11,2024-02-10T21:05:37.723
96.23726,30.78855,9.68,0.1,2024-02-10T21:07:53.463
96.24875,30.82745,12.46,0.15,2024-02-10T21:11:51.621
96.23805,30.79011,8.89,0.23,2024-02-10T21:18:32.828
94.54806,31.13759,12.42,0.66,2024-02-10T22:57:34.739
94.547,31.13619,12.52,1.26,2024-02-10T22:59:01.688
94.53811,31.14819,12.19,1.26,2024-02-10T23:45:44.019
94.54025,31.14129,9.59,0.88,2024-02-10T23:55:38.689
95.16184,31.69886,4.03,0.65,2024-02-11T02:40:09.017
96.94586,30.29573,4.87,0.88,2024-02-11T04:06:06.581
96.22215,30.79799,10.12,0.47,2024-02-11T05:30:48.310
94.53544,31.15479,9.74,0.64,2024-02-11T07:01:33.367
96.22182,30.79832,9.95,-0.12,2024-02-11T08:27:27.799
96.47985,30.13627,6.06,0.32,2024-02-11T09:47:00.778
96.94585,30.29611,4.72,0.93,2024-02-11T12:11:06.556
94.54151,31.13946,10.54,1.38,2024-02-11T12:54:23.476
96.94594,30.29568,4.86,1.22,2024-02-11T13:20:46.560
94.5445,31.13891,12.56,0.97,2024-02-11T13:34:14.478
95.06152,31.94623,1.66,1.17,2024-02-11T13:36:27.115
94.54712,31.1221,14.82,0.9,2024-02-11T15:38:34.840
95.06051,31.94709,1.84,1.12,2024-02-11T15:56:53.862
94.54965,31.12958,12.51,0.51,2024-02-11T17:08:01.950
95.16223,31.69919,3.95,0.38,2024-02-11T17:28:10.544
94.54753,31.1311,10.11,-0.08,2024-02-11T17:30:40.872
95.06095,31.94642,1.65,1.06,2024-02-11T17:36:33.531
96.24015,30.79624,10.45,-0.25,2024-02-11T17:42:15.380
94.54909,31.12241,14.42,0.91,2024-02-11T17:47:02.191
96.24799,30.8268,11.66,-0.32,2024-02-11T18:00:49.230
94.53925,31.14444,10.3,0.67,2024-02-11T18:07:44.624
94.54978,31.12989,12.54,1.03,2024-02-11T18:08:40.392
94.54687,31.13666,12.44,0.95,2024-02-11T18:22:17.004
94.54713,31.12156,14.83,0.45,2024-02-11T18:25:37.954
94.54598,31.12202,14.93,0.81,2024-02-11T18:40:20.144
95.03637,31.92957,6.03,2.82,2024-02-11T19:26:19.758
95.0362,31.92931,6.17,0.69,2024-02-11T19:30:25.762
95.03654,31.92938,6.02,1.76,2024-02-11T19:31:46.992
95.03783,31.92974,6.2,0.65,2024-02-11T19:33:48.486
95.03771,31.93042,6.14,1.05,2024-02-11T19:34:12.244
95.06043,31.94656,1.67,1.6,2024-02-11T19:34:47.051
95.03576,31.92853,5.99,0.66,2024-02-11T19:39:42.993
95.03537,31.92851,6.02,0.57,2024-02-11T19:40:06.768
95.03606,31.92888,6.04,0.97,2024-02-11T19:41:46.510
95.0353,31.9294,6.02,0.58,2024-02-11T19:43:27.267
95.03616,31.92928,6.03,1.98,2024-02-11T19:45:11.047
95.05947,31.91047,1.72,0.8,2024-02-11T19:46:39.036
95.05959,31.90895,1.81,1.05,2024-02-11T19:53:30.913
95.03519,31.92816,5.88,0.62,2024-02-11T20:03:50.000
95.03451,31.92811,5.99,0.56,2024-02-11T20:06:40.551
95.06164,31.94768,1.26,0.91,2024-02-11T20:11:17.309
94.54593,31.12195,15.04,0.92,2024-02-11T20:33:10.259
95.06043,31.94656,1.67,2.52,2024-02-11T20:33:39.151
95.05973,31.9455,1.69,2.08,2024-02-11T20:34:00.354
95.05376,31.97264,5.35,1.08,2024-02-11T20:34:30.115
95.06064,31.94486,1.53,1.06,2024-02-11T20:35:00.974
95.05983,31.94506,1.62,1.25,2024-02-11T20:41:10.641
95.05975,31.94516,1.64,1.0,2024-02-11T20:46:20.940
95.05981,31.94554,1.6,1.23,2024-02-11T20:49:32.541
95.05981,31.94626,1.62,0.97,2024-02-11T21:01:02.644
94.54447,31.13987,12.64,1.36,2024-02-11T21:03:44.213
95.06416,31.94391,0.91,0.99,2024-02-11T21:10:56.468
95.0381,31.92681,6.26,0.86,2024-02-11T21:13:55.480
94.54443,31.13994,12.62,1.64,2024-02-11T21:20:47.213
95.05522,31.9488,2.35,1.19,2024-02-11T21:38:36.769
95.05106,31.94821,3.41,1.08,2024-02-11T21:39:19.423
95.03452,31.92863,5.84,0.63,2024-02-11T21:52:26.346
95.05938,31.94645,1.76,1.07,2024-02-11T21:57:42.946
95.03681,31.92742,6.2,2.95,2024-02-11T21:58:04.925
95.05378,31.97258,5.34,0.67,2024-02-11T22:02:38.116
95.03453,31.93053,5.95,0.64,2024-02-11T22:09:49.389
95.03545,31.92578,6.3,0.54,2024-02-11T22:15:45.038
95.0387,31.92489,5.75,0.52,2024-02-11T22:18:17.457
95.05953,31.90958,1.77,0.58,2024-02-11T22:19:24.021
95.06044,31.94501,1.64,1.12,2024-02-11T22:29:33.452
95.0349,31.92787,5.96,0.58,2024-02-11T23:04:50.335
95.06117,31.94629,1.67,1.12,2024-02-11T23:20:06.765
95.06115,31.94658,1.66,1.1,2024-02-11T23:21:42.358
95.02705,31.91945,8.34,0.78,2024-02-11T23:53:39.458
96.81732,30.63824,12.64,0.85,2024-02-12T00:12:24.603
95.05994,31.94214,1.06,1.25,2024-02-12T00:35:17.815
95.06096,31.90785,1.92,0.59,2024-02-12T00:50:11.475
95.0379,31.92839,6.38,0.96,2024-02-12T01:11:04.221
95.06004,31.94556,1.58,1.29,2024-02-12T01:20:26.385
95.05426,31.97174,5.25,1.33,2024-02-12T01:47:19.799
95.05939,31.9462,1.81,2.07,2024-02-12T02:02:28.359
94.53937,31.14447,9.77,0.86,2024-02-12T02:15:50.006
96.23775,30.79235,9.31,0.51,2024-02-12T02:54:28.239
96.81708,30.63856,12.6,0.63,2024-02-12T04:00:57.047
95.05916,31.94518,1.64,1.56,2024-02-12T05:22:16.963
95.06112,31.94706,1.75,1.39,2024-02-12T05:59:06.813
95.0536,31.97343,5.54,1.2,2024-02-12T06:30:24.673
94.536,31.15181,12.33,1.21,2024-02-12T07:41:46.318
94.53379,31.1542,10.11,1.92,2024-02-12T11:29:09.067
96.24203,30.79774,9.98,0.65,2024-02-12T11:53:10.560
95.03494,31.9252,6.08,0.63,2024-02-12T12:46:49.029
94.53519,31.15446,12.23,1.11,2024-02-12T13:29:03.669
94.53379,31.1542,10.11,1.31,2024-02-12T14:00:11.197
95.03991,31.92538,5.29,0.92,2024-02-12T14:06:06.915
94.53045,31.15806,9.26,0.65,2024-02-12T14:45:11.410
94.53385,31.15643,9.91,0.45,2024-02-12T14:54:47.816
94.53655,31.15483,12.45,0.54,2024-02-12T15:01:48.570
94.53497,31.15646,12.64,0.65,2024-02-12T15:23:53.265
95.03471,31.92397,6.44,0.61,2024-02-12T16:15:17.231
95.03508,31.9246,6.41,0.6,2024-02-12T16:17:03.329
95.05977,31.94566,1.59,0.98,2024-02-12T18:02:36.655
96.46251,30.01642,8.85,0.69,2024-02-12T18:07:56.439
94.55554,31.1383,16.3,0.89,2024-02-12T18:53:09.963
95.03485,31.92436,6.29,0.54,2024-02-12T18:58:25.531
94.5353,31.15511,12.36,0.49,2024-02-12T19:10:00.068
94.53472,31.15234,10.45,0.85,2024-02-12T19:18:50.934
94.53632,31.15474,12.5,0.72,2024-02-12T19:30:18.308
95.03534,31.9276,5.68,0.56,2024-02-12T20:47:34.981
94.5072,31.16445,9.14,0.64,2024-02-12T21:29:57.638
95.16174,31.6989,3.91,0.36,2024-02-12T21:31:27.257
94.54415,31.14141,12.53,1.2,2024-02-12T21:34:00.025
94.5511,31.13432,11.46,0.76,2024-02-12T21:45:47.751
94.54436,31.13911,12.52,0.87,2024-02-12T21:54:09.785
95.03026,31.92119,6.55,0.69,2024-02-12T23:10:59.355
96.4796,30.13627,6.0,0.38,2024-02-13T00:25:50.846
95.02705,31.91949,8.33,0.83,2024-02-13T00:49:22.527
95.02705,31.91822,8.42,0.81,2024-02-13T00:54:43.798
95.06225,31.94685,1.73,1.12,2024-02-13T01:05:13.145
94.54731,31.13447,12.78,1.21,2024-02-13T02:52:14.135
95.06076,31.94308,1.07,1.28,2024-02-13T03:38:00.897
96.94607,30.2953,4.94,0.77,2024-02-13T05:57:45.398
95.03507,31.92465,6.21,0.7,2024-02-13T06:36:27.954
95.03533,31.92598,6.01,0.59,2024-02-13T06:38:07.274
95.03533,31.92611,6.21,0.55,2024-02-13T06:40:15.177
94.5351,31.1555,12.51,0.52,2024-02-13T07:14:23.016
95.03454,31.92421,6.19,0.74,2024-02-13T08:01:41.033
94.54499,31.137,10.14,1.35,2024-02-13T09:56:27.158
94.56747,31.15821,6.81,0.66,2024-02-13T11:58:22.958
95.03432,31.92392,6.12,0.55,2024-02-13T12:45:32.076
95.10088,31.23853,10.0,0.51,2024-02-13T13:25:44.391
94.55375,31.13852,16.05,1.03,2024-02-13T14:33:22.077
96.46245,30.01633,8.93,0.79,2024-02-13T15:56:09.915
94.53183,31.1551,9.9,0.72,2024-02-13T15:58:53.568
94.53468,31.15829,9.12,0.22,2024-02-13T20:11:09.522
94.54004,31.14356,10.07,0.61,2024-02-13T20:23:53.139
94.54958,31.12945,12.39,0.77,2024-02-13T20:58:59.664
94.5327,31.15314,12.33,0.99,2024-02-13T21:00:46.741
94.54559,31.12092,15.26,0.87,2024-02-13T21:51:59.908
95.06133,31.94511,1.95,1.08,2024-02-13T21:54:03.111
94.54606,31.12025,16.07,0.88,2024-02-13T22:27:58.364
96.21027,30.71057,9.9,-0.17,2024-02-13T22:46:03.214
95.10071,31.23797,10.03,-0.22,2024-02-13T22:49:57.857
94.54001,31.14385,9.51,0.63,2024-02-13T22:54:36.449
96.23656,30.78657,10.62,0.35,2024-02-13T22:58:33.106
94.54286,31.14119,10.62,0.18,2024-02-13T23:06:15.808
94.53419,31.15503,12.31,1.3,2024-02-14T03:33:45.365
94.53374,31.14665,11.08,1.09,2024-02-14T06:00:03.592
94.54278,31.14077,10.34,0.43,2024-02-14T06:03:58.190
96.23837,30.79167,10.32,-0.25,2024-02-14T06:55:20.043
96.24742,30.8268,11.54,-0.26,2024-02-14T09:43:14.224
94.54412,31.14078,12.71,1.53,2024-02-14T13:51:04.059
94.54643,31.13672,12.51,0.68,2024-02-14T14:55:21.418
94.54278,31.14077,10.34,0.24,2024-02-14T15:14:35.511
96.24799,30.8268,11.66,-0.32,2024-02-14T15:29:15.250
95.0272,31.9179,8.6,0.75,2024-02-14T15:46:43.832
94.53377,31.15561,12.2,0.97,2024-02-14T15:54:26.404
94.53447,31.15479,12.37,1.0,2024-02-14T17:03:24.346
96.24222,30.79711,10.44,0.21,2024-02-14T17:11:18.430
96.24222,30.79739,10.37,0.2,2024-02-14T17:44:13.809
94.54583,31.12246,14.97,0.92,2024-02-14T17:44:32.022
95.16159,31.69907,3.94,0.37,2024-02-14T18:10:14.676
94.54293,31.1412,10.55,0.2,2024-02-14T18:12:25.027
94.53636,31.14505,10.95,1.28,2024-02-14T18:48:24.878
94.53501,31.15352,12.29,1.08,2024-02-14T19:08:48.341
94.54337,31.14093,10.29,0.19,2024-02-14T19:54:19.700
94.53313,31.15653,10.05,-0.07,2024-02-14T22:12:35.836
94.54008,31.14456,9.54,0.79,2024-02-14T22:45:33.677
94.54314,31.14976,13.27,1.07,2024-02-14T23:01:48.506
96.23909,30.79453,10.95,0.25,2024-02-15T02:00:06.624
94.53683,31.14208,14.35,1.16,2024-02-15T04:28:18.984
94.53007,31.15281,14.19,1.08,2024-02-15T05:16:31.871
95.0621,31.94637,1.29,1.76,2024-02-15T06:28:39.938
94.53736,31.14151,14.21,1.03,2024-02-15T07:49:26.103
96.46229,30.01661,9.01,0.8,2024-02-15T09:57:24.306
94.53656,31.14839,14.61,1.09,2024-02-15T11:49:27.686
94.54739,31.1467,6.09,0.61,2024-02-15T12:28:33.616
94.5416,31.13781,14.48,0.88,2024-02-15T12:47:31.157
94.54032,31.1449,8.29,0.67,2024-02-15T13:20:14.935
96.24696,30.80493,12.27,0.21,2024-02-15T14:15:02.568
97.02212,30.32691,6.85,0.3,2024-02-15T14:19:11.079
94.52972,31.15912,7.99,0.01,2024-02-15T14:28:22.632
94.52843,31.15933,8.12,0.87,2024-02-15T15:11:28.526
94.52902,31.15818,8.03,0.92,2024-02-15T16:57:03.048
96.24704,30.80496,12.25,0.4,2024-02-15T17:19:53.548
94.53955,31.14389,9.07,0.6,2024-02-15T17:26:07.976
94.53949,31.14459,8.9,0.93,2024-02-15T19:10:58.303
94.53942,31.14417,8.92,1.15,2024-02-15T19:16:02.240
94.54213,31.13288,14.35,0.7,2024-02-15T19:20:01.083
94.53017,31.15862,8.23,-0.01,2024-02-15T19:38:12.874
96.46291,30.01639,9.07,0.63,2024-02-15T19:46:35.246
93.36061,29.41642,0.51,2.4,2024-02-15T20:05:16.176
96.23936,30.79298,10.04,-0.13,2024-02-15T21:16:55.751
94.54607,31.13623,7.94,1.15,2024-02-15T21:33:52.042
94.52831,31.15887,8.42,1.06,2024-02-16T00:16:37.886
94.53917,31.14479,8.84,0.95,2024-02-16T00:28:56.899
94.53194,31.13077,15.15,1.19,2024-02-16T01:32:46.652
93.36067,29.4164,0.5,1.56,2024-02-16T02:27:40.126
94.53069,31.1518,14.5,1.18,2024-02-16T02:28:01.179
94.53861,31.14548,8.12,0.91,2024-02-16T03:03:09.888
96.23759,30.7933,9.54,0.67,2024-02-16T03:24:25.933
95.0609,31.94717,1.39,1.44,2024-02-16T05:35:58.787
94.54279,31.13698,9.8,1.36,2024-02-16T09:50:10.562
94.54194,31.13309,14.47,1.11,2024-02-16T10:19:04.264
94.54257,31.13616,9.76,1.65,2024-02-16T10:30:53.268
94.54267,31.13665,9.73,1.45,2024-02-16T10:42:52.455
94.54156,31.13317,14.36,1.22,2024-02-16T10:49:24.215
94.54179,31.13309,14.48,0.79,2024-02-16T11:32:46.562
94.53951,31.13251,14.87,1.01,2024-02-16T11:39:28.423
94.54306,31.13563,9.74,1.35,2024-02-16T11:51:44.164
95.06081,31.95136,1.73,1.1,2024-02-16T12:19:46.185
94.57994,31.13902,7.16,0.91,2024-02-16T13:18:20.893
94.54235,31.13191,14.44,1.02,2024-02-16T13:48:44.482
94.58132,31.1387,6.94,0.97,2024-02-16T14:58:19.239
94.54381,31.13546,10.23,1.19,2024-02-16T16:48:34.951
94.54289,31.13456,9.28,0.18,2024-02-16T16:50:34.674
96.23834,30.79619,9.67,-0.4,2024-02-16T17:20:10.785
94.53864,31.13555,10.2,0.02,2024-02-16T17:56:58.035
94.53,31.1559,14.56,1.08,2024-02-16T19:50:17.935
94.54187,31.1335,14.41,0.72,2024-02-16T20:17:11.283
94.53052,31.1526,14.01,1.32,2024-02-16T20:40:09.609
94.53695,31.14843,14.65,1.24,2024-02-16T21:04:11.592
94.5818,31.13896,6.65,0.9,2024-02-16T21:21:54.549
96.24693,30.80252,12.16,-0.32,2024-02-16T21:35:19.936
94.54187,31.13262,14.52,1.21,2024-02-16T21:47:38.718
94.54308,31.13486,9.52,1.2,2024-02-17T00:06:11.338
94.54335,31.13512,10.25,1.17,2024-02-17T00:12:05.799
94.58167,31.13893,6.44,0.88,2024-02-17T00:17:35.911
94.54321,31.13442,9.66,1.06,2024-02-17T00:22:23.351
95.16095,31.69872,3.99,0.93,2024-02-17T00:47:06.786
94.5812,31.13861,7.02,1.14,2024-02-17T02:29:14.360
94.57512,31.14321,7.64,0.55,2024-02-17T05:42:13.349
94.52925,31.15981,8.26,0.91,2024-02-17T05:53:45.228
94.52951,31.16045,7.96,0.82,2024-02-17T06:13:17.854
94.52905,31.15954,8.49,0.99,2024-02-17T06:19:03.846
94.53462,31.15852,15.46,1.37,2024-02-17T07:49:54.482
94.53112,31.15878,8.79,1.08,2024-02-17T07:53:35.815
94.53449,31.15794,15.56,1.42,2024-02-17T11:27:42.064
94.53843,31.14095,14.29,0.81,2024-02-17T12:32:12.982
95.05828,31.95195,2.26,0.98,2024-02-17T12:50:59.232
94.5282,31.15759,14.5,1.52,2024-02-17T12:56:33.519
96.23759,30.7933,9.54,0.31,2024-02-17T14:02:12.154
94.52801,31.15988,8.05,0.91,2024-02-17T14:52:55.765
94.5279,31.15972,7.92,0.97,2024-02-17T14:53:10.068
94.54248,31.14651,8.69,0.96,2024-02-17T15:55:30.315
94.53841,31.15099,9.25,0.59,2024-02-17T17:09:42.696
94.5417,31.13276,14.26,0.48,2024-02-17T17:21:15.727
94.53019,31.15193,14.44,1.51,2024-02-17T17:37:09.156
94.53838,31.14532,7.99,0.89,2024-02-17T18:24:26.824
94.54133,31.1409,9.84,1.09,2024-02-17T19:31:55.199
94.54141,31.14067,9.06,0.94,2024-02-17T19:43:37.576
94.54162,31.15587,6.85,-0.06,2024-02-17T20:29:44.000
94.52801,31.15823,8.2,0.99,2024-02-17T20:41:20.904
94.5444,31.13316,13.9,0.82,2024-02-17T21:39:51.694
94.52768,31.1607,8.2,1.22,2024-02-17T22:31:52.501
95.05394,31.89871,4.98,1.45,2024-02-18T02:37:59.945
95.05394,31.89871,4.98,1.69,2024-02-18T03:06:47.595
95.05327,31.89978,4.89,1.17,2024-02-18T03:24:47.870
95.0707,31.89212,1.07,0.9,2024-02-18T03:28:47.178
94.52752,31.16177,8.38,0.48,2024-02-18T03:33:45.051
94.53109,31.16161,7.27,1.15,2024-02-18T04:22:13.778
96.2074,30.7115,9.75,-0.08,2024-02-18T05:57:50.460
96.68039,30.46853,7.17,0.99,2024-02-18T06:31:46.407
94.52916,31.16058,8.0,0.86,2024-02-18T07:04:40.754
94.52772,31.16039,8.01,1.07,2024-02-18T10:13:53.411
96.53939,30.48102,10.39,1.41,2024-02-18T10:32:15.218
96.53897,30.48123,10.38,1.1,2024-02-18T10:33:55.489
96.53919,30.48083,10.37,0.01,2024-02-18T10:34:44.924
94.52966,31.16063,8.88,0.66,2024-02-18T10:53:37.576
94.52725,31.1602,9.94,0.63,2024-02-18T13:43:57.697
94.52749,31.16128,8.21,1.31,2024-02-18T15:01:03.236
94.52766,31.15835,14.44,0.74,2024-02-18T15:07:05.487
94.52728,31.16146,8.12,1.07,2024-02-18T15:21:46.294
94.51788,31.00191,10.17,1.57,2024-02-18T16:02:12.555
94.51715,31.00303,10.29,0.93,2024-02-18T16:10:31.976
94.54571,31.14762,5.04,0.68,2024-02-18T16:17:45.643
94.52802,31.16151,8.11,0.44,2024-02-18T17:12:16.288
94.52829,31.16179,8.02,1.11,2024-02-18T17:16:09.810
96.53955,30.47995,10.3,-0.14,2024-02-18T17:29:43.643
96.54,30.48094,10.38,0.2,2024-02-18T18:02:02.553
94.53212,31.15362,8.1,1.34,2024-02-18T18:43:10.543
96.2074,30.7115,9.75,-0.12,2024-02-18T19:12:27.791
96.53867,30.48196,10.27,0.73,2024-02-18T20:33:00.051
93.36072,29.41638,0.68,1.59,2024-02-18T21:36:27.050
94.5258,31.8738,4.44,0.97,2024-02-18T21:40:25.301
96.53959,30.48041,10.46,0.03,2024-02-18T22:57:07.879
96.54023,30.48056,10.43,0.43,2024-02-18T22:57:41.650
96.24683,30.80351,12.2,0.61,2024-02-19T00:43:03.072
94.53006,31.16087,8.31,1.53,2024-02-19T01:11:46.768
94.5297,31.15969,7.8,0.8,2024-02-19T01:12:13.648
94.53455,31.15791,15.59,1.19,2024-02-19T01:13:10.334
94.53015,31.1591,14.69,1.31,2024-02-19T01:14:24.023
94.52879,31.16123,8.12,0.52,2024-02-19T01:34:21.817
94.52925,31.15981,7.95,1.21,2024-02-19T05:23:27.055
94.53177,31.1592,9.34,0.77,2024-02-19T07:25:44.639
94.52996,31.15881,8.52,1.27,2024-02-19T09:05:26.767
94.54216,31.1348,14.26,1.21,2024-02-19T09:18:37.296
94.52886,31.15772,14.68,1.29,2024-02-19T12:36:20.896
96.98792,30.26412,7.97,0.35,2024-02-19T14:06:53.464
94.53856,31.14457,8.83,0.94,2024-02-19T15:14:04.893
94.53074,31.15991,8.31,0.89,2024-02-19T15:55:33.500
96.23798,30.78948,9.66,0.41,2024-02-19T20:44:34.641
95.05405,31.89927,5.13,1.18,2024-02-19T22:12:53.555
94.52994,31.15854,8.62,1.28,2024-02-19T22:38:54.076
94.52818,31.15757,9.6,1.03,2024-02-19T23:19:12.986
94.54305,31.13341,10.29,1.15,2024-02-20T04:42:35.549
94.52797,31.15824,9.3,1.14,2024-02-20T05:28:33.567
94.54384,31.13345,9.78,1.05,2024-02-20T05:48:21.617
96.98888,30.26388,7.97,0.55,2024-02-20T05:55:50.187
94.52954,31.15904,8.39,1.2,2024-02-20T07:00:08.862
94.5304,31.1518,14.64,1.64,2024-02-20T08:42:51.394
94.54239,31.14117,9.74,1.34,2024-02-20T11:09:13.983
94.54437,31.13304,9.52,1.15,2024-02-20T11:17:57.036
94.52984,31.15884,8.31,1.17,2024-02-20T11:28:13.849
94.52879,31.15938,9.41,0.84,2024-02-20T12:53:58.994
94.52952,31.15703,14.54,1.38,2024-02-20T15:08:33.381
96.23796,30.80512,12.8,0.75,2024-02-20T16:05:04.158
94.54177,31.15365,6.82,0.65,2024-02-20T17:21:22.830
95.16139,31.69632,4.22,0.34,2024-02-20T19:11:36.013
94.53153,31.16182,8.78,0.46,2024-02-20T21:31:49.515
94.54407,31.13397,9.27,0.2,2024-02-20T22:38:34.390
94.58067,31.14495,6.47,0.52,2024-02-20T23:36:29.121
94.53172,31.1575,8.35,0.84,2024-02-20T23:37:10.694
94.53161,31.15835,8.86,1.15,2024-02-21T00:08:44.119
94.54218,31.15187,7.95,0.81,2024-02-21T01:00:24.962
94.52883,31.15753,8.32,1.16,2024-02-21T07:23:11.245
94.5417,31.14129,9.86,1.06,2024-02-21T08:00:25.911
94.54335,31.13303,9.5,1.09,2024-02-21T08:13:55.136
95.84311,30.03925,8.39,2.46,2024-02-21T08:20:37.317
94.54368,31.13353,9.71,1.25,2024-02-21T09:26:19.611
95.05293,31.89897,4.71,0.59,2024-02-21T09:52:39.089
94.53064,31.15164,14.38,1.52,2024-02-21T11:33:50.276
96.24831,30.79724,11.65,0.2,2024-02-21T12:45:11.981
94.53064,31.15755,8.4,1.15,2024-02-21T16:46:50.841
94.53186,31.15338,8.62,1.33,2024-02-21T16:53:15.701
94.57652,31.14418,7.76,0.52,2024-02-21T16:55:20.491
94.53954,31.13898,14.47,1.41,2024-02-21T19:06:54.321
96.23859,30.79211,9.6,0.13,2024-02-21T19:44:38.976
96.23772,30.79429,9.52,-0.26,2024-02-21T21:25:58.265
94.53944,31.13977,14.4,1.93,2024-02-22T01:17:12.888
95.06201,31.94965,1.63,1.21,2024-02-22T02:42:02.777
94.54182,31.14122,9.88,2.39,2024-02-22T02:56:13.836
94.54032,31.14292,9.58,1.41,2024-02-22T03:21:52.698
94.51758,31.00207,10.11,1.51,2024-02-22T12:00:45.673
95.06019,31.94999,1.6,0.99,2024-02-22T16:29:23.153
95.16193,31.69959,3.96,0.68,2024-02-22T20:40:11.161
94.99742,31.9301,4.45,0.7,2024-02-23T01:19:35.063
94.99802,31.93133,4.45,0.9,2024-02-23T01:41:12.209
94.54348,31.13275,13.99,0.81,2024-02-23T01:42:09.781
94.99802,31.93133,4.45,0.77,2024-02-23T02:19:44.489
95.06139,31.94957,1.73,1.3,2024-02-23T02:25:47.176
96.69175,30.45685,9.1,0.57,2024-02-23T04:33:23.940
96.25068,30.8206,13.43,0.45,2024-02-23T05:40:42.961
96.25106,30.8206,13.49,0.28,2024-02-23T06:39:45.897
94.99813,31.93125,4.41,0.61,2024-02-23T13:53:00.541
94.54465,31.14147,7.03,0.83,2024-02-23T15:40:16.696
94.54344,31.13272,14.18,0.77,2024-02-23T18:23:06.641
94.53783,31.15536,9.68,0.74,2024-02-23T18:42:53.325
94.53765,31.15521,9.33,0.68,2024-02-23T20:10:53.770
94.53035,31.15315,14.46,1.05,2024-02-24T00:34:03.540
94.53045,31.15353,14.53,1.0,2024-02-24T02:45:00.273
95.06348,31.89513,2.85,0.97,2024-02-24T07:06:02.404
94.54375,31.1323,14.25,0.86,2024-02-24T12:07:14.070
95.16188,31.69852,3.81,0.5,2024-02-24T13:05:27.865
94.52946,31.15376,14.5,1.08,2024-02-24T13:38:12.726
95.16174,31.69819,4.08,0.43,2024-02-24T13:42:27.289
95.16182,31.6985,4.0,0.38,2024-02-24T13:43:56.883
94.54115,31.15516,7.75,0.66,2024-02-24T13:50:13.821
95.84199,30.03966,8.28,1.38,2024-02-24T14:32:56.304
94.54259,31.13484,14.35,0.88,2024-02-24T17:10:56.673
94.54238,31.13471,14.09,0.65,2024-02-24T17:15:57.708
94.54323,31.1356,13.58,0.93,2024-02-24T18:27:41.162
95.16183,31.69797,4.03,0.41,2024-02-24T18:31:51.139
94.54234,31.13471,14.08,0.9,2024-02-24T19:11:53.908
94.54168,31.15439,6.67,0.64,2024-02-24T22:24:13.242
97.022,30.32663,6.76,0.78,2024-02-25T00:00:52.356
96.23531,30.79064,11.35,-0.29,2024-02-25T02:43:44.582
94.53442,31.155,10.4,0.79,2024-02-25T02:47:23.057
94.54012,31.15657,7.84,1.27,2024-02-25T02:57:55.168
96.68676,30.46451,9.05,1.02,2024-02-25T04:15:54.114
96.74729,30.29876,12.2,0.82,2024-02-25T06:48:04.529
94.55353,31.15912,3.94,0.73,2024-02-25T10:32:00.464
94.57507,31.14214,8.35,0.47,2024-02-25T11:19:43.094
96.23921,30.79271,10.2,0.25,2024-02-25T14:42:24.216
94.54219,31.1408,7.23,0.95,2024-02-25T15:27:31.741
94.54053,31.15897,7.03,0.37,2024-02-25T17:19:28.883
95.08678,31.88181,4.54,0.33,2024-02-25T17:23:57.416
96.23922,30.79283,10.4,1.09,2024-02-25T17:38:07.947
96.23948,30.79294,10.33,0.43,2024-02-25T17:39:55.575
94.53354,31.15759,9.05,0.66,2024-02-25T17:59:03.981
94.53374,31.15678,9.94,0.64,2024-02-25T18:07:16.762
94.54008,31.15904,7.18,0.36,2024-02-25T19:05:19.499
95.8409,30.03999,8.33,1.02,2024-02-25T19:21:20.081
94.53377,31.15799,8.84,0.89,2024-02-25T19:24:32.923
94.53528,31.15738,9.78,0.4,2024-02-25T19:25:30.698
94.53377,31.15799,8.84,0.8,2024-02-25T20:53:42.173
96.24061,30.79404,10.26,0.41,2024-02-25T21:01:57.219
96.23921,30.79265,10.42,0.13,2024-02-25T21:16:02.020
94.53259,31.15684,10.13,0.64,2024-02-25T21:16:57.902
94.54456,31.14067,6.88,0.56,2024-02-25T21:38:18.689
95.06373,31.94913,1.25,1.0,2024-02-25T23:32:30.656
94.54597,31.13843,7.95,1.11,2024-02-25T23:35:45.646
94.54406,31.14122,7.09,0.75,2024-02-25T23:39:52.270
94.56008,31.14072,6.4,0.71,2024-02-26T02:26:11.695
96.24593,30.80073,11.5,0.32,2024-02-26T08:22:49.184
94.54563,31.15938,7.95,1.05,2024-02-26T09:26:18.652
96.23922,30.79154,10.01,-0.27,2024-02-26T12:33:42.163
96.23917,30.79147,10.12,-0.22,2024-02-26T12:33:58.744
96.23826,30.7898,9.97,0.23,2024-02-26T12:36:01.479
96.23848,30.79163,9.84,0.06,2024-02-26T12:38:11.936
96.23834,30.79137,9.81,0.49,2024-02-26T12:38:49.284
96.23978,30.79378,9.98,0.95,2024-02-26T12:41:01.762
96.23902,30.79143,9.88,0.51,2024-02-26T12:42:08.768
96.23816,30.79063,9.91,1.25,2024-02-26T12:44:28.394
96.23805,30.79061,9.81,0.66,2024-02-26T12:45:30.724
96.23836,30.79105,9.77,0.86,2024-02-26T12:45:42.159
96.23827,30.79088,9.8,0.64,2024-02-26T12:46:34.008
96.2407,30.79104,10.02,0.3,2024-02-26T12:48:08.129
96.23808,30.79078,9.78,0.62,2024-02-26T12:48:53.905
96.2367,30.79446,9.71,0.16,2024-02-26T12:49:36.123
96.23822,30.79057,9.82,0.82,2024-02-26T12:52:05.759
96.23821,30.79086,9.71,0.65,2024-02-26T12:52:23.306
96.23898,30.79124,9.93,0.48,2024-02-26T12:59:42.525
96.23803,30.78992,10.12,0.05,2024-02-26T13:04:15.367
96.23962,30.79401,9.94,0.48,2024-02-26T13:06:18.273
96.23838,30.79149,9.83,0.31,2024-02-26T13:07:07.131
96.23933,30.7921,9.61,0.07,2024-02-26T13:08:11.417
96.23838,30.79022,9.93,0.15,2024-02-26T13:13:28.640
96.2452,30.79883,11.72,0.71,2024-02-26T13:14:48.680
96.23873,30.79213,9.79,0.6,2024-02-26T13:15:47.911
96.23867,30.79175,9.93,1.04,2024-02-26T13:18:06.775
96.23824,30.78984,9.88,0.17,2024-02-26T13:21:19.841
96.23916,30.79203,9.96,-0.32,2024-02-26T13:21:34.421
96.23817,30.78974,9.95,0.2,2024-02-26T13:22:14.880
96.23873,30.79315,10.28,0.28,2024-02-26T13:57:55.930
96.23835,30.79067,9.79,0.54,2024-02-26T14:00:42.695
96.23805,30.78993,9.83,0.11,2024-02-26T14:12:28.781
96.23811,30.78807,10.05,0.41,2024-02-26T14:46:05.082
96.23769,30.78954,10.0,0.05,2024-02-26T15:11:15.150
96.23825,30.79222,9.62,0.6,2024-02-26T15:24:04.903
96.23873,30.7924,9.87,0.42,2024-02-26T16:30:03.160
96.23802,30.78994,9.88,0.2,2024-02-26T17:48:56.823
96.23916,30.79076,10.39,0.02,2024-02-26T18:10:50.096
96.23898,30.79262,9.86,0.31,2024-02-26T19:25:04.699
94.54748,31.15907,7.23,0.34,2024-02-26T19:29:21.667
96.24366,30.80547,11.78,-0.01,2024-02-26T19:57:00.412
94.53987,31.15304,15.47,1.04,2024-02-26T20:06:50.166
94.54141,31.13389,14.78,0.87,2024-02-26T20:11:50.043
96.5871,30.5844,14.54,0.07,2024-02-26T20:13:22.341
96.23808,30.78993,9.88,-0.42,2024-02-26T20:20:43.536
94.54711,31.15825,7.84,0.39,2024-02-26T20:25:21.808
96.23809,30.79001,9.84,-0.02,2024-02-26T20:29:50.622
94.54363,31.13361,14.89,1.14,2024-02-26T20:51:46.996
94.54611,31.1583,7.75,0.43,2024-02-26T20:57:24.373
96.23868,30.78945,9.95,0.04,2024-02-26T21:15:44.595
96.5871,30.5844,14.54,0.28,2024-02-26T22:33:34.411
94.54463,31.15998,8.07,1.44,2024-02-26T22:57:42.467
96.23929,30.79361,10.03,0.26,2024-02-26T23:13:00.893
94.52588,31.15976,14.19,1.12,2024-02-27T00:11:44.664
94.5441,31.14119,7.27,0.73,2024-02-27T00:20:11.983
94.54296,31.13207,17.07,0.8,2024-02-27T01:17:00.030
96.68486,30.46972,7.42,0.9,2024-02-27T04:35:51.203
96.23848,30.78944,10.14,-0.22,2024-02-27T08:46:30.650
94.53622,31.16011,8.76,0.8,2024-02-27T09:10:16.136
94.53622,31.16011,8.76,0.8,2024-02-27T09:12:28.306
95.16255,31.6986,3.94,0.38,2024-02-27T09:56:14.972
96.74436,30.29848,13.46,0.12,2024-02-27T11:17:08.631
94.53944,31.13881,14.16,1.05,2024-02-27T14:49:53.661
94.5393,31.13717,14.16,0.68,2024-02-27T15:29:18.604
94.53244,31.15769,14.51,1.2,2024-02-27T15:32:18.181
94.53113,31.16111,9.02,1.3,2024-02-27T17:41:39.646
94.53177,31.16053,8.6,1.28,2024-02-27T18:29:49.606
94.54076,31.13522,14.19,1.05,2024-02-27T18:53:07.377
94.52613,31.1593,14.1,0.55,2024-02-27T18:55:09.525
96.74855,30.29956,12.38,-0.03,2024-02-27T20:16:39.692
94.53886,31.13738,14.08,0.79,2024-02-27T20:23:51.875
96.2384,30.79246,9.5,0.09,2024-02-27T21:15:15.256
94.5393,31.13717,14.16,0.72,2024-02-27T21:36:50.184
94.5432,31.13313,17.12,0.99,2024-02-27T21:45:58.536
97.01978,30.32176,7.39,1.23,2024-02-27T23:04:44.567
96.23931,30.79083,10.04,-0.35,2024-02-28T00:29:44.296
94.54197,31.13676,14.9,1.47,2024-02-28T00:30:01.767
94.54356,31.13433,14.56,1.09,2024-02-28T00:44:29.045
96.23712,30.78839,9.6,0.23,2024-02-28T05:26:08.635
96.23736,30.7879,9.61,0.04,2024-02-28T05:51:16.129
94.54415,31.16335,7.89,1.54,2024-02-28T07:25:25.309
94.54525,31.16292,8.12,0.85,2024-02-28T07:26:21.962
94.53843,31.16179,10.82,0.48,2024-02-28T07:29:30.555
94.54384,31.16391,8.28,0.29,2024-02-28T07:32:39.673
96.24637,30.80264,11.14,0.46,2024-02-28T08:13:38.878
94.54471,31.16345,8.03,1.15,2024-02-28T08:19:42.413
94.54345,31.16352,8.48,1.07,2024-02-28T08:23:32.513
94.54503,31.1637,7.88,1.13,2024-02-28T08:37:02.435
94.54164,31.13335,14.81,1.21,2024-02-28T09:52:51.195
94.54436,31.16403,8.14,1.02,2024-02-28T09:56:24.375
94.54462,31.16403,8.19,0.29,2024-02-28T09:56:45.705
94.54161,31.16385,9.59,0.29,2024-02-28T10:19:51.916
94.54363,31.13361,14.89,1.09,2024-02-28T11:49:12.446
96.24545,30.79983,11.46,0.68,2024-02-28T11:58:02.053
96.25977,30.80295,12.56,0.52,2024-02-28T13:22:01.726
96.24508,30.80074,11.59,0.26,2024-02-28T14:15:34.983
96.24893,30.80025,10.99,-0.29,2024-02-28T14:16:17.964
94.54341,31.16222,8.15,0.43,2024-02-28T14:35:41.959
94.54264,31.13396,14.81,1.15,2024-02-28T14:57:11.507
94.56037,31.14072,6.34,0.41,2024-02-28T15:14:06.699
94.5451,31.16381,8.21,0.29,2024-02-28T16:37:08.652
94.54204,31.1621,10.6,0.44,2024-02-28T16:40:13.517
94.54514,31.16412,8.05,0.25,2024-02-28T16:58:43.956
94.5454,31.16371,8.14,0.24,2024-02-28T17:15:40.305
94.54948,31.16225,6.57,0.49,2024-02-28T17:26:21.605
94.53151,31.15782,16.06,1.21,2024-02-28T17:35:14.608
96.23975,30.79512,9.02,-0.28,2024-02-28T17:45:08.213
94.55762,31.13978,7.13,0.72,2024-02-28T18:16:35.213
96.25768,30.82066,12.04,-0.01,2024-02-28T18:27:57.532
96.25819,30.82007,12.27,-0.36,2024-02-28T18:39:08.854
96.23953,30.7947,9.12,-0.25,2024-02-28T18:51:53.351
94.55004,31.16247,6.77,0.56,2024-02-28T20:48:24.417
94.54398,31.13664,14.72,1.25,2024-02-28T20:56:11.981
94.55812,31.13929,6.99,0.67,2024-02-28T21:36:49.506
94.55669,31.13951,7.4,1.52,2024-02-28T22:20:44.489
96.23966,30.79497,9.36,-0.28,2024-02-28T22:31:37.638
94.53886,31.1387,14.15,0.82,2024-02-29T01:05:05.310
96.23914,30.79305,10.36,0.43,2024-02-29T01:40:24.430
94.53936,31.13974,14.18,0.71,2024-02-29T01:45:34.500
96.23868,30.79194,9.49,0.18,2024-02-29T02:34:31.424
96.23878,30.79248,9.55,0.21,2024-02-29T02:34:46.892
96.68804,30.46389,9.45,0.81,2024-02-29T03:17:36.436
94.53195,31.15712,10.27,0.44,2024-02-29T04:37:22.048
94.54074,31.1379,13.69,0.68,2024-02-29T07:15:38.643
94.53913,31.13817,14.0,0.99,2024-02-29T07:19:37.498
96.23984,30.79177,10.33,0.35,2024-02-29T08:26:16.354
94.54353,31.14172,7.19,0.81,2024-02-29T09:48:02.756
96.23988,30.79156,10.27,0.99,2024-02-29T10:51:20.734
94.53935,31.13753,14.42,0.89,2024-02-29T12:23:05.829
94.54125,31.13727,8.54,1.55,2024-02-29T17:17:26.983
94.54809,31.13835,7.81,0.76,2024-02-29T19:09:09.705
94.539,31.13733,14.02,1.56,2024-02-29T20:36:16.849
94.54174,31.13211,18.08,1.47,2024-02-29T22:01:02.636
94.5258,31.8738,4.44,0.87,2024-02-29T22:07:00.601
94.53866,31.1387,14.17,1.24,2024-02-29T23:20:48.504
94.53945,31.13696,14.06,1.55,2024-03-01T03:58:05.172
94.54157,31.13914,9.5,1.7,2024-03-01T14:27:31.451
96.23739,30.789,10.58,0.14,2024-03-01T15:06:21.568
96.24694,30.8023,12.2,0.54,2024-03-01T17:29:37.003
94.53989,31.13861,14.31,0.98,2024-03-01T19:03:25.357
94.54039,31.14332,8.27,1.06,2024-03-01T20:11:12.982
94.53957,31.14275,9.31,1.08,2024-03-01T20:49:31.422
94.54195,31.13484,14.37,1.16,2024-03-01T20:57:37.985
94.53954,31.14012,14.51,1.57,2024-03-01T21:33:41.978
94.52808,31.1585,7.97,0.8,2024-03-01T22:55:17.011
94.55127,31.14017,9.95,0.91,2024-03-02T03:21:25.905
94.54429,31.15325,10.76,1.01,2024-03-02T03:51:56.818
94.91255,29.90097,10.23,1.09,2024-03-02T04:17:18.741
94.62347,28.86152,9.63,1.46,2024-03-02T04:56:00.689
94.91202,29.90051,10.11,1.11,2024-03-02T06:09:39.085
94.53547,31.13685,14.04,1.14,2024-03-02T07:03:34.235
94.9096,29.89835,9.97,1.13,2024-03-02T07:37:36.150
94.90932,29.89806,10.15,1.13,2024-03-02T07:39:15.002
94.90933,29.89822,10.06,1.17,2024-03-02T07:50:30.290
94.53534,31.13511,13.8,1.82,2024-03-02T08:05:06.554
94.90981,29.89855,9.7,1.16,2024-03-02T08:08:11.302
94.90993,29.8988,10.15,1.06,2024-03-02T08:21:28.566
94.90996,29.89878,10.08,1.46,2024-03-02T08:22:26.220
94.91172,29.90034,10.05,1.09,2024-03-02T08:29:29.079
94.54921,31.14418,10.41,2.06,2024-03-02T08:30:24.361
94.91116,29.89953,10.16,1.39,2024-03-02T08:37:53.598
94.91132,29.89961,10.17,1.17,2024-03-02T08:39:36.028
94.52932,31.14297,13.97,1.61,2024-03-02T08:42:24.140
94.90979,29.89846,10.18,0.99,2024-03-02T08:43:56.172
94.90969,29.8984,9.9,1.08,2024-03-02T08:44:11.802
94.91093,29.89921,9.98,2.3,2024-03-02T08:45:04.403
94.91124,29.89953,10.09,1.11,2024-03-02T08:57:35.162
94.91231,29.90016,10.04,1.24,2024-03-02T08:59:04.023
94.90947,29.89828,10.02,1.15,2024-03-02T09:04:07.344
94.91035,29.89958,10.31,1.18,2024-03-02T09:14:51.372
94.90913,29.89824,10.02,1.04,2024-03-02T09:20:10.264
94.91178,29.90063,10.25,1.09,2024-03-02T09:23:44.305
94.62338,28.8604,8.29,1.36,2024-03-02T09:26:51.831
94.91205,29.90037,10.24,1.3,2024-03-02T09:32:16.573
94.54855,31.15325,9.48,0.95,2024-03-02T09:39:24.002
94.54942,31.14382,10.07,1.23,2024-03-02T09:41:20.757
94.90966,29.89849,9.97,0.91,2024-03-02T09:46:52.121
94.91081,29.89933,9.84,1.18,2024-03-02T09:53:42.580
94.91214,29.90052,10.09,1.08,2024-03-02T09:53:55.237
94.90868,29.89791,10.06,1.09,2024-03-02T09:55:12.455
94.91057,29.89914,9.91,1.45,2024-03-02T09:58:31.278
94.54942,31.14382,10.07,1.31,2024-03-02T10:03:48.777
94.90902,29.899,9.42,1.1,2024-03-02T10:24:50.524
94.90879,29.89786,9.76,1.05,2024-03-02T10:27:15.586
94.90883,29.8982,9.89,1.81,2024-03-02T10:46:38.343
94.90854,29.89784,9.79,1.09,2024-03-02T10:49:58.027
94.9086,29.89779,9.87,1.08,2024-03-02T10:50:11.692
94.90974,29.89824,9.91,1.38,2024-03-02T10:51:11.438
94.9085,29.89781,10.09,1.13,2024-03-02T11:00:17.210
94.90883,29.89774,9.95,1.13,2024-03-02T11:22:50.909
94.9093,29.89853,9.8,1.01,2024-03-02T11:31:28.432
94.90944,29.89804,9.97,1.38,2024-03-02T11:32:29.699
94.90875,29.89815,9.87,0.99,2024-03-02T12:07:25.025
94.90886,29.89811,9.95,0.99,2024-03-02T12:07:57.025
94.90988,29.89866,9.81,0.96,2024-03-02T12:08:14.132
94.90857,29.89791,9.82,1.25,2024-03-02T12:12:03.329
94.91013,29.89893,10.06,1.64,2024-03-02T12:15:54.281
94.91112,29.89952,10.03,1.18,2024-03-02T12:31:26.782
94.91199,29.90086,10.24,0.98,2024-03-02T12:36:22.927
94.90861,29.89776,9.68,0.97,2024-03-02T12:45:22.432
94.62127,28.86354,9.95,1.15,2024-03-02T13:09:55.594
94.91067,29.89918,9.91,1.03,2024-03-02T13:19:15.273
94.90923,29.89844,9.94,1.15,2024-03-02T13:29:45.551
94.90907,29.89837,10.07,0.98,2024-03-02T13:31:55.663
94.90896,29.89775,9.83,0.97,2024-03-02T13:37:24.775
94.91308,29.90114,10.35,1.22,2024-03-02T13:43:42.786
96.23739,30.79114,10.49,0.87,2024-03-02T13:57:57.816
94.90844,29.89772,9.94,0.81,2024-03-02T14:06:56.927
94.90868,29.89773,9.96,0.97,2024-03-02T14:09:15.079
94.91265,29.90118,10.2,1.15,2024-03-02T14:17:05.494
94.91221,29.90026,10.01,0.96,2024-03-02T14:46:22.021
94.90905,29.89855,9.45,0.98,2024-03-02T14:46:32.945
94.54901,31.14482,10.46,1.22,2024-03-02T15:23:11.409
94.91205,29.9004,10.03,0.93,2024-03-02T16:11:03.491
94.91243,29.9009,10.1,0.96,2024-03-02T20:09:02.513
94.5689,31.1392,7.18,0.87,2024-03-02T20:23:14.991
94.625,28.86142,9.12,1.13,2024-03-02T20:31:07.180
94.91192,29.9004,10.14,0.98,2024-03-02T20:43:01.464
94.62335,28.86105,10.1,1.45,2024-03-02T21:46:40.367
94.5689,31.1392,7.46,0.92,2024-03-02T22:09:53.161
94.91024,29.89862,9.85,1.08,2024-03-02T23:09:27.456
94.53594,31.13549,14.05,1.09,2024-03-02T23:43:37.518
94.91192,29.90032,10.2,1.1,2024-03-03T04:35:47.982
94.91288,29.90073,10.09,1.13,2024-03-03T07:36:28.228
94.54814,31.14534,10.47,1.5,2024-03-03T11:03:02.987
94.62299,28.86222,10.36,1.36,2024-03-03T12:54:29.010
94.62335,28.86179,10.25,1.7,2024-03-03T14:06:51.964
96.25407,30.81123,9.88,0.44,2024-03-03T14:10:11.357
96.25407,30.81123,9.88,0.53,2024-03-03T14:12:34.937
94.54941,31.14566,10.16,1.11,2024-03-03T14:24:27.718
94.62335,28.86142,9.69,1.38,2024-03-03T14:49:55.406
96.99699,30.8635,9.1,1.54,2024-03-03T15:49:07.736
94.52851,31.1514,14.27,1.1,2024-03-03T17:19:21.957
94.53594,31.13549,14.05,0.98,2024-03-03T18:36:53.118
96.99661,30.8635,8.99,1.73,2024-03-03T22:59:20.916
94.53455,31.13799,14.0,1.13,2024-03-03T23:02:25.490
96.23724,30.79106,10.54,1.35,2024-03-03T23:32:45.462
97.0472,30.65065,13.01,1.7,2024-03-04T03:03:01.327
94.5343,31.13557,13.76,1.86,2024-03-04T04:09:30.476
94.53534,31.13511,13.8,3.18,2024-03-04T04:43:51.384
95.0402,31.91539,6.41,1.0,2024-03-04T05:39:49.224
96.24499,30.79907,13.14,0.77,2024-03-04T06:38:27.667
96.23767,30.7925,10.64,1.27,2024-03-04T08:35:24.219
96.23781,30.79266,10.64,0.86,2024-03-04T08:36:49.110
96.23778,30.7925,10.58,0.54,2024-03-04T08:37:27.898
96.23703,30.79221,10.61,0.32,2024-03-04T08:56:59.366
95.04573,31.9132,5.08,1.03,2024-03-04T10:22:37.727
95.04564,31.91323,5.08,1.42,2024-03-04T10:42:20.656
95.04564,31.91323,5.08,1.19,2024-03-04T10:57:51.026
95.04573,31.91444,4.82,1.07,2024-03-04T11:02:19.706
94.53661,31.13596,13.21,1.95,2024-03-04T11:37:10.743
95.04601,31.91382,5.21,0.95,2024-03-04T12:53:42.494
95.04573,31.91323,5.06,1.01,2024-03-04T12:57:08.256
95.04564,31.91323,5.08,1.01,2024-03-04T16:08:57.286
95.04425,31.91475,5.68,0.92,2024-03-04T16:20:17.482
94.54535,31.13488,17.56,1.6,2024-03-04T17:01:22.289
96.25407,30.81123,9.88,0.42,2024-03-04T17:13:35.637
96.24511,30.79953,13.15,0.79,2024-03-04T17:28:08.084
96.23745,30.7925,10.38,0.22,2024-03-04T17:49:55.774
96.23702,30.7925,10.45,0.22,2024-03-04T17:52:50.140
96.25407,30.81123,9.88,0.42,2024-03-04T18:29:12.667
94.54568,31.16089,10.47,1.16,2024-03-04T19:07:24.331
96.23777,30.79117,10.5,0.25,2024-03-04T19:54:32.535
96.23759,30.79256,10.5,0.14,2024-03-04T20:08:57.473
94.54161,31.12785,17.28,1.36,2024-03-04T21:14:39.231
94.55006,31.14425,10.16,1.26,2024-03-04T21:25:02.140
96.23688,30.79051,10.33,0.24,2024-03-04T21:52:51.898
94.53517,31.13603,13.86,1.27,2024-03-04T22:32:35.983
96.23664,30.79144,9.63,0.45,2024-03-04T23:03:04.225
94.53532,31.13513,13.74,1.33,2024-03-04T23:11:34.097
94.62484,28.86105,10.56,1.26,2024-03-04T23:21:40.569
94.55212,31.14144,9.34,0.89,2024-03-05T00:00:02.331
95.07595,31.90094,3.36,0.9,2024-03-05T00:41:00.817
94.53565,31.13669,13.8,1.19,2024-03-05T00:41:20.292
95.07201,31.90961,3.05,0.97,2024-03-05T00:42:37.071
95.07832,31.90093,2.56,1.03,2024-03-05T00:43:12.906
95.07755,31.89977,2.58,0.99,2024-03-05T00:44:52.863
95.07762,31.8998,2.58,1.15,2024-03-05T01:35:47.161
95.07798,31.89872,2.71,1.03,2024-03-05T01:36:00.843
95.07787,31.90047,2.45,1.04,2024-03-05T01:36:25.566
94.53595,31.13575,13.91,1.05,2024-03-05T01:55:16.411
94.5286,31.14695,14.2,1.14,2024-03-05T01:55:56.235
95.07825,31.90088,2.6,1.52,2024-03-05T06:26:17.479
94.5353,31.13674,13.88,1.38,2024-03-05T08:20:30.920
96.23634,30.79109,9.77,0.66,2024-03-05T12:26:35.233
94.54219,31.14335,13.11,1.83,2024-03-05T12:26:55.121
94.5337,31.1377,13.93,1.56,2024-03-05T12:48:02.617
95.07676,31.9017,2.66,1.03,2024-03-05T14:42:01.379
94.53538,31.13635,13.87,1.37,2024-03-05T16:05:22.032
94.53546,31.13636,13.87,0.88,2024-03-05T16:07:51.593
94.53589,31.1333,13.71,1.18,2024-03-05T17:44:50.327
95.0838,31.89704,0.52,0.87,2024-03-05T18:11:47.742
97.0502,30.64955,12.75,0.58,2024-03-05T18:55:52.524
94.54908,31.14428,10.29,1.03,2024-03-05T20:36:14.609
94.54565,31.13422,17.4,1.1,2024-03-05T21:31:28.113
96.23771,30.79253,10.6,0.16,2024-03-05T21:53:08.968
95.07783,31.90194,2.46,0.86,2024-03-05T22:06:20.027
96.78297,31.25779,9.2,1.27,2024-03-06T09:44:39.677
96.78381,31.26149,8.22,0.43,2024-03-06T09:45:49.577
96.7831,31.25891,9.21,0.36,2024-03-06T09:47:52.458
96.78319,31.2579,9.34,1.21,2024-03-06T09:48:28.376
96.7835,31.25827,9.29,0.35,2024-03-06T09:50:59.518
96.78299,31.25727,9.23,0.91,2024-03-06T09:57:30.786
96.78323,31.25859,9.24,0.33,2024-03-06T09:58:02.603
96.78112,31.25189,10.62,0.76,2024-03-06T10:32:41.594
96.78358,31.25769,9.41,2.57,2024-03-06T11:30:19.382
96.78316,31.2579,9.16,1.03,2024-03-06T11:31:43.316
96.78231,31.25629,9.79,0.62,2024-03-06T11:33:22.391
96.78316,31.25768,9.27,0.52,2024-03-06T11:34:27.744
96.78289,31.25731,9.11,0.54,2024-03-06T11:36:15.318
96.7832,31.25787,9.16,2.04,2024-03-06T11:36:57.416
96.78308,31.25673,9.75,0.44,2024-03-06T11:38:28.752
96.78311,31.25748,8.92,0.65,2024-03-06T11:41:31.305
96.78311,31.25822,9.33,0.63,2024-03-06T11:42:19.445
96.78281,31.25623,9.83,0.65,2024-03-06T11:42:52.454
96.783,31.25703,9.18,1.69,2024-03-06T11:45:10.442
96.78282,31.25677,9.13,0.79,2024-03-06T11:46:52.415
96.78353,31.25771,9.13,1.24,2024-03-06T11:50:15.344
96.78323,31.25743,9.67,0.52,2024-03-06T11:52:15.155
96.78303,31.257,9.04,0.71,2024-03-06T11:53:11.009
96.78262,31.25648,9.45,0.64,2024-03-06T11:57:52.547
96.7831,31.25603,9.46,0.77,2024-03-06T11:58:37.790
96.78288,31.2575,9.32,0.84,2024-03-06T12:03:40.896
96.78223,31.25716,9.32,0.77,2024-03-06T12:07:00.865
96.78284,31.2569,9.38,1.16,2024-03-06T12:10:04.985
96.78244,31.25676,9.46,0.5,2024-03-06T12:16:27.950
96.78246,31.25642,9.89,0.65,2024-03-06T12:23:20.514
96.78341,31.25807,9.23,0.51,2024-03-06T12:29:53.904
96.7828,31.25767,9.2,0.79,2024-03-06T12:30:42.548
96.78293,31.2566,9.42,0.39,2024-03-06T12:35:46.678
96.78349,31.25764,9.1,0.67,2024-03-06T12:44:43.106
96.78283,31.25654,9.29,0.74,2024-03-06T12:51:14.043
96.78309,31.25638,9.18,0.59,2024-03-06T12:53:48.390
96.78361,31.25704,9.35,1.0,2024-03-06T12:55:22.294
96.7844,31.2598,9.01,0.32,2024-03-07T00:41:13.055
94.5455,31.13945,13.91,1.3,2024-03-07T00:53:51.773
96.78322,31.25785,8.86,0.69,2024-03-07T01:10:20.751
96.78359,31.25822,9.09,0.55,2024-03-07T01:11:06.933
96.78357,31.25422,10.31,0.68,2024-03-07T01:13:46.174
96.78337,31.25489,10.29,1.25,2024-03-07T01:15:01.862
96.78346,31.25949,8.73,0.34,2024-03-07T01:17:42.820
96.78411,31.25999,8.2,0.35,2024-03-07T01:23:23.381
96.78317,31.25979,9.09,0.74,2024-03-07T01:29:30.861
96.78347,31.25881,9.09,0.33,2024-03-07T01:33:24.296
96.78337,31.25489,10.29,0.94,2024-03-07T01:43:07.862
96.78371,31.25857,9.04,0.71,2024-03-07T01:50:24.743
96.78319,31.25799,9.04,0.31,2024-03-07T02:22:47.178
96.78359,31.25872,8.62,0.32,2024-03-07T02:25:57.111
96.78361,31.25903,8.96,0.74,2024-03-07T02:32:42.330
96.78336,31.26055,9.54,0.55,2024-03-07T02:34:35.462
96.78232,31.25486,10.46,0.36,2024-03-07T03:11:12.512
96.78257,31.25661,9.75,0.52,2024-03-07T03:44:54.057
96.78362,31.25388,10.28,0.59,2024-03-07T04:14:03.464
96.78371,31.25856,9.05,0.45,2024-03-07T05:31:48.293
96.78491,31.25814,10.12,0.61,2024-03-07T08:28:45.535
96.78344,31.2581,8.9,0.6,2024-03-07T12:41:27.173
96.78361,31.25851,9.06,0.53,2024-03-07T12:44:08.314
96.78379,31.25833,8.82,0.38,2024-03-07T12:54:35.570
96.78379,31.25872,9.18,0.42,2024-03-07T13:02:19.576
94.5437,31.14125,14.29,1.11,2024-03-07T13:34:36.628
96.78344,31.25787,8.98,0.6,2024-03-07T15:03:45.370
96.78457,31.26082,8.25,0.54,2024-03-07T15:07:33.016
96.78424,31.25388,10.33,0.45,2024-03-07T15:44:12.701
96.78371,31.25931,9.02,0.35,2024-03-07T16:17:43.376
96.7837,31.25794,8.84,0.43,2024-03-07T17:31:15.183
96.78429,31.25787,9.12,0.45,2024-03-08T00:05:03.166
96.78429,31.25787,9.12,1.99,2024-03-08T00:09:40.346
96.78429,31.25787,9.12,0.53,2024-03-08T00:13:03.616
96.78407,31.25804,9.25,0.44,2024-03-08T00:14:37.043
96.78341,31.25614,9.47,0.54,2024-03-08T02:02:56.470
96.78439,31.25882,8.91,0.62,2024-03-08T03:20:08.218
96.78421,31.25969,8.62,0.61,2024-03-08T03:21:13.917
96.78423,31.25685,9.82,0.61,2024-03-08T03:24:05.295
94.53416,31.13633,15.7,1.26,2024-03-08T04:20:34.402
96.78341,31.25668,9.04,0.62,2024-03-08T09:56:53.936
96.784,31.25789,10.15,0.59,2024-03-08T09:58:23.678
94.5358,31.13357,15.37,1.01,2024-03-08T16:29:58.759
96.78173,31.26144,9.24,0.46,2024-03-08T18:00:13.126
96.78107,31.25876,9.42,0.43,2024-03-08T18:01:16.076
94.53544,31.1318,15.23,0.98,2024-03-08T19:18:02.192
95.0614,31.9558,1.77,1.0,2024-03-08T19:27:50.952
95.0614,31.9558,1.77,1.02,2024-03-08T19:35:28.932
95.0659,31.9528,0.99,1.07,2024-03-09T00:16:14.418
94.53458,31.14308,6.71,1.61,2024-03-09T12:57:26.934
96.78341,31.25668,9.04,0.59,2024-03-09T18:37:10.716
94.53421,31.1438,6.82,1.77,2024-03-10T18:24:52.605
94.53411,31.14152,7.23,1.55,2024-03-10T18:29:52.814
